path,bytes,gib,reason
checkpoints/binary_spider_smoke_ap_csada_lr5e5_s42/checkpoint-33/optimizer.pt,700841131,0.652709,removed optimizer/scheduler/RNG training state; model checkpoint files retained
checkpoints/binary_spider_smoke_ap_csada_lr5e5_s42/checkpoint-33/rng_state.pth,14645,0.000014,removed optimizer/scheduler/RNG training state; model checkpoint files retained
checkpoints/binary_spider_smoke_ap_csada_lr5e5_s42/checkpoint-33/scheduler.pt,1465,0.000001,removed optimizer/scheduler/RNG training state; model checkpoint files retained
checkpoints/binary_spider_smoke_ce_anchor_binary_lr5e5_s42/checkpoint-33/optimizer.pt,700841131,0.652709,removed optimizer/scheduler/RNG training state; model checkpoint files retained
checkpoints/binary_spider_smoke_ce_anchor_binary_lr5e5_s42/checkpoint-33/rng_state.pth,14645,0.000014,removed optimizer/scheduler/RNG training state; model checkpoint files retained
checkpoints/binary_spider_smoke_ce_anchor_binary_lr5e5_s42/checkpoint-33/scheduler.pt,1465,0.000001,removed optimizer/scheduler/RNG training state; model checkpoint files retained
checkpoints/binary_spider_smoke_cost_weighted_ce_lr5e5_s42/checkpoint-33/optimizer.pt,700841131,0.652709,removed optimizer/scheduler/RNG training state; model checkpoint files retained
checkpoints/binary_spider_smoke_cost_weighted_ce_lr5e5_s42/checkpoint-33/rng_state.pth,14645,0.000014,removed optimizer/scheduler/RNG training state; model checkpoint files retained
checkpoints/binary_spider_smoke_cost_weighted_ce_lr5e5_s42/checkpoint-33/scheduler.pt,1465,0.000001,removed optimizer/scheduler/RNG training state; model checkpoint files retained
checkpoints/binary_spider_smoke_csada_lr5e5_s42/checkpoint-33/optimizer.pt,700841131,0.652709,removed optimizer/scheduler/RNG training state; model checkpoint files retained
checkpoints/binary_spider_smoke_csada_lr5e5_s42/checkpoint-33/rng_state.pth,14645,0.000014,removed optimizer/scheduler/RNG training state; model checkpoint files retained
checkpoints/binary_spider_smoke_csada_lr5e5_s42/checkpoint-33/scheduler.pt,1465,0.000001,removed optimizer/scheduler/RNG training state; model checkpoint files retained
checkpoints/binary_spider_smoke_menon_logit_adjusted_lr5e5_s42/checkpoint-33/optimizer.pt,700841131,0.652709,removed optimizer/scheduler/RNG training state; model checkpoint files retained
checkpoints/binary_spider_smoke_menon_logit_adjusted_lr5e5_s42/checkpoint-33/rng_state.pth,14645,0.000014,removed optimizer/scheduler/RNG training state; model checkpoint files retained
checkpoints/binary_spider_smoke_menon_logit_adjusted_lr5e5_s42/checkpoint-33/scheduler.pt,1465,0.000001,removed optimizer/scheduler/RNG training state; model checkpoint files retained
checkpoints/binary_spider_smoke_nicme_a0p5_l0p1_binary_lr5e5_s42/checkpoint-33/optimizer.pt,700841131,0.652709,removed optimizer/scheduler/RNG training state; model checkpoint files retained
checkpoints/binary_spider_smoke_nicme_a0p5_l0p1_binary_lr5e5_s42/checkpoint-33/rng_state.pth,14645,0.000014,removed optimizer/scheduler/RNG training state; model checkpoint files retained
checkpoints/binary_spider_smoke_nicme_a0p5_l0p1_binary_lr5e5_s42/checkpoint-33/scheduler.pt,1465,0.000001,removed optimizer/scheduler/RNG training state; model checkpoint files retained
checkpoints/camera_ready_run_ap_csada_lr5e5_s42/checkpoint-48/optimizer.pt,700906667,0.652770,removed optimizer/scheduler/RNG training state; model checkpoint files retained
checkpoints/camera_ready_run_ap_csada_lr5e5_s42/checkpoint-48/rng_state.pth,14645,0.000014,removed optimizer/scheduler/RNG training state; model checkpoint files retained
checkpoints/camera_ready_run_ap_csada_lr5e5_s42/checkpoint-48/scheduler.pt,1465,0.000001,removed optimizer/scheduler/RNG training state; model checkpoint files retained
checkpoints/camera_ready_run_ap_csada_lr5e5_s43/checkpoint-32/optimizer.pt,700906667,0.652770,removed optimizer/scheduler/RNG training state; model checkpoint files retained
checkpoints/camera_ready_run_ap_csada_lr5e5_s43/checkpoint-32/rng_state.pth,14645,0.000014,removed optimizer/scheduler/RNG training state; model checkpoint files retained
checkpoints/camera_ready_run_ap_csada_lr5e5_s43/checkpoint-32/scheduler.pt,1465,0.000001,removed optimizer/scheduler/RNG training state; model checkpoint files retained
checkpoints/camera_ready_run_ap_csada_lr5e5_s44/checkpoint-32/optimizer.pt,700906667,0.652770,removed optimizer/scheduler/RNG training state; model checkpoint files retained
checkpoints/camera_ready_run_ap_csada_lr5e5_s44/checkpoint-32/rng_state.pth,14645,0.000014,removed optimizer/scheduler/RNG training state; model checkpoint files retained
checkpoints/camera_ready_run_ap_csada_lr5e5_s44/checkpoint-32/scheduler.pt,1465,0.000001,removed optimizer/scheduler/RNG training state; model checkpoint files retained
checkpoints/camera_ready_run_balanced_softmax_lr5e5_s42/checkpoint-224/optimizer.pt,700906667,0.652770,removed optimizer/scheduler/RNG training state; model checkpoint files retained
checkpoints/camera_ready_run_balanced_softmax_lr5e5_s42/checkpoint-224/rng_state.pth,14645,0.000014,removed optimizer/scheduler/RNG training state; model checkpoint files retained
checkpoints/camera_ready_run_balanced_softmax_lr5e5_s42/checkpoint-224/scheduler.pt,1465,0.000001,removed optimizer/scheduler/RNG training state; model checkpoint files retained
checkpoints/camera_ready_run_balanced_softmax_lr5e5_s43/checkpoint-208/optimizer.pt,700906667,0.652770,removed optimizer/scheduler/RNG training state; model checkpoint files retained
checkpoints/camera_ready_run_balanced_softmax_lr5e5_s43/checkpoint-208/rng_state.pth,14645,0.000014,removed optimizer/scheduler/RNG training state; model checkpoint files retained
checkpoints/camera_ready_run_balanced_softmax_lr5e5_s43/checkpoint-208/scheduler.pt,1465,0.000001,removed optimizer/scheduler/RNG training state; model checkpoint files retained
checkpoints/camera_ready_run_balanced_softmax_lr5e5_s44/checkpoint-208/optimizer.pt,700906667,0.652770,removed optimizer/scheduler/RNG training state; model checkpoint files retained
checkpoints/camera_ready_run_balanced_softmax_lr5e5_s44/checkpoint-208/rng_state.pth,14645,0.000014,removed optimizer/scheduler/RNG training state; model checkpoint files retained
checkpoints/camera_ready_run_balanced_softmax_lr5e5_s44/checkpoint-208/scheduler.pt,1465,0.000001,removed optimizer/scheduler/RNG training state; model checkpoint files retained
checkpoints/camera_ready_run_ce_anchor_pretty_lr5e5_s42/checkpoint-224/optimizer.pt,700906667,0.652770,removed optimizer/scheduler/RNG training state; model checkpoint files retained
checkpoints/camera_ready_run_ce_anchor_pretty_lr5e5_s42/checkpoint-224/rng_state.pth,14645,0.000014,removed optimizer/scheduler/RNG training state; model checkpoint files retained
checkpoints/camera_ready_run_ce_anchor_pretty_lr5e5_s42/checkpoint-224/scheduler.pt,1465,0.000001,removed optimizer/scheduler/RNG training state; model checkpoint files retained
checkpoints/camera_ready_run_ce_anchor_pretty_lr5e5_s43/checkpoint-272/optimizer.pt,700906667,0.652770,removed optimizer/scheduler/RNG training state; model checkpoint files retained
checkpoints/camera_ready_run_ce_anchor_pretty_lr5e5_s43/checkpoint-272/rng_state.pth,14581,0.000014,removed optimizer/scheduler/RNG training state; model checkpoint files retained
checkpoints/camera_ready_run_ce_anchor_pretty_lr5e5_s43/checkpoint-272/scheduler.pt,1465,0.000001,removed optimizer/scheduler/RNG training state; model checkpoint files retained
checkpoints/camera_ready_run_ce_anchor_pretty_lr5e5_s44/checkpoint-208/optimizer.pt,700906667,0.652770,removed optimizer/scheduler/RNG training state; model checkpoint files retained
checkpoints/camera_ready_run_ce_anchor_pretty_lr5e5_s44/checkpoint-208/rng_state.pth,14645,0.000014,removed optimizer/scheduler/RNG training state; model checkpoint files retained
checkpoints/camera_ready_run_ce_anchor_pretty_lr5e5_s44/checkpoint-208/scheduler.pt,1465,0.000001,removed optimizer/scheduler/RNG training state; model checkpoint files retained
checkpoints/camera_ready_run_class_balanced_focal_lr5e5_s42/checkpoint-144/optimizer.pt,700906667,0.652770,removed optimizer/scheduler/RNG training state; model checkpoint files retained
checkpoints/camera_ready_run_class_balanced_focal_lr5e5_s42/checkpoint-144/rng_state.pth,14645,0.000014,removed optimizer/scheduler/RNG training state; model checkpoint files retained
checkpoints/camera_ready_run_class_balanced_focal_lr5e5_s42/checkpoint-144/scheduler.pt,1465,0.000001,removed optimizer/scheduler/RNG training state; model checkpoint files retained
checkpoints/camera_ready_run_class_balanced_focal_lr5e5_s43/checkpoint-128/optimizer.pt,700906667,0.652770,removed optimizer/scheduler/RNG training state; model checkpoint files retained
checkpoints/camera_ready_run_class_balanced_focal_lr5e5_s43/checkpoint-128/rng_state.pth,14645,0.000014,removed optimizer/scheduler/RNG training state; model checkpoint files retained
checkpoints/camera_ready_run_class_balanced_focal_lr5e5_s43/checkpoint-128/scheduler.pt,1465,0.000001,removed optimizer/scheduler/RNG training state; model checkpoint files retained
checkpoints/camera_ready_run_class_balanced_focal_lr5e5_s44/checkpoint-144/optimizer.pt,700906667,0.652770,removed optimizer/scheduler/RNG training state; model checkpoint files retained
checkpoints/camera_ready_run_class_balanced_focal_lr5e5_s44/checkpoint-144/rng_state.pth,14645,0.000014,removed optimizer/scheduler/RNG training state; model checkpoint files retained
checkpoints/camera_ready_run_class_balanced_focal_lr5e5_s44/checkpoint-144/scheduler.pt,1465,0.000001,removed optimizer/scheduler/RNG training state; model checkpoint files retained
checkpoints/camera_ready_run_cost_weighted_ce_lr5e5_s42/checkpoint-48/optimizer.pt,700906667,0.652770,removed optimizer/scheduler/RNG training state; model checkpoint files retained
checkpoints/camera_ready_run_cost_weighted_ce_lr5e5_s42/checkpoint-48/rng_state.pth,14645,0.000014,removed optimizer/scheduler/RNG training state; model checkpoint files retained
checkpoints/camera_ready_run_cost_weighted_ce_lr5e5_s42/checkpoint-48/scheduler.pt,1465,0.000001,removed optimizer/scheduler/RNG training state; model checkpoint files retained
checkpoints/camera_ready_run_cost_weighted_ce_lr5e5_s43/checkpoint-160/optimizer.pt,700906667,0.652770,removed optimizer/scheduler/RNG training state; model checkpoint files retained
checkpoints/camera_ready_run_cost_weighted_ce_lr5e5_s43/checkpoint-160/rng_state.pth,14581,0.000014,removed optimizer/scheduler/RNG training state; model checkpoint files retained
checkpoints/camera_ready_run_cost_weighted_ce_lr5e5_s43/checkpoint-160/scheduler.pt,1465,0.000001,removed optimizer/scheduler/RNG training state; model checkpoint files retained
checkpoints/camera_ready_run_cost_weighted_ce_lr5e5_s44/checkpoint-80/optimizer.pt,700906667,0.652770,removed optimizer/scheduler/RNG training state; model checkpoint files retained
checkpoints/camera_ready_run_cost_weighted_ce_lr5e5_s44/checkpoint-80/rng_state.pth,14709,0.000014,removed optimizer/scheduler/RNG training state; model checkpoint files retained
checkpoints/camera_ready_run_cost_weighted_ce_lr5e5_s44/checkpoint-80/scheduler.pt,1465,0.000001,removed optimizer/scheduler/RNG training state; model checkpoint files retained
checkpoints/camera_ready_run_csada_lr5e5_s42/checkpoint-16/optimizer.pt,700906667,0.652770,removed optimizer/scheduler/RNG training state; model checkpoint files retained
checkpoints/camera_ready_run_csada_lr5e5_s42/checkpoint-16/rng_state.pth,14645,0.000014,removed optimizer/scheduler/RNG training state; model checkpoint files retained
checkpoints/camera_ready_run_csada_lr5e5_s42/checkpoint-16/scheduler.pt,1465,0.000001,removed optimizer/scheduler/RNG training state; model checkpoint files retained
checkpoints/camera_ready_run_csada_lr5e5_s43/checkpoint-16/optimizer.pt,700906667,0.652770,removed optimizer/scheduler/RNG training state; model checkpoint files retained
checkpoints/camera_ready_run_csada_lr5e5_s43/checkpoint-16/rng_state.pth,14645,0.000014,removed optimizer/scheduler/RNG training state; model checkpoint files retained
checkpoints/camera_ready_run_csada_lr5e5_s43/checkpoint-16/scheduler.pt,1465,0.000001,removed optimizer/scheduler/RNG training state; model checkpoint files retained
checkpoints/camera_ready_run_csada_lr5e5_s44/checkpoint-16/optimizer.pt,700906667,0.652770,removed optimizer/scheduler/RNG training state; model checkpoint files retained
checkpoints/camera_ready_run_csada_lr5e5_s44/checkpoint-16/rng_state.pth,14645,0.000014,removed optimizer/scheduler/RNG training state; model checkpoint files retained
checkpoints/camera_ready_run_csada_lr5e5_s44/checkpoint-16/scheduler.pt,1465,0.000001,removed optimizer/scheduler/RNG training state; model checkpoint files retained
checkpoints/camera_ready_run_ldam_drw_lr5e5_s42/checkpoint-144/optimizer.pt,700906667,0.652770,removed optimizer/scheduler/RNG training state; model checkpoint files retained
checkpoints/camera_ready_run_ldam_drw_lr5e5_s42/checkpoint-144/rng_state.pth,14645,0.000014,removed optimizer/scheduler/RNG training state; model checkpoint files retained
checkpoints/camera_ready_run_ldam_drw_lr5e5_s42/checkpoint-144/scheduler.pt,1465,0.000001,removed optimizer/scheduler/RNG training state; model checkpoint files retained
checkpoints/camera_ready_run_ldam_drw_lr5e5_s43/checkpoint-128/optimizer.pt,700906667,0.652770,removed optimizer/scheduler/RNG training state; model checkpoint files retained
checkpoints/camera_ready_run_ldam_drw_lr5e5_s43/checkpoint-128/rng_state.pth,14645,0.000014,removed optimizer/scheduler/RNG training state; model checkpoint files retained
checkpoints/camera_ready_run_ldam_drw_lr5e5_s43/checkpoint-128/scheduler.pt,1465,0.000001,removed optimizer/scheduler/RNG training state; model checkpoint files retained
checkpoints/camera_ready_run_ldam_drw_lr5e5_s44/checkpoint-112/optimizer.pt,700906667,0.652770,removed optimizer/scheduler/RNG training state; model checkpoint files retained
checkpoints/camera_ready_run_ldam_drw_lr5e5_s44/checkpoint-112/rng_state.pth,14645,0.000014,removed optimizer/scheduler/RNG training state; model checkpoint files retained
checkpoints/camera_ready_run_ldam_drw_lr5e5_s44/checkpoint-112/scheduler.pt,1465,0.000001,removed optimizer/scheduler/RNG training state; model checkpoint files retained
checkpoints/camera_ready_run_menon_logit_adjusted_lr5e5_s42/checkpoint-272/optimizer.pt,700906667,0.652770,removed optimizer/scheduler/RNG training state; model checkpoint files retained
checkpoints/camera_ready_run_menon_logit_adjusted_lr5e5_s42/checkpoint-272/rng_state.pth,14581,0.000014,removed optimizer/scheduler/RNG training state; model checkpoint files retained
checkpoints/camera_ready_run_menon_logit_adjusted_lr5e5_s42/checkpoint-272/scheduler.pt,1465,0.000001,removed optimizer/scheduler/RNG training state; model checkpoint files retained
checkpoints/camera_ready_run_menon_logit_adjusted_lr5e5_s43/checkpoint-240/optimizer.pt,700906667,0.652770,removed optimizer/scheduler/RNG training state; model checkpoint files retained
checkpoints/camera_ready_run_menon_logit_adjusted_lr5e5_s43/checkpoint-240/rng_state.pth,14645,0.000014,removed optimizer/scheduler/RNG training state; model checkpoint files retained
checkpoints/camera_ready_run_menon_logit_adjusted_lr5e5_s43/checkpoint-240/scheduler.pt,1465,0.000001,removed optimizer/scheduler/RNG training state; model checkpoint files retained
checkpoints/camera_ready_run_menon_logit_adjusted_lr5e5_s44/checkpoint-208/optimizer.pt,700906667,0.652770,removed optimizer/scheduler/RNG training state; model checkpoint files retained
checkpoints/camera_ready_run_menon_logit_adjusted_lr5e5_s44/checkpoint-208/rng_state.pth,14645,0.000014,removed optimizer/scheduler/RNG training state; model checkpoint files retained
checkpoints/camera_ready_run_menon_logit_adjusted_lr5e5_s44/checkpoint-208/scheduler.pt,1465,0.000001,removed optimizer/scheduler/RNG training state; model checkpoint files retained
checkpoints/camera_ready_run_nicme_v2_hybrid_pretty_lr5e5_s42/checkpoint-144/optimizer.pt,700906667,0.652770,removed optimizer/scheduler/RNG training state; model checkpoint files retained
checkpoints/camera_ready_run_nicme_v2_hybrid_pretty_lr5e5_s42/checkpoint-144/rng_state.pth,14645,0.000014,removed optimizer/scheduler/RNG training state; model checkpoint files retained
checkpoints/camera_ready_run_nicme_v2_hybrid_pretty_lr5e5_s42/checkpoint-144/scheduler.pt,1465,0.000001,removed optimizer/scheduler/RNG training state; model checkpoint files retained
checkpoints/camera_ready_run_nicme_v2_hybrid_pretty_lr5e5_s43/checkpoint-128/optimizer.pt,700906667,0.652770,removed optimizer/scheduler/RNG training state; model checkpoint files retained
checkpoints/camera_ready_run_nicme_v2_hybrid_pretty_lr5e5_s43/checkpoint-128/rng_state.pth,14645,0.000014,removed optimizer/scheduler/RNG training state; model checkpoint files retained
checkpoints/camera_ready_run_nicme_v2_hybrid_pretty_lr5e5_s43/checkpoint-128/scheduler.pt,1465,0.000001,removed optimizer/scheduler/RNG training state; model checkpoint files retained
checkpoints/camera_ready_run_nicme_v2_hybrid_pretty_lr5e5_s44/checkpoint-112/optimizer.pt,700906667,0.652770,removed optimizer/scheduler/RNG training state; model checkpoint files retained
checkpoints/camera_ready_run_nicme_v2_hybrid_pretty_lr5e5_s44/checkpoint-112/rng_state.pth,14645,0.000014,removed optimizer/scheduler/RNG training state; model checkpoint files retained
checkpoints/camera_ready_run_nicme_v2_hybrid_pretty_lr5e5_s44/checkpoint-112/scheduler.pt,1465,0.000001,removed optimizer/scheduler/RNG training state; model checkpoint files retained
checkpoints/camera_ready_run_nicme_v3_hybrid_pretty_a0p5_l0p07_lr5e5_s42/checkpoint-272/optimizer.pt,700906667,0.652770,removed optimizer/scheduler/RNG training state; model checkpoint files retained
checkpoints/camera_ready_run_nicme_v3_hybrid_pretty_a0p5_l0p07_lr5e5_s42/checkpoint-272/rng_state.pth,14581,0.000014,removed optimizer/scheduler/RNG training state; model checkpoint files retained
checkpoints/camera_ready_run_nicme_v3_hybrid_pretty_a0p5_l0p07_lr5e5_s42/checkpoint-272/scheduler.pt,1465,0.000001,removed optimizer/scheduler/RNG training state; model checkpoint files retained
checkpoints/camera_ready_run_nicme_v3_hybrid_pretty_a0p5_l0p07_lr5e5_s43/checkpoint-48/optimizer.pt,700906667,0.652770,removed optimizer/scheduler/RNG training state; model checkpoint files retained
checkpoints/camera_ready_run_nicme_v3_hybrid_pretty_a0p5_l0p07_lr5e5_s43/checkpoint-48/rng_state.pth,14645,0.000014,removed optimizer/scheduler/RNG training state; model checkpoint files retained
checkpoints/camera_ready_run_nicme_v3_hybrid_pretty_a0p5_l0p07_lr5e5_s43/checkpoint-48/scheduler.pt,1465,0.000001,removed optimizer/scheduler/RNG training state; model checkpoint files retained
checkpoints/camera_ready_run_nicme_v3_hybrid_pretty_a0p5_l0p07_lr5e5_s44/checkpoint-176/optimizer.pt,700906667,0.652770,removed optimizer/scheduler/RNG training state; model checkpoint files retained
checkpoints/camera_ready_run_nicme_v3_hybrid_pretty_a0p5_l0p07_lr5e5_s44/checkpoint-176/rng_state.pth,14645,0.000014,removed optimizer/scheduler/RNG training state; model checkpoint files retained
checkpoints/camera_ready_run_nicme_v3_hybrid_pretty_a0p5_l0p07_lr5e5_s44/checkpoint-176/scheduler.pt,1465,0.000001,removed optimizer/scheduler/RNG training state; model checkpoint files retained
checkpoints/camera_ready_run_sosr_cnn_lr5e5_s42/checkpoint-112/optimizer.pt,700906667,0.652770,removed optimizer/scheduler/RNG training state; model checkpoint files retained
checkpoints/camera_ready_run_sosr_cnn_lr5e5_s42/checkpoint-112/rng_state.pth,14645,0.000014,removed optimizer/scheduler/RNG training state; model checkpoint files retained
checkpoints/camera_ready_run_sosr_cnn_lr5e5_s42/checkpoint-112/scheduler.pt,1465,0.000001,removed optimizer/scheduler/RNG training state; model checkpoint files retained
checkpoints/camera_ready_run_sosr_cnn_lr5e5_s43/checkpoint-128/optimizer.pt,700906667,0.652770,removed optimizer/scheduler/RNG training state; model checkpoint files retained
checkpoints/camera_ready_run_sosr_cnn_lr5e5_s43/checkpoint-128/rng_state.pth,14645,0.000014,removed optimizer/scheduler/RNG training state; model checkpoint files retained
checkpoints/camera_ready_run_sosr_cnn_lr5e5_s43/checkpoint-128/scheduler.pt,1465,0.000001,removed optimizer/scheduler/RNG training state; model checkpoint files retained
checkpoints/camera_ready_run_sosr_cnn_lr5e5_s44/checkpoint-16/optimizer.pt,700906667,0.652770,removed optimizer/scheduler/RNG training state; model checkpoint files retained
checkpoints/camera_ready_run_sosr_cnn_lr5e5_s44/checkpoint-16/rng_state.pth,14645,0.000014,removed optimizer/scheduler/RNG training state; model checkpoint files retained
checkpoints/camera_ready_run_sosr_cnn_lr5e5_s44/checkpoint-16/scheduler.pt,1465,0.000001,removed optimizer/scheduler/RNG training state; model checkpoint files retained
checkpoints/camera_ready_smoke_ap_csada_lr5e5_s42/checkpoint-16/optimizer.pt,700906667,0.652770,removed optimizer/scheduler/RNG training state; model checkpoint files retained
checkpoints/camera_ready_smoke_ap_csada_lr5e5_s42/checkpoint-16/rng_state.pth,14645,0.000014,removed optimizer/scheduler/RNG training state; model checkpoint files retained
checkpoints/camera_ready_smoke_ap_csada_lr5e5_s42/checkpoint-16/scheduler.pt,1465,0.000001,removed optimizer/scheduler/RNG training state; model checkpoint files retained
checkpoints/camera_ready_smoke_ap_csada_lr5e5_s43/checkpoint-16/optimizer.pt,700906667,0.652770,removed optimizer/scheduler/RNG training state; model checkpoint files retained
checkpoints/camera_ready_smoke_ap_csada_lr5e5_s43/checkpoint-16/rng_state.pth,14645,0.000014,removed optimizer/scheduler/RNG training state; model checkpoint files retained
checkpoints/camera_ready_smoke_ap_csada_lr5e5_s43/checkpoint-16/scheduler.pt,1465,0.000001,removed optimizer/scheduler/RNG training state; model checkpoint files retained
checkpoints/camera_ready_smoke_ap_csada_lr5e5_s44/checkpoint-16/optimizer.pt,700906667,0.652770,removed optimizer/scheduler/RNG training state; model checkpoint files retained
checkpoints/camera_ready_smoke_ap_csada_lr5e5_s44/checkpoint-16/rng_state.pth,14645,0.000014,removed optimizer/scheduler/RNG training state; model checkpoint files retained
checkpoints/camera_ready_smoke_ap_csada_lr5e5_s44/checkpoint-16/scheduler.pt,1465,0.000001,removed optimizer/scheduler/RNG training state; model checkpoint files retained
checkpoints/camera_ready_smoke_balanced_softmax_lr5e5_s42/checkpoint-16/optimizer.pt,700906667,0.652770,removed optimizer/scheduler/RNG training state; model checkpoint files retained
checkpoints/camera_ready_smoke_balanced_softmax_lr5e5_s42/checkpoint-16/rng_state.pth,14645,0.000014,removed optimizer/scheduler/RNG training state; model checkpoint files retained
checkpoints/camera_ready_smoke_balanced_softmax_lr5e5_s42/checkpoint-16/scheduler.pt,1465,0.000001,removed optimizer/scheduler/RNG training state; model checkpoint files retained
checkpoints/camera_ready_smoke_balanced_softmax_lr5e5_s43/checkpoint-16/optimizer.pt,700906667,0.652770,removed optimizer/scheduler/RNG training state; model checkpoint files retained
checkpoints/camera_ready_smoke_balanced_softmax_lr5e5_s43/checkpoint-16/rng_state.pth,14645,0.000014,removed optimizer/scheduler/RNG training state; model checkpoint files retained
checkpoints/camera_ready_smoke_balanced_softmax_lr5e5_s43/checkpoint-16/scheduler.pt,1465,0.000001,removed optimizer/scheduler/RNG training state; model checkpoint files retained
checkpoints/camera_ready_smoke_balanced_softmax_lr5e5_s44/checkpoint-16/optimizer.pt,700906667,0.652770,removed optimizer/scheduler/RNG training state; model checkpoint files retained
checkpoints/camera_ready_smoke_balanced_softmax_lr5e5_s44/checkpoint-16/rng_state.pth,14645,0.000014,removed optimizer/scheduler/RNG training state; model checkpoint files retained
checkpoints/camera_ready_smoke_balanced_softmax_lr5e5_s44/checkpoint-16/scheduler.pt,1465,0.000001,removed optimizer/scheduler/RNG training state; model checkpoint files retained
checkpoints/camera_ready_smoke_ce_anchor_pretty_lr5e5_s42/checkpoint-16/optimizer.pt,700906667,0.652770,removed optimizer/scheduler/RNG training state; model checkpoint files retained
checkpoints/camera_ready_smoke_ce_anchor_pretty_lr5e5_s42/checkpoint-16/rng_state.pth,14645,0.000014,removed optimizer/scheduler/RNG training state; model checkpoint files retained
checkpoints/camera_ready_smoke_ce_anchor_pretty_lr5e5_s42/checkpoint-16/scheduler.pt,1465,0.000001,removed optimizer/scheduler/RNG training state; model checkpoint files retained
checkpoints/camera_ready_smoke_ce_anchor_pretty_lr5e5_s43/checkpoint-16/optimizer.pt,700906667,0.652770,removed optimizer/scheduler/RNG training state; model checkpoint files retained
checkpoints/camera_ready_smoke_ce_anchor_pretty_lr5e5_s43/checkpoint-16/rng_state.pth,14645,0.000014,removed optimizer/scheduler/RNG training state; model checkpoint files retained
checkpoints/camera_ready_smoke_ce_anchor_pretty_lr5e5_s43/checkpoint-16/scheduler.pt,1465,0.000001,removed optimizer/scheduler/RNG training state; model checkpoint files retained
checkpoints/camera_ready_smoke_ce_anchor_pretty_lr5e5_s44/checkpoint-16/optimizer.pt,700906667,0.652770,removed optimizer/scheduler/RNG training state; model checkpoint files retained
checkpoints/camera_ready_smoke_ce_anchor_pretty_lr5e5_s44/checkpoint-16/rng_state.pth,14645,0.000014,removed optimizer/scheduler/RNG training state; model checkpoint files retained
checkpoints/camera_ready_smoke_ce_anchor_pretty_lr5e5_s44/checkpoint-16/scheduler.pt,1465,0.000001,removed optimizer/scheduler/RNG training state; model checkpoint files retained
checkpoints/camera_ready_smoke_class_balanced_focal_lr5e5_s42/checkpoint-16/optimizer.pt,700906667,0.652770,removed optimizer/scheduler/RNG training state; model checkpoint files retained
checkpoints/camera_ready_smoke_class_balanced_focal_lr5e5_s42/checkpoint-16/rng_state.pth,14645,0.000014,removed optimizer/scheduler/RNG training state; model checkpoint files retained
checkpoints/camera_ready_smoke_class_balanced_focal_lr5e5_s42/checkpoint-16/scheduler.pt,1465,0.000001,removed optimizer/scheduler/RNG training state; model checkpoint files retained
checkpoints/camera_ready_smoke_class_balanced_focal_lr5e5_s43/checkpoint-16/optimizer.pt,700906667,0.652770,removed optimizer/scheduler/RNG training state; model checkpoint files retained
checkpoints/camera_ready_smoke_class_balanced_focal_lr5e5_s43/checkpoint-16/rng_state.pth,14645,0.000014,removed optimizer/scheduler/RNG training state; model checkpoint files retained
checkpoints/camera_ready_smoke_class_balanced_focal_lr5e5_s43/checkpoint-16/scheduler.pt,1465,0.000001,removed optimizer/scheduler/RNG training state; model checkpoint files retained
checkpoints/camera_ready_smoke_class_balanced_focal_lr5e5_s44/checkpoint-16/optimizer.pt,700906667,0.652770,removed optimizer/scheduler/RNG training state; model checkpoint files retained
checkpoints/camera_ready_smoke_class_balanced_focal_lr5e5_s44/checkpoint-16/rng_state.pth,14645,0.000014,removed optimizer/scheduler/RNG training state; model checkpoint files retained
checkpoints/camera_ready_smoke_class_balanced_focal_lr5e5_s44/checkpoint-16/scheduler.pt,1465,0.000001,removed optimizer/scheduler/RNG training state; model checkpoint files retained
checkpoints/camera_ready_smoke_cost_weighted_ce_lr5e5_s42/checkpoint-16/optimizer.pt,700906667,0.652770,removed optimizer/scheduler/RNG training state; model checkpoint files retained
checkpoints/camera_ready_smoke_cost_weighted_ce_lr5e5_s42/checkpoint-16/rng_state.pth,14645,0.000014,removed optimizer/scheduler/RNG training state; model checkpoint files retained
checkpoints/camera_ready_smoke_cost_weighted_ce_lr5e5_s42/checkpoint-16/scheduler.pt,1465,0.000001,removed optimizer/scheduler/RNG training state; model checkpoint files retained
checkpoints/camera_ready_smoke_cost_weighted_ce_lr5e5_s43/checkpoint-16/optimizer.pt,700906667,0.652770,removed optimizer/scheduler/RNG training state; model checkpoint files retained
checkpoints/camera_ready_smoke_cost_weighted_ce_lr5e5_s43/checkpoint-16/rng_state.pth,14645,0.000014,removed optimizer/scheduler/RNG training state; model checkpoint files retained
checkpoints/camera_ready_smoke_cost_weighted_ce_lr5e5_s43/checkpoint-16/scheduler.pt,1465,0.000001,removed optimizer/scheduler/RNG training state; model checkpoint files retained
checkpoints/camera_ready_smoke_cost_weighted_ce_lr5e5_s44/checkpoint-16/optimizer.pt,700906667,0.652770,removed optimizer/scheduler/RNG training state; model checkpoint files retained
checkpoints/camera_ready_smoke_cost_weighted_ce_lr5e5_s44/checkpoint-16/rng_state.pth,14645,0.000014,removed optimizer/scheduler/RNG training state; model checkpoint files retained
checkpoints/camera_ready_smoke_cost_weighted_ce_lr5e5_s44/checkpoint-16/scheduler.pt,1465,0.000001,removed optimizer/scheduler/RNG training state; model checkpoint files retained
checkpoints/camera_ready_smoke_csada_lr5e5_s42/checkpoint-16/optimizer.pt,700906667,0.652770,removed optimizer/scheduler/RNG training state; model checkpoint files retained
checkpoints/camera_ready_smoke_csada_lr5e5_s42/checkpoint-16/rng_state.pth,14645,0.000014,removed optimizer/scheduler/RNG training state; model checkpoint files retained
checkpoints/camera_ready_smoke_csada_lr5e5_s42/checkpoint-16/scheduler.pt,1465,0.000001,removed optimizer/scheduler/RNG training state; model checkpoint files retained
checkpoints/camera_ready_smoke_csada_lr5e5_s43/checkpoint-16/optimizer.pt,700906667,0.652770,removed optimizer/scheduler/RNG training state; model checkpoint files retained
checkpoints/camera_ready_smoke_csada_lr5e5_s43/checkpoint-16/rng_state.pth,14645,0.000014,removed optimizer/scheduler/RNG training state; model checkpoint files retained
checkpoints/camera_ready_smoke_csada_lr5e5_s43/checkpoint-16/scheduler.pt,1465,0.000001,removed optimizer/scheduler/RNG training state; model checkpoint files retained
checkpoints/camera_ready_smoke_csada_lr5e5_s44/checkpoint-16/optimizer.pt,700906667,0.652770,removed optimizer/scheduler/RNG training state; model checkpoint files retained
checkpoints/camera_ready_smoke_csada_lr5e5_s44/checkpoint-16/rng_state.pth,14645,0.000014,removed optimizer/scheduler/RNG training state; model checkpoint files retained
checkpoints/camera_ready_smoke_csada_lr5e5_s44/checkpoint-16/scheduler.pt,1465,0.000001,removed optimizer/scheduler/RNG training state; model checkpoint files retained
checkpoints/camera_ready_smoke_ldam_drw_lr5e5_s42/checkpoint-16/optimizer.pt,700906667,0.652770,removed optimizer/scheduler/RNG training state; model checkpoint files retained
checkpoints/camera_ready_smoke_ldam_drw_lr5e5_s42/checkpoint-16/rng_state.pth,14645,0.000014,removed optimizer/scheduler/RNG training state; model checkpoint files retained
checkpoints/camera_ready_smoke_ldam_drw_lr5e5_s42/checkpoint-16/scheduler.pt,1465,0.000001,removed optimizer/scheduler/RNG training state; model checkpoint files retained
checkpoints/camera_ready_smoke_ldam_drw_lr5e5_s43/checkpoint-16/optimizer.pt,700906667,0.652770,removed optimizer/scheduler/RNG training state; model checkpoint files retained
checkpoints/camera_ready_smoke_ldam_drw_lr5e5_s43/checkpoint-16/rng_state.pth,14645,0.000014,removed optimizer/scheduler/RNG training state; model checkpoint files retained
checkpoints/camera_ready_smoke_ldam_drw_lr5e5_s43/checkpoint-16/scheduler.pt,1465,0.000001,removed optimizer/scheduler/RNG training state; model checkpoint files retained
checkpoints/camera_ready_smoke_ldam_drw_lr5e5_s44/checkpoint-16/optimizer.pt,700906667,0.652770,removed optimizer/scheduler/RNG training state; model checkpoint files retained
checkpoints/camera_ready_smoke_ldam_drw_lr5e5_s44/checkpoint-16/rng_state.pth,14645,0.000014,removed optimizer/scheduler/RNG training state; model checkpoint files retained
checkpoints/camera_ready_smoke_ldam_drw_lr5e5_s44/checkpoint-16/scheduler.pt,1465,0.000001,removed optimizer/scheduler/RNG training state; model checkpoint files retained
checkpoints/camera_ready_smoke_menon_logit_adjusted_lr5e5_s42/checkpoint-16/optimizer.pt,700906667,0.652770,removed optimizer/scheduler/RNG training state; model checkpoint files retained
checkpoints/camera_ready_smoke_menon_logit_adjusted_lr5e5_s42/checkpoint-16/rng_state.pth,14645,0.000014,removed optimizer/scheduler/RNG training state; model checkpoint files retained
checkpoints/camera_ready_smoke_menon_logit_adjusted_lr5e5_s42/checkpoint-16/scheduler.pt,1465,0.000001,removed optimizer/scheduler/RNG training state; model checkpoint files retained
checkpoints/camera_ready_smoke_menon_logit_adjusted_lr5e5_s43/checkpoint-16/optimizer.pt,700906667,0.652770,removed optimizer/scheduler/RNG training state; model checkpoint files retained
checkpoints/camera_ready_smoke_menon_logit_adjusted_lr5e5_s43/checkpoint-16/rng_state.pth,14645,0.000014,removed optimizer/scheduler/RNG training state; model checkpoint files retained
checkpoints/camera_ready_smoke_menon_logit_adjusted_lr5e5_s43/checkpoint-16/scheduler.pt,1465,0.000001,removed optimizer/scheduler/RNG training state; model checkpoint files retained
checkpoints/camera_ready_smoke_menon_logit_adjusted_lr5e5_s44/checkpoint-16/optimizer.pt,700906667,0.652770,removed optimizer/scheduler/RNG training state; model checkpoint files retained
checkpoints/camera_ready_smoke_menon_logit_adjusted_lr5e5_s44/checkpoint-16/rng_state.pth,14645,0.000014,removed optimizer/scheduler/RNG training state; model checkpoint files retained
checkpoints/camera_ready_smoke_menon_logit_adjusted_lr5e5_s44/checkpoint-16/scheduler.pt,1465,0.000001,removed optimizer/scheduler/RNG training state; model checkpoint files retained
checkpoints/camera_ready_smoke_nicme_v2_hybrid_pretty_lr5e5_s42/checkpoint-16/optimizer.pt,700906667,0.652770,removed optimizer/scheduler/RNG training state; model checkpoint files retained
checkpoints/camera_ready_smoke_nicme_v2_hybrid_pretty_lr5e5_s42/checkpoint-16/rng_state.pth,14645,0.000014,removed optimizer/scheduler/RNG training state; model checkpoint files retained
checkpoints/camera_ready_smoke_nicme_v2_hybrid_pretty_lr5e5_s42/checkpoint-16/scheduler.pt,1465,0.000001,removed optimizer/scheduler/RNG training state; model checkpoint files retained
checkpoints/camera_ready_smoke_nicme_v2_hybrid_pretty_lr5e5_s43/checkpoint-16/optimizer.pt,700906667,0.652770,removed optimizer/scheduler/RNG training state; model checkpoint files retained
checkpoints/camera_ready_smoke_nicme_v2_hybrid_pretty_lr5e5_s43/checkpoint-16/rng_state.pth,14645,0.000014,removed optimizer/scheduler/RNG training state; model checkpoint files retained
checkpoints/camera_ready_smoke_nicme_v2_hybrid_pretty_lr5e5_s43/checkpoint-16/scheduler.pt,1465,0.000001,removed optimizer/scheduler/RNG training state; model checkpoint files retained
checkpoints/camera_ready_smoke_nicme_v2_hybrid_pretty_lr5e5_s44/checkpoint-16/optimizer.pt,700906667,0.652770,removed optimizer/scheduler/RNG training state; model checkpoint files retained
checkpoints/camera_ready_smoke_nicme_v2_hybrid_pretty_lr5e5_s44/checkpoint-16/rng_state.pth,14645,0.000014,removed optimizer/scheduler/RNG training state; model checkpoint files retained
checkpoints/camera_ready_smoke_nicme_v2_hybrid_pretty_lr5e5_s44/checkpoint-16/scheduler.pt,1465,0.000001,removed optimizer/scheduler/RNG training state; model checkpoint files retained
checkpoints/camera_ready_smoke_nicme_v3_hybrid_pretty_a0p5_l0p07_lr5e5_s42/checkpoint-16/optimizer.pt,700906667,0.652770,removed optimizer/scheduler/RNG training state; model checkpoint files retained
checkpoints/camera_ready_smoke_nicme_v3_hybrid_pretty_a0p5_l0p07_lr5e5_s42/checkpoint-16/rng_state.pth,14645,0.000014,removed optimizer/scheduler/RNG training state; model checkpoint files retained
checkpoints/camera_ready_smoke_nicme_v3_hybrid_pretty_a0p5_l0p07_lr5e5_s42/checkpoint-16/scheduler.pt,1465,0.000001,removed optimizer/scheduler/RNG training state; model checkpoint files retained
checkpoints/camera_ready_smoke_nicme_v3_hybrid_pretty_a0p5_l0p07_lr5e5_s43/checkpoint-16/optimizer.pt,700906667,0.652770,removed optimizer/scheduler/RNG training state; model checkpoint files retained
checkpoints/camera_ready_smoke_nicme_v3_hybrid_pretty_a0p5_l0p07_lr5e5_s43/checkpoint-16/rng_state.pth,14645,0.000014,removed optimizer/scheduler/RNG training state; model checkpoint files retained
checkpoints/camera_ready_smoke_nicme_v3_hybrid_pretty_a0p5_l0p07_lr5e5_s43/checkpoint-16/scheduler.pt,1465,0.000001,removed optimizer/scheduler/RNG training state; model checkpoint files retained
checkpoints/camera_ready_smoke_nicme_v3_hybrid_pretty_a0p5_l0p07_lr5e5_s44/checkpoint-16/optimizer.pt,700906667,0.652770,removed optimizer/scheduler/RNG training state; model checkpoint files retained
checkpoints/camera_ready_smoke_nicme_v3_hybrid_pretty_a0p5_l0p07_lr5e5_s44/checkpoint-16/rng_state.pth,14645,0.000014,removed optimizer/scheduler/RNG training state; model checkpoint files retained
checkpoints/camera_ready_smoke_nicme_v3_hybrid_pretty_a0p5_l0p07_lr5e5_s44/checkpoint-16/scheduler.pt,1465,0.000001,removed optimizer/scheduler/RNG training state; model checkpoint files retained
checkpoints/camera_ready_smoke_sosr_cnn_lr5e5_s42/checkpoint-16/optimizer.pt,700906667,0.652770,removed optimizer/scheduler/RNG training state; model checkpoint files retained
checkpoints/camera_ready_smoke_sosr_cnn_lr5e5_s42/checkpoint-16/rng_state.pth,14645,0.000014,removed optimizer/scheduler/RNG training state; model checkpoint files retained
checkpoints/camera_ready_smoke_sosr_cnn_lr5e5_s42/checkpoint-16/scheduler.pt,1465,0.000001,removed optimizer/scheduler/RNG training state; model checkpoint files retained
checkpoints/camera_ready_smoke_sosr_cnn_lr5e5_s43/checkpoint-16/optimizer.pt,700906667,0.652770,removed optimizer/scheduler/RNG training state; model checkpoint files retained
checkpoints/camera_ready_smoke_sosr_cnn_lr5e5_s43/checkpoint-16/rng_state.pth,14645,0.000014,removed optimizer/scheduler/RNG training state; model checkpoint files retained
checkpoints/camera_ready_smoke_sosr_cnn_lr5e5_s43/checkpoint-16/scheduler.pt,1465,0.000001,removed optimizer/scheduler/RNG training state; model checkpoint files retained
checkpoints/camera_ready_smoke_sosr_cnn_lr5e5_s44/checkpoint-16/optimizer.pt,700906667,0.652770,removed optimizer/scheduler/RNG training state; model checkpoint files retained
checkpoints/camera_ready_smoke_sosr_cnn_lr5e5_s44/checkpoint-16/rng_state.pth,14645,0.000014,removed optimizer/scheduler/RNG training state; model checkpoint files retained
checkpoints/camera_ready_smoke_sosr_cnn_lr5e5_s44/checkpoint-16/scheduler.pt,1465,0.000001,removed optimizer/scheduler/RNG training state; model checkpoint files retained
checkpoints/debug_cnx_ce_no_cudnn/checkpoint-5/optimizer.pt,222746955,0.207449,removed optimizer/scheduler/RNG training state; model checkpoint files retained
checkpoints/debug_cnx_ce_no_cudnn/checkpoint-5/rng_state.pth,14645,0.000014,removed optimizer/scheduler/RNG training state; model checkpoint files retained
checkpoints/debug_cnx_ce_no_cudnn/checkpoint-5/scheduler.pt,1465,0.000001,removed optimizer/scheduler/RNG training state; model checkpoint files retained
checkpoints/debug_timm_convnext_lora_ce_cal_fresh/checkpoint-5/optimizer.pt,4347915,0.004049,removed optimizer/scheduler/RNG training state; model checkpoint files retained
checkpoints/debug_timm_convnext_lora_ce_cal_fresh/checkpoint-5/rng_state.pth,14645,0.000014,removed optimizer/scheduler/RNG training state; model checkpoint files retained
checkpoints/debug_timm_convnext_lora_ce_cal_fresh/checkpoint-5/scheduler.pt,1465,0.000001,removed optimizer/scheduler/RNG training state; model checkpoint files retained
checkpoints/final_convnext_base_fb_in22k_ft_in1k_ce_matched_ce_s42_locked/checkpoint-208/optimizer.pt,700906667,0.652770,removed optimizer/scheduler/RNG training state; model checkpoint files retained
checkpoints/final_convnext_base_fb_in22k_ft_in1k_ce_matched_ce_s42_locked/checkpoint-208/rng_state.pth,14645,0.000014,removed optimizer/scheduler/RNG training state; model checkpoint files retained
checkpoints/final_convnext_base_fb_in22k_ft_in1k_ce_matched_ce_s42_locked/checkpoint-208/scheduler.pt,1465,0.000001,removed optimizer/scheduler/RNG training state; model checkpoint files retained
checkpoints/final_convnext_base_fb_in22k_ft_in1k_ce_tuned_ce_s42_locked/checkpoint-192/optimizer.pt,700906667,0.652770,removed optimizer/scheduler/RNG training state; model checkpoint files retained
checkpoints/final_convnext_base_fb_in22k_ft_in1k_ce_tuned_ce_s42_locked/checkpoint-192/rng_state.pth,14645,0.000014,removed optimizer/scheduler/RNG training state; model checkpoint files retained
checkpoints/final_convnext_base_fb_in22k_ft_in1k_ce_tuned_ce_s42_locked/checkpoint-192/scheduler.pt,1465,0.000001,removed optimizer/scheduler/RNG training state; model checkpoint files retained
checkpoints/final_convnext_base_fb_in22k_ft_in1k_nicme_v2_matched_nicme_hybrid_s42_locked/checkpoint-128/optimizer.pt,700906667,0.652770,removed optimizer/scheduler/RNG training state; model checkpoint files retained
checkpoints/final_convnext_base_fb_in22k_ft_in1k_nicme_v2_matched_nicme_hybrid_s42_locked/checkpoint-128/rng_state.pth,14645,0.000014,removed optimizer/scheduler/RNG training state; model checkpoint files retained
checkpoints/final_convnext_base_fb_in22k_ft_in1k_nicme_v2_matched_nicme_hybrid_s42_locked/checkpoint-128/scheduler.pt,1465,0.000001,removed optimizer/scheduler/RNG training state; model checkpoint files retained
checkpoints/final_convnext_base_fb_in22k_ft_in1k_nicme_v3_best_nicme_v3_hybrid_s42_locked/checkpoint-208/optimizer.pt,700906667,0.652770,removed optimizer/scheduler/RNG training state; model checkpoint files retained
checkpoints/final_convnext_base_fb_in22k_ft_in1k_nicme_v3_best_nicme_v3_hybrid_s42_locked/checkpoint-208/rng_state.pth,14645,0.000014,removed optimizer/scheduler/RNG training state; model checkpoint files retained
checkpoints/final_convnext_base_fb_in22k_ft_in1k_nicme_v3_best_nicme_v3_hybrid_s42_locked/checkpoint-208/scheduler.pt,1465,0.000001,removed optimizer/scheduler/RNG training state; model checkpoint files retained
checkpoints/grid-run_nicme_v3_hybrid_pretty_a0p04_l0p02_lr5e5_s42/checkpoint-224/optimizer.pt,700906667,0.652770,removed optimizer/scheduler/RNG training state; model checkpoint files retained
checkpoints/grid-run_nicme_v3_hybrid_pretty_a0p04_l0p02_lr5e5_s42/checkpoint-224/rng_state.pth,14645,0.000014,removed optimizer/scheduler/RNG training state; model checkpoint files retained
checkpoints/grid-run_nicme_v3_hybrid_pretty_a0p04_l0p02_lr5e5_s42/checkpoint-224/scheduler.pt,1465,0.000001,removed optimizer/scheduler/RNG training state; model checkpoint files retained
checkpoints/grid-run_nicme_v3_hybrid_pretty_a0p04_l0p03_lr5e5_s42/checkpoint-208/optimizer.pt,700906667,0.652770,removed optimizer/scheduler/RNG training state; model checkpoint files retained
checkpoints/grid-run_nicme_v3_hybrid_pretty_a0p04_l0p03_lr5e5_s42/checkpoint-208/rng_state.pth,14645,0.000014,removed optimizer/scheduler/RNG training state; model checkpoint files retained
checkpoints/grid-run_nicme_v3_hybrid_pretty_a0p04_l0p03_lr5e5_s42/checkpoint-208/scheduler.pt,1465,0.000001,removed optimizer/scheduler/RNG training state; model checkpoint files retained
checkpoints/grid-run_nicme_v3_hybrid_pretty_a0p04_l0p04_lr5e5_s42/checkpoint-208/optimizer.pt,700906667,0.652770,removed optimizer/scheduler/RNG training state; model checkpoint files retained
checkpoints/grid-run_nicme_v3_hybrid_pretty_a0p04_l0p04_lr5e5_s42/checkpoint-208/rng_state.pth,14645,0.000014,removed optimizer/scheduler/RNG training state; model checkpoint files retained
checkpoints/grid-run_nicme_v3_hybrid_pretty_a0p04_l0p04_lr5e5_s42/checkpoint-208/scheduler.pt,1465,0.000001,removed optimizer/scheduler/RNG training state; model checkpoint files retained
checkpoints/grid-run_nicme_v3_hybrid_pretty_a0p04_l0p05_lr5e5_s42/checkpoint-224/optimizer.pt,700906667,0.652770,removed optimizer/scheduler/RNG training state; model checkpoint files retained
checkpoints/grid-run_nicme_v3_hybrid_pretty_a0p04_l0p05_lr5e5_s42/checkpoint-224/rng_state.pth,14645,0.000014,removed optimizer/scheduler/RNG training state; model checkpoint files retained
checkpoints/grid-run_nicme_v3_hybrid_pretty_a0p04_l0p05_lr5e5_s42/checkpoint-224/scheduler.pt,1465,0.000001,removed optimizer/scheduler/RNG training state; model checkpoint files retained
checkpoints/grid-run_nicme_v3_hybrid_pretty_a0p04_l0p07_lr5e5_s42/checkpoint-224/optimizer.pt,700906667,0.652770,removed optimizer/scheduler/RNG training state; model checkpoint files retained
checkpoints/grid-run_nicme_v3_hybrid_pretty_a0p04_l0p07_lr5e5_s42/checkpoint-224/rng_state.pth,14645,0.000014,removed optimizer/scheduler/RNG training state; model checkpoint files retained
checkpoints/grid-run_nicme_v3_hybrid_pretty_a0p04_l0p07_lr5e5_s42/checkpoint-224/scheduler.pt,1465,0.000001,removed optimizer/scheduler/RNG training state; model checkpoint files retained
checkpoints/grid-run_nicme_v3_hybrid_pretty_a0p04_l0p09_lr5e5_s42/checkpoint-224/optimizer.pt,700906667,0.652770,removed optimizer/scheduler/RNG training state; model checkpoint files retained
checkpoints/grid-run_nicme_v3_hybrid_pretty_a0p04_l0p09_lr5e5_s42/checkpoint-224/rng_state.pth,14645,0.000014,removed optimizer/scheduler/RNG training state; model checkpoint files retained
checkpoints/grid-run_nicme_v3_hybrid_pretty_a0p04_l0p09_lr5e5_s42/checkpoint-224/scheduler.pt,1465,0.000001,removed optimizer/scheduler/RNG training state; model checkpoint files retained
checkpoints/grid-run_nicme_v3_hybrid_pretty_a0p04_l0p1_lr5e5_s42/checkpoint-144/optimizer.pt,700906667,0.652770,removed optimizer/scheduler/RNG training state; model checkpoint files retained
checkpoints/grid-run_nicme_v3_hybrid_pretty_a0p04_l0p1_lr5e5_s42/checkpoint-144/rng_state.pth,14645,0.000014,removed optimizer/scheduler/RNG training state; model checkpoint files retained
checkpoints/grid-run_nicme_v3_hybrid_pretty_a0p04_l0p1_lr5e5_s42/checkpoint-144/scheduler.pt,1465,0.000001,removed optimizer/scheduler/RNG training state; model checkpoint files retained
checkpoints/grid-run_nicme_v3_hybrid_pretty_a0p04_l0p2_lr5e5_s42/checkpoint-192/optimizer.pt,700906667,0.652770,removed optimizer/scheduler/RNG training state; model checkpoint files retained
checkpoints/grid-run_nicme_v3_hybrid_pretty_a0p04_l0p2_lr5e5_s42/checkpoint-192/rng_state.pth,14645,0.000014,removed optimizer/scheduler/RNG training state; model checkpoint files retained
checkpoints/grid-run_nicme_v3_hybrid_pretty_a0p04_l0p2_lr5e5_s42/checkpoint-192/scheduler.pt,1465,0.000001,removed optimizer/scheduler/RNG training state; model checkpoint files retained
checkpoints/grid-run_nicme_v3_hybrid_pretty_a0p04_l0p3_lr5e5_s42/checkpoint-144/optimizer.pt,700906667,0.652770,removed optimizer/scheduler/RNG training state; model checkpoint files retained
checkpoints/grid-run_nicme_v3_hybrid_pretty_a0p04_l0p3_lr5e5_s42/checkpoint-144/rng_state.pth,14645,0.000014,removed optimizer/scheduler/RNG training state; model checkpoint files retained
checkpoints/grid-run_nicme_v3_hybrid_pretty_a0p04_l0p3_lr5e5_s42/checkpoint-144/scheduler.pt,1465,0.000001,removed optimizer/scheduler/RNG training state; model checkpoint files retained
checkpoints/grid-run_nicme_v3_hybrid_pretty_a0p05_l0p02_lr5e5_s42/checkpoint-224/optimizer.pt,700906667,0.652770,removed optimizer/scheduler/RNG training state; model checkpoint files retained
checkpoints/grid-run_nicme_v3_hybrid_pretty_a0p05_l0p02_lr5e5_s42/checkpoint-224/rng_state.pth,14645,0.000014,removed optimizer/scheduler/RNG training state; model checkpoint files retained
checkpoints/grid-run_nicme_v3_hybrid_pretty_a0p05_l0p02_lr5e5_s42/checkpoint-224/scheduler.pt,1465,0.000001,removed optimizer/scheduler/RNG training state; model checkpoint files retained
checkpoints/grid-run_nicme_v3_hybrid_pretty_a0p05_l0p03_lr5e5_s42/checkpoint-208/optimizer.pt,700906667,0.652770,removed optimizer/scheduler/RNG training state; model checkpoint files retained
checkpoints/grid-run_nicme_v3_hybrid_pretty_a0p05_l0p03_lr5e5_s42/checkpoint-208/rng_state.pth,14645,0.000014,removed optimizer/scheduler/RNG training state; model checkpoint files retained
checkpoints/grid-run_nicme_v3_hybrid_pretty_a0p05_l0p03_lr5e5_s42/checkpoint-208/scheduler.pt,1465,0.000001,removed optimizer/scheduler/RNG training state; model checkpoint files retained
checkpoints/grid-run_nicme_v3_hybrid_pretty_a0p05_l0p04_lr5e5_s42/checkpoint-144/optimizer.pt,700906667,0.652770,removed optimizer/scheduler/RNG training state; model checkpoint files retained
checkpoints/grid-run_nicme_v3_hybrid_pretty_a0p05_l0p04_lr5e5_s42/checkpoint-144/rng_state.pth,14645,0.000014,removed optimizer/scheduler/RNG training state; model checkpoint files retained
checkpoints/grid-run_nicme_v3_hybrid_pretty_a0p05_l0p04_lr5e5_s42/checkpoint-144/scheduler.pt,1465,0.000001,removed optimizer/scheduler/RNG training state; model checkpoint files retained
checkpoints/grid-run_nicme_v3_hybrid_pretty_a0p05_l0p05_lr5e5_s42/checkpoint-144/optimizer.pt,700906667,0.652770,removed optimizer/scheduler/RNG training state; model checkpoint files retained
checkpoints/grid-run_nicme_v3_hybrid_pretty_a0p05_l0p05_lr5e5_s42/checkpoint-144/rng_state.pth,14645,0.000014,removed optimizer/scheduler/RNG training state; model checkpoint files retained
checkpoints/grid-run_nicme_v3_hybrid_pretty_a0p05_l0p05_lr5e5_s42/checkpoint-144/scheduler.pt,1465,0.000001,removed optimizer/scheduler/RNG training state; model checkpoint files retained
checkpoints/grid-run_nicme_v3_hybrid_pretty_a0p05_l0p07_lr5e5_s42/checkpoint-208/optimizer.pt,700906667,0.652770,removed optimizer/scheduler/RNG training state; model checkpoint files retained
checkpoints/grid-run_nicme_v3_hybrid_pretty_a0p05_l0p07_lr5e5_s42/checkpoint-208/rng_state.pth,14645,0.000014,removed optimizer/scheduler/RNG training state; model checkpoint files retained
checkpoints/grid-run_nicme_v3_hybrid_pretty_a0p05_l0p07_lr5e5_s42/checkpoint-208/scheduler.pt,1465,0.000001,removed optimizer/scheduler/RNG training state; model checkpoint files retained
checkpoints/grid-run_nicme_v3_hybrid_pretty_a0p05_l0p09_lr5e5_s42/checkpoint-208/optimizer.pt,700906667,0.652770,removed optimizer/scheduler/RNG training state; model checkpoint files retained
checkpoints/grid-run_nicme_v3_hybrid_pretty_a0p05_l0p09_lr5e5_s42/checkpoint-208/rng_state.pth,14645,0.000014,removed optimizer/scheduler/RNG training state; model checkpoint files retained
checkpoints/grid-run_nicme_v3_hybrid_pretty_a0p05_l0p09_lr5e5_s42/checkpoint-208/scheduler.pt,1465,0.000001,removed optimizer/scheduler/RNG training state; model checkpoint files retained
checkpoints/grid-run_nicme_v3_hybrid_pretty_a0p05_l0p1_lr5e5_s42/checkpoint-144/optimizer.pt,700906667,0.652770,removed optimizer/scheduler/RNG training state; model checkpoint files retained
checkpoints/grid-run_nicme_v3_hybrid_pretty_a0p05_l0p1_lr5e5_s42/checkpoint-144/rng_state.pth,14645,0.000014,removed optimizer/scheduler/RNG training state; model checkpoint files retained
checkpoints/grid-run_nicme_v3_hybrid_pretty_a0p05_l0p1_lr5e5_s42/checkpoint-144/scheduler.pt,1465,0.000001,removed optimizer/scheduler/RNG training state; model checkpoint files retained
checkpoints/grid-run_nicme_v3_hybrid_pretty_a0p05_l0p2_lr5e5_s42/checkpoint-144/optimizer.pt,700906667,0.652770,removed optimizer/scheduler/RNG training state; model checkpoint files retained
checkpoints/grid-run_nicme_v3_hybrid_pretty_a0p05_l0p2_lr5e5_s42/checkpoint-144/rng_state.pth,14645,0.000014,removed optimizer/scheduler/RNG training state; model checkpoint files retained
checkpoints/grid-run_nicme_v3_hybrid_pretty_a0p05_l0p2_lr5e5_s42/checkpoint-144/scheduler.pt,1465,0.000001,removed optimizer/scheduler/RNG training state; model checkpoint files retained
checkpoints/grid-run_nicme_v3_hybrid_pretty_a0p05_l0p3_lr5e5_s42/checkpoint-144/optimizer.pt,700906667,0.652770,removed optimizer/scheduler/RNG training state; model checkpoint files retained
checkpoints/grid-run_nicme_v3_hybrid_pretty_a0p05_l0p3_lr5e5_s42/checkpoint-144/rng_state.pth,14645,0.000014,removed optimizer/scheduler/RNG training state; model checkpoint files retained
checkpoints/grid-run_nicme_v3_hybrid_pretty_a0p05_l0p3_lr5e5_s42/checkpoint-144/scheduler.pt,1465,0.000001,removed optimizer/scheduler/RNG training state; model checkpoint files retained
checkpoints/grid-run_nicme_v3_hybrid_pretty_a0p06_l0p02_lr5e5_s42/checkpoint-208/optimizer.pt,700906667,0.652770,removed optimizer/scheduler/RNG training state; model checkpoint files retained
checkpoints/grid-run_nicme_v3_hybrid_pretty_a0p06_l0p02_lr5e5_s42/checkpoint-208/rng_state.pth,14645,0.000014,removed optimizer/scheduler/RNG training state; model checkpoint files retained
checkpoints/grid-run_nicme_v3_hybrid_pretty_a0p06_l0p02_lr5e5_s42/checkpoint-208/scheduler.pt,1465,0.000001,removed optimizer/scheduler/RNG training state; model checkpoint files retained
checkpoints/grid-run_nicme_v3_hybrid_pretty_a0p06_l0p03_lr5e5_s42/checkpoint-224/optimizer.pt,700906667,0.652770,removed optimizer/scheduler/RNG training state; model checkpoint files retained
checkpoints/grid-run_nicme_v3_hybrid_pretty_a0p06_l0p03_lr5e5_s42/checkpoint-224/rng_state.pth,14645,0.000014,removed optimizer/scheduler/RNG training state; model checkpoint files retained
checkpoints/grid-run_nicme_v3_hybrid_pretty_a0p06_l0p03_lr5e5_s42/checkpoint-224/scheduler.pt,1465,0.000001,removed optimizer/scheduler/RNG training state; model checkpoint files retained
checkpoints/grid-run_nicme_v3_hybrid_pretty_a0p06_l0p04_lr5e5_s42/checkpoint-144/optimizer.pt,700906667,0.652770,removed optimizer/scheduler/RNG training state; model checkpoint files retained
checkpoints/grid-run_nicme_v3_hybrid_pretty_a0p06_l0p04_lr5e5_s42/checkpoint-144/rng_state.pth,14645,0.000014,removed optimizer/scheduler/RNG training state; model checkpoint files retained
checkpoints/grid-run_nicme_v3_hybrid_pretty_a0p06_l0p04_lr5e5_s42/checkpoint-144/scheduler.pt,1465,0.000001,removed optimizer/scheduler/RNG training state; model checkpoint files retained
checkpoints/grid-run_nicme_v3_hybrid_pretty_a0p06_l0p05_lr5e5_s42/checkpoint-208/optimizer.pt,700906667,0.652770,removed optimizer/scheduler/RNG training state; model checkpoint files retained
checkpoints/grid-run_nicme_v3_hybrid_pretty_a0p06_l0p05_lr5e5_s42/checkpoint-208/rng_state.pth,14645,0.000014,removed optimizer/scheduler/RNG training state; model checkpoint files retained
checkpoints/grid-run_nicme_v3_hybrid_pretty_a0p06_l0p05_lr5e5_s42/checkpoint-208/scheduler.pt,1465,0.000001,removed optimizer/scheduler/RNG training state; model checkpoint files retained
checkpoints/grid-run_nicme_v3_hybrid_pretty_a0p06_l0p07_lr5e5_s42/checkpoint-144/optimizer.pt,700906667,0.652770,removed optimizer/scheduler/RNG training state; model checkpoint files retained
checkpoints/grid-run_nicme_v3_hybrid_pretty_a0p06_l0p07_lr5e5_s42/checkpoint-144/rng_state.pth,14645,0.000014,removed optimizer/scheduler/RNG training state; model checkpoint files retained
checkpoints/grid-run_nicme_v3_hybrid_pretty_a0p06_l0p07_lr5e5_s42/checkpoint-144/scheduler.pt,1465,0.000001,removed optimizer/scheduler/RNG training state; model checkpoint files retained
checkpoints/grid-run_nicme_v3_hybrid_pretty_a0p06_l0p09_lr5e5_s42/checkpoint-144/optimizer.pt,700906667,0.652770,removed optimizer/scheduler/RNG training state; model checkpoint files retained
checkpoints/grid-run_nicme_v3_hybrid_pretty_a0p06_l0p09_lr5e5_s42/checkpoint-144/rng_state.pth,14645,0.000014,removed optimizer/scheduler/RNG training state; model checkpoint files retained
checkpoints/grid-run_nicme_v3_hybrid_pretty_a0p06_l0p09_lr5e5_s42/checkpoint-144/scheduler.pt,1465,0.000001,removed optimizer/scheduler/RNG training state; model checkpoint files retained
checkpoints/grid-run_nicme_v3_hybrid_pretty_a0p06_l0p1_lr5e5_s42/checkpoint-208/optimizer.pt,700906667,0.652770,removed optimizer/scheduler/RNG training state; model checkpoint files retained
checkpoints/grid-run_nicme_v3_hybrid_pretty_a0p06_l0p1_lr5e5_s42/checkpoint-208/rng_state.pth,14645,0.000014,removed optimizer/scheduler/RNG training state; model checkpoint files retained
checkpoints/grid-run_nicme_v3_hybrid_pretty_a0p06_l0p1_lr5e5_s42/checkpoint-208/scheduler.pt,1465,0.000001,removed optimizer/scheduler/RNG training state; model checkpoint files retained
checkpoints/grid-run_nicme_v3_hybrid_pretty_a0p06_l0p2_lr5e5_s42/checkpoint-208/optimizer.pt,700906667,0.652770,removed optimizer/scheduler/RNG training state; model checkpoint files retained
checkpoints/grid-run_nicme_v3_hybrid_pretty_a0p06_l0p2_lr5e5_s42/checkpoint-208/rng_state.pth,14645,0.000014,removed optimizer/scheduler/RNG training state; model checkpoint files retained
checkpoints/grid-run_nicme_v3_hybrid_pretty_a0p06_l0p2_lr5e5_s42/checkpoint-208/scheduler.pt,1465,0.000001,removed optimizer/scheduler/RNG training state; model checkpoint files retained
checkpoints/grid-run_nicme_v3_hybrid_pretty_a0p06_l0p3_lr5e5_s42/checkpoint-144/optimizer.pt,700906667,0.652770,removed optimizer/scheduler/RNG training state; model checkpoint files retained
checkpoints/grid-run_nicme_v3_hybrid_pretty_a0p06_l0p3_lr5e5_s42/checkpoint-144/rng_state.pth,14645,0.000014,removed optimizer/scheduler/RNG training state; model checkpoint files retained
checkpoints/grid-run_nicme_v3_hybrid_pretty_a0p06_l0p3_lr5e5_s42/checkpoint-144/scheduler.pt,1465,0.000001,removed optimizer/scheduler/RNG training state; model checkpoint files retained
checkpoints/grid-run_nicme_v3_hybrid_pretty_a0p07_l0p02_lr5e5_s42/checkpoint-144/optimizer.pt,700906667,0.652770,removed optimizer/scheduler/RNG training state; model checkpoint files retained
checkpoints/grid-run_nicme_v3_hybrid_pretty_a0p07_l0p02_lr5e5_s42/checkpoint-144/rng_state.pth,14645,0.000014,removed optimizer/scheduler/RNG training state; model checkpoint files retained
checkpoints/grid-run_nicme_v3_hybrid_pretty_a0p07_l0p02_lr5e5_s42/checkpoint-144/scheduler.pt,1465,0.000001,removed optimizer/scheduler/RNG training state; model checkpoint files retained
checkpoints/grid-run_nicme_v3_hybrid_pretty_a0p07_l0p03_lr5e5_s42/checkpoint-144/optimizer.pt,700906667,0.652770,removed optimizer/scheduler/RNG training state; model checkpoint files retained
checkpoints/grid-run_nicme_v3_hybrid_pretty_a0p07_l0p03_lr5e5_s42/checkpoint-144/rng_state.pth,14645,0.000014,removed optimizer/scheduler/RNG training state; model checkpoint files retained
checkpoints/grid-run_nicme_v3_hybrid_pretty_a0p07_l0p03_lr5e5_s42/checkpoint-144/scheduler.pt,1465,0.000001,removed optimizer/scheduler/RNG training state; model checkpoint files retained
checkpoints/grid-run_nicme_v3_hybrid_pretty_a0p07_l0p04_lr5e5_s42/checkpoint-208/optimizer.pt,700906667,0.652770,removed optimizer/scheduler/RNG training state; model checkpoint files retained
checkpoints/grid-run_nicme_v3_hybrid_pretty_a0p07_l0p04_lr5e5_s42/checkpoint-208/rng_state.pth,14645,0.000014,removed optimizer/scheduler/RNG training state; model checkpoint files retained
checkpoints/grid-run_nicme_v3_hybrid_pretty_a0p07_l0p04_lr5e5_s42/checkpoint-208/scheduler.pt,1465,0.000001,removed optimizer/scheduler/RNG training state; model checkpoint files retained
checkpoints/grid-run_nicme_v3_hybrid_pretty_a0p07_l0p05_lr5e5_s42/checkpoint-208/optimizer.pt,700906667,0.652770,removed optimizer/scheduler/RNG training state; model checkpoint files retained
checkpoints/grid-run_nicme_v3_hybrid_pretty_a0p07_l0p05_lr5e5_s42/checkpoint-208/rng_state.pth,14645,0.000014,removed optimizer/scheduler/RNG training state; model checkpoint files retained
checkpoints/grid-run_nicme_v3_hybrid_pretty_a0p07_l0p05_lr5e5_s42/checkpoint-208/scheduler.pt,1465,0.000001,removed optimizer/scheduler/RNG training state; model checkpoint files retained
checkpoints/grid-run_nicme_v3_hybrid_pretty_a0p07_l0p07_lr5e5_s42/checkpoint-208/optimizer.pt,700906667,0.652770,removed optimizer/scheduler/RNG training state; model checkpoint files retained
checkpoints/grid-run_nicme_v3_hybrid_pretty_a0p07_l0p07_lr5e5_s42/checkpoint-208/rng_state.pth,14645,0.000014,removed optimizer/scheduler/RNG training state; model checkpoint files retained
checkpoints/grid-run_nicme_v3_hybrid_pretty_a0p07_l0p07_lr5e5_s42/checkpoint-208/scheduler.pt,1465,0.000001,removed optimizer/scheduler/RNG training state; model checkpoint files retained
checkpoints/grid-run_nicme_v3_hybrid_pretty_a0p07_l0p09_lr5e5_s42/checkpoint-208/optimizer.pt,700906667,0.652770,removed optimizer/scheduler/RNG training state; model checkpoint files retained
checkpoints/grid-run_nicme_v3_hybrid_pretty_a0p07_l0p09_lr5e5_s42/checkpoint-208/rng_state.pth,14645,0.000014,removed optimizer/scheduler/RNG training state; model checkpoint files retained
checkpoints/grid-run_nicme_v3_hybrid_pretty_a0p07_l0p09_lr5e5_s42/checkpoint-208/scheduler.pt,1465,0.000001,removed optimizer/scheduler/RNG training state; model checkpoint files retained
checkpoints/grid-run_nicme_v3_hybrid_pretty_a0p07_l0p1_lr5e5_s42/checkpoint-208/optimizer.pt,700906667,0.652770,removed optimizer/scheduler/RNG training state; model checkpoint files retained
checkpoints/grid-run_nicme_v3_hybrid_pretty_a0p07_l0p1_lr5e5_s42/checkpoint-208/rng_state.pth,14645,0.000014,removed optimizer/scheduler/RNG training state; model checkpoint files retained
checkpoints/grid-run_nicme_v3_hybrid_pretty_a0p07_l0p1_lr5e5_s42/checkpoint-208/scheduler.pt,1465,0.000001,removed optimizer/scheduler/RNG training state; model checkpoint files retained
checkpoints/grid-run_nicme_v3_hybrid_pretty_a0p07_l0p2_lr5e5_s42/checkpoint-144/optimizer.pt,700906667,0.652770,removed optimizer/scheduler/RNG training state; model checkpoint files retained
checkpoints/grid-run_nicme_v3_hybrid_pretty_a0p07_l0p2_lr5e5_s42/checkpoint-144/rng_state.pth,14645,0.000014,removed optimizer/scheduler/RNG training state; model checkpoint files retained
checkpoints/grid-run_nicme_v3_hybrid_pretty_a0p07_l0p2_lr5e5_s42/checkpoint-144/scheduler.pt,1465,0.000001,removed optimizer/scheduler/RNG training state; model checkpoint files retained
checkpoints/grid-run_nicme_v3_hybrid_pretty_a0p07_l0p3_lr5e5_s42/checkpoint-144/optimizer.pt,700906667,0.652770,removed optimizer/scheduler/RNG training state; model checkpoint files retained
checkpoints/grid-run_nicme_v3_hybrid_pretty_a0p07_l0p3_lr5e5_s42/checkpoint-144/rng_state.pth,14645,0.000014,removed optimizer/scheduler/RNG training state; model checkpoint files retained
checkpoints/grid-run_nicme_v3_hybrid_pretty_a0p07_l0p3_lr5e5_s42/checkpoint-144/scheduler.pt,1465,0.000001,removed optimizer/scheduler/RNG training state; model checkpoint files retained
checkpoints/grid-run_nicme_v3_hybrid_pretty_a0p08_l0p02_lr5e5_s42/checkpoint-144/optimizer.pt,700906667,0.652770,removed optimizer/scheduler/RNG training state; model checkpoint files retained
checkpoints/grid-run_nicme_v3_hybrid_pretty_a0p08_l0p02_lr5e5_s42/checkpoint-144/rng_state.pth,14645,0.000014,removed optimizer/scheduler/RNG training state; model checkpoint files retained
checkpoints/grid-run_nicme_v3_hybrid_pretty_a0p08_l0p02_lr5e5_s42/checkpoint-144/scheduler.pt,1465,0.000001,removed optimizer/scheduler/RNG training state; model checkpoint files retained
checkpoints/grid-run_nicme_v3_hybrid_pretty_a0p08_l0p03_lr5e5_s42/checkpoint-144/optimizer.pt,700906667,0.652770,removed optimizer/scheduler/RNG training state; model checkpoint files retained
checkpoints/grid-run_nicme_v3_hybrid_pretty_a0p08_l0p03_lr5e5_s42/checkpoint-144/rng_state.pth,14645,0.000014,removed optimizer/scheduler/RNG training state; model checkpoint files retained
checkpoints/grid-run_nicme_v3_hybrid_pretty_a0p08_l0p03_lr5e5_s42/checkpoint-144/scheduler.pt,1465,0.000001,removed optimizer/scheduler/RNG training state; model checkpoint files retained
checkpoints/grid-run_nicme_v3_hybrid_pretty_a0p08_l0p04_lr5e5_s42/checkpoint-144/optimizer.pt,700906667,0.652770,removed optimizer/scheduler/RNG training state; model checkpoint files retained
checkpoints/grid-run_nicme_v3_hybrid_pretty_a0p08_l0p04_lr5e5_s42/checkpoint-144/rng_state.pth,14645,0.000014,removed optimizer/scheduler/RNG training state; model checkpoint files retained
checkpoints/grid-run_nicme_v3_hybrid_pretty_a0p08_l0p04_lr5e5_s42/checkpoint-144/scheduler.pt,1465,0.000001,removed optimizer/scheduler/RNG training state; model checkpoint files retained
checkpoints/grid-run_nicme_v3_hybrid_pretty_a0p08_l0p05_lr5e5_s42/checkpoint-144/optimizer.pt,700906667,0.652770,removed optimizer/scheduler/RNG training state; model checkpoint files retained
checkpoints/grid-run_nicme_v3_hybrid_pretty_a0p08_l0p05_lr5e5_s42/checkpoint-144/rng_state.pth,14645,0.000014,removed optimizer/scheduler/RNG training state; model checkpoint files retained
checkpoints/grid-run_nicme_v3_hybrid_pretty_a0p08_l0p05_lr5e5_s42/checkpoint-144/scheduler.pt,1465,0.000001,removed optimizer/scheduler/RNG training state; model checkpoint files retained
checkpoints/grid-run_nicme_v3_hybrid_pretty_a0p08_l0p07_lr5e5_s42/checkpoint-144/optimizer.pt,700906667,0.652770,removed optimizer/scheduler/RNG training state; model checkpoint files retained
checkpoints/grid-run_nicme_v3_hybrid_pretty_a0p08_l0p07_lr5e5_s42/checkpoint-144/rng_state.pth,14645,0.000014,removed optimizer/scheduler/RNG training state; model checkpoint files retained
checkpoints/grid-run_nicme_v3_hybrid_pretty_a0p08_l0p07_lr5e5_s42/checkpoint-144/scheduler.pt,1465,0.000001,removed optimizer/scheduler/RNG training state; model checkpoint files retained
checkpoints/grid-run_nicme_v3_hybrid_pretty_a0p08_l0p09_lr5e5_s42/checkpoint-208/optimizer.pt,700906667,0.652770,removed optimizer/scheduler/RNG training state; model checkpoint files retained
checkpoints/grid-run_nicme_v3_hybrid_pretty_a0p08_l0p09_lr5e5_s42/checkpoint-208/rng_state.pth,14645,0.000014,removed optimizer/scheduler/RNG training state; model checkpoint files retained
checkpoints/grid-run_nicme_v3_hybrid_pretty_a0p08_l0p09_lr5e5_s42/checkpoint-208/scheduler.pt,1465,0.000001,removed optimizer/scheduler/RNG training state; model checkpoint files retained
checkpoints/grid-run_nicme_v3_hybrid_pretty_a0p08_l0p1_lr5e5_s42/checkpoint-208/optimizer.pt,700906667,0.652770,removed optimizer/scheduler/RNG training state; model checkpoint files retained
checkpoints/grid-run_nicme_v3_hybrid_pretty_a0p08_l0p1_lr5e5_s42/checkpoint-208/rng_state.pth,14645,0.000014,removed optimizer/scheduler/RNG training state; model checkpoint files retained
checkpoints/grid-run_nicme_v3_hybrid_pretty_a0p08_l0p1_lr5e5_s42/checkpoint-208/scheduler.pt,1465,0.000001,removed optimizer/scheduler/RNG training state; model checkpoint files retained
checkpoints/grid-run_nicme_v3_hybrid_pretty_a0p08_l0p2_lr5e5_s42/checkpoint-144/optimizer.pt,700906667,0.652770,removed optimizer/scheduler/RNG training state; model checkpoint files retained
checkpoints/grid-run_nicme_v3_hybrid_pretty_a0p08_l0p2_lr5e5_s42/checkpoint-144/rng_state.pth,14645,0.000014,removed optimizer/scheduler/RNG training state; model checkpoint files retained
checkpoints/grid-run_nicme_v3_hybrid_pretty_a0p08_l0p2_lr5e5_s42/checkpoint-144/scheduler.pt,1465,0.000001,removed optimizer/scheduler/RNG training state; model checkpoint files retained
checkpoints/grid-run_nicme_v3_hybrid_pretty_a0p08_l0p3_lr5e5_s42/checkpoint-144/optimizer.pt,700906667,0.652770,removed optimizer/scheduler/RNG training state; model checkpoint files retained
checkpoints/grid-run_nicme_v3_hybrid_pretty_a0p08_l0p3_lr5e5_s42/checkpoint-144/rng_state.pth,14645,0.000014,removed optimizer/scheduler/RNG training state; model checkpoint files retained
checkpoints/grid-run_nicme_v3_hybrid_pretty_a0p08_l0p3_lr5e5_s42/checkpoint-144/scheduler.pt,1465,0.000001,removed optimizer/scheduler/RNG training state; model checkpoint files retained
checkpoints/grid-run_nicme_v3_hybrid_pretty_a0p09_l0p02_lr5e5_s42/checkpoint-208/optimizer.pt,700906667,0.652770,removed optimizer/scheduler/RNG training state; model checkpoint files retained
checkpoints/grid-run_nicme_v3_hybrid_pretty_a0p09_l0p02_lr5e5_s42/checkpoint-208/rng_state.pth,14645,0.000014,removed optimizer/scheduler/RNG training state; model checkpoint files retained
checkpoints/grid-run_nicme_v3_hybrid_pretty_a0p09_l0p02_lr5e5_s42/checkpoint-208/scheduler.pt,1465,0.000001,removed optimizer/scheduler/RNG training state; model checkpoint files retained
checkpoints/grid-run_nicme_v3_hybrid_pretty_a0p09_l0p03_lr5e5_s42/checkpoint-144/optimizer.pt,700906667,0.652770,removed optimizer/scheduler/RNG training state; model checkpoint files retained
checkpoints/grid-run_nicme_v3_hybrid_pretty_a0p09_l0p03_lr5e5_s42/checkpoint-144/rng_state.pth,14645,0.000014,removed optimizer/scheduler/RNG training state; model checkpoint files retained
checkpoints/grid-run_nicme_v3_hybrid_pretty_a0p09_l0p03_lr5e5_s42/checkpoint-144/scheduler.pt,1465,0.000001,removed optimizer/scheduler/RNG training state; model checkpoint files retained
checkpoints/grid-run_nicme_v3_hybrid_pretty_a0p09_l0p04_lr5e5_s42/checkpoint-144/optimizer.pt,700906667,0.652770,removed optimizer/scheduler/RNG training state; model checkpoint files retained
checkpoints/grid-run_nicme_v3_hybrid_pretty_a0p09_l0p04_lr5e5_s42/checkpoint-144/rng_state.pth,14645,0.000014,removed optimizer/scheduler/RNG training state; model checkpoint files retained
checkpoints/grid-run_nicme_v3_hybrid_pretty_a0p09_l0p04_lr5e5_s42/checkpoint-144/scheduler.pt,1465,0.000001,removed optimizer/scheduler/RNG training state; model checkpoint files retained
checkpoints/grid-run_nicme_v3_hybrid_pretty_a0p09_l0p05_lr5e5_s42/checkpoint-208/optimizer.pt,700906667,0.652770,removed optimizer/scheduler/RNG training state; model checkpoint files retained
checkpoints/grid-run_nicme_v3_hybrid_pretty_a0p09_l0p05_lr5e5_s42/checkpoint-208/rng_state.pth,14645,0.000014,removed optimizer/scheduler/RNG training state; model checkpoint files retained
checkpoints/grid-run_nicme_v3_hybrid_pretty_a0p09_l0p05_lr5e5_s42/checkpoint-208/scheduler.pt,1465,0.000001,removed optimizer/scheduler/RNG training state; model checkpoint files retained
checkpoints/grid-run_nicme_v3_hybrid_pretty_a0p09_l0p07_lr5e5_s42/checkpoint-208/optimizer.pt,700906667,0.652770,removed optimizer/scheduler/RNG training state; model checkpoint files retained
checkpoints/grid-run_nicme_v3_hybrid_pretty_a0p09_l0p07_lr5e5_s42/checkpoint-208/rng_state.pth,14645,0.000014,removed optimizer/scheduler/RNG training state; model checkpoint files retained
checkpoints/grid-run_nicme_v3_hybrid_pretty_a0p09_l0p07_lr5e5_s42/checkpoint-208/scheduler.pt,1465,0.000001,removed optimizer/scheduler/RNG training state; model checkpoint files retained
checkpoints/grid-run_nicme_v3_hybrid_pretty_a0p09_l0p09_lr5e5_s42/checkpoint-240/optimizer.pt,700906667,0.652770,removed optimizer/scheduler/RNG training state; model checkpoint files retained
checkpoints/grid-run_nicme_v3_hybrid_pretty_a0p09_l0p09_lr5e5_s42/checkpoint-240/rng_state.pth,14645,0.000014,removed optimizer/scheduler/RNG training state; model checkpoint files retained
checkpoints/grid-run_nicme_v3_hybrid_pretty_a0p09_l0p09_lr5e5_s42/checkpoint-240/scheduler.pt,1465,0.000001,removed optimizer/scheduler/RNG training state; model checkpoint files retained
checkpoints/grid-run_nicme_v3_hybrid_pretty_a0p09_l0p1_lr5e5_s42/checkpoint-224/optimizer.pt,700906667,0.652770,removed optimizer/scheduler/RNG training state; model checkpoint files retained
checkpoints/grid-run_nicme_v3_hybrid_pretty_a0p09_l0p1_lr5e5_s42/checkpoint-224/rng_state.pth,14645,0.000014,removed optimizer/scheduler/RNG training state; model checkpoint files retained
checkpoints/grid-run_nicme_v3_hybrid_pretty_a0p09_l0p1_lr5e5_s42/checkpoint-224/scheduler.pt,1465,0.000001,removed optimizer/scheduler/RNG training state; model checkpoint files retained
checkpoints/grid-run_nicme_v3_hybrid_pretty_a0p09_l0p2_lr5e5_s42/checkpoint-224/optimizer.pt,700906667,0.652770,removed optimizer/scheduler/RNG training state; model checkpoint files retained
checkpoints/grid-run_nicme_v3_hybrid_pretty_a0p09_l0p2_lr5e5_s42/checkpoint-224/rng_state.pth,14645,0.000014,removed optimizer/scheduler/RNG training state; model checkpoint files retained
checkpoints/grid-run_nicme_v3_hybrid_pretty_a0p09_l0p2_lr5e5_s42/checkpoint-224/scheduler.pt,1465,0.000001,removed optimizer/scheduler/RNG training state; model checkpoint files retained
checkpoints/grid-run_nicme_v3_hybrid_pretty_a0p09_l0p3_lr5e5_s42/checkpoint-144/optimizer.pt,700906667,0.652770,removed optimizer/scheduler/RNG training state; model checkpoint files retained
checkpoints/grid-run_nicme_v3_hybrid_pretty_a0p09_l0p3_lr5e5_s42/checkpoint-144/rng_state.pth,14645,0.000014,removed optimizer/scheduler/RNG training state; model checkpoint files retained
checkpoints/grid-run_nicme_v3_hybrid_pretty_a0p09_l0p3_lr5e5_s42/checkpoint-144/scheduler.pt,1465,0.000001,removed optimizer/scheduler/RNG training state; model checkpoint files retained
checkpoints/grid-run_nicme_v3_hybrid_pretty_a0p1_l0p02_lr5e5_s42/checkpoint-144/optimizer.pt,700906667,0.652770,removed optimizer/scheduler/RNG training state; model checkpoint files retained
checkpoints/grid-run_nicme_v3_hybrid_pretty_a0p1_l0p02_lr5e5_s42/checkpoint-144/rng_state.pth,14645,0.000014,removed optimizer/scheduler/RNG training state; model checkpoint files retained
checkpoints/grid-run_nicme_v3_hybrid_pretty_a0p1_l0p02_lr5e5_s42/checkpoint-144/scheduler.pt,1465,0.000001,removed optimizer/scheduler/RNG training state; model checkpoint files retained
checkpoints/grid-run_nicme_v3_hybrid_pretty_a0p1_l0p03_lr5e5_s42/checkpoint-208/optimizer.pt,700906667,0.652770,removed optimizer/scheduler/RNG training state; model checkpoint files retained
checkpoints/grid-run_nicme_v3_hybrid_pretty_a0p1_l0p03_lr5e5_s42/checkpoint-208/rng_state.pth,14645,0.000014,removed optimizer/scheduler/RNG training state; model checkpoint files retained
checkpoints/grid-run_nicme_v3_hybrid_pretty_a0p1_l0p03_lr5e5_s42/checkpoint-208/scheduler.pt,1465,0.000001,removed optimizer/scheduler/RNG training state; model checkpoint files retained
checkpoints/grid-run_nicme_v3_hybrid_pretty_a0p1_l0p04_lr5e5_s42/checkpoint-144/optimizer.pt,700906667,0.652770,removed optimizer/scheduler/RNG training state; model checkpoint files retained
checkpoints/grid-run_nicme_v3_hybrid_pretty_a0p1_l0p04_lr5e5_s42/checkpoint-144/rng_state.pth,14645,0.000014,removed optimizer/scheduler/RNG training state; model checkpoint files retained
checkpoints/grid-run_nicme_v3_hybrid_pretty_a0p1_l0p04_lr5e5_s42/checkpoint-144/scheduler.pt,1465,0.000001,removed optimizer/scheduler/RNG training state; model checkpoint files retained
checkpoints/grid-run_nicme_v3_hybrid_pretty_a0p1_l0p05_lr5e5_s42/checkpoint-144/optimizer.pt,700906667,0.652770,removed optimizer/scheduler/RNG training state; model checkpoint files retained
checkpoints/grid-run_nicme_v3_hybrid_pretty_a0p1_l0p05_lr5e5_s42/checkpoint-144/rng_state.pth,14645,0.000014,removed optimizer/scheduler/RNG training state; model checkpoint files retained
checkpoints/grid-run_nicme_v3_hybrid_pretty_a0p1_l0p05_lr5e5_s42/checkpoint-144/scheduler.pt,1465,0.000001,removed optimizer/scheduler/RNG training state; model checkpoint files retained
checkpoints/grid-run_nicme_v3_hybrid_pretty_a0p1_l0p07_lr5e5_s42/checkpoint-224/optimizer.pt,700906667,0.652770,removed optimizer/scheduler/RNG training state; model checkpoint files retained
checkpoints/grid-run_nicme_v3_hybrid_pretty_a0p1_l0p07_lr5e5_s42/checkpoint-224/rng_state.pth,14645,0.000014,removed optimizer/scheduler/RNG training state; model checkpoint files retained
checkpoints/grid-run_nicme_v3_hybrid_pretty_a0p1_l0p07_lr5e5_s42/checkpoint-224/scheduler.pt,1465,0.000001,removed optimizer/scheduler/RNG training state; model checkpoint files retained
checkpoints/grid-run_nicme_v3_hybrid_pretty_a0p1_l0p09_lr5e5_s42/checkpoint-224/optimizer.pt,700906667,0.652770,removed optimizer/scheduler/RNG training state; model checkpoint files retained
checkpoints/grid-run_nicme_v3_hybrid_pretty_a0p1_l0p09_lr5e5_s42/checkpoint-224/rng_state.pth,14645,0.000014,removed optimizer/scheduler/RNG training state; model checkpoint files retained
checkpoints/grid-run_nicme_v3_hybrid_pretty_a0p1_l0p09_lr5e5_s42/checkpoint-224/scheduler.pt,1465,0.000001,removed optimizer/scheduler/RNG training state; model checkpoint files retained
checkpoints/grid-run_nicme_v3_hybrid_pretty_a0p1_l0p1_lr5e5_s42/checkpoint-208/optimizer.pt,700906667,0.652770,removed optimizer/scheduler/RNG training state; model checkpoint files retained
checkpoints/grid-run_nicme_v3_hybrid_pretty_a0p1_l0p1_lr5e5_s42/checkpoint-208/rng_state.pth,14645,0.000014,removed optimizer/scheduler/RNG training state; model checkpoint files retained
checkpoints/grid-run_nicme_v3_hybrid_pretty_a0p1_l0p1_lr5e5_s42/checkpoint-208/scheduler.pt,1465,0.000001,removed optimizer/scheduler/RNG training state; model checkpoint files retained
checkpoints/grid-run_nicme_v3_hybrid_pretty_a0p1_l0p2_lr5e5_s42/checkpoint-144/optimizer.pt,700906667,0.652770,removed optimizer/scheduler/RNG training state; model checkpoint files retained
checkpoints/grid-run_nicme_v3_hybrid_pretty_a0p1_l0p2_lr5e5_s42/checkpoint-144/rng_state.pth,14645,0.000014,removed optimizer/scheduler/RNG training state; model checkpoint files retained
checkpoints/grid-run_nicme_v3_hybrid_pretty_a0p1_l0p2_lr5e5_s42/checkpoint-144/scheduler.pt,1465,0.000001,removed optimizer/scheduler/RNG training state; model checkpoint files retained
checkpoints/grid-run_nicme_v3_hybrid_pretty_a0p1_l0p3_lr5e5_s42/checkpoint-224/optimizer.pt,700906667,0.652770,removed optimizer/scheduler/RNG training state; model checkpoint files retained
checkpoints/grid-run_nicme_v3_hybrid_pretty_a0p1_l0p3_lr5e5_s42/checkpoint-224/rng_state.pth,14645,0.000014,removed optimizer/scheduler/RNG training state; model checkpoint files retained
checkpoints/grid-run_nicme_v3_hybrid_pretty_a0p1_l0p3_lr5e5_s42/checkpoint-224/scheduler.pt,1465,0.000001,removed optimizer/scheduler/RNG training state; model checkpoint files retained
checkpoints/grid-run_nicme_v3_hybrid_pretty_a0p2_l0p02_lr5e5_s42/checkpoint-208/optimizer.pt,700906667,0.652770,removed optimizer/scheduler/RNG training state; model checkpoint files retained
checkpoints/grid-run_nicme_v3_hybrid_pretty_a0p2_l0p02_lr5e5_s42/checkpoint-208/rng_state.pth,14645,0.000014,removed optimizer/scheduler/RNG training state; model checkpoint files retained
checkpoints/grid-run_nicme_v3_hybrid_pretty_a0p2_l0p02_lr5e5_s42/checkpoint-208/scheduler.pt,1465,0.000001,removed optimizer/scheduler/RNG training state; model checkpoint files retained
checkpoints/grid-run_nicme_v3_hybrid_pretty_a0p2_l0p03_lr5e5_s42/checkpoint-144/optimizer.pt,700906667,0.652770,removed optimizer/scheduler/RNG training state; model checkpoint files retained
checkpoints/grid-run_nicme_v3_hybrid_pretty_a0p2_l0p03_lr5e5_s42/checkpoint-144/rng_state.pth,14645,0.000014,removed optimizer/scheduler/RNG training state; model checkpoint files retained
checkpoints/grid-run_nicme_v3_hybrid_pretty_a0p2_l0p03_lr5e5_s42/checkpoint-144/scheduler.pt,1465,0.000001,removed optimizer/scheduler/RNG training state; model checkpoint files retained
checkpoints/grid-run_nicme_v3_hybrid_pretty_a0p2_l0p04_lr5e5_s42/checkpoint-144/optimizer.pt,700906667,0.652770,removed optimizer/scheduler/RNG training state; model checkpoint files retained
checkpoints/grid-run_nicme_v3_hybrid_pretty_a0p2_l0p04_lr5e5_s42/checkpoint-144/rng_state.pth,14645,0.000014,removed optimizer/scheduler/RNG training state; model checkpoint files retained
checkpoints/grid-run_nicme_v3_hybrid_pretty_a0p2_l0p04_lr5e5_s42/checkpoint-144/scheduler.pt,1465,0.000001,removed optimizer/scheduler/RNG training state; model checkpoint files retained
checkpoints/grid-run_nicme_v3_hybrid_pretty_a0p2_l0p05_lr5e5_s42/checkpoint-224/optimizer.pt,700906667,0.652770,removed optimizer/scheduler/RNG training state; model checkpoint files retained
checkpoints/grid-run_nicme_v3_hybrid_pretty_a0p2_l0p05_lr5e5_s42/checkpoint-224/rng_state.pth,14645,0.000014,removed optimizer/scheduler/RNG training state; model checkpoint files retained
checkpoints/grid-run_nicme_v3_hybrid_pretty_a0p2_l0p05_lr5e5_s42/checkpoint-224/scheduler.pt,1465,0.000001,removed optimizer/scheduler/RNG training state; model checkpoint files retained
checkpoints/grid-run_nicme_v3_hybrid_pretty_a0p2_l0p07_lr5e5_s42/checkpoint-144/optimizer.pt,700906667,0.652770,removed optimizer/scheduler/RNG training state; model checkpoint files retained
checkpoints/grid-run_nicme_v3_hybrid_pretty_a0p2_l0p07_lr5e5_s42/checkpoint-144/rng_state.pth,14645,0.000014,removed optimizer/scheduler/RNG training state; model checkpoint files retained
checkpoints/grid-run_nicme_v3_hybrid_pretty_a0p2_l0p07_lr5e5_s42/checkpoint-144/scheduler.pt,1465,0.000001,removed optimizer/scheduler/RNG training state; model checkpoint files retained
checkpoints/grid-run_nicme_v3_hybrid_pretty_a0p2_l0p09_lr5e5_s42/checkpoint-224/optimizer.pt,700906667,0.652770,removed optimizer/scheduler/RNG training state; model checkpoint files retained
checkpoints/grid-run_nicme_v3_hybrid_pretty_a0p2_l0p09_lr5e5_s42/checkpoint-224/rng_state.pth,14645,0.000014,removed optimizer/scheduler/RNG training state; model checkpoint files retained
checkpoints/grid-run_nicme_v3_hybrid_pretty_a0p2_l0p09_lr5e5_s42/checkpoint-224/scheduler.pt,1465,0.000001,removed optimizer/scheduler/RNG training state; model checkpoint files retained
checkpoints/grid-run_nicme_v3_hybrid_pretty_a0p2_l0p1_lr5e5_s42/checkpoint-144/optimizer.pt,700906667,0.652770,removed optimizer/scheduler/RNG training state; model checkpoint files retained
checkpoints/grid-run_nicme_v3_hybrid_pretty_a0p2_l0p1_lr5e5_s42/checkpoint-144/rng_state.pth,14645,0.000014,removed optimizer/scheduler/RNG training state; model checkpoint files retained
checkpoints/grid-run_nicme_v3_hybrid_pretty_a0p2_l0p1_lr5e5_s42/checkpoint-144/scheduler.pt,1465,0.000001,removed optimizer/scheduler/RNG training state; model checkpoint files retained
checkpoints/grid-run_nicme_v3_hybrid_pretty_a0p2_l0p2_lr5e5_s42/checkpoint-128/optimizer.pt,700906667,0.652770,removed optimizer/scheduler/RNG training state; model checkpoint files retained
checkpoints/grid-run_nicme_v3_hybrid_pretty_a0p2_l0p2_lr5e5_s42/checkpoint-128/rng_state.pth,14645,0.000014,removed optimizer/scheduler/RNG training state; model checkpoint files retained
checkpoints/grid-run_nicme_v3_hybrid_pretty_a0p2_l0p2_lr5e5_s42/checkpoint-128/scheduler.pt,1465,0.000001,removed optimizer/scheduler/RNG training state; model checkpoint files retained
checkpoints/grid-run_nicme_v3_hybrid_pretty_a0p2_l0p3_lr5e5_s42/checkpoint-128/optimizer.pt,700906667,0.652770,removed optimizer/scheduler/RNG training state; model checkpoint files retained
checkpoints/grid-run_nicme_v3_hybrid_pretty_a0p2_l0p3_lr5e5_s42/checkpoint-128/rng_state.pth,14645,0.000014,removed optimizer/scheduler/RNG training state; model checkpoint files retained
checkpoints/grid-run_nicme_v3_hybrid_pretty_a0p2_l0p3_lr5e5_s42/checkpoint-128/scheduler.pt,1465,0.000001,removed optimizer/scheduler/RNG training state; model checkpoint files retained
checkpoints/grid-run_nicme_v3_hybrid_pretty_a0p3_l0p02_lr5e5_s42/checkpoint-144/optimizer.pt,700906667,0.652770,removed optimizer/scheduler/RNG training state; model checkpoint files retained
checkpoints/grid-run_nicme_v3_hybrid_pretty_a0p3_l0p02_lr5e5_s42/checkpoint-144/rng_state.pth,14645,0.000014,removed optimizer/scheduler/RNG training state; model checkpoint files retained
checkpoints/grid-run_nicme_v3_hybrid_pretty_a0p3_l0p02_lr5e5_s42/checkpoint-144/scheduler.pt,1465,0.000001,removed optimizer/scheduler/RNG training state; model checkpoint files retained
checkpoints/grid-run_nicme_v3_hybrid_pretty_a0p3_l0p03_lr5e5_s42/checkpoint-144/optimizer.pt,700906667,0.652770,removed optimizer/scheduler/RNG training state; model checkpoint files retained
checkpoints/grid-run_nicme_v3_hybrid_pretty_a0p3_l0p03_lr5e5_s42/checkpoint-144/rng_state.pth,14645,0.000014,removed optimizer/scheduler/RNG training state; model checkpoint files retained
checkpoints/grid-run_nicme_v3_hybrid_pretty_a0p3_l0p03_lr5e5_s42/checkpoint-144/scheduler.pt,1465,0.000001,removed optimizer/scheduler/RNG training state; model checkpoint files retained
checkpoints/grid-run_nicme_v3_hybrid_pretty_a0p3_l0p04_lr5e5_s42/checkpoint-144/optimizer.pt,700906667,0.652770,removed optimizer/scheduler/RNG training state; model checkpoint files retained
checkpoints/grid-run_nicme_v3_hybrid_pretty_a0p3_l0p04_lr5e5_s42/checkpoint-144/rng_state.pth,14645,0.000014,removed optimizer/scheduler/RNG training state; model checkpoint files retained
checkpoints/grid-run_nicme_v3_hybrid_pretty_a0p3_l0p04_lr5e5_s42/checkpoint-144/scheduler.pt,1465,0.000001,removed optimizer/scheduler/RNG training state; model checkpoint files retained
checkpoints/grid-run_nicme_v3_hybrid_pretty_a0p3_l0p05_lr5e5_s42/checkpoint-144/optimizer.pt,700906667,0.652770,removed optimizer/scheduler/RNG training state; model checkpoint files retained
checkpoints/grid-run_nicme_v3_hybrid_pretty_a0p3_l0p05_lr5e5_s42/checkpoint-144/rng_state.pth,14645,0.000014,removed optimizer/scheduler/RNG training state; model checkpoint files retained
checkpoints/grid-run_nicme_v3_hybrid_pretty_a0p3_l0p05_lr5e5_s42/checkpoint-144/scheduler.pt,1465,0.000001,removed optimizer/scheduler/RNG training state; model checkpoint files retained
checkpoints/grid-run_nicme_v3_hybrid_pretty_a0p3_l0p07_lr5e5_s42/checkpoint-144/optimizer.pt,700906667,0.652770,removed optimizer/scheduler/RNG training state; model checkpoint files retained
checkpoints/grid-run_nicme_v3_hybrid_pretty_a0p3_l0p07_lr5e5_s42/checkpoint-144/rng_state.pth,14645,0.000014,removed optimizer/scheduler/RNG training state; model checkpoint files retained
checkpoints/grid-run_nicme_v3_hybrid_pretty_a0p3_l0p07_lr5e5_s42/checkpoint-144/scheduler.pt,1465,0.000001,removed optimizer/scheduler/RNG training state; model checkpoint files retained
checkpoints/grid-run_nicme_v3_hybrid_pretty_a0p3_l0p09_lr5e5_s42/checkpoint-224/optimizer.pt,700906667,0.652770,removed optimizer/scheduler/RNG training state; model checkpoint files retained
checkpoints/grid-run_nicme_v3_hybrid_pretty_a0p3_l0p09_lr5e5_s42/checkpoint-224/rng_state.pth,14645,0.000014,removed optimizer/scheduler/RNG training state; model checkpoint files retained
checkpoints/grid-run_nicme_v3_hybrid_pretty_a0p3_l0p09_lr5e5_s42/checkpoint-224/scheduler.pt,1465,0.000001,removed optimizer/scheduler/RNG training state; model checkpoint files retained
checkpoints/grid-run_nicme_v3_hybrid_pretty_a0p3_l0p1_lr5e5_s42/checkpoint-144/optimizer.pt,700906667,0.652770,removed optimizer/scheduler/RNG training state; model checkpoint files retained
checkpoints/grid-run_nicme_v3_hybrid_pretty_a0p3_l0p1_lr5e5_s42/checkpoint-144/rng_state.pth,14645,0.000014,removed optimizer/scheduler/RNG training state; model checkpoint files retained
checkpoints/grid-run_nicme_v3_hybrid_pretty_a0p3_l0p1_lr5e5_s42/checkpoint-144/scheduler.pt,1465,0.000001,removed optimizer/scheduler/RNG training state; model checkpoint files retained
checkpoints/grid-run_nicme_v3_hybrid_pretty_a0p3_l0p2_lr5e5_s42/checkpoint-272/optimizer.pt,700906667,0.652770,removed optimizer/scheduler/RNG training state; model checkpoint files retained
checkpoints/grid-run_nicme_v3_hybrid_pretty_a0p3_l0p2_lr5e5_s42/checkpoint-272/rng_state.pth,14581,0.000014,removed optimizer/scheduler/RNG training state; model checkpoint files retained
checkpoints/grid-run_nicme_v3_hybrid_pretty_a0p3_l0p2_lr5e5_s42/checkpoint-272/scheduler.pt,1465,0.000001,removed optimizer/scheduler/RNG training state; model checkpoint files retained
checkpoints/grid-run_nicme_v3_hybrid_pretty_a0p3_l0p3_lr5e5_s42/checkpoint-160/optimizer.pt,700906667,0.652770,removed optimizer/scheduler/RNG training state; model checkpoint files retained
checkpoints/grid-run_nicme_v3_hybrid_pretty_a0p3_l0p3_lr5e5_s42/checkpoint-160/rng_state.pth,14581,0.000014,removed optimizer/scheduler/RNG training state; model checkpoint files retained
checkpoints/grid-run_nicme_v3_hybrid_pretty_a0p3_l0p3_lr5e5_s42/checkpoint-160/scheduler.pt,1465,0.000001,removed optimizer/scheduler/RNG training state; model checkpoint files retained
checkpoints/grid-run_nicme_v3_hybrid_pretty_a0p4_l0p02_lr5e5_s42/checkpoint-224/optimizer.pt,700906667,0.652770,removed optimizer/scheduler/RNG training state; model checkpoint files retained
checkpoints/grid-run_nicme_v3_hybrid_pretty_a0p4_l0p02_lr5e5_s42/checkpoint-224/rng_state.pth,14645,0.000014,removed optimizer/scheduler/RNG training state; model checkpoint files retained
checkpoints/grid-run_nicme_v3_hybrid_pretty_a0p4_l0p02_lr5e5_s42/checkpoint-224/scheduler.pt,1465,0.000001,removed optimizer/scheduler/RNG training state; model checkpoint files retained
checkpoints/grid-run_nicme_v3_hybrid_pretty_a0p4_l0p03_lr5e5_s42/checkpoint-224/optimizer.pt,700906667,0.652770,removed optimizer/scheduler/RNG training state; model checkpoint files retained
checkpoints/grid-run_nicme_v3_hybrid_pretty_a0p4_l0p03_lr5e5_s42/checkpoint-224/rng_state.pth,14645,0.000014,removed optimizer/scheduler/RNG training state; model checkpoint files retained
checkpoints/grid-run_nicme_v3_hybrid_pretty_a0p4_l0p03_lr5e5_s42/checkpoint-224/scheduler.pt,1465,0.000001,removed optimizer/scheduler/RNG training state; model checkpoint files retained
checkpoints/grid-run_nicme_v3_hybrid_pretty_a0p4_l0p04_lr5e5_s42/checkpoint-144/optimizer.pt,700906667,0.652770,removed optimizer/scheduler/RNG training state; model checkpoint files retained
checkpoints/grid-run_nicme_v3_hybrid_pretty_a0p4_l0p04_lr5e5_s42/checkpoint-144/rng_state.pth,14645,0.000014,removed optimizer/scheduler/RNG training state; model checkpoint files retained
checkpoints/grid-run_nicme_v3_hybrid_pretty_a0p4_l0p04_lr5e5_s42/checkpoint-144/scheduler.pt,1465,0.000001,removed optimizer/scheduler/RNG training state; model checkpoint files retained
checkpoints/grid-run_nicme_v3_hybrid_pretty_a0p4_l0p05_lr5e5_s42/checkpoint-144/optimizer.pt,700906667,0.652770,removed optimizer/scheduler/RNG training state; model checkpoint files retained
checkpoints/grid-run_nicme_v3_hybrid_pretty_a0p4_l0p05_lr5e5_s42/checkpoint-144/rng_state.pth,14645,0.000014,removed optimizer/scheduler/RNG training state; model checkpoint files retained
checkpoints/grid-run_nicme_v3_hybrid_pretty_a0p4_l0p05_lr5e5_s42/checkpoint-144/scheduler.pt,1465,0.000001,removed optimizer/scheduler/RNG training state; model checkpoint files retained
checkpoints/grid-run_nicme_v3_hybrid_pretty_a0p4_l0p07_lr5e5_s42/checkpoint-96/optimizer.pt,700906667,0.652770,removed optimizer/scheduler/RNG training state; model checkpoint files retained
checkpoints/grid-run_nicme_v3_hybrid_pretty_a0p4_l0p07_lr5e5_s42/checkpoint-96/rng_state.pth,14645,0.000014,removed optimizer/scheduler/RNG training state; model checkpoint files retained
checkpoints/grid-run_nicme_v3_hybrid_pretty_a0p4_l0p07_lr5e5_s42/checkpoint-96/scheduler.pt,1465,0.000001,removed optimizer/scheduler/RNG training state; model checkpoint files retained
checkpoints/grid-run_nicme_v3_hybrid_pretty_a0p4_l0p09_lr5e5_s42/checkpoint-256/optimizer.pt,700906667,0.652770,removed optimizer/scheduler/RNG training state; model checkpoint files retained
checkpoints/grid-run_nicme_v3_hybrid_pretty_a0p4_l0p09_lr5e5_s42/checkpoint-256/rng_state.pth,14645,0.000014,removed optimizer/scheduler/RNG training state; model checkpoint files retained
checkpoints/grid-run_nicme_v3_hybrid_pretty_a0p4_l0p09_lr5e5_s42/checkpoint-256/scheduler.pt,1465,0.000001,removed optimizer/scheduler/RNG training state; model checkpoint files retained
checkpoints/grid-run_nicme_v3_hybrid_pretty_a0p4_l0p1_lr5e5_s42/checkpoint-160/optimizer.pt,700906667,0.652770,removed optimizer/scheduler/RNG training state; model checkpoint files retained
checkpoints/grid-run_nicme_v3_hybrid_pretty_a0p4_l0p1_lr5e5_s42/checkpoint-160/rng_state.pth,14581,0.000014,removed optimizer/scheduler/RNG training state; model checkpoint files retained
checkpoints/grid-run_nicme_v3_hybrid_pretty_a0p4_l0p1_lr5e5_s42/checkpoint-160/scheduler.pt,1465,0.000001,removed optimizer/scheduler/RNG training state; model checkpoint files retained
checkpoints/grid-run_nicme_v3_hybrid_pretty_a0p4_l0p2_lr5e5_s42/checkpoint-256/optimizer.pt,700906667,0.652770,removed optimizer/scheduler/RNG training state; model checkpoint files retained
checkpoints/grid-run_nicme_v3_hybrid_pretty_a0p4_l0p2_lr5e5_s42/checkpoint-256/rng_state.pth,14645,0.000014,removed optimizer/scheduler/RNG training state; model checkpoint files retained
checkpoints/grid-run_nicme_v3_hybrid_pretty_a0p4_l0p2_lr5e5_s42/checkpoint-256/scheduler.pt,1465,0.000001,removed optimizer/scheduler/RNG training state; model checkpoint files retained
checkpoints/grid-run_nicme_v3_hybrid_pretty_a0p4_l0p3_lr5e5_s42/checkpoint-192/optimizer.pt,700906667,0.652770,removed optimizer/scheduler/RNG training state; model checkpoint files retained
checkpoints/grid-run_nicme_v3_hybrid_pretty_a0p4_l0p3_lr5e5_s42/checkpoint-192/rng_state.pth,14645,0.000014,removed optimizer/scheduler/RNG training state; model checkpoint files retained
checkpoints/grid-run_nicme_v3_hybrid_pretty_a0p4_l0p3_lr5e5_s42/checkpoint-192/scheduler.pt,1465,0.000001,removed optimizer/scheduler/RNG training state; model checkpoint files retained
checkpoints/grid-run_nicme_v3_hybrid_pretty_a0p5_l0p02_lr5e5_s42/checkpoint-192/optimizer.pt,700906667,0.652770,removed optimizer/scheduler/RNG training state; model checkpoint files retained
checkpoints/grid-run_nicme_v3_hybrid_pretty_a0p5_l0p02_lr5e5_s42/checkpoint-192/rng_state.pth,14645,0.000014,removed optimizer/scheduler/RNG training state; model checkpoint files retained
checkpoints/grid-run_nicme_v3_hybrid_pretty_a0p5_l0p02_lr5e5_s42/checkpoint-192/scheduler.pt,1465,0.000001,removed optimizer/scheduler/RNG training state; model checkpoint files retained
checkpoints/grid-run_nicme_v3_hybrid_pretty_a0p5_l0p03_lr5e5_s42/checkpoint-224/optimizer.pt,700906667,0.652770,removed optimizer/scheduler/RNG training state; model checkpoint files retained
checkpoints/grid-run_nicme_v3_hybrid_pretty_a0p5_l0p03_lr5e5_s42/checkpoint-224/rng_state.pth,14645,0.000014,removed optimizer/scheduler/RNG training state; model checkpoint files retained
checkpoints/grid-run_nicme_v3_hybrid_pretty_a0p5_l0p03_lr5e5_s42/checkpoint-224/scheduler.pt,1465,0.000001,removed optimizer/scheduler/RNG training state; model checkpoint files retained
checkpoints/grid-run_nicme_v3_hybrid_pretty_a0p5_l0p04_lr5e5_s42/checkpoint-144/optimizer.pt,700906667,0.652770,removed optimizer/scheduler/RNG training state; model checkpoint files retained
checkpoints/grid-run_nicme_v3_hybrid_pretty_a0p5_l0p04_lr5e5_s42/checkpoint-144/rng_state.pth,14645,0.000014,removed optimizer/scheduler/RNG training state; model checkpoint files retained
checkpoints/grid-run_nicme_v3_hybrid_pretty_a0p5_l0p04_lr5e5_s42/checkpoint-144/scheduler.pt,1465,0.000001,removed optimizer/scheduler/RNG training state; model checkpoint files retained
checkpoints/grid-run_nicme_v3_hybrid_pretty_a0p5_l0p05_lr5e5_s42/checkpoint-144/optimizer.pt,700906667,0.652770,removed optimizer/scheduler/RNG training state; model checkpoint files retained
checkpoints/grid-run_nicme_v3_hybrid_pretty_a0p5_l0p05_lr5e5_s42/checkpoint-144/rng_state.pth,14645,0.000014,removed optimizer/scheduler/RNG training state; model checkpoint files retained
checkpoints/grid-run_nicme_v3_hybrid_pretty_a0p5_l0p05_lr5e5_s42/checkpoint-144/scheduler.pt,1465,0.000001,removed optimizer/scheduler/RNG training state; model checkpoint files retained
checkpoints/grid-run_nicme_v3_hybrid_pretty_a0p5_l0p07_lr5e5_s42/checkpoint-240/optimizer.pt,700906667,0.652770,removed optimizer/scheduler/RNG training state; model checkpoint files retained
checkpoints/grid-run_nicme_v3_hybrid_pretty_a0p5_l0p07_lr5e5_s42/checkpoint-240/rng_state.pth,14645,0.000014,removed optimizer/scheduler/RNG training state; model checkpoint files retained
checkpoints/grid-run_nicme_v3_hybrid_pretty_a0p5_l0p07_lr5e5_s42/checkpoint-240/scheduler.pt,1465,0.000001,removed optimizer/scheduler/RNG training state; model checkpoint files retained
checkpoints/grid-run_nicme_v3_hybrid_pretty_a0p5_l0p09_lr5e5_s42/checkpoint-144/optimizer.pt,700906667,0.652770,removed optimizer/scheduler/RNG training state; model checkpoint files retained
checkpoints/grid-run_nicme_v3_hybrid_pretty_a0p5_l0p09_lr5e5_s42/checkpoint-144/rng_state.pth,14645,0.000014,removed optimizer/scheduler/RNG training state; model checkpoint files retained
checkpoints/grid-run_nicme_v3_hybrid_pretty_a0p5_l0p09_lr5e5_s42/checkpoint-144/scheduler.pt,1465,0.000001,removed optimizer/scheduler/RNG training state; model checkpoint files retained
checkpoints/grid-run_nicme_v3_hybrid_pretty_a0p5_l0p1_lr5e5_s42/checkpoint-144/optimizer.pt,700906667,0.652770,removed optimizer/scheduler/RNG training state; model checkpoint files retained
checkpoints/grid-run_nicme_v3_hybrid_pretty_a0p5_l0p1_lr5e5_s42/checkpoint-144/rng_state.pth,14645,0.000014,removed optimizer/scheduler/RNG training state; model checkpoint files retained
checkpoints/grid-run_nicme_v3_hybrid_pretty_a0p5_l0p1_lr5e5_s42/checkpoint-144/scheduler.pt,1465,0.000001,removed optimizer/scheduler/RNG training state; model checkpoint files retained
checkpoints/grid-run_nicme_v3_hybrid_pretty_a0p5_l0p2_lr5e5_s42/checkpoint-192/optimizer.pt,700906667,0.652770,removed optimizer/scheduler/RNG training state; model checkpoint files retained
checkpoints/grid-run_nicme_v3_hybrid_pretty_a0p5_l0p2_lr5e5_s42/checkpoint-192/rng_state.pth,14645,0.000014,removed optimizer/scheduler/RNG training state; model checkpoint files retained
checkpoints/grid-run_nicme_v3_hybrid_pretty_a0p5_l0p2_lr5e5_s42/checkpoint-192/scheduler.pt,1465,0.000001,removed optimizer/scheduler/RNG training state; model checkpoint files retained
checkpoints/grid-run_nicme_v3_hybrid_pretty_a0p5_l0p3_lr5e5_s42/checkpoint-192/optimizer.pt,700906667,0.652770,removed optimizer/scheduler/RNG training state; model checkpoint files retained
checkpoints/grid-run_nicme_v3_hybrid_pretty_a0p5_l0p3_lr5e5_s42/checkpoint-192/rng_state.pth,14645,0.000014,removed optimizer/scheduler/RNG training state; model checkpoint files retained
checkpoints/grid-run_nicme_v3_hybrid_pretty_a0p5_l0p3_lr5e5_s42/checkpoint-192/scheduler.pt,1465,0.000001,removed optimizer/scheduler/RNG training state; model checkpoint files retained
checkpoints/grid-run_nicme_v3_hybrid_pretty_a0p6_l0p02_lr5e5_s42/checkpoint-192/optimizer.pt,700906667,0.652770,removed optimizer/scheduler/RNG training state; model checkpoint files retained
checkpoints/grid-run_nicme_v3_hybrid_pretty_a0p6_l0p02_lr5e5_s42/checkpoint-192/rng_state.pth,14645,0.000014,removed optimizer/scheduler/RNG training state; model checkpoint files retained
checkpoints/grid-run_nicme_v3_hybrid_pretty_a0p6_l0p02_lr5e5_s42/checkpoint-192/scheduler.pt,1465,0.000001,removed optimizer/scheduler/RNG training state; model checkpoint files retained
checkpoints/grid-run_nicme_v3_hybrid_pretty_a0p6_l0p03_lr5e5_s42/checkpoint-208/optimizer.pt,700906667,0.652770,removed optimizer/scheduler/RNG training state; model checkpoint files retained
checkpoints/grid-run_nicme_v3_hybrid_pretty_a0p6_l0p03_lr5e5_s42/checkpoint-208/rng_state.pth,14645,0.000014,removed optimizer/scheduler/RNG training state; model checkpoint files retained
checkpoints/grid-run_nicme_v3_hybrid_pretty_a0p6_l0p03_lr5e5_s42/checkpoint-208/scheduler.pt,1465,0.000001,removed optimizer/scheduler/RNG training state; model checkpoint files retained
checkpoints/grid-run_nicme_v3_hybrid_pretty_a0p6_l0p04_lr5e5_s42/checkpoint-208/optimizer.pt,700906667,0.652770,removed optimizer/scheduler/RNG training state; model checkpoint files retained
checkpoints/grid-run_nicme_v3_hybrid_pretty_a0p6_l0p04_lr5e5_s42/checkpoint-208/rng_state.pth,14645,0.000014,removed optimizer/scheduler/RNG training state; model checkpoint files retained
checkpoints/grid-run_nicme_v3_hybrid_pretty_a0p6_l0p04_lr5e5_s42/checkpoint-208/scheduler.pt,1465,0.000001,removed optimizer/scheduler/RNG training state; model checkpoint files retained
checkpoints/grid-run_nicme_v3_hybrid_pretty_a0p6_l0p05_lr5e5_s42/checkpoint-128/optimizer.pt,700906667,0.652770,removed optimizer/scheduler/RNG training state; model checkpoint files retained
checkpoints/grid-run_nicme_v3_hybrid_pretty_a0p6_l0p05_lr5e5_s42/checkpoint-128/rng_state.pth,14645,0.000014,removed optimizer/scheduler/RNG training state; model checkpoint files retained
checkpoints/grid-run_nicme_v3_hybrid_pretty_a0p6_l0p05_lr5e5_s42/checkpoint-128/scheduler.pt,1465,0.000001,removed optimizer/scheduler/RNG training state; model checkpoint files retained
checkpoints/grid-run_nicme_v3_hybrid_pretty_a0p6_l0p07_lr5e5_s42/checkpoint-80/optimizer.pt,700906667,0.652770,removed optimizer/scheduler/RNG training state; model checkpoint files retained
checkpoints/grid-run_nicme_v3_hybrid_pretty_a0p6_l0p07_lr5e5_s42/checkpoint-80/rng_state.pth,14709,0.000014,removed optimizer/scheduler/RNG training state; model checkpoint files retained
checkpoints/grid-run_nicme_v3_hybrid_pretty_a0p6_l0p07_lr5e5_s42/checkpoint-80/scheduler.pt,1465,0.000001,removed optimizer/scheduler/RNG training state; model checkpoint files retained
checkpoints/grid-run_nicme_v3_hybrid_pretty_a0p6_l0p09_lr5e5_s42/checkpoint-80/optimizer.pt,700906667,0.652770,removed optimizer/scheduler/RNG training state; model checkpoint files retained
checkpoints/grid-run_nicme_v3_hybrid_pretty_a0p6_l0p09_lr5e5_s42/checkpoint-80/rng_state.pth,14709,0.000014,removed optimizer/scheduler/RNG training state; model checkpoint files retained
checkpoints/grid-run_nicme_v3_hybrid_pretty_a0p6_l0p09_lr5e5_s42/checkpoint-80/scheduler.pt,1465,0.000001,removed optimizer/scheduler/RNG training state; model checkpoint files retained
checkpoints/grid-run_nicme_v3_hybrid_pretty_a0p6_l0p1_lr5e5_s42/checkpoint-80/optimizer.pt,700906667,0.652770,removed optimizer/scheduler/RNG training state; model checkpoint files retained
checkpoints/grid-run_nicme_v3_hybrid_pretty_a0p6_l0p1_lr5e5_s42/checkpoint-80/rng_state.pth,14709,0.000014,removed optimizer/scheduler/RNG training state; model checkpoint files retained
checkpoints/grid-run_nicme_v3_hybrid_pretty_a0p6_l0p1_lr5e5_s42/checkpoint-80/scheduler.pt,1465,0.000001,removed optimizer/scheduler/RNG training state; model checkpoint files retained
checkpoints/grid-run_nicme_v3_hybrid_pretty_a0p6_l0p2_lr5e5_s42/checkpoint-80/optimizer.pt,700906667,0.652770,removed optimizer/scheduler/RNG training state; model checkpoint files retained
checkpoints/grid-run_nicme_v3_hybrid_pretty_a0p6_l0p2_lr5e5_s42/checkpoint-80/rng_state.pth,14709,0.000014,removed optimizer/scheduler/RNG training state; model checkpoint files retained
checkpoints/grid-run_nicme_v3_hybrid_pretty_a0p6_l0p2_lr5e5_s42/checkpoint-80/scheduler.pt,1465,0.000001,removed optimizer/scheduler/RNG training state; model checkpoint files retained
checkpoints/grid-run_nicme_v3_hybrid_pretty_a0p6_l0p3_lr5e5_s42/checkpoint-80/optimizer.pt,700906667,0.652770,removed optimizer/scheduler/RNG training state; model checkpoint files retained
checkpoints/grid-run_nicme_v3_hybrid_pretty_a0p6_l0p3_lr5e5_s42/checkpoint-80/rng_state.pth,14709,0.000014,removed optimizer/scheduler/RNG training state; model checkpoint files retained
checkpoints/grid-run_nicme_v3_hybrid_pretty_a0p6_l0p3_lr5e5_s42/checkpoint-80/scheduler.pt,1465,0.000001,removed optimizer/scheduler/RNG training state; model checkpoint files retained
checkpoints/grid-smoke_nicme_v3_hybrid_pretty_a0p04_l0p02_lr5e5_s42/checkpoint-16/optimizer.pt,700906667,0.652770,removed optimizer/scheduler/RNG training state; model checkpoint files retained
checkpoints/grid-smoke_nicme_v3_hybrid_pretty_a0p04_l0p02_lr5e5_s42/checkpoint-16/rng_state.pth,14645,0.000014,removed optimizer/scheduler/RNG training state; model checkpoint files retained
checkpoints/grid-smoke_nicme_v3_hybrid_pretty_a0p04_l0p02_lr5e5_s42/checkpoint-16/scheduler.pt,1465,0.000001,removed optimizer/scheduler/RNG training state; model checkpoint files retained
checkpoints/grid-smoke_nicme_v3_hybrid_pretty_a0p08_l0p03_lr5e5_s42/checkpoint-16/optimizer.pt,700906667,0.652770,removed optimizer/scheduler/RNG training state; model checkpoint files retained
checkpoints/grid-smoke_nicme_v3_hybrid_pretty_a0p08_l0p03_lr5e5_s42/checkpoint-16/rng_state.pth,14645,0.000014,removed optimizer/scheduler/RNG training state; model checkpoint files retained
checkpoints/grid-smoke_nicme_v3_hybrid_pretty_a0p08_l0p03_lr5e5_s42/checkpoint-16/scheduler.pt,1465,0.000001,removed optimizer/scheduler/RNG training state; model checkpoint files retained
checkpoints/grid-smoke_nicme_v3_hybrid_pretty_a0p1_l0p07_lr5e5_s42/checkpoint-16/optimizer.pt,700906667,0.652770,removed optimizer/scheduler/RNG training state; model checkpoint files retained
checkpoints/grid-smoke_nicme_v3_hybrid_pretty_a0p1_l0p07_lr5e5_s42/checkpoint-16/rng_state.pth,14645,0.000014,removed optimizer/scheduler/RNG training state; model checkpoint files retained
checkpoints/grid-smoke_nicme_v3_hybrid_pretty_a0p1_l0p07_lr5e5_s42/checkpoint-16/scheduler.pt,1465,0.000001,removed optimizer/scheduler/RNG training state; model checkpoint files retained
checkpoints/grid-smoke_nicme_v3_hybrid_pretty_a0p4_l0p2_lr5e5_s42/checkpoint-16/optimizer.pt,700906667,0.652770,removed optimizer/scheduler/RNG training state; model checkpoint files retained
checkpoints/grid-smoke_nicme_v3_hybrid_pretty_a0p4_l0p2_lr5e5_s42/checkpoint-16/rng_state.pth,14645,0.000014,removed optimizer/scheduler/RNG training state; model checkpoint files retained
checkpoints/grid-smoke_nicme_v3_hybrid_pretty_a0p4_l0p2_lr5e5_s42/checkpoint-16/scheduler.pt,1465,0.000001,removed optimizer/scheduler/RNG training state; model checkpoint files retained
checkpoints/grid-smoke_nicme_v3_hybrid_pretty_a0p6_l0p07_lr5e5_s42/checkpoint-16/optimizer.pt,700906667,0.652770,removed optimizer/scheduler/RNG training state; model checkpoint files retained
checkpoints/grid-smoke_nicme_v3_hybrid_pretty_a0p6_l0p07_lr5e5_s42/checkpoint-16/rng_state.pth,14645,0.000014,removed optimizer/scheduler/RNG training state; model checkpoint files retained
checkpoints/grid-smoke_nicme_v3_hybrid_pretty_a0p6_l0p07_lr5e5_s42/checkpoint-16/scheduler.pt,1465,0.000001,removed optimizer/scheduler/RNG training state; model checkpoint files retained
checkpoints/hpo-ce_convnext_base_fb_in22k_ft_in1k_ce_s42_trial0000/checkpoint-176/optimizer.pt,700906667,0.652770,removed optimizer/scheduler/RNG training state; model checkpoint files retained
checkpoints/hpo-ce_convnext_base_fb_in22k_ft_in1k_ce_s42_trial0000/checkpoint-176/rng_state.pth,14645,0.000014,removed optimizer/scheduler/RNG training state; model checkpoint files retained
checkpoints/hpo-ce_convnext_base_fb_in22k_ft_in1k_ce_s42_trial0000/checkpoint-176/scheduler.pt,1465,0.000001,removed optimizer/scheduler/RNG training state; model checkpoint files retained
checkpoints/hpo-ce_convnext_base_fb_in22k_ft_in1k_ce_s42_trial0001/checkpoint-144/optimizer.pt,700906667,0.652770,removed optimizer/scheduler/RNG training state; model checkpoint files retained
checkpoints/hpo-ce_convnext_base_fb_in22k_ft_in1k_ce_s42_trial0001/checkpoint-144/rng_state.pth,14645,0.000014,removed optimizer/scheduler/RNG training state; model checkpoint files retained
checkpoints/hpo-ce_convnext_base_fb_in22k_ft_in1k_ce_s42_trial0001/checkpoint-144/scheduler.pt,1465,0.000001,removed optimizer/scheduler/RNG training state; model checkpoint files retained
checkpoints/hpo-ce_convnext_base_fb_in22k_ft_in1k_ce_s42_trial0002/checkpoint-48/optimizer.pt,700906667,0.652770,removed optimizer/scheduler/RNG training state; model checkpoint files retained
checkpoints/hpo-ce_convnext_base_fb_in22k_ft_in1k_ce_s42_trial0002/checkpoint-48/rng_state.pth,14645,0.000014,removed optimizer/scheduler/RNG training state; model checkpoint files retained
checkpoints/hpo-ce_convnext_base_fb_in22k_ft_in1k_ce_s42_trial0002/checkpoint-48/scheduler.pt,1465,0.000001,removed optimizer/scheduler/RNG training state; model checkpoint files retained
checkpoints/hpo-ce_convnext_base_fb_in22k_ft_in1k_ce_s42_trial0003/checkpoint-128/optimizer.pt,700906667,0.652770,removed optimizer/scheduler/RNG training state; model checkpoint files retained
checkpoints/hpo-ce_convnext_base_fb_in22k_ft_in1k_ce_s42_trial0003/checkpoint-128/rng_state.pth,14645,0.000014,removed optimizer/scheduler/RNG training state; model checkpoint files retained
checkpoints/hpo-ce_convnext_base_fb_in22k_ft_in1k_ce_s42_trial0003/checkpoint-128/scheduler.pt,1465,0.000001,removed optimizer/scheduler/RNG training state; model checkpoint files retained
checkpoints/hpo-ce_convnext_base_fb_in22k_ft_in1k_ce_s42_trial0004/checkpoint-144/optimizer.pt,700906667,0.652770,removed optimizer/scheduler/RNG training state; model checkpoint files retained
checkpoints/hpo-ce_convnext_base_fb_in22k_ft_in1k_ce_s42_trial0004/checkpoint-144/rng_state.pth,14645,0.000014,removed optimizer/scheduler/RNG training state; model checkpoint files retained
checkpoints/hpo-ce_convnext_base_fb_in22k_ft_in1k_ce_s42_trial0004/checkpoint-144/scheduler.pt,1465,0.000001,removed optimizer/scheduler/RNG training state; model checkpoint files retained
checkpoints/hpo-ce_convnext_base_fb_in22k_ft_in1k_ce_s42_trial0005/checkpoint-144/optimizer.pt,700906667,0.652770,removed optimizer/scheduler/RNG training state; model checkpoint files retained
checkpoints/hpo-ce_convnext_base_fb_in22k_ft_in1k_ce_s42_trial0005/checkpoint-144/rng_state.pth,14645,0.000014,removed optimizer/scheduler/RNG training state; model checkpoint files retained
checkpoints/hpo-ce_convnext_base_fb_in22k_ft_in1k_ce_s42_trial0005/checkpoint-144/scheduler.pt,1465,0.000001,removed optimizer/scheduler/RNG training state; model checkpoint files retained
checkpoints/hpo-ce_convnext_base_fb_in22k_ft_in1k_ce_s42_trial0006/checkpoint-144/optimizer.pt,700906667,0.652770,removed optimizer/scheduler/RNG training state; model checkpoint files retained
checkpoints/hpo-ce_convnext_base_fb_in22k_ft_in1k_ce_s42_trial0006/checkpoint-144/rng_state.pth,14645,0.000014,removed optimizer/scheduler/RNG training state; model checkpoint files retained
checkpoints/hpo-ce_convnext_base_fb_in22k_ft_in1k_ce_s42_trial0006/checkpoint-144/scheduler.pt,1465,0.000001,removed optimizer/scheduler/RNG training state; model checkpoint files retained
checkpoints/hpo-ce_convnext_base_fb_in22k_ft_in1k_ce_s42_trial0007/checkpoint-128/optimizer.pt,700906667,0.652770,removed optimizer/scheduler/RNG training state; model checkpoint files retained
checkpoints/hpo-ce_convnext_base_fb_in22k_ft_in1k_ce_s42_trial0007/checkpoint-128/rng_state.pth,14645,0.000014,removed optimizer/scheduler/RNG training state; model checkpoint files retained
checkpoints/hpo-ce_convnext_base_fb_in22k_ft_in1k_ce_s42_trial0007/checkpoint-128/scheduler.pt,1465,0.000001,removed optimizer/scheduler/RNG training state; model checkpoint files retained
checkpoints/hpo-ce_convnext_base_fb_in22k_ft_in1k_ce_s42_trial0008/checkpoint-192/optimizer.pt,700906667,0.652770,removed optimizer/scheduler/RNG training state; model checkpoint files retained
checkpoints/hpo-ce_convnext_base_fb_in22k_ft_in1k_ce_s42_trial0008/checkpoint-192/rng_state.pth,14645,0.000014,removed optimizer/scheduler/RNG training state; model checkpoint files retained
checkpoints/hpo-ce_convnext_base_fb_in22k_ft_in1k_ce_s42_trial0008/checkpoint-192/scheduler.pt,1465,0.000001,removed optimizer/scheduler/RNG training state; model checkpoint files retained
checkpoints/hpo-ce_convnext_base_fb_in22k_ft_in1k_ce_s42_trial0009/checkpoint-192/optimizer.pt,700906667,0.652770,removed optimizer/scheduler/RNG training state; model checkpoint files retained
checkpoints/hpo-ce_convnext_base_fb_in22k_ft_in1k_ce_s42_trial0009/checkpoint-192/rng_state.pth,14645,0.000014,removed optimizer/scheduler/RNG training state; model checkpoint files retained
checkpoints/hpo-ce_convnext_base_fb_in22k_ft_in1k_ce_s42_trial0009/checkpoint-192/scheduler.pt,1465,0.000001,removed optimizer/scheduler/RNG training state; model checkpoint files retained
checkpoints/hpo-ce_convnext_base_fb_in22k_ft_in1k_ce_s42_trial0010/checkpoint-192/optimizer.pt,700906667,0.652770,removed optimizer/scheduler/RNG training state; model checkpoint files retained
checkpoints/hpo-ce_convnext_base_fb_in22k_ft_in1k_ce_s42_trial0010/checkpoint-192/rng_state.pth,14645,0.000014,removed optimizer/scheduler/RNG training state; model checkpoint files retained
checkpoints/hpo-ce_convnext_base_fb_in22k_ft_in1k_ce_s42_trial0010/checkpoint-192/scheduler.pt,1465,0.000001,removed optimizer/scheduler/RNG training state; model checkpoint files retained
checkpoints/hpo-ce_convnext_base_fb_in22k_ft_in1k_ce_s42_trial0011/checkpoint-128/optimizer.pt,700906667,0.652770,removed optimizer/scheduler/RNG training state; model checkpoint files retained
checkpoints/hpo-ce_convnext_base_fb_in22k_ft_in1k_ce_s42_trial0011/checkpoint-128/rng_state.pth,14645,0.000014,removed optimizer/scheduler/RNG training state; model checkpoint files retained
checkpoints/hpo-ce_convnext_base_fb_in22k_ft_in1k_ce_s42_trial0011/checkpoint-128/scheduler.pt,1465,0.000001,removed optimizer/scheduler/RNG training state; model checkpoint files retained
checkpoints/hpo-ce_convnext_base_fb_in22k_ft_in1k_ce_s42_trial0012/checkpoint-176/optimizer.pt,700906667,0.652770,removed optimizer/scheduler/RNG training state; model checkpoint files retained
checkpoints/hpo-ce_convnext_base_fb_in22k_ft_in1k_ce_s42_trial0012/checkpoint-176/rng_state.pth,14645,0.000014,removed optimizer/scheduler/RNG training state; model checkpoint files retained
checkpoints/hpo-ce_convnext_base_fb_in22k_ft_in1k_ce_s42_trial0012/checkpoint-176/scheduler.pt,1465,0.000001,removed optimizer/scheduler/RNG training state; model checkpoint files retained
checkpoints/hpo-ce_convnext_base_fb_in22k_ft_in1k_ce_s42_trial0013/checkpoint-176/optimizer.pt,700906667,0.652770,removed optimizer/scheduler/RNG training state; model checkpoint files retained
checkpoints/hpo-ce_convnext_base_fb_in22k_ft_in1k_ce_s42_trial0013/checkpoint-176/rng_state.pth,14645,0.000014,removed optimizer/scheduler/RNG training state; model checkpoint files retained
checkpoints/hpo-ce_convnext_base_fb_in22k_ft_in1k_ce_s42_trial0013/checkpoint-176/scheduler.pt,1465,0.000001,removed optimizer/scheduler/RNG training state; model checkpoint files retained
checkpoints/hpo-ce_convnext_base_fb_in22k_ft_in1k_ce_s42_trial0014/checkpoint-256/optimizer.pt,700906667,0.652770,removed optimizer/scheduler/RNG training state; model checkpoint files retained
checkpoints/hpo-ce_convnext_base_fb_in22k_ft_in1k_ce_s42_trial0014/checkpoint-256/rng_state.pth,14645,0.000014,removed optimizer/scheduler/RNG training state; model checkpoint files retained
checkpoints/hpo-ce_convnext_base_fb_in22k_ft_in1k_ce_s42_trial0014/checkpoint-256/scheduler.pt,1465,0.000001,removed optimizer/scheduler/RNG training state; model checkpoint files retained
checkpoints/hpo-ce_convnext_base_fb_in22k_ft_in1k_ce_s42_trial0015/checkpoint-144/optimizer.pt,700906667,0.652770,removed optimizer/scheduler/RNG training state; model checkpoint files retained
checkpoints/hpo-ce_convnext_base_fb_in22k_ft_in1k_ce_s42_trial0015/checkpoint-144/rng_state.pth,14645,0.000014,removed optimizer/scheduler/RNG training state; model checkpoint files retained
checkpoints/hpo-ce_convnext_base_fb_in22k_ft_in1k_ce_s42_trial0015/checkpoint-144/scheduler.pt,1465,0.000001,removed optimizer/scheduler/RNG training state; model checkpoint files retained
checkpoints/hpo-nicme_convnext_base_fb_in22k_ft_in1k_nicme_hybrid_s42_trial0000/checkpoint-504/optimizer.pt,700906667,0.652770,removed optimizer/scheduler/RNG training state; model checkpoint files retained
checkpoints/hpo-nicme_convnext_base_fb_in22k_ft_in1k_nicme_hybrid_s42_trial0000/checkpoint-504/rng_state.pth,14645,0.000014,removed optimizer/scheduler/RNG training state; model checkpoint files retained
checkpoints/hpo-nicme_convnext_base_fb_in22k_ft_in1k_nicme_hybrid_s42_trial0000/checkpoint-504/scheduler.pt,1465,0.000001,removed optimizer/scheduler/RNG training state; model checkpoint files retained
checkpoints/hpo-nicme_convnext_base_fb_in22k_ft_in1k_nicme_hybrid_s42_trial0001/checkpoint-784/optimizer.pt,700906667,0.652770,removed optimizer/scheduler/RNG training state; model checkpoint files retained
checkpoints/hpo-nicme_convnext_base_fb_in22k_ft_in1k_nicme_hybrid_s42_trial0001/checkpoint-784/rng_state.pth,14645,0.000014,removed optimizer/scheduler/RNG training state; model checkpoint files retained
checkpoints/hpo-nicme_convnext_base_fb_in22k_ft_in1k_nicme_hybrid_s42_trial0001/checkpoint-784/scheduler.pt,1465,0.000001,removed optimizer/scheduler/RNG training state; model checkpoint files retained
checkpoints/hpo-nicme_convnext_base_fb_in22k_ft_in1k_nicme_hybrid_s42_trial0002/checkpoint-448/optimizer.pt,700906667,0.652770,removed optimizer/scheduler/RNG training state; model checkpoint files retained
checkpoints/hpo-nicme_convnext_base_fb_in22k_ft_in1k_nicme_hybrid_s42_trial0002/checkpoint-448/rng_state.pth,14645,0.000014,removed optimizer/scheduler/RNG training state; model checkpoint files retained
checkpoints/hpo-nicme_convnext_base_fb_in22k_ft_in1k_nicme_hybrid_s42_trial0002/checkpoint-448/scheduler.pt,1465,0.000001,removed optimizer/scheduler/RNG training state; model checkpoint files retained
checkpoints/hpo-nicme_convnext_base_fb_in22k_ft_in1k_nicme_hybrid_s42_trial0003/checkpoint-392/optimizer.pt,700906667,0.652770,removed optimizer/scheduler/RNG training state; model checkpoint files retained
checkpoints/hpo-nicme_convnext_base_fb_in22k_ft_in1k_nicme_hybrid_s42_trial0003/checkpoint-392/rng_state.pth,14645,0.000014,removed optimizer/scheduler/RNG training state; model checkpoint files retained
checkpoints/hpo-nicme_convnext_base_fb_in22k_ft_in1k_nicme_hybrid_s42_trial0003/checkpoint-392/scheduler.pt,1465,0.000001,removed optimizer/scheduler/RNG training state; model checkpoint files retained
checkpoints/hpo-nicme_convnext_base_fb_in22k_ft_in1k_nicme_hybrid_s42_trial0004/checkpoint-224/optimizer.pt,700906667,0.652770,removed optimizer/scheduler/RNG training state; model checkpoint files retained
checkpoints/hpo-nicme_convnext_base_fb_in22k_ft_in1k_nicme_hybrid_s42_trial0004/checkpoint-224/rng_state.pth,14645,0.000014,removed optimizer/scheduler/RNG training state; model checkpoint files retained
checkpoints/hpo-nicme_convnext_base_fb_in22k_ft_in1k_nicme_hybrid_s42_trial0004/checkpoint-224/scheduler.pt,1465,0.000001,removed optimizer/scheduler/RNG training state; model checkpoint files retained
checkpoints/hpo-nicme_convnext_base_fb_in22k_ft_in1k_nicme_hybrid_s42_trial0005/checkpoint-504/optimizer.pt,700906667,0.652770,removed optimizer/scheduler/RNG training state; model checkpoint files retained
checkpoints/hpo-nicme_convnext_base_fb_in22k_ft_in1k_nicme_hybrid_s42_trial0005/checkpoint-504/rng_state.pth,14645,0.000014,removed optimizer/scheduler/RNG training state; model checkpoint files retained
checkpoints/hpo-nicme_convnext_base_fb_in22k_ft_in1k_nicme_hybrid_s42_trial0005/checkpoint-504/scheduler.pt,1465,0.000001,removed optimizer/scheduler/RNG training state; model checkpoint files retained
checkpoints/hpo-nicme_convnext_base_fb_in22k_ft_in1k_nicme_hybrid_s42_trial0006/checkpoint-672/optimizer.pt,700906667,0.652770,removed optimizer/scheduler/RNG training state; model checkpoint files retained
checkpoints/hpo-nicme_convnext_base_fb_in22k_ft_in1k_nicme_hybrid_s42_trial0006/checkpoint-672/rng_state.pth,14645,0.000014,removed optimizer/scheduler/RNG training state; model checkpoint files retained
checkpoints/hpo-nicme_convnext_base_fb_in22k_ft_in1k_nicme_hybrid_s42_trial0006/checkpoint-672/scheduler.pt,1465,0.000001,removed optimizer/scheduler/RNG training state; model checkpoint files retained
checkpoints/hpo-nicme_convnext_base_fb_in22k_ft_in1k_nicme_hybrid_s42_trial0007/checkpoint-448/optimizer.pt,700906667,0.652770,removed optimizer/scheduler/RNG training state; model checkpoint files retained
checkpoints/hpo-nicme_convnext_base_fb_in22k_ft_in1k_nicme_hybrid_s42_trial0007/checkpoint-448/rng_state.pth,14645,0.000014,removed optimizer/scheduler/RNG training state; model checkpoint files retained
checkpoints/hpo-nicme_convnext_base_fb_in22k_ft_in1k_nicme_hybrid_s42_trial0007/checkpoint-448/scheduler.pt,1465,0.000001,removed optimizer/scheduler/RNG training state; model checkpoint files retained
checkpoints/hpo-nicme_convnext_base_fb_in22k_ft_in1k_nicme_hybrid_s42_trial0008/checkpoint-224/optimizer.pt,700906667,0.652770,removed optimizer/scheduler/RNG training state; model checkpoint files retained
checkpoints/hpo-nicme_convnext_base_fb_in22k_ft_in1k_nicme_hybrid_s42_trial0008/checkpoint-224/rng_state.pth,14645,0.000014,removed optimizer/scheduler/RNG training state; model checkpoint files retained
checkpoints/hpo-nicme_convnext_base_fb_in22k_ft_in1k_nicme_hybrid_s42_trial0008/checkpoint-224/scheduler.pt,1465,0.000001,removed optimizer/scheduler/RNG training state; model checkpoint files retained
checkpoints/hpo-nicme_convnext_base_fb_in22k_ft_in1k_nicme_hybrid_s42_trial0009/checkpoint-392/optimizer.pt,700906667,0.652770,removed optimizer/scheduler/RNG training state; model checkpoint files retained
checkpoints/hpo-nicme_convnext_base_fb_in22k_ft_in1k_nicme_hybrid_s42_trial0009/checkpoint-392/rng_state.pth,14645,0.000014,removed optimizer/scheduler/RNG training state; model checkpoint files retained
checkpoints/hpo-nicme_convnext_base_fb_in22k_ft_in1k_nicme_hybrid_s42_trial0009/checkpoint-392/scheduler.pt,1465,0.000001,removed optimizer/scheduler/RNG training state; model checkpoint files retained
checkpoints/hpo-nicme_convnext_base_fb_in22k_ft_in1k_nicme_hybrid_s42_trial0010/checkpoint-168/optimizer.pt,700906667,0.652770,removed optimizer/scheduler/RNG training state; model checkpoint files retained
checkpoints/hpo-nicme_convnext_base_fb_in22k_ft_in1k_nicme_hybrid_s42_trial0010/checkpoint-168/rng_state.pth,14645,0.000014,removed optimizer/scheduler/RNG training state; model checkpoint files retained
checkpoints/hpo-nicme_convnext_base_fb_in22k_ft_in1k_nicme_hybrid_s42_trial0010/checkpoint-168/scheduler.pt,1465,0.000001,removed optimizer/scheduler/RNG training state; model checkpoint files retained
checkpoints/hpo-nicme_convnext_base_fb_in22k_ft_in1k_nicme_hybrid_s42_trial0011/checkpoint-448/optimizer.pt,700906667,0.652770,removed optimizer/scheduler/RNG training state; model checkpoint files retained
checkpoints/hpo-nicme_convnext_base_fb_in22k_ft_in1k_nicme_hybrid_s42_trial0011/checkpoint-448/rng_state.pth,14645,0.000014,removed optimizer/scheduler/RNG training state; model checkpoint files retained
checkpoints/hpo-nicme_convnext_base_fb_in22k_ft_in1k_nicme_hybrid_s42_trial0011/checkpoint-448/scheduler.pt,1465,0.000001,removed optimizer/scheduler/RNG training state; model checkpoint files retained
checkpoints/hpo-nicme_convnext_base_fb_in22k_ft_in1k_nicme_hybrid_s42_trial0012/checkpoint-672/optimizer.pt,700906667,0.652770,removed optimizer/scheduler/RNG training state; model checkpoint files retained
checkpoints/hpo-nicme_convnext_base_fb_in22k_ft_in1k_nicme_hybrid_s42_trial0012/checkpoint-672/rng_state.pth,14645,0.000014,removed optimizer/scheduler/RNG training state; model checkpoint files retained
checkpoints/hpo-nicme_convnext_base_fb_in22k_ft_in1k_nicme_hybrid_s42_trial0012/checkpoint-672/scheduler.pt,1465,0.000001,removed optimizer/scheduler/RNG training state; model checkpoint files retained
checkpoints/hpo-nicme_convnext_base_fb_in22k_ft_in1k_nicme_hybrid_s42_trial0013/checkpoint-168/optimizer.pt,700906667,0.652770,removed optimizer/scheduler/RNG training state; model checkpoint files retained
checkpoints/hpo-nicme_convnext_base_fb_in22k_ft_in1k_nicme_hybrid_s42_trial0013/checkpoint-168/rng_state.pth,14645,0.000014,removed optimizer/scheduler/RNG training state; model checkpoint files retained
checkpoints/hpo-nicme_convnext_base_fb_in22k_ft_in1k_nicme_hybrid_s42_trial0013/checkpoint-168/scheduler.pt,1465,0.000001,removed optimizer/scheduler/RNG training state; model checkpoint files retained
checkpoints/hpo-nicme_convnext_base_fb_in22k_ft_in1k_nicme_hybrid_s42_trial0014/checkpoint-952/optimizer.pt,700906667,0.652770,removed optimizer/scheduler/RNG training state; model checkpoint files retained
checkpoints/hpo-nicme_convnext_base_fb_in22k_ft_in1k_nicme_hybrid_s42_trial0014/checkpoint-952/rng_state.pth,14645,0.000014,removed optimizer/scheduler/RNG training state; model checkpoint files retained
checkpoints/hpo-nicme_convnext_base_fb_in22k_ft_in1k_nicme_hybrid_s42_trial0014/checkpoint-952/scheduler.pt,1465,0.000001,removed optimizer/scheduler/RNG training state; model checkpoint files retained
checkpoints/hpo-nicme_convnext_base_fb_in22k_ft_in1k_nicme_hybrid_s42_trial0015/checkpoint-616/optimizer.pt,700906667,0.652770,removed optimizer/scheduler/RNG training state; model checkpoint files retained
checkpoints/hpo-nicme_convnext_base_fb_in22k_ft_in1k_nicme_hybrid_s42_trial0015/checkpoint-616/rng_state.pth,14645,0.000014,removed optimizer/scheduler/RNG training state; model checkpoint files retained
checkpoints/hpo-nicme_convnext_base_fb_in22k_ft_in1k_nicme_hybrid_s42_trial0015/checkpoint-616/scheduler.pt,1465,0.000001,removed optimizer/scheduler/RNG training state; model checkpoint files retained
checkpoints/hpo-nicme_convnext_base_fb_in22k_ft_in1k_nicme_hybrid_s42_trial0016/checkpoint-56/optimizer.pt,700906667,0.652770,removed optimizer/scheduler/RNG training state; model checkpoint files retained
checkpoints/hpo-nicme_convnext_base_fb_in22k_ft_in1k_nicme_hybrid_s42_trial0016/checkpoint-56/rng_state.pth,14645,0.000014,removed optimizer/scheduler/RNG training state; model checkpoint files retained
checkpoints/hpo-nicme_convnext_base_fb_in22k_ft_in1k_nicme_hybrid_s42_trial0016/checkpoint-56/scheduler.pt,1465,0.000001,removed optimizer/scheduler/RNG training state; model checkpoint files retained
checkpoints/hpo-nicme_swin_small_patch4_window7_224_ms_in22k_ft_in1k_nicme_hybrid_s42_trial0001/checkpoint-56/optimizer.pt,391037003,0.364182,removed optimizer/scheduler/RNG training state; model checkpoint files retained
checkpoints/hpo-nicme_swin_small_patch4_window7_224_ms_in22k_ft_in1k_nicme_hybrid_s42_trial0001/checkpoint-56/rng_state.pth,14645,0.000014,removed optimizer/scheduler/RNG training state; model checkpoint files retained
checkpoints/hpo-nicme_swin_small_patch4_window7_224_ms_in22k_ft_in1k_nicme_hybrid_s42_trial0001/checkpoint-56/scheduler.pt,1465,0.000001,removed optimizer/scheduler/RNG training state; model checkpoint files retained
checkpoints/hpo-nicme_swin_small_patch4_window7_224_ms_in22k_ft_in1k_nicme_hybrid_s42_trial0002/checkpoint-1456/optimizer.pt,391037003,0.364182,removed optimizer/scheduler/RNG training state; model checkpoint files retained
checkpoints/hpo-nicme_swin_small_patch4_window7_224_ms_in22k_ft_in1k_nicme_hybrid_s42_trial0002/checkpoint-1456/rng_state.pth,14645,0.000014,removed optimizer/scheduler/RNG training state; model checkpoint files retained
checkpoints/hpo-nicme_swin_small_patch4_window7_224_ms_in22k_ft_in1k_nicme_hybrid_s42_trial0002/checkpoint-1456/scheduler.pt,1465,0.000001,removed optimizer/scheduler/RNG training state; model checkpoint files retained
checkpoints/hpo-nicme_swin_small_patch4_window7_224_ms_in22k_ft_in1k_nicme_hybrid_s42_trial0004/checkpoint-448/optimizer.pt,391037003,0.364182,removed optimizer/scheduler/RNG training state; model checkpoint files retained
checkpoints/hpo-nicme_swin_small_patch4_window7_224_ms_in22k_ft_in1k_nicme_hybrid_s42_trial0004/checkpoint-448/rng_state.pth,14645,0.000014,removed optimizer/scheduler/RNG training state; model checkpoint files retained
checkpoints/hpo-nicme_swin_small_patch4_window7_224_ms_in22k_ft_in1k_nicme_hybrid_s42_trial0004/checkpoint-448/scheduler.pt,1465,0.000001,removed optimizer/scheduler/RNG training state; model checkpoint files retained
checkpoints/hpo-nicme_swin_small_patch4_window7_224_ms_in22k_ft_in1k_nicme_hybrid_s42_trial0005/checkpoint-224/optimizer.pt,391037003,0.364182,removed optimizer/scheduler/RNG training state; model checkpoint files retained
checkpoints/hpo-nicme_swin_small_patch4_window7_224_ms_in22k_ft_in1k_nicme_hybrid_s42_trial0005/checkpoint-224/rng_state.pth,14645,0.000014,removed optimizer/scheduler/RNG training state; model checkpoint files retained
checkpoints/hpo-nicme_swin_small_patch4_window7_224_ms_in22k_ft_in1k_nicme_hybrid_s42_trial0005/checkpoint-224/scheduler.pt,1465,0.000001,removed optimizer/scheduler/RNG training state; model checkpoint files retained
checkpoints/hpo-nicme_swin_tiny_patch4_window7_224_ms_in22k_ft_in1k_nicme_hybrid_s42_trial0003/checkpoint-896/optimizer.pt,220362635,0.205229,removed optimizer/scheduler/RNG training state; model checkpoint files retained
checkpoints/hpo-nicme_swin_tiny_patch4_window7_224_ms_in22k_ft_in1k_nicme_hybrid_s42_trial0003/checkpoint-896/rng_state.pth,14645,0.000014,removed optimizer/scheduler/RNG training state; model checkpoint files retained
checkpoints/hpo-nicme_swin_tiny_patch4_window7_224_ms_in22k_ft_in1k_nicme_hybrid_s42_trial0003/checkpoint-896/scheduler.pt,1465,0.000001,removed optimizer/scheduler/RNG training state; model checkpoint files retained
checkpoints/hpo-nicme_swin_tiny_patch4_window7_224_ms_in22k_ft_in1k_nicme_hybrid_s42_trial0006/checkpoint-448/optimizer.pt,220362635,0.205229,removed optimizer/scheduler/RNG training state; model checkpoint files retained
checkpoints/hpo-nicme_swin_tiny_patch4_window7_224_ms_in22k_ft_in1k_nicme_hybrid_s42_trial0006/checkpoint-448/rng_state.pth,14645,0.000014,removed optimizer/scheduler/RNG training state; model checkpoint files retained
checkpoints/hpo-nicme_swin_tiny_patch4_window7_224_ms_in22k_ft_in1k_nicme_hybrid_s42_trial0006/checkpoint-448/scheduler.pt,1465,0.000001,removed optimizer/scheduler/RNG training state; model checkpoint files retained
checkpoints/hpo-nicme_swin_tiny_patch4_window7_224_ms_in22k_ft_in1k_nicme_hybrid_s42_trial0007/checkpoint-252/optimizer.pt,220362635,0.205229,removed optimizer/scheduler/RNG training state; model checkpoint files retained
checkpoints/hpo-nicme_swin_tiny_patch4_window7_224_ms_in22k_ft_in1k_nicme_hybrid_s42_trial0007/checkpoint-252/rng_state.pth,14645,0.000014,removed optimizer/scheduler/RNG training state; model checkpoint files retained
checkpoints/hpo-nicme_swin_tiny_patch4_window7_224_ms_in22k_ft_in1k_nicme_hybrid_s42_trial0007/checkpoint-252/scheduler.pt,1465,0.000001,removed optimizer/scheduler/RNG training state; model checkpoint files retained
checkpoints/hpo-v3_convnext_base_fb_in22k_ft_in1k_nicme_v3_hybrid_s42_trial0000/checkpoint-208/optimizer.pt,700906667,0.652770,removed optimizer/scheduler/RNG training state; model checkpoint files retained
checkpoints/hpo-v3_convnext_base_fb_in22k_ft_in1k_nicme_v3_hybrid_s42_trial0000/checkpoint-208/rng_state.pth,14645,0.000014,removed optimizer/scheduler/RNG training state; model checkpoint files retained
checkpoints/hpo-v3_convnext_base_fb_in22k_ft_in1k_nicme_v3_hybrid_s42_trial0000/checkpoint-208/scheduler.pt,1465,0.000001,removed optimizer/scheduler/RNG training state; model checkpoint files retained
checkpoints/hpo-v3_convnext_base_fb_in22k_ft_in1k_nicme_v3_hybrid_s42_trial0001/checkpoint-144/optimizer.pt,700906667,0.652770,removed optimizer/scheduler/RNG training state; model checkpoint files retained
checkpoints/hpo-v3_convnext_base_fb_in22k_ft_in1k_nicme_v3_hybrid_s42_trial0001/checkpoint-144/rng_state.pth,14645,0.000014,removed optimizer/scheduler/RNG training state; model checkpoint files retained
checkpoints/hpo-v3_convnext_base_fb_in22k_ft_in1k_nicme_v3_hybrid_s42_trial0001/checkpoint-144/scheduler.pt,1465,0.000001,removed optimizer/scheduler/RNG training state; model checkpoint files retained
checkpoints/hpo-v3_convnext_base_fb_in22k_ft_in1k_nicme_v3_hybrid_s42_trial0002/checkpoint-144/optimizer.pt,700906667,0.652770,removed optimizer/scheduler/RNG training state; model checkpoint files retained
checkpoints/hpo-v3_convnext_base_fb_in22k_ft_in1k_nicme_v3_hybrid_s42_trial0002/checkpoint-144/rng_state.pth,14645,0.000014,removed optimizer/scheduler/RNG training state; model checkpoint files retained
checkpoints/hpo-v3_convnext_base_fb_in22k_ft_in1k_nicme_v3_hybrid_s42_trial0002/checkpoint-144/scheduler.pt,1465,0.000001,removed optimizer/scheduler/RNG training state; model checkpoint files retained
checkpoints/hpo-v3_convnext_base_fb_in22k_ft_in1k_nicme_v3_hybrid_s42_trial0003/checkpoint-96/optimizer.pt,700906667,0.652770,removed optimizer/scheduler/RNG training state; model checkpoint files retained
checkpoints/hpo-v3_convnext_base_fb_in22k_ft_in1k_nicme_v3_hybrid_s42_trial0003/checkpoint-96/rng_state.pth,14645,0.000014,removed optimizer/scheduler/RNG training state; model checkpoint files retained
checkpoints/hpo-v3_convnext_base_fb_in22k_ft_in1k_nicme_v3_hybrid_s42_trial0003/checkpoint-96/scheduler.pt,1465,0.000001,removed optimizer/scheduler/RNG training state; model checkpoint files retained
checkpoints/hpo-v3_convnext_base_fb_in22k_ft_in1k_nicme_v3_hybrid_s42_trial0004/checkpoint-144/optimizer.pt,700906667,0.652770,removed optimizer/scheduler/RNG training state; model checkpoint files retained
checkpoints/hpo-v3_convnext_base_fb_in22k_ft_in1k_nicme_v3_hybrid_s42_trial0004/checkpoint-144/rng_state.pth,14645,0.000014,removed optimizer/scheduler/RNG training state; model checkpoint files retained
checkpoints/hpo-v3_convnext_base_fb_in22k_ft_in1k_nicme_v3_hybrid_s42_trial0004/checkpoint-144/scheduler.pt,1465,0.000001,removed optimizer/scheduler/RNG training state; model checkpoint files retained
checkpoints/hpo-v3_convnext_base_fb_in22k_ft_in1k_nicme_v3_hybrid_s42_trial0005/checkpoint-128/optimizer.pt,700906667,0.652770,removed optimizer/scheduler/RNG training state; model checkpoint files retained
checkpoints/hpo-v3_convnext_base_fb_in22k_ft_in1k_nicme_v3_hybrid_s42_trial0005/checkpoint-128/rng_state.pth,14645,0.000014,removed optimizer/scheduler/RNG training state; model checkpoint files retained
checkpoints/hpo-v3_convnext_base_fb_in22k_ft_in1k_nicme_v3_hybrid_s42_trial0005/checkpoint-128/scheduler.pt,1465,0.000001,removed optimizer/scheduler/RNG training state; model checkpoint files retained
checkpoints/hpo-v3_convnext_base_fb_in22k_ft_in1k_nicme_v3_hybrid_s42_trial0006/checkpoint-144/optimizer.pt,700906667,0.652770,removed optimizer/scheduler/RNG training state; model checkpoint files retained
checkpoints/hpo-v3_convnext_base_fb_in22k_ft_in1k_nicme_v3_hybrid_s42_trial0006/checkpoint-144/rng_state.pth,14645,0.000014,removed optimizer/scheduler/RNG training state; model checkpoint files retained
checkpoints/hpo-v3_convnext_base_fb_in22k_ft_in1k_nicme_v3_hybrid_s42_trial0006/checkpoint-144/scheduler.pt,1465,0.000001,removed optimizer/scheduler/RNG training state; model checkpoint files retained
checkpoints/hpo-v3_convnext_base_fb_in22k_ft_in1k_nicme_v3_hybrid_s42_trial0007/checkpoint-144/optimizer.pt,700906667,0.652770,removed optimizer/scheduler/RNG training state; model checkpoint files retained
checkpoints/hpo-v3_convnext_base_fb_in22k_ft_in1k_nicme_v3_hybrid_s42_trial0007/checkpoint-144/rng_state.pth,14645,0.000014,removed optimizer/scheduler/RNG training state; model checkpoint files retained
checkpoints/hpo-v3_convnext_base_fb_in22k_ft_in1k_nicme_v3_hybrid_s42_trial0007/checkpoint-144/scheduler.pt,1465,0.000001,removed optimizer/scheduler/RNG training state; model checkpoint files retained
checkpoints/hpo-v3_convnext_base_fb_in22k_ft_in1k_nicme_v3_hybrid_s42_trial0008/checkpoint-256/optimizer.pt,700906667,0.652770,removed optimizer/scheduler/RNG training state; model checkpoint files retained
checkpoints/hpo-v3_convnext_base_fb_in22k_ft_in1k_nicme_v3_hybrid_s42_trial0008/checkpoint-256/rng_state.pth,14645,0.000014,removed optimizer/scheduler/RNG training state; model checkpoint files retained
checkpoints/hpo-v3_convnext_base_fb_in22k_ft_in1k_nicme_v3_hybrid_s42_trial0008/checkpoint-256/scheduler.pt,1465,0.000001,removed optimizer/scheduler/RNG training state; model checkpoint files retained
checkpoints/hpo-v3_convnext_base_fb_in22k_ft_in1k_nicme_v3_hybrid_s42_trial0009/checkpoint-192/optimizer.pt,700906667,0.652770,removed optimizer/scheduler/RNG training state; model checkpoint files retained
checkpoints/hpo-v3_convnext_base_fb_in22k_ft_in1k_nicme_v3_hybrid_s42_trial0009/checkpoint-192/rng_state.pth,14645,0.000014,removed optimizer/scheduler/RNG training state; model checkpoint files retained
checkpoints/hpo-v3_convnext_base_fb_in22k_ft_in1k_nicme_v3_hybrid_s42_trial0009/checkpoint-192/scheduler.pt,1465,0.000001,removed optimizer/scheduler/RNG training state; model checkpoint files retained
checkpoints/hpo-v3_convnext_base_fb_in22k_ft_in1k_nicme_v3_hybrid_s42_trial0010/checkpoint-48/optimizer.pt,700906667,0.652770,removed optimizer/scheduler/RNG training state; model checkpoint files retained
checkpoints/hpo-v3_convnext_base_fb_in22k_ft_in1k_nicme_v3_hybrid_s42_trial0010/checkpoint-48/rng_state.pth,14645,0.000014,removed optimizer/scheduler/RNG training state; model checkpoint files retained
checkpoints/hpo-v3_convnext_base_fb_in22k_ft_in1k_nicme_v3_hybrid_s42_trial0010/checkpoint-48/scheduler.pt,1465,0.000001,removed optimizer/scheduler/RNG training state; model checkpoint files retained
checkpoints/hpo-v3_convnext_base_fb_in22k_ft_in1k_nicme_v3_hybrid_s42_trial0011/checkpoint-128/optimizer.pt,700906667,0.652770,removed optimizer/scheduler/RNG training state; model checkpoint files retained
checkpoints/hpo-v3_convnext_base_fb_in22k_ft_in1k_nicme_v3_hybrid_s42_trial0011/checkpoint-128/rng_state.pth,14645,0.000014,removed optimizer/scheduler/RNG training state; model checkpoint files retained
checkpoints/hpo-v3_convnext_base_fb_in22k_ft_in1k_nicme_v3_hybrid_s42_trial0011/checkpoint-128/scheduler.pt,1465,0.000001,removed optimizer/scheduler/RNG training state; model checkpoint files retained
checkpoints/hpo-v3_convnext_base_fb_in22k_ft_in1k_nicme_v3_hybrid_s42_trial0012/checkpoint-144/optimizer.pt,700906667,0.652770,removed optimizer/scheduler/RNG training state; model checkpoint files retained
checkpoints/hpo-v3_convnext_base_fb_in22k_ft_in1k_nicme_v3_hybrid_s42_trial0012/checkpoint-144/rng_state.pth,14645,0.000014,removed optimizer/scheduler/RNG training state; model checkpoint files retained
checkpoints/hpo-v3_convnext_base_fb_in22k_ft_in1k_nicme_v3_hybrid_s42_trial0012/checkpoint-144/scheduler.pt,1465,0.000001,removed optimizer/scheduler/RNG training state; model checkpoint files retained
checkpoints/hpo-v3_convnext_base_fb_in22k_ft_in1k_nicme_v3_hybrid_s42_trial0013/checkpoint-224/optimizer.pt,700906667,0.652770,removed optimizer/scheduler/RNG training state; model checkpoint files retained
checkpoints/hpo-v3_convnext_base_fb_in22k_ft_in1k_nicme_v3_hybrid_s42_trial0013/checkpoint-224/rng_state.pth,14645,0.000014,removed optimizer/scheduler/RNG training state; model checkpoint files retained
checkpoints/hpo-v3_convnext_base_fb_in22k_ft_in1k_nicme_v3_hybrid_s42_trial0013/checkpoint-224/scheduler.pt,1465,0.000001,removed optimizer/scheduler/RNG training state; model checkpoint files retained
checkpoints/hpo-v3_convnext_base_fb_in22k_ft_in1k_nicme_v3_hybrid_s42_trial0014/checkpoint-144/optimizer.pt,700906667,0.652770,removed optimizer/scheduler/RNG training state; model checkpoint files retained
checkpoints/hpo-v3_convnext_base_fb_in22k_ft_in1k_nicme_v3_hybrid_s42_trial0014/checkpoint-144/rng_state.pth,14645,0.000014,removed optimizer/scheduler/RNG training state; model checkpoint files retained
checkpoints/hpo-v3_convnext_base_fb_in22k_ft_in1k_nicme_v3_hybrid_s42_trial0014/checkpoint-144/scheduler.pt,1465,0.000001,removed optimizer/scheduler/RNG training state; model checkpoint files retained
checkpoints/hpo-v3_convnext_base_fb_in22k_ft_in1k_nicme_v3_hybrid_s42_trial0015/checkpoint-144/optimizer.pt,700906667,0.652770,removed optimizer/scheduler/RNG training state; model checkpoint files retained
checkpoints/hpo-v3_convnext_base_fb_in22k_ft_in1k_nicme_v3_hybrid_s42_trial0015/checkpoint-144/rng_state.pth,14645,0.000014,removed optimizer/scheduler/RNG training state; model checkpoint files retained
checkpoints/hpo-v3_convnext_base_fb_in22k_ft_in1k_nicme_v3_hybrid_s42_trial0015/checkpoint-144/scheduler.pt,1465,0.000001,removed optimizer/scheduler/RNG training state; model checkpoint files retained
checkpoints/hpo-v3_convnext_base_fb_in22k_ft_in1k_nicme_v3_hybrid_s42_trial0016/checkpoint-144/optimizer.pt,700906667,0.652770,removed optimizer/scheduler/RNG training state; model checkpoint files retained
checkpoints/hpo-v3_convnext_base_fb_in22k_ft_in1k_nicme_v3_hybrid_s42_trial0016/checkpoint-144/rng_state.pth,14645,0.000014,removed optimizer/scheduler/RNG training state; model checkpoint files retained
checkpoints/hpo-v3_convnext_base_fb_in22k_ft_in1k_nicme_v3_hybrid_s42_trial0016/checkpoint-144/scheduler.pt,1465,0.000001,removed optimizer/scheduler/RNG training state; model checkpoint files retained
checkpoints/hpo-v3_convnext_base_fb_in22k_ft_in1k_nicme_v3_hybrid_s42_trial0017/checkpoint-144/optimizer.pt,700906667,0.652770,removed optimizer/scheduler/RNG training state; model checkpoint files retained
checkpoints/hpo-v3_convnext_base_fb_in22k_ft_in1k_nicme_v3_hybrid_s42_trial0017/checkpoint-144/rng_state.pth,14645,0.000014,removed optimizer/scheduler/RNG training state; model checkpoint files retained
checkpoints/hpo-v3_convnext_base_fb_in22k_ft_in1k_nicme_v3_hybrid_s42_trial0017/checkpoint-144/scheduler.pt,1465,0.000001,removed optimizer/scheduler/RNG training state; model checkpoint files retained
checkpoints/hpo-v3_convnext_base_fb_in22k_ft_in1k_nicme_v3_hybrid_s42_trial0018/checkpoint-224/optimizer.pt,700906667,0.652770,removed optimizer/scheduler/RNG training state; model checkpoint files retained
checkpoints/hpo-v3_convnext_base_fb_in22k_ft_in1k_nicme_v3_hybrid_s42_trial0018/checkpoint-224/rng_state.pth,14645,0.000014,removed optimizer/scheduler/RNG training state; model checkpoint files retained
checkpoints/hpo-v3_convnext_base_fb_in22k_ft_in1k_nicme_v3_hybrid_s42_trial0018/checkpoint-224/scheduler.pt,1465,0.000001,removed optimizer/scheduler/RNG training state; model checkpoint files retained
checkpoints/hpo-v3_convnext_base_fb_in22k_ft_in1k_nicme_v3_hybrid_s42_trial0019/checkpoint-128/optimizer.pt,700906667,0.652770,removed optimizer/scheduler/RNG training state; model checkpoint files retained
checkpoints/hpo-v3_convnext_base_fb_in22k_ft_in1k_nicme_v3_hybrid_s42_trial0019/checkpoint-128/rng_state.pth,14645,0.000014,removed optimizer/scheduler/RNG training state; model checkpoint files retained
checkpoints/hpo-v3_convnext_base_fb_in22k_ft_in1k_nicme_v3_hybrid_s42_trial0019/checkpoint-128/scheduler.pt,1465,0.000001,removed optimizer/scheduler/RNG training state; model checkpoint files retained
checkpoints/hpo-v3_convnext_base_fb_in22k_ft_in1k_nicme_v3_hybrid_s42_trial0020/checkpoint-208/optimizer.pt,700906667,0.652770,removed optimizer/scheduler/RNG training state; model checkpoint files retained
checkpoints/hpo-v3_convnext_base_fb_in22k_ft_in1k_nicme_v3_hybrid_s42_trial0020/checkpoint-208/rng_state.pth,14645,0.000014,removed optimizer/scheduler/RNG training state; model checkpoint files retained
checkpoints/hpo-v3_convnext_base_fb_in22k_ft_in1k_nicme_v3_hybrid_s42_trial0020/checkpoint-208/scheduler.pt,1465,0.000001,removed optimizer/scheduler/RNG training state; model checkpoint files retained
checkpoints/hpo-v3_convnext_base_fb_in22k_ft_in1k_nicme_v3_hybrid_s42_trial0021/checkpoint-208/optimizer.pt,700906667,0.652770,removed optimizer/scheduler/RNG training state; model checkpoint files retained
checkpoints/hpo-v3_convnext_base_fb_in22k_ft_in1k_nicme_v3_hybrid_s42_trial0021/checkpoint-208/rng_state.pth,14645,0.000014,removed optimizer/scheduler/RNG training state; model checkpoint files retained
checkpoints/hpo-v3_convnext_base_fb_in22k_ft_in1k_nicme_v3_hybrid_s42_trial0021/checkpoint-208/scheduler.pt,1465,0.000001,removed optimizer/scheduler/RNG training state; model checkpoint files retained
checkpoints/hpo-v3_convnext_base_fb_in22k_ft_in1k_nicme_v3_hybrid_s42_trial0022/checkpoint-176/optimizer.pt,700906667,0.652770,removed optimizer/scheduler/RNG training state; model checkpoint files retained
checkpoints/hpo-v3_convnext_base_fb_in22k_ft_in1k_nicme_v3_hybrid_s42_trial0022/checkpoint-176/rng_state.pth,14645,0.000014,removed optimizer/scheduler/RNG training state; model checkpoint files retained
checkpoints/hpo-v3_convnext_base_fb_in22k_ft_in1k_nicme_v3_hybrid_s42_trial0022/checkpoint-176/scheduler.pt,1465,0.000001,removed optimizer/scheduler/RNG training state; model checkpoint files retained
checkpoints/hpo-v3_convnext_base_fb_in22k_ft_in1k_nicme_v3_hybrid_s42_trial0023/checkpoint-208/optimizer.pt,700906667,0.652770,removed optimizer/scheduler/RNG training state; model checkpoint files retained
checkpoints/hpo-v3_convnext_base_fb_in22k_ft_in1k_nicme_v3_hybrid_s42_trial0023/checkpoint-208/rng_state.pth,14645,0.000014,removed optimizer/scheduler/RNG training state; model checkpoint files retained
checkpoints/hpo-v3_convnext_base_fb_in22k_ft_in1k_nicme_v3_hybrid_s42_trial0023/checkpoint-208/scheduler.pt,1465,0.000001,removed optimizer/scheduler/RNG training state; model checkpoint files retained
checkpoints/hpo-v3_convnext_base_fb_in22k_ft_in1k_nicme_v3_hybrid_s42_trial0024/checkpoint-144/optimizer.pt,700906667,0.652770,removed optimizer/scheduler/RNG training state; model checkpoint files retained
checkpoints/hpo-v3_convnext_base_fb_in22k_ft_in1k_nicme_v3_hybrid_s42_trial0024/checkpoint-144/rng_state.pth,14645,0.000014,removed optimizer/scheduler/RNG training state; model checkpoint files retained
checkpoints/hpo-v3_convnext_base_fb_in22k_ft_in1k_nicme_v3_hybrid_s42_trial0024/checkpoint-144/scheduler.pt,1465,0.000001,removed optimizer/scheduler/RNG training state; model checkpoint files retained
checkpoints/hpo-v3_convnext_base_fb_in22k_ft_in1k_nicme_v3_hybrid_s42_trial0025/checkpoint-128/optimizer.pt,700906667,0.652770,removed optimizer/scheduler/RNG training state; model checkpoint files retained
checkpoints/hpo-v3_convnext_base_fb_in22k_ft_in1k_nicme_v3_hybrid_s42_trial0025/checkpoint-128/rng_state.pth,14645,0.000014,removed optimizer/scheduler/RNG training state; model checkpoint files retained
checkpoints/hpo-v3_convnext_base_fb_in22k_ft_in1k_nicme_v3_hybrid_s42_trial0025/checkpoint-128/scheduler.pt,1465,0.000001,removed optimizer/scheduler/RNG training state; model checkpoint files retained
checkpoints/hpo-v3_convnext_base_fb_in22k_ft_in1k_nicme_v3_hybrid_s42_trial0026/checkpoint-160/optimizer.pt,700906667,0.652770,removed optimizer/scheduler/RNG training state; model checkpoint files retained
checkpoints/hpo-v3_convnext_base_fb_in22k_ft_in1k_nicme_v3_hybrid_s42_trial0026/checkpoint-160/rng_state.pth,14581,0.000014,removed optimizer/scheduler/RNG training state; model checkpoint files retained
checkpoints/hpo-v3_convnext_base_fb_in22k_ft_in1k_nicme_v3_hybrid_s42_trial0026/checkpoint-160/scheduler.pt,1465,0.000001,removed optimizer/scheduler/RNG training state; model checkpoint files retained
checkpoints/hpo-v3_convnext_base_fb_in22k_ft_in1k_nicme_v3_hybrid_s42_trial0027/checkpoint-96/optimizer.pt,700906667,0.652770,removed optimizer/scheduler/RNG training state; model checkpoint files retained
checkpoints/hpo-v3_convnext_base_fb_in22k_ft_in1k_nicme_v3_hybrid_s42_trial0027/checkpoint-96/rng_state.pth,14645,0.000014,removed optimizer/scheduler/RNG training state; model checkpoint files retained
checkpoints/hpo-v3_convnext_base_fb_in22k_ft_in1k_nicme_v3_hybrid_s42_trial0027/checkpoint-96/scheduler.pt,1465,0.000001,removed optimizer/scheduler/RNG training state; model checkpoint files retained
checkpoints/hpo-v3_convnext_base_fb_in22k_ft_in1k_nicme_v3_hybrid_s42_trial0028/checkpoint-288/optimizer.pt,700906667,0.652770,removed optimizer/scheduler/RNG training state; model checkpoint files retained
checkpoints/hpo-v3_convnext_base_fb_in22k_ft_in1k_nicme_v3_hybrid_s42_trial0028/checkpoint-288/rng_state.pth,14645,0.000014,removed optimizer/scheduler/RNG training state; model checkpoint files retained
checkpoints/hpo-v3_convnext_base_fb_in22k_ft_in1k_nicme_v3_hybrid_s42_trial0028/checkpoint-288/scheduler.pt,1465,0.000001,removed optimizer/scheduler/RNG training state; model checkpoint files retained
checkpoints/hpo-v3_convnext_base_fb_in22k_ft_in1k_nicme_v3_hybrid_s42_trial0029/checkpoint-144/optimizer.pt,700906667,0.652770,removed optimizer/scheduler/RNG training state; model checkpoint files retained
checkpoints/hpo-v3_convnext_base_fb_in22k_ft_in1k_nicme_v3_hybrid_s42_trial0029/checkpoint-144/rng_state.pth,14645,0.000014,removed optimizer/scheduler/RNG training state; model checkpoint files retained
checkpoints/hpo-v3_convnext_base_fb_in22k_ft_in1k_nicme_v3_hybrid_s42_trial0029/checkpoint-144/scheduler.pt,1465,0.000001,removed optimizer/scheduler/RNG training state; model checkpoint files retained
checkpoints/hpo-v3_convnext_base_fb_in22k_ft_in1k_nicme_v3_hybrid_s42_trial0030/checkpoint-224/optimizer.pt,700906667,0.652770,removed optimizer/scheduler/RNG training state; model checkpoint files retained
checkpoints/hpo-v3_convnext_base_fb_in22k_ft_in1k_nicme_v3_hybrid_s42_trial0030/checkpoint-224/rng_state.pth,14645,0.000014,removed optimizer/scheduler/RNG training state; model checkpoint files retained
checkpoints/hpo-v3_convnext_base_fb_in22k_ft_in1k_nicme_v3_hybrid_s42_trial0030/checkpoint-224/scheduler.pt,1465,0.000001,removed optimizer/scheduler/RNG training state; model checkpoint files retained
checkpoints/hpo-v3_convnext_base_fb_in22k_ft_in1k_nicme_v3_hybrid_s42_trial0031/checkpoint-208/optimizer.pt,700906667,0.652770,removed optimizer/scheduler/RNG training state; model checkpoint files retained
checkpoints/hpo-v3_convnext_base_fb_in22k_ft_in1k_nicme_v3_hybrid_s42_trial0031/checkpoint-208/rng_state.pth,14645,0.000014,removed optimizer/scheduler/RNG training state; model checkpoint files retained
checkpoints/hpo-v3_convnext_base_fb_in22k_ft_in1k_nicme_v3_hybrid_s42_trial0031/checkpoint-208/scheduler.pt,1465,0.000001,removed optimizer/scheduler/RNG training state; model checkpoint files retained
checkpoints/hpo-v3_convnext_base_fb_in22k_ft_in1k_nicme_v3_hybrid_s42_trial0032/checkpoint-208/optimizer.pt,700906667,0.652770,removed optimizer/scheduler/RNG training state; model checkpoint files retained
checkpoints/hpo-v3_convnext_base_fb_in22k_ft_in1k_nicme_v3_hybrid_s42_trial0032/checkpoint-208/rng_state.pth,14645,0.000014,removed optimizer/scheduler/RNG training state; model checkpoint files retained
checkpoints/hpo-v3_convnext_base_fb_in22k_ft_in1k_nicme_v3_hybrid_s42_trial0032/checkpoint-208/scheduler.pt,1465,0.000001,removed optimizer/scheduler/RNG training state; model checkpoint files retained
checkpoints/hpo-v3_convnext_base_fb_in22k_ft_in1k_nicme_v3_hybrid_s42_trial0033/checkpoint-144/optimizer.pt,700906667,0.652770,removed optimizer/scheduler/RNG training state; model checkpoint files retained
checkpoints/hpo-v3_convnext_base_fb_in22k_ft_in1k_nicme_v3_hybrid_s42_trial0033/checkpoint-144/rng_state.pth,14645,0.000014,removed optimizer/scheduler/RNG training state; model checkpoint files retained
checkpoints/hpo-v3_convnext_base_fb_in22k_ft_in1k_nicme_v3_hybrid_s42_trial0033/checkpoint-144/scheduler.pt,1465,0.000001,removed optimizer/scheduler/RNG training state; model checkpoint files retained
checkpoints/hpo-v3_convnext_base_fb_in22k_ft_in1k_nicme_v3_hybrid_s42_trial0034/checkpoint-224/optimizer.pt,700906667,0.652770,removed optimizer/scheduler/RNG training state; model checkpoint files retained
checkpoints/hpo-v3_convnext_base_fb_in22k_ft_in1k_nicme_v3_hybrid_s42_trial0034/checkpoint-224/rng_state.pth,14645,0.000014,removed optimizer/scheduler/RNG training state; model checkpoint files retained
checkpoints/hpo-v3_convnext_base_fb_in22k_ft_in1k_nicme_v3_hybrid_s42_trial0034/checkpoint-224/scheduler.pt,1465,0.000001,removed optimizer/scheduler/RNG training state; model checkpoint files retained
checkpoints/hpo-v3_convnext_base_fb_in22k_ft_in1k_nicme_v3_hybrid_s42_trial0035/checkpoint-144/optimizer.pt,700906667,0.652770,removed optimizer/scheduler/RNG training state; model checkpoint files retained
checkpoints/hpo-v3_convnext_base_fb_in22k_ft_in1k_nicme_v3_hybrid_s42_trial0035/checkpoint-144/rng_state.pth,14645,0.000014,removed optimizer/scheduler/RNG training state; model checkpoint files retained
checkpoints/hpo-v3_convnext_base_fb_in22k_ft_in1k_nicme_v3_hybrid_s42_trial0035/checkpoint-144/scheduler.pt,1465,0.000001,removed optimizer/scheduler/RNG training state; model checkpoint files retained
checkpoints/hpo-v3_convnext_base_fb_in22k_ft_in1k_nicme_v3_hybrid_s42_trial0036/checkpoint-128/optimizer.pt,700906667,0.652770,removed optimizer/scheduler/RNG training state; model checkpoint files retained
checkpoints/hpo-v3_convnext_base_fb_in22k_ft_in1k_nicme_v3_hybrid_s42_trial0036/checkpoint-128/rng_state.pth,14645,0.000014,removed optimizer/scheduler/RNG training state; model checkpoint files retained
checkpoints/hpo-v3_convnext_base_fb_in22k_ft_in1k_nicme_v3_hybrid_s42_trial0036/checkpoint-128/scheduler.pt,1465,0.000001,removed optimizer/scheduler/RNG training state; model checkpoint files retained
checkpoints/hpo-v3_convnext_base_fb_in22k_ft_in1k_nicme_v3_hybrid_s42_trial0037/checkpoint-128/optimizer.pt,700906667,0.652770,removed optimizer/scheduler/RNG training state; model checkpoint files retained
checkpoints/hpo-v3_convnext_base_fb_in22k_ft_in1k_nicme_v3_hybrid_s42_trial0037/checkpoint-128/rng_state.pth,14645,0.000014,removed optimizer/scheduler/RNG training state; model checkpoint files retained
checkpoints/hpo-v3_convnext_base_fb_in22k_ft_in1k_nicme_v3_hybrid_s42_trial0037/checkpoint-128/scheduler.pt,1465,0.000001,removed optimizer/scheduler/RNG training state; model checkpoint files retained
checkpoints/hpo-v3_convnext_base_fb_in22k_ft_in1k_nicme_v3_hybrid_s42_trial0038/checkpoint-144/optimizer.pt,700906667,0.652770,removed optimizer/scheduler/RNG training state; model checkpoint files retained
checkpoints/hpo-v3_convnext_base_fb_in22k_ft_in1k_nicme_v3_hybrid_s42_trial0038/checkpoint-144/rng_state.pth,14645,0.000014,removed optimizer/scheduler/RNG training state; model checkpoint files retained
checkpoints/hpo-v3_convnext_base_fb_in22k_ft_in1k_nicme_v3_hybrid_s42_trial0038/checkpoint-144/scheduler.pt,1465,0.000001,removed optimizer/scheduler/RNG training state; model checkpoint files retained
checkpoints/hpo-v3_convnext_base_fb_in22k_ft_in1k_nicme_v3_hybrid_s42_trial0039/checkpoint-128/optimizer.pt,700906667,0.652770,removed optimizer/scheduler/RNG training state; model checkpoint files retained
checkpoints/hpo-v3_convnext_base_fb_in22k_ft_in1k_nicme_v3_hybrid_s42_trial0039/checkpoint-128/rng_state.pth,14645,0.000014,removed optimizer/scheduler/RNG training state; model checkpoint files retained
checkpoints/hpo-v3_convnext_base_fb_in22k_ft_in1k_nicme_v3_hybrid_s42_trial0039/checkpoint-128/scheduler.pt,1465,0.000001,removed optimizer/scheduler/RNG training state; model checkpoint files retained
checkpoints/hpo-v3_convnext_base_fb_in22k_ft_in1k_nicme_v3_hybrid_s42_trial0040/checkpoint-128/optimizer.pt,700906667,0.652770,removed optimizer/scheduler/RNG training state; model checkpoint files retained
checkpoints/hpo-v3_convnext_base_fb_in22k_ft_in1k_nicme_v3_hybrid_s42_trial0040/checkpoint-128/rng_state.pth,14645,0.000014,removed optimizer/scheduler/RNG training state; model checkpoint files retained
checkpoints/hpo-v3_convnext_base_fb_in22k_ft_in1k_nicme_v3_hybrid_s42_trial0040/checkpoint-128/scheduler.pt,1465,0.000001,removed optimizer/scheduler/RNG training state; model checkpoint files retained
checkpoints/hpo-v3_convnext_base_fb_in22k_ft_in1k_nicme_v3_hybrid_s42_trial0041/checkpoint-256/optimizer.pt,700906667,0.652770,removed optimizer/scheduler/RNG training state; model checkpoint files retained
checkpoints/hpo-v3_convnext_base_fb_in22k_ft_in1k_nicme_v3_hybrid_s42_trial0041/checkpoint-256/rng_state.pth,14645,0.000014,removed optimizer/scheduler/RNG training state; model checkpoint files retained
checkpoints/hpo-v3_convnext_base_fb_in22k_ft_in1k_nicme_v3_hybrid_s42_trial0041/checkpoint-256/scheduler.pt,1465,0.000001,removed optimizer/scheduler/RNG training state; model checkpoint files retained
checkpoints/hpo-v3_convnext_base_fb_in22k_ft_in1k_nicme_v3_hybrid_s42_trial0042/checkpoint-224/optimizer.pt,700906667,0.652770,removed optimizer/scheduler/RNG training state; model checkpoint files retained
checkpoints/hpo-v3_convnext_base_fb_in22k_ft_in1k_nicme_v3_hybrid_s42_trial0042/checkpoint-224/rng_state.pth,14645,0.000014,removed optimizer/scheduler/RNG training state; model checkpoint files retained
checkpoints/hpo-v3_convnext_base_fb_in22k_ft_in1k_nicme_v3_hybrid_s42_trial0042/checkpoint-224/scheduler.pt,1465,0.000001,removed optimizer/scheduler/RNG training state; model checkpoint files retained
checkpoints/hpo-v3_convnext_base_fb_in22k_ft_in1k_nicme_v3_hybrid_s42_trial0043/checkpoint-144/optimizer.pt,700906667,0.652770,removed optimizer/scheduler/RNG training state; model checkpoint files retained
checkpoints/hpo-v3_convnext_base_fb_in22k_ft_in1k_nicme_v3_hybrid_s42_trial0043/checkpoint-144/rng_state.pth,14645,0.000014,removed optimizer/scheduler/RNG training state; model checkpoint files retained
checkpoints/hpo-v3_convnext_base_fb_in22k_ft_in1k_nicme_v3_hybrid_s42_trial0043/checkpoint-144/scheduler.pt,1465,0.000001,removed optimizer/scheduler/RNG training state; model checkpoint files retained
checkpoints/hpo-v3_convnext_base_fb_in22k_ft_in1k_nicme_v3_hybrid_s42_trial0044/checkpoint-224/optimizer.pt,700906667,0.652770,removed optimizer/scheduler/RNG training state; model checkpoint files retained
checkpoints/hpo-v3_convnext_base_fb_in22k_ft_in1k_nicme_v3_hybrid_s42_trial0044/checkpoint-224/rng_state.pth,14645,0.000014,removed optimizer/scheduler/RNG training state; model checkpoint files retained
checkpoints/hpo-v3_convnext_base_fb_in22k_ft_in1k_nicme_v3_hybrid_s42_trial0044/checkpoint-224/scheduler.pt,1465,0.000001,removed optimizer/scheduler/RNG training state; model checkpoint files retained
checkpoints/hpo-v3_convnext_base_fb_in22k_ft_in1k_nicme_v3_hybrid_s42_trial0045/checkpoint-272/optimizer.pt,700906667,0.652770,removed optimizer/scheduler/RNG training state; model checkpoint files retained
checkpoints/hpo-v3_convnext_base_fb_in22k_ft_in1k_nicme_v3_hybrid_s42_trial0045/checkpoint-272/rng_state.pth,14581,0.000014,removed optimizer/scheduler/RNG training state; model checkpoint files retained
checkpoints/hpo-v3_convnext_base_fb_in22k_ft_in1k_nicme_v3_hybrid_s42_trial0045/checkpoint-272/scheduler.pt,1465,0.000001,removed optimizer/scheduler/RNG training state; model checkpoint files retained
checkpoints/hpo-v3_convnext_base_fb_in22k_ft_in1k_nicme_v3_hybrid_s42_trial0046/checkpoint-144/optimizer.pt,700906667,0.652770,removed optimizer/scheduler/RNG training state; model checkpoint files retained
checkpoints/hpo-v3_convnext_base_fb_in22k_ft_in1k_nicme_v3_hybrid_s42_trial0046/checkpoint-144/rng_state.pth,14645,0.000014,removed optimizer/scheduler/RNG training state; model checkpoint files retained
checkpoints/hpo-v3_convnext_base_fb_in22k_ft_in1k_nicme_v3_hybrid_s42_trial0046/checkpoint-144/scheduler.pt,1465,0.000001,removed optimizer/scheduler/RNG training state; model checkpoint files retained
checkpoints/hpo-v3_convnext_base_fb_in22k_ft_in1k_nicme_v3_hybrid_s42_trial0047/checkpoint-128/optimizer.pt,700906667,0.652770,removed optimizer/scheduler/RNG training state; model checkpoint files retained
checkpoints/hpo-v3_convnext_base_fb_in22k_ft_in1k_nicme_v3_hybrid_s42_trial0047/checkpoint-128/rng_state.pth,14645,0.000014,removed optimizer/scheduler/RNG training state; model checkpoint files retained
checkpoints/hpo-v3_convnext_base_fb_in22k_ft_in1k_nicme_v3_hybrid_s42_trial0047/checkpoint-128/scheduler.pt,1465,0.000001,removed optimizer/scheduler/RNG training state; model checkpoint files retained
checkpoints/hpo-v3_convnext_base_fb_in22k_ft_in1k_nicme_v3_hybrid_s42_trial0048/checkpoint-48/optimizer.pt,700906667,0.652770,removed optimizer/scheduler/RNG training state; model checkpoint files retained
checkpoints/hpo-v3_convnext_base_fb_in22k_ft_in1k_nicme_v3_hybrid_s42_trial0048/checkpoint-48/rng_state.pth,14645,0.000014,removed optimizer/scheduler/RNG training state; model checkpoint files retained
checkpoints/hpo-v3_convnext_base_fb_in22k_ft_in1k_nicme_v3_hybrid_s42_trial0048/checkpoint-48/scheduler.pt,1465,0.000001,removed optimizer/scheduler/RNG training state; model checkpoint files retained
checkpoints/hpo-v3_convnext_base_fb_in22k_ft_in1k_nicme_v3_hybrid_s42_trial0049/checkpoint-208/optimizer.pt,700906667,0.652770,removed optimizer/scheduler/RNG training state; model checkpoint files retained
checkpoints/hpo-v3_convnext_base_fb_in22k_ft_in1k_nicme_v3_hybrid_s42_trial0049/checkpoint-208/rng_state.pth,14645,0.000014,removed optimizer/scheduler/RNG training state; model checkpoint files retained
checkpoints/hpo-v3_convnext_base_fb_in22k_ft_in1k_nicme_v3_hybrid_s42_trial0049/checkpoint-208/scheduler.pt,1465,0.000001,removed optimizer/scheduler/RNG training state; model checkpoint files retained
checkpoints/hpo-v3_convnext_base_fb_in22k_ft_in1k_nicme_v3_hybrid_s42_trial0050/checkpoint-160/optimizer.pt,700906667,0.652770,removed optimizer/scheduler/RNG training state; model checkpoint files retained
checkpoints/hpo-v3_convnext_base_fb_in22k_ft_in1k_nicme_v3_hybrid_s42_trial0050/checkpoint-160/rng_state.pth,14581,0.000014,removed optimizer/scheduler/RNG training state; model checkpoint files retained
checkpoints/hpo-v3_convnext_base_fb_in22k_ft_in1k_nicme_v3_hybrid_s42_trial0050/checkpoint-160/scheduler.pt,1465,0.000001,removed optimizer/scheduler/RNG training state; model checkpoint files retained
checkpoints/hpo-v3_convnext_base_fb_in22k_ft_in1k_nicme_v3_hybrid_s42_trial0051/checkpoint-144/optimizer.pt,700906667,0.652770,removed optimizer/scheduler/RNG training state; model checkpoint files retained
checkpoints/hpo-v3_convnext_base_fb_in22k_ft_in1k_nicme_v3_hybrid_s42_trial0051/checkpoint-144/rng_state.pth,14645,0.000014,removed optimizer/scheduler/RNG training state; model checkpoint files retained
checkpoints/hpo-v3_convnext_base_fb_in22k_ft_in1k_nicme_v3_hybrid_s42_trial0051/checkpoint-144/scheduler.pt,1465,0.000001,removed optimizer/scheduler/RNG training state; model checkpoint files retained
checkpoints/hpo-v3_convnext_base_fb_in22k_ft_in1k_nicme_v3_hybrid_s42_trial0052/checkpoint-256/optimizer.pt,700906667,0.652770,removed optimizer/scheduler/RNG training state; model checkpoint files retained
checkpoints/hpo-v3_convnext_base_fb_in22k_ft_in1k_nicme_v3_hybrid_s42_trial0052/checkpoint-256/rng_state.pth,14645,0.000014,removed optimizer/scheduler/RNG training state; model checkpoint files retained
checkpoints/hpo-v3_convnext_base_fb_in22k_ft_in1k_nicme_v3_hybrid_s42_trial0052/checkpoint-256/scheduler.pt,1465,0.000001,removed optimizer/scheduler/RNG training state; model checkpoint files retained
checkpoints/hpo-v3_convnext_base_fb_in22k_ft_in1k_nicme_v3_hybrid_s42_trial0053/checkpoint-176/optimizer.pt,700906667,0.652770,removed optimizer/scheduler/RNG training state; model checkpoint files retained
checkpoints/hpo-v3_convnext_base_fb_in22k_ft_in1k_nicme_v3_hybrid_s42_trial0053/checkpoint-176/rng_state.pth,14645,0.000014,removed optimizer/scheduler/RNG training state; model checkpoint files retained
checkpoints/hpo-v3_convnext_base_fb_in22k_ft_in1k_nicme_v3_hybrid_s42_trial0053/checkpoint-176/scheduler.pt,1465,0.000001,removed optimizer/scheduler/RNG training state; model checkpoint files retained
checkpoints/hpo-v3_convnext_base_fb_in22k_ft_in1k_nicme_v3_hybrid_s42_trial0054/checkpoint-144/optimizer.pt,700906667,0.652770,removed optimizer/scheduler/RNG training state; model checkpoint files retained
checkpoints/hpo-v3_convnext_base_fb_in22k_ft_in1k_nicme_v3_hybrid_s42_trial0054/checkpoint-144/rng_state.pth,14645,0.000014,removed optimizer/scheduler/RNG training state; model checkpoint files retained
checkpoints/hpo-v3_convnext_base_fb_in22k_ft_in1k_nicme_v3_hybrid_s42_trial0054/checkpoint-144/scheduler.pt,1465,0.000001,removed optimizer/scheduler/RNG training state; model checkpoint files retained
checkpoints/hpo-v3_convnext_base_fb_in22k_ft_in1k_nicme_v3_hybrid_s42_trial0055/checkpoint-96/optimizer.pt,700906667,0.652770,removed optimizer/scheduler/RNG training state; model checkpoint files retained
checkpoints/hpo-v3_convnext_base_fb_in22k_ft_in1k_nicme_v3_hybrid_s42_trial0055/checkpoint-96/rng_state.pth,14645,0.000014,removed optimizer/scheduler/RNG training state; model checkpoint files retained
checkpoints/hpo-v3_convnext_base_fb_in22k_ft_in1k_nicme_v3_hybrid_s42_trial0055/checkpoint-96/scheduler.pt,1465,0.000001,removed optimizer/scheduler/RNG training state; model checkpoint files retained
checkpoints/hpo-v3_convnext_base_fb_in22k_ft_in1k_nicme_v3_hybrid_s42_trial0056/checkpoint-144/optimizer.pt,700906667,0.652770,removed optimizer/scheduler/RNG training state; model checkpoint files retained
checkpoints/hpo-v3_convnext_base_fb_in22k_ft_in1k_nicme_v3_hybrid_s42_trial0056/checkpoint-144/rng_state.pth,14645,0.000014,removed optimizer/scheduler/RNG training state; model checkpoint files retained
checkpoints/hpo-v3_convnext_base_fb_in22k_ft_in1k_nicme_v3_hybrid_s42_trial0056/checkpoint-144/scheduler.pt,1465,0.000001,removed optimizer/scheduler/RNG training state; model checkpoint files retained
checkpoints/hpo-v3_convnext_base_fb_in22k_ft_in1k_nicme_v3_hybrid_s42_trial0057/checkpoint-144/optimizer.pt,700906667,0.652770,removed optimizer/scheduler/RNG training state; model checkpoint files retained
checkpoints/hpo-v3_convnext_base_fb_in22k_ft_in1k_nicme_v3_hybrid_s42_trial0057/checkpoint-144/rng_state.pth,14645,0.000014,removed optimizer/scheduler/RNG training state; model checkpoint files retained
checkpoints/hpo-v3_convnext_base_fb_in22k_ft_in1k_nicme_v3_hybrid_s42_trial0057/checkpoint-144/scheduler.pt,1465,0.000001,removed optimizer/scheduler/RNG training state; model checkpoint files retained
checkpoints/hpo-v3_convnext_base_fb_in22k_ft_in1k_nicme_v3_hybrid_s42_trial0058/checkpoint-128/optimizer.pt,700906667,0.652770,removed optimizer/scheduler/RNG training state; model checkpoint files retained
checkpoints/hpo-v3_convnext_base_fb_in22k_ft_in1k_nicme_v3_hybrid_s42_trial0058/checkpoint-128/rng_state.pth,14645,0.000014,removed optimizer/scheduler/RNG training state; model checkpoint files retained
checkpoints/hpo-v3_convnext_base_fb_in22k_ft_in1k_nicme_v3_hybrid_s42_trial0058/checkpoint-128/scheduler.pt,1465,0.000001,removed optimizer/scheduler/RNG training state; model checkpoint files retained
checkpoints/hpo-v3_convnext_base_fb_in22k_ft_in1k_nicme_v3_hybrid_s42_trial0059/checkpoint-144/optimizer.pt,700906667,0.652770,removed optimizer/scheduler/RNG training state; model checkpoint files retained
checkpoints/hpo-v3_convnext_base_fb_in22k_ft_in1k_nicme_v3_hybrid_s42_trial0059/checkpoint-144/rng_state.pth,14645,0.000014,removed optimizer/scheduler/RNG training state; model checkpoint files retained
checkpoints/hpo-v3_convnext_base_fb_in22k_ft_in1k_nicme_v3_hybrid_s42_trial0059/checkpoint-144/scheduler.pt,1465,0.000001,removed optimizer/scheduler/RNG training state; model checkpoint files retained
checkpoints/hpo-v3_convnext_base_fb_in22k_ft_in1k_nicme_v3_hybrid_s42_trial0060/checkpoint-144/optimizer.pt,700906667,0.652770,removed optimizer/scheduler/RNG training state; model checkpoint files retained
checkpoints/hpo-v3_convnext_base_fb_in22k_ft_in1k_nicme_v3_hybrid_s42_trial0060/checkpoint-144/rng_state.pth,14645,0.000014,removed optimizer/scheduler/RNG training state; model checkpoint files retained
checkpoints/hpo-v3_convnext_base_fb_in22k_ft_in1k_nicme_v3_hybrid_s42_trial0060/checkpoint-144/scheduler.pt,1465,0.000001,removed optimizer/scheduler/RNG training state; model checkpoint files retained
checkpoints/hpo-v3_convnext_base_fb_in22k_ft_in1k_nicme_v3_hybrid_s42_trial0061/checkpoint-224/optimizer.pt,700906667,0.652770,removed optimizer/scheduler/RNG training state; model checkpoint files retained
checkpoints/hpo-v3_convnext_base_fb_in22k_ft_in1k_nicme_v3_hybrid_s42_trial0061/checkpoint-224/rng_state.pth,14645,0.000014,removed optimizer/scheduler/RNG training state; model checkpoint files retained
checkpoints/hpo-v3_convnext_base_fb_in22k_ft_in1k_nicme_v3_hybrid_s42_trial0061/checkpoint-224/scheduler.pt,1465,0.000001,removed optimizer/scheduler/RNG training state; model checkpoint files retained
checkpoints/hpo-v3_convnext_base_fb_in22k_ft_in1k_nicme_v3_hybrid_s42_trial0062/checkpoint-240/optimizer.pt,700906667,0.652770,removed optimizer/scheduler/RNG training state; model checkpoint files retained
checkpoints/hpo-v3_convnext_base_fb_in22k_ft_in1k_nicme_v3_hybrid_s42_trial0062/checkpoint-240/rng_state.pth,14645,0.000014,removed optimizer/scheduler/RNG training state; model checkpoint files retained
checkpoints/hpo-v3_convnext_base_fb_in22k_ft_in1k_nicme_v3_hybrid_s42_trial0062/checkpoint-240/scheduler.pt,1465,0.000001,removed optimizer/scheduler/RNG training state; model checkpoint files retained
checkpoints/hpo-v3_convnext_base_fb_in22k_ft_in1k_nicme_v3_hybrid_s42_trial0063/checkpoint-96/optimizer.pt,700906667,0.652770,removed optimizer/scheduler/RNG training state; model checkpoint files retained
checkpoints/hpo-v3_convnext_base_fb_in22k_ft_in1k_nicme_v3_hybrid_s42_trial0063/checkpoint-96/rng_state.pth,14645,0.000014,removed optimizer/scheduler/RNG training state; model checkpoint files retained
checkpoints/hpo-v3_convnext_base_fb_in22k_ft_in1k_nicme_v3_hybrid_s42_trial0063/checkpoint-96/scheduler.pt,1465,0.000001,removed optimizer/scheduler/RNG training state; model checkpoint files retained
checkpoints/hpo_search/run-0/checkpoint-684/optimizer.pt,188156363,0.175234,removed optimizer/scheduler/RNG training state; model checkpoint files retained
checkpoints/hpo_search/run-0/checkpoint-684/rng_state.pth,14645,0.000014,removed optimizer/scheduler/RNG training state; model checkpoint files retained
checkpoints/hpo_search/run-0/checkpoint-684/scheduler.pt,1465,0.000001,removed optimizer/scheduler/RNG training state; model checkpoint files retained
checkpoints/hpo_search/run-1/checkpoint-1140/optimizer.pt,188156363,0.175234,removed optimizer/scheduler/RNG training state; model checkpoint files retained
checkpoints/hpo_search/run-1/checkpoint-1140/rng_state.pth,14645,0.000014,removed optimizer/scheduler/RNG training state; model checkpoint files retained
checkpoints/hpo_search/run-1/checkpoint-1140/scheduler.pt,1465,0.000001,removed optimizer/scheduler/RNG training state; model checkpoint files retained
checkpoints/hpo_search/run-10/checkpoint-152/optimizer.pt,186404427,0.173603,removed optimizer/scheduler/RNG training state; model checkpoint files retained
checkpoints/hpo_search/run-10/checkpoint-152/rng_state.pth,14645,0.000014,removed optimizer/scheduler/RNG training state; model checkpoint files retained
checkpoints/hpo_search/run-10/checkpoint-152/scheduler.pt,1465,0.000001,removed optimizer/scheduler/RNG training state; model checkpoint files retained
checkpoints/hpo_search/run-11/checkpoint-57/optimizer.pt,186404427,0.173603,removed optimizer/scheduler/RNG training state; model checkpoint files retained
checkpoints/hpo_search/run-11/checkpoint-57/rng_state.pth,14645,0.000014,removed optimizer/scheduler/RNG training state; model checkpoint files retained
checkpoints/hpo_search/run-11/checkpoint-57/scheduler.pt,1465,0.000001,removed optimizer/scheduler/RNG training state; model checkpoint files retained
checkpoints/hpo_search/run-15/checkpoint-38/optimizer.pt,176614539,0.164485,removed optimizer/scheduler/RNG training state; model checkpoint files retained
checkpoints/hpo_search/run-15/checkpoint-38/rng_state.pth,14645,0.000014,removed optimizer/scheduler/RNG training state; model checkpoint files retained
checkpoints/hpo_search/run-15/checkpoint-38/scheduler.pt,1465,0.000001,removed optimizer/scheduler/RNG training state; model checkpoint files retained
checkpoints/hpo_search/run-2/checkpoint-190/optimizer.pt,188235211,0.175308,removed optimizer/scheduler/RNG training state; model checkpoint files retained
checkpoints/hpo_search/run-2/checkpoint-190/rng_state.pth,14645,0.000014,removed optimizer/scheduler/RNG training state; model checkpoint files retained
checkpoints/hpo_search/run-2/checkpoint-190/scheduler.pt,1465,0.000001,removed optimizer/scheduler/RNG training state; model checkpoint files retained
checkpoints/hpo_search/run-3/checkpoint-874/optimizer.pt,186404427,0.173603,removed optimizer/scheduler/RNG training state; model checkpoint files retained
checkpoints/hpo_search/run-3/checkpoint-874/rng_state.pth,14645,0.000014,removed optimizer/scheduler/RNG training state; model checkpoint files retained
checkpoints/hpo_search/run-3/checkpoint-874/scheduler.pt,1465,0.000001,removed optimizer/scheduler/RNG training state; model checkpoint files retained
checkpoints/hpo_search/run-4/checkpoint-152/optimizer.pt,176614539,0.164485,removed optimizer/scheduler/RNG training state; model checkpoint files retained
checkpoints/hpo_search/run-4/checkpoint-152/rng_state.pth,14645,0.000014,removed optimizer/scheduler/RNG training state; model checkpoint files retained
checkpoints/hpo_search/run-4/checkpoint-152/scheduler.pt,1465,0.000001,removed optimizer/scheduler/RNG training state; model checkpoint files retained
checkpoints/mc1_eyepacs_dr_balanced_cnx_ce_s42/checkpoint-5/optimizer.pt,222746955,0.207449,removed optimizer/scheduler/RNG training state; model checkpoint files retained
checkpoints/mc1_eyepacs_dr_balanced_cnx_ce_s42/checkpoint-5/rng_state.pth,14645,0.000014,removed optimizer/scheduler/RNG training state; model checkpoint files retained
checkpoints/mc1_eyepacs_dr_balanced_cnx_ce_s42/checkpoint-5/scheduler.pt,1465,0.000001,removed optimizer/scheduler/RNG training state; model checkpoint files retained
checkpoints/mc1_eyepacs_dr_balanced_cnx_ce_s42_multiclass_mc1_final2_mc1_abc0e1f6/checkpoint-5/optimizer.pt,222746955,0.207449,removed optimizer/scheduler/RNG training state; model checkpoint files retained
checkpoints/mc1_eyepacs_dr_balanced_cnx_ce_s42_multiclass_mc1_final2_mc1_abc0e1f6/checkpoint-5/rng_state.pth,14645,0.000014,removed optimizer/scheduler/RNG training state; model checkpoint files retained
checkpoints/mc1_eyepacs_dr_balanced_cnx_ce_s42_multiclass_mc1_final2_mc1_abc0e1f6/checkpoint-5/scheduler.pt,1465,0.000001,removed optimizer/scheduler/RNG training state; model checkpoint files retained
checkpoints/mc1_eyepacs_dr_balanced_cnx_ce_s42_multiclass_mc1_hardened_20260430_mc1_a1_10631e93/checkpoint-5/optimizer.pt,222746955,0.207449,removed optimizer/scheduler/RNG training state; model checkpoint files retained
checkpoints/mc1_eyepacs_dr_balanced_cnx_ce_s42_multiclass_mc1_hardened_20260430_mc1_a1_10631e93/checkpoint-5/rng_state.pth,14645,0.000014,removed optimizer/scheduler/RNG training state; model checkpoint files retained
checkpoints/mc1_eyepacs_dr_balanced_cnx_ce_s42_multiclass_mc1_hardened_20260430_mc1_a1_10631e93/checkpoint-5/scheduler.pt,1465,0.000001,removed optimizer/scheduler/RNG training state; model checkpoint files retained
checkpoints/mc1_eyepacs_dr_balanced_cnx_ce_s42_multiclass_mc1_hardened_v2_20260430_mc1_a1_66fff911/checkpoint-5/optimizer.pt,222746955,0.207449,removed optimizer/scheduler/RNG training state; model checkpoint files retained
checkpoints/mc1_eyepacs_dr_balanced_cnx_ce_s42_multiclass_mc1_hardened_v2_20260430_mc1_a1_66fff911/checkpoint-5/rng_state.pth,14645,0.000014,removed optimizer/scheduler/RNG training state; model checkpoint files retained
checkpoints/mc1_eyepacs_dr_balanced_cnx_ce_s42_multiclass_mc1_hardened_v2_20260430_mc1_a1_66fff911/checkpoint-5/scheduler.pt,1465,0.000001,removed optimizer/scheduler/RNG training state; model checkpoint files retained
checkpoints/mc1_eyepacs_dr_balanced_cnx_nicme_hybrid_s42/checkpoint-5/optimizer.pt,222746955,0.207449,removed optimizer/scheduler/RNG training state; model checkpoint files retained
checkpoints/mc1_eyepacs_dr_balanced_cnx_nicme_hybrid_s42/checkpoint-5/rng_state.pth,14645,0.000014,removed optimizer/scheduler/RNG training state; model checkpoint files retained
checkpoints/mc1_eyepacs_dr_balanced_cnx_nicme_hybrid_s42/checkpoint-5/scheduler.pt,1465,0.000001,removed optimizer/scheduler/RNG training state; model checkpoint files retained
checkpoints/mc1_eyepacs_dr_balanced_cnx_nicme_hybrid_s42_multiclass_mc1_final2_mc1_da72a1a3/checkpoint-5/optimizer.pt,222746955,0.207449,removed optimizer/scheduler/RNG training state; model checkpoint files retained
checkpoints/mc1_eyepacs_dr_balanced_cnx_nicme_hybrid_s42_multiclass_mc1_final2_mc1_da72a1a3/checkpoint-5/rng_state.pth,14645,0.000014,removed optimizer/scheduler/RNG training state; model checkpoint files retained
checkpoints/mc1_eyepacs_dr_balanced_cnx_nicme_hybrid_s42_multiclass_mc1_final2_mc1_da72a1a3/checkpoint-5/scheduler.pt,1465,0.000001,removed optimizer/scheduler/RNG training state; model checkpoint files retained
checkpoints/mc1_eyepacs_dr_balanced_cnx_nicme_hybrid_s42_multiclass_mc1_hardened_20260430_mc1_a1_e6f3a148/checkpoint-5/optimizer.pt,222746955,0.207449,removed optimizer/scheduler/RNG training state; model checkpoint files retained
checkpoints/mc1_eyepacs_dr_balanced_cnx_nicme_hybrid_s42_multiclass_mc1_hardened_20260430_mc1_a1_e6f3a148/checkpoint-5/rng_state.pth,14645,0.000014,removed optimizer/scheduler/RNG training state; model checkpoint files retained
checkpoints/mc1_eyepacs_dr_balanced_cnx_nicme_hybrid_s42_multiclass_mc1_hardened_20260430_mc1_a1_e6f3a148/checkpoint-5/scheduler.pt,1465,0.000001,removed optimizer/scheduler/RNG training state; model checkpoint files retained
checkpoints/mc1_eyepacs_dr_balanced_cnx_nicme_hybrid_s42_multiclass_mc1_hardened_v2_20260430_mc1_a1_0086a9ba/checkpoint-5/optimizer.pt,222746955,0.207449,removed optimizer/scheduler/RNG training state; model checkpoint files retained
checkpoints/mc1_eyepacs_dr_balanced_cnx_nicme_hybrid_s42_multiclass_mc1_hardened_v2_20260430_mc1_a1_0086a9ba/checkpoint-5/rng_state.pth,14645,0.000014,removed optimizer/scheduler/RNG training state; model checkpoint files retained
checkpoints/mc1_eyepacs_dr_balanced_cnx_nicme_hybrid_s42_multiclass_mc1_hardened_v2_20260430_mc1_a1_0086a9ba/checkpoint-5/scheduler.pt,1465,0.000001,removed optimizer/scheduler/RNG training state; model checkpoint files retained
checkpoints/mc1_eyepacs_dr_balanced_convnext_ce_calibrated_cost_min_seed42/checkpoint-5/optimizer.pt,222746955,0.207449,removed optimizer/scheduler/RNG training state; model checkpoint files retained
checkpoints/mc1_eyepacs_dr_balanced_convnext_ce_calibrated_cost_min_seed42/checkpoint-5/rng_state.pth,14645,0.000014,removed optimizer/scheduler/RNG training state; model checkpoint files retained
checkpoints/mc1_eyepacs_dr_balanced_convnext_ce_calibrated_cost_min_seed42/checkpoint-5/scheduler.pt,1465,0.000001,removed optimizer/scheduler/RNG training state; model checkpoint files retained
checkpoints/mc1_eyepacs_dr_balanced_convnext_ce_seed42/checkpoint-5/optimizer.pt,222746955,0.207449,removed optimizer/scheduler/RNG training state; model checkpoint files retained
checkpoints/mc1_eyepacs_dr_balanced_convnext_ce_seed42/checkpoint-5/rng_state.pth,14645,0.000014,removed optimizer/scheduler/RNG training state; model checkpoint files retained
checkpoints/mc1_eyepacs_dr_balanced_convnext_ce_seed42/checkpoint-5/scheduler.pt,1465,0.000001,removed optimizer/scheduler/RNG training state; model checkpoint files retained
checkpoints/mc1_eyepacs_dr_balanced_convnext_nicme_hybrid_seed42/checkpoint-5/optimizer.pt,222746955,0.207449,removed optimizer/scheduler/RNG training state; model checkpoint files retained
checkpoints/mc1_eyepacs_dr_balanced_convnext_nicme_hybrid_seed42/checkpoint-5/rng_state.pth,14645,0.000014,removed optimizer/scheduler/RNG training state; model checkpoint files retained
checkpoints/mc1_eyepacs_dr_balanced_convnext_nicme_hybrid_seed42/checkpoint-5/scheduler.pt,1465,0.000001,removed optimizer/scheduler/RNG training state; model checkpoint files retained
checkpoints/mc1_eyepacs_dr_balanced_d3cnx_lora_ce_s42/checkpoint-5/optimizer.pt,4347915,0.004049,removed optimizer/scheduler/RNG training state; model checkpoint files retained
checkpoints/mc1_eyepacs_dr_balanced_d3cnx_lora_ce_s42/checkpoint-5/rng_state.pth,14645,0.000014,removed optimizer/scheduler/RNG training state; model checkpoint files retained
checkpoints/mc1_eyepacs_dr_balanced_d3cnx_lora_ce_s42/checkpoint-5/scheduler.pt,1465,0.000001,removed optimizer/scheduler/RNG training state; model checkpoint files retained
checkpoints/mc1_eyepacs_dr_balanced_d3cnx_lora_ce_s42_multiclass_mc1_hardened_v2_20260430_mc1_a1_47bb365f/checkpoint-5/optimizer.pt,4347915,0.004049,removed optimizer/scheduler/RNG training state; model checkpoint files retained
checkpoints/mc1_eyepacs_dr_balanced_d3cnx_lora_ce_s42_multiclass_mc1_hardened_v2_20260430_mc1_a1_47bb365f/checkpoint-5/rng_state.pth,14645,0.000014,removed optimizer/scheduler/RNG training state; model checkpoint files retained
checkpoints/mc1_eyepacs_dr_balanced_d3cnx_lora_ce_s42_multiclass_mc1_hardened_v2_20260430_mc1_a1_47bb365f/checkpoint-5/scheduler.pt,1465,0.000001,removed optimizer/scheduler/RNG training state; model checkpoint files retained
checkpoints/mc1_eyepacs_dr_balanced_d3cnx_lora_nicme_hybrid_s42/checkpoint-5/optimizer.pt,4347915,0.004049,removed optimizer/scheduler/RNG training state; model checkpoint files retained
checkpoints/mc1_eyepacs_dr_balanced_d3cnx_lora_nicme_hybrid_s42/checkpoint-5/rng_state.pth,14645,0.000014,removed optimizer/scheduler/RNG training state; model checkpoint files retained
checkpoints/mc1_eyepacs_dr_balanced_d3cnx_lora_nicme_hybrid_s42/checkpoint-5/scheduler.pt,1465,0.000001,removed optimizer/scheduler/RNG training state; model checkpoint files retained
checkpoints/mc1_eyepacs_dr_balanced_d3cnx_lora_nicme_hybrid_s42_multiclass_mc1_hardened_v2_20260430_mc1_a1_ec5dfc5c/checkpoint-5/optimizer.pt,4347915,0.004049,removed optimizer/scheduler/RNG training state; model checkpoint files retained
checkpoints/mc1_eyepacs_dr_balanced_d3cnx_lora_nicme_hybrid_s42_multiclass_mc1_hardened_v2_20260430_mc1_a1_ec5dfc5c/checkpoint-5/rng_state.pth,14645,0.000014,removed optimizer/scheduler/RNG training state; model checkpoint files retained
checkpoints/mc1_eyepacs_dr_balanced_d3cnx_lora_nicme_hybrid_s42_multiclass_mc1_hardened_v2_20260430_mc1_a1_ec5dfc5c/checkpoint-5/scheduler.pt,1465,0.000001,removed optimizer/scheduler/RNG training state; model checkpoint files retained
checkpoints/mc1_eyepacs_dr_balanced_d3vit_lora_ce_s42/checkpoint-5/optimizer.pt,1218081,0.001134,removed optimizer/scheduler/RNG training state; model checkpoint files retained
checkpoints/mc1_eyepacs_dr_balanced_d3vit_lora_ce_s42/checkpoint-5/rng_state.pth,14645,0.000014,removed optimizer/scheduler/RNG training state; model checkpoint files retained
checkpoints/mc1_eyepacs_dr_balanced_d3vit_lora_ce_s42/checkpoint-5/scheduler.pt,1465,0.000001,removed optimizer/scheduler/RNG training state; model checkpoint files retained
checkpoints/mc1_eyepacs_dr_balanced_d3vit_lora_ce_s42_multiclass_mc1_hardened_20260430_mc1_a1_bee05c19/checkpoint-5/optimizer.pt,1218081,0.001134,removed optimizer/scheduler/RNG training state; model checkpoint files retained
checkpoints/mc1_eyepacs_dr_balanced_d3vit_lora_ce_s42_multiclass_mc1_hardened_20260430_mc1_a1_bee05c19/checkpoint-5/rng_state.pth,14645,0.000014,removed optimizer/scheduler/RNG training state; model checkpoint files retained
checkpoints/mc1_eyepacs_dr_balanced_d3vit_lora_ce_s42_multiclass_mc1_hardened_20260430_mc1_a1_bee05c19/checkpoint-5/scheduler.pt,1465,0.000001,removed optimizer/scheduler/RNG training state; model checkpoint files retained
checkpoints/mc1_eyepacs_dr_balanced_d3vit_lora_ce_s42_multiclass_mc1_hardened_v2_20260430_mc1_a1_1415240e/checkpoint-5/optimizer.pt,1218081,0.001134,removed optimizer/scheduler/RNG training state; model checkpoint files retained
checkpoints/mc1_eyepacs_dr_balanced_d3vit_lora_ce_s42_multiclass_mc1_hardened_v2_20260430_mc1_a1_1415240e/checkpoint-5/rng_state.pth,14645,0.000014,removed optimizer/scheduler/RNG training state; model checkpoint files retained
checkpoints/mc1_eyepacs_dr_balanced_d3vit_lora_ce_s42_multiclass_mc1_hardened_v2_20260430_mc1_a1_1415240e/checkpoint-5/scheduler.pt,1465,0.000001,removed optimizer/scheduler/RNG training state; model checkpoint files retained
checkpoints/mc1_eyepacs_dr_balanced_d3vit_lora_nicme_hybrid_s42/checkpoint-5/optimizer.pt,1218081,0.001134,removed optimizer/scheduler/RNG training state; model checkpoint files retained
checkpoints/mc1_eyepacs_dr_balanced_d3vit_lora_nicme_hybrid_s42/checkpoint-5/rng_state.pth,14645,0.000014,removed optimizer/scheduler/RNG training state; model checkpoint files retained
checkpoints/mc1_eyepacs_dr_balanced_d3vit_lora_nicme_hybrid_s42/checkpoint-5/scheduler.pt,1465,0.000001,removed optimizer/scheduler/RNG training state; model checkpoint files retained
checkpoints/mc1_eyepacs_dr_balanced_d3vit_lora_nicme_hybrid_s42_multiclass_mc1_final2_mc1_8cf6f555/checkpoint-5/optimizer.pt,1218081,0.001134,removed optimizer/scheduler/RNG training state; model checkpoint files retained
checkpoints/mc1_eyepacs_dr_balanced_d3vit_lora_nicme_hybrid_s42_multiclass_mc1_final2_mc1_8cf6f555/checkpoint-5/rng_state.pth,14645,0.000014,removed optimizer/scheduler/RNG training state; model checkpoint files retained
checkpoints/mc1_eyepacs_dr_balanced_d3vit_lora_nicme_hybrid_s42_multiclass_mc1_final2_mc1_8cf6f555/checkpoint-5/scheduler.pt,1465,0.000001,removed optimizer/scheduler/RNG training state; model checkpoint files retained
checkpoints/mc1_eyepacs_dr_balanced_d3vit_lora_nicme_hybrid_s42_multiclass_mc1_hardened_20260430_mc1_a1_9f64830d/checkpoint-5/optimizer.pt,1218081,0.001134,removed optimizer/scheduler/RNG training state; model checkpoint files retained
checkpoints/mc1_eyepacs_dr_balanced_d3vit_lora_nicme_hybrid_s42_multiclass_mc1_hardened_20260430_mc1_a1_9f64830d/checkpoint-5/rng_state.pth,14645,0.000014,removed optimizer/scheduler/RNG training state; model checkpoint files retained
checkpoints/mc1_eyepacs_dr_balanced_d3vit_lora_nicme_hybrid_s42_multiclass_mc1_hardened_20260430_mc1_a1_9f64830d/checkpoint-5/scheduler.pt,1465,0.000001,removed optimizer/scheduler/RNG training state; model checkpoint files retained
checkpoints/mc1_eyepacs_dr_balanced_d3vit_lora_nicme_hybrid_s42_multiclass_mc1_hardened_v2_20260430_mc1_a1_98d98a9d/checkpoint-5/optimizer.pt,1218081,0.001134,removed optimizer/scheduler/RNG training state; model checkpoint files retained
checkpoints/mc1_eyepacs_dr_balanced_d3vit_lora_nicme_hybrid_s42_multiclass_mc1_hardened_v2_20260430_mc1_a1_98d98a9d/checkpoint-5/rng_state.pth,14645,0.000014,removed optimizer/scheduler/RNG training state; model checkpoint files retained
checkpoints/mc1_eyepacs_dr_balanced_d3vit_lora_nicme_hybrid_s42_multiclass_mc1_hardened_v2_20260430_mc1_a1_98d98a9d/checkpoint-5/scheduler.pt,1465,0.000001,removed optimizer/scheduler/RNG training state; model checkpoint files retained
checkpoints/mc1_eyepacs_dr_balanced_fb_d3cnx_lora_ce_s42_multiclass_mc_fb1_official_smoke_20260501_mc1_a1_537cb0f5/checkpoint-5/optimizer.pt,4333963,0.004036,removed optimizer/scheduler/RNG training state; model checkpoint files retained
checkpoints/mc1_eyepacs_dr_balanced_fb_d3cnx_lora_ce_s42_multiclass_mc_fb1_official_smoke_20260501_mc1_a1_537cb0f5/checkpoint-5/rng_state.pth,14645,0.000014,removed optimizer/scheduler/RNG training state; model checkpoint files retained
checkpoints/mc1_eyepacs_dr_balanced_fb_d3cnx_lora_ce_s42_multiclass_mc_fb1_official_smoke_20260501_mc1_a1_537cb0f5/checkpoint-5/scheduler.pt,1465,0.000001,removed optimizer/scheduler/RNG training state; model checkpoint files retained
checkpoints/mc1_eyepacs_dr_balanced_fb_d3cnx_lora_ce_s42_multiclass_mc_fb2_lora_stability_20260501_mc1_a1_c05e85c3/checkpoint-15/optimizer.pt,4333963,0.004036,removed optimizer/scheduler/RNG training state; model checkpoint files retained
checkpoints/mc1_eyepacs_dr_balanced_fb_d3cnx_lora_ce_s42_multiclass_mc_fb2_lora_stability_20260501_mc1_a1_c05e85c3/checkpoint-15/rng_state.pth,14645,0.000014,removed optimizer/scheduler/RNG training state; model checkpoint files retained
checkpoints/mc1_eyepacs_dr_balanced_fb_d3cnx_lora_ce_s42_multiclass_mc_fb2_lora_stability_20260501_mc1_a1_c05e85c3/checkpoint-15/scheduler.pt,1465,0.000001,removed optimizer/scheduler/RNG training state; model checkpoint files retained
checkpoints/mc1_eyepacs_dr_balanced_fb_d3cnx_lora_nicme_hybrid_s42_multiclass_mc_fb1_official_smoke_20260501_mc1_a1_4c7b29ea/checkpoint-5/optimizer.pt,4333963,0.004036,removed optimizer/scheduler/RNG training state; model checkpoint files retained
checkpoints/mc1_eyepacs_dr_balanced_fb_d3cnx_lora_nicme_hybrid_s42_multiclass_mc_fb1_official_smoke_20260501_mc1_a1_4c7b29ea/checkpoint-5/rng_state.pth,14645,0.000014,removed optimizer/scheduler/RNG training state; model checkpoint files retained
checkpoints/mc1_eyepacs_dr_balanced_fb_d3cnx_lora_nicme_hybrid_s42_multiclass_mc_fb1_official_smoke_20260501_mc1_a1_4c7b29ea/checkpoint-5/scheduler.pt,1465,0.000001,removed optimizer/scheduler/RNG training state; model checkpoint files retained
checkpoints/mc1_eyepacs_dr_balanced_fb_d3cnx_lora_nicme_hybrid_s42_multiclass_mc_fb2_lora_stability_20260501_mc1_a1_1592a1f7/checkpoint-15/optimizer.pt,4333963,0.004036,removed optimizer/scheduler/RNG training state; model checkpoint files retained
checkpoints/mc1_eyepacs_dr_balanced_fb_d3cnx_lora_nicme_hybrid_s42_multiclass_mc_fb2_lora_stability_20260501_mc1_a1_1592a1f7/checkpoint-15/rng_state.pth,14645,0.000014,removed optimizer/scheduler/RNG training state; model checkpoint files retained
checkpoints/mc1_eyepacs_dr_balanced_fb_d3cnx_lora_nicme_hybrid_s42_multiclass_mc_fb2_lora_stability_20260501_mc1_a1_1592a1f7/checkpoint-15/scheduler.pt,1465,0.000001,removed optimizer/scheduler/RNG training state; model checkpoint files retained
checkpoints/mc1_eyepacs_dr_balanced_fb_d3vit_lora_ce_s42_multiclass_mc_fb1_official_smoke_20260501_mc1_a1_879827c3/checkpoint-5/optimizer.pt,1238475,0.001153,removed optimizer/scheduler/RNG training state; model checkpoint files retained
checkpoints/mc1_eyepacs_dr_balanced_fb_d3vit_lora_ce_s42_multiclass_mc_fb1_official_smoke_20260501_mc1_a1_879827c3/checkpoint-5/rng_state.pth,14645,0.000014,removed optimizer/scheduler/RNG training state; model checkpoint files retained
checkpoints/mc1_eyepacs_dr_balanced_fb_d3vit_lora_ce_s42_multiclass_mc_fb1_official_smoke_20260501_mc1_a1_879827c3/checkpoint-5/scheduler.pt,1465,0.000001,removed optimizer/scheduler/RNG training state; model checkpoint files retained
checkpoints/mc1_eyepacs_dr_balanced_fb_d3vit_lora_ce_s42_multiclass_mc_fb2_lora_stability_20260501_mc1_a1_d8a0fd37/checkpoint-5/optimizer.pt,1238475,0.001153,removed optimizer/scheduler/RNG training state; model checkpoint files retained
checkpoints/mc1_eyepacs_dr_balanced_fb_d3vit_lora_ce_s42_multiclass_mc_fb2_lora_stability_20260501_mc1_a1_d8a0fd37/checkpoint-5/rng_state.pth,14645,0.000014,removed optimizer/scheduler/RNG training state; model checkpoint files retained
checkpoints/mc1_eyepacs_dr_balanced_fb_d3vit_lora_ce_s42_multiclass_mc_fb2_lora_stability_20260501_mc1_a1_d8a0fd37/checkpoint-5/scheduler.pt,1465,0.000001,removed optimizer/scheduler/RNG training state; model checkpoint files retained
checkpoints/mc1_eyepacs_dr_balanced_fb_d3vit_lora_nicme_hybrid_s42_multiclass_mc_fb1_official_smoke_20260501_mc1_a1_7e711e4d/checkpoint-5/optimizer.pt,1238475,0.001153,removed optimizer/scheduler/RNG training state; model checkpoint files retained
checkpoints/mc1_eyepacs_dr_balanced_fb_d3vit_lora_nicme_hybrid_s42_multiclass_mc_fb1_official_smoke_20260501_mc1_a1_7e711e4d/checkpoint-5/rng_state.pth,14645,0.000014,removed optimizer/scheduler/RNG training state; model checkpoint files retained
checkpoints/mc1_eyepacs_dr_balanced_fb_d3vit_lora_nicme_hybrid_s42_multiclass_mc_fb1_official_smoke_20260501_mc1_a1_7e711e4d/checkpoint-5/scheduler.pt,1465,0.000001,removed optimizer/scheduler/RNG training state; model checkpoint files retained
checkpoints/mc1_eyepacs_dr_balanced_fb_d3vit_lora_nicme_hybrid_s42_multiclass_mc_fb2_lora_stability_20260501_mc1_a1_ac294cb6/checkpoint-5/optimizer.pt,1238475,0.001153,removed optimizer/scheduler/RNG training state; model checkpoint files retained
checkpoints/mc1_eyepacs_dr_balanced_fb_d3vit_lora_nicme_hybrid_s42_multiclass_mc_fb2_lora_stability_20260501_mc1_a1_ac294cb6/checkpoint-5/rng_state.pth,14645,0.000014,removed optimizer/scheduler/RNG training state; model checkpoint files retained
checkpoints/mc1_eyepacs_dr_balanced_fb_d3vit_lora_nicme_hybrid_s42_multiclass_mc_fb2_lora_stability_20260501_mc1_a1_ac294cb6/checkpoint-5/scheduler.pt,1465,0.000001,removed optimizer/scheduler/RNG training state; model checkpoint files retained
checkpoints/mc1_eyepacs_dr_balanced_timm_dinov3_convnext_lora_ce_calibrated_cost_min_seed42/checkpoint-5/optimizer.pt,4347915,0.004049,removed optimizer/scheduler/RNG training state; model checkpoint files retained
checkpoints/mc1_eyepacs_dr_balanced_timm_dinov3_convnext_lora_ce_calibrated_cost_min_seed42/checkpoint-5/rng_state.pth,14645,0.000014,removed optimizer/scheduler/RNG training state; model checkpoint files retained
checkpoints/mc1_eyepacs_dr_balanced_timm_dinov3_convnext_lora_ce_calibrated_cost_min_seed42/checkpoint-5/scheduler.pt,1465,0.000001,removed optimizer/scheduler/RNG training state; model checkpoint files retained
checkpoints/mc1_eyepacs_dr_balanced_timm_dinov3_convnext_lora_ce_seed42/checkpoint-5/optimizer.pt,4347915,0.004049,removed optimizer/scheduler/RNG training state; model checkpoint files retained
checkpoints/mc1_eyepacs_dr_balanced_timm_dinov3_convnext_lora_ce_seed42/checkpoint-5/rng_state.pth,14645,0.000014,removed optimizer/scheduler/RNG training state; model checkpoint files retained
checkpoints/mc1_eyepacs_dr_balanced_timm_dinov3_convnext_lora_ce_seed42/checkpoint-5/scheduler.pt,1465,0.000001,removed optimizer/scheduler/RNG training state; model checkpoint files retained
checkpoints/mc1_eyepacs_dr_balanced_timm_dinov3_convnext_lora_nicme_hybrid_seed42/checkpoint-5/optimizer.pt,4347915,0.004049,removed optimizer/scheduler/RNG training state; model checkpoint files retained
checkpoints/mc1_eyepacs_dr_balanced_timm_dinov3_convnext_lora_nicme_hybrid_seed42/checkpoint-5/rng_state.pth,14645,0.000014,removed optimizer/scheduler/RNG training state; model checkpoint files retained
checkpoints/mc1_eyepacs_dr_balanced_timm_dinov3_convnext_lora_nicme_hybrid_seed42/checkpoint-5/scheduler.pt,1465,0.000001,removed optimizer/scheduler/RNG training state; model checkpoint files retained
checkpoints/mc1_eyepacs_dr_balanced_timm_dinov3_vit_lora_ce_calibrated_cost_min_seed42/checkpoint-5/optimizer.pt,1218081,0.001134,removed optimizer/scheduler/RNG training state; model checkpoint files retained
checkpoints/mc1_eyepacs_dr_balanced_timm_dinov3_vit_lora_ce_calibrated_cost_min_seed42/checkpoint-5/rng_state.pth,14645,0.000014,removed optimizer/scheduler/RNG training state; model checkpoint files retained
checkpoints/mc1_eyepacs_dr_balanced_timm_dinov3_vit_lora_ce_calibrated_cost_min_seed42/checkpoint-5/scheduler.pt,1465,0.000001,removed optimizer/scheduler/RNG training state; model checkpoint files retained
checkpoints/mc1_eyepacs_dr_balanced_timm_dinov3_vit_lora_ce_seed42/checkpoint-5/optimizer.pt,1218081,0.001134,removed optimizer/scheduler/RNG training state; model checkpoint files retained
checkpoints/mc1_eyepacs_dr_balanced_timm_dinov3_vit_lora_ce_seed42/checkpoint-5/rng_state.pth,14645,0.000014,removed optimizer/scheduler/RNG training state; model checkpoint files retained
checkpoints/mc1_eyepacs_dr_balanced_timm_dinov3_vit_lora_ce_seed42/checkpoint-5/scheduler.pt,1465,0.000001,removed optimizer/scheduler/RNG training state; model checkpoint files retained
checkpoints/mc1_eyepacs_dr_balanced_timm_dinov3_vit_lora_nicme_hybrid_seed42/checkpoint-5/optimizer.pt,1218081,0.001134,removed optimizer/scheduler/RNG training state; model checkpoint files retained
checkpoints/mc1_eyepacs_dr_balanced_timm_dinov3_vit_lora_nicme_hybrid_seed42/checkpoint-5/rng_state.pth,14645,0.000014,removed optimizer/scheduler/RNG training state; model checkpoint files retained
checkpoints/mc1_eyepacs_dr_balanced_timm_dinov3_vit_lora_nicme_hybrid_seed42/checkpoint-5/scheduler.pt,1465,0.000001,removed optimizer/scheduler/RNG training state; model checkpoint files retained
checkpoints/mc1_pmi_pills_balanced_cnx_ce_s42_multiclass_mc1_pmi_hardened_20260430_mc1_a1_49297e84/checkpoint-5/optimizer.pt,222839243,0.207535,removed optimizer/scheduler/RNG training state; model checkpoint files retained
checkpoints/mc1_pmi_pills_balanced_cnx_ce_s42_multiclass_mc1_pmi_hardened_20260430_mc1_a1_49297e84/checkpoint-5/rng_state.pth,14645,0.000014,removed optimizer/scheduler/RNG training state; model checkpoint files retained
checkpoints/mc1_pmi_pills_balanced_cnx_ce_s42_multiclass_mc1_pmi_hardened_20260430_mc1_a1_49297e84/checkpoint-5/scheduler.pt,1465,0.000001,removed optimizer/scheduler/RNG training state; model checkpoint files retained
checkpoints/mc1_pmi_pills_balanced_cnx_ce_s42_multiclass_mc1_pmi_hardened_v2_20260430_mc1_a1_d802031f/checkpoint-5/optimizer.pt,222839243,0.207535,removed optimizer/scheduler/RNG training state; model checkpoint files retained
checkpoints/mc1_pmi_pills_balanced_cnx_ce_s42_multiclass_mc1_pmi_hardened_v2_20260430_mc1_a1_d802031f/checkpoint-5/rng_state.pth,14645,0.000014,removed optimizer/scheduler/RNG training state; model checkpoint files retained
checkpoints/mc1_pmi_pills_balanced_cnx_ce_s42_multiclass_mc1_pmi_hardened_v2_20260430_mc1_a1_d802031f/checkpoint-5/scheduler.pt,1465,0.000001,removed optimizer/scheduler/RNG training state; model checkpoint files retained
checkpoints/mc1_pmi_pills_balanced_cnx_nicme_hybrid_s42_multiclass_mc1_pmi_hardened_20260430_mc1_a1_d13561aa/checkpoint-5/optimizer.pt,222839243,0.207535,removed optimizer/scheduler/RNG training state; model checkpoint files retained
checkpoints/mc1_pmi_pills_balanced_cnx_nicme_hybrid_s42_multiclass_mc1_pmi_hardened_20260430_mc1_a1_d13561aa/checkpoint-5/rng_state.pth,14645,0.000014,removed optimizer/scheduler/RNG training state; model checkpoint files retained
checkpoints/mc1_pmi_pills_balanced_cnx_nicme_hybrid_s42_multiclass_mc1_pmi_hardened_20260430_mc1_a1_d13561aa/checkpoint-5/scheduler.pt,1465,0.000001,removed optimizer/scheduler/RNG training state; model checkpoint files retained
checkpoints/mc1_pmi_pills_balanced_cnx_nicme_hybrid_s42_multiclass_mc1_pmi_hardened_v2_20260430_mc1_a1_e4118b6c/checkpoint-5/optimizer.pt,222839243,0.207535,removed optimizer/scheduler/RNG training state; model checkpoint files retained
checkpoints/mc1_pmi_pills_balanced_cnx_nicme_hybrid_s42_multiclass_mc1_pmi_hardened_v2_20260430_mc1_a1_e4118b6c/checkpoint-5/rng_state.pth,14645,0.000014,removed optimizer/scheduler/RNG training state; model checkpoint files retained
checkpoints/mc1_pmi_pills_balanced_cnx_nicme_hybrid_s42_multiclass_mc1_pmi_hardened_v2_20260430_mc1_a1_e4118b6c/checkpoint-5/scheduler.pt,1465,0.000001,removed optimizer/scheduler/RNG training state; model checkpoint files retained
checkpoints/mc1_pmi_pills_balanced_d3cnx_lora_ce_s42_multiclass_mc1_pmi_hardened_20260430_mc1_a1_c9b91863/checkpoint-5/optimizer.pt,4440203,0.004135,removed optimizer/scheduler/RNG training state; model checkpoint files retained
checkpoints/mc1_pmi_pills_balanced_d3cnx_lora_ce_s42_multiclass_mc1_pmi_hardened_20260430_mc1_a1_c9b91863/checkpoint-5/rng_state.pth,14645,0.000014,removed optimizer/scheduler/RNG training state; model checkpoint files retained
checkpoints/mc1_pmi_pills_balanced_d3cnx_lora_ce_s42_multiclass_mc1_pmi_hardened_20260430_mc1_a1_c9b91863/checkpoint-5/scheduler.pt,1465,0.000001,removed optimizer/scheduler/RNG training state; model checkpoint files retained
checkpoints/mc1_pmi_pills_balanced_d3cnx_lora_ce_s42_multiclass_mc1_pmi_hardened_v2_20260430_mc1_a1_ccc8cf32/checkpoint-5/optimizer.pt,4440203,0.004135,removed optimizer/scheduler/RNG training state; model checkpoint files retained
checkpoints/mc1_pmi_pills_balanced_d3cnx_lora_ce_s42_multiclass_mc1_pmi_hardened_v2_20260430_mc1_a1_ccc8cf32/checkpoint-5/rng_state.pth,14645,0.000014,removed optimizer/scheduler/RNG training state; model checkpoint files retained
checkpoints/mc1_pmi_pills_balanced_d3cnx_lora_ce_s42_multiclass_mc1_pmi_hardened_v2_20260430_mc1_a1_ccc8cf32/checkpoint-5/scheduler.pt,1465,0.000001,removed optimizer/scheduler/RNG training state; model checkpoint files retained
checkpoints/mc1_pmi_pills_balanced_d3cnx_lora_nicme_hybrid_s42_multiclass_mc1_pmi_hardened_20260430_mc1_a1_6ba6a8db/checkpoint-5/optimizer.pt,4440203,0.004135,removed optimizer/scheduler/RNG training state; model checkpoint files retained
checkpoints/mc1_pmi_pills_balanced_d3cnx_lora_nicme_hybrid_s42_multiclass_mc1_pmi_hardened_20260430_mc1_a1_6ba6a8db/checkpoint-5/rng_state.pth,14645,0.000014,removed optimizer/scheduler/RNG training state; model checkpoint files retained
checkpoints/mc1_pmi_pills_balanced_d3cnx_lora_nicme_hybrid_s42_multiclass_mc1_pmi_hardened_20260430_mc1_a1_6ba6a8db/checkpoint-5/scheduler.pt,1465,0.000001,removed optimizer/scheduler/RNG training state; model checkpoint files retained
checkpoints/mc1_pmi_pills_balanced_d3cnx_lora_nicme_hybrid_s42_multiclass_mc1_pmi_hardened_v2_20260430_mc1_a2_6705d4b3/checkpoint-5/optimizer.pt,4440203,0.004135,removed optimizer/scheduler/RNG training state; model checkpoint files retained
checkpoints/mc1_pmi_pills_balanced_d3cnx_lora_nicme_hybrid_s42_multiclass_mc1_pmi_hardened_v2_20260430_mc1_a2_6705d4b3/checkpoint-5/rng_state.pth,14645,0.000014,removed optimizer/scheduler/RNG training state; model checkpoint files retained
checkpoints/mc1_pmi_pills_balanced_d3cnx_lora_nicme_hybrid_s42_multiclass_mc1_pmi_hardened_v2_20260430_mc1_a2_6705d4b3/checkpoint-5/scheduler.pt,1465,0.000001,removed optimizer/scheduler/RNG training state; model checkpoint files retained
checkpoints/mc1_pmi_pills_balanced_d3vit_lora_ce_s42_multiclass_mc1_pmi_hardened_v2_20260430_mc1_a2_f3eccd62/checkpoint-5/optimizer.pt,1264289,0.001177,removed optimizer/scheduler/RNG training state; model checkpoint files retained
checkpoints/mc1_pmi_pills_balanced_d3vit_lora_ce_s42_multiclass_mc1_pmi_hardened_v2_20260430_mc1_a2_f3eccd62/checkpoint-5/rng_state.pth,14645,0.000014,removed optimizer/scheduler/RNG training state; model checkpoint files retained
checkpoints/mc1_pmi_pills_balanced_d3vit_lora_ce_s42_multiclass_mc1_pmi_hardened_v2_20260430_mc1_a2_f3eccd62/checkpoint-5/scheduler.pt,1465,0.000001,removed optimizer/scheduler/RNG training state; model checkpoint files retained
checkpoints/mc1_pmi_pills_balanced_d3vit_lora_nicme_hybrid_s42_multiclass_mc1_pmi_hardened_20260430_mc1_a1_2f1d5da7/checkpoint-5/optimizer.pt,1264289,0.001177,removed optimizer/scheduler/RNG training state; model checkpoint files retained
checkpoints/mc1_pmi_pills_balanced_d3vit_lora_nicme_hybrid_s42_multiclass_mc1_pmi_hardened_20260430_mc1_a1_2f1d5da7/checkpoint-5/rng_state.pth,14645,0.000014,removed optimizer/scheduler/RNG training state; model checkpoint files retained
checkpoints/mc1_pmi_pills_balanced_d3vit_lora_nicme_hybrid_s42_multiclass_mc1_pmi_hardened_20260430_mc1_a1_2f1d5da7/checkpoint-5/scheduler.pt,1465,0.000001,removed optimizer/scheduler/RNG training state; model checkpoint files retained
checkpoints/mc1_pmi_pills_balanced_d3vit_lora_nicme_hybrid_s42_multiclass_mc1_pmi_hardened_v2_20260430_mc1_a1_fed57e79/checkpoint-5/optimizer.pt,1264289,0.001177,removed optimizer/scheduler/RNG training state; model checkpoint files retained
checkpoints/mc1_pmi_pills_balanced_d3vit_lora_nicme_hybrid_s42_multiclass_mc1_pmi_hardened_v2_20260430_mc1_a1_fed57e79/checkpoint-5/rng_state.pth,14645,0.000014,removed optimizer/scheduler/RNG training state; model checkpoint files retained
checkpoints/mc1_pmi_pills_balanced_d3vit_lora_nicme_hybrid_s42_multiclass_mc1_pmi_hardened_v2_20260430_mc1_a1_fed57e79/checkpoint-5/scheduler.pt,1465,0.000001,removed optimizer/scheduler/RNG training state; model checkpoint files retained
checkpoints/mc1_pmi_pills_balanced_fb_d3cnx_lora_ce_s42_multiclass_mc_fb1_official_smoke_20260501_mc1_a1_e6433bf8/checkpoint-5/optimizer.pt,4426251,0.004122,removed optimizer/scheduler/RNG training state; model checkpoint files retained
checkpoints/mc1_pmi_pills_balanced_fb_d3cnx_lora_ce_s42_multiclass_mc_fb1_official_smoke_20260501_mc1_a1_e6433bf8/checkpoint-5/rng_state.pth,14645,0.000014,removed optimizer/scheduler/RNG training state; model checkpoint files retained
checkpoints/mc1_pmi_pills_balanced_fb_d3cnx_lora_ce_s42_multiclass_mc_fb1_official_smoke_20260501_mc1_a1_e6433bf8/checkpoint-5/scheduler.pt,1465,0.000001,removed optimizer/scheduler/RNG training state; model checkpoint files retained
checkpoints/mc1_pmi_pills_balanced_fb_d3cnx_lora_ce_s42_multiclass_mc_fb2_lora_stability_20260501_mc1_a1_adcd01d4/checkpoint-5/optimizer.pt,4426251,0.004122,removed optimizer/scheduler/RNG training state; model checkpoint files retained
checkpoints/mc1_pmi_pills_balanced_fb_d3cnx_lora_ce_s42_multiclass_mc_fb2_lora_stability_20260501_mc1_a1_adcd01d4/checkpoint-5/rng_state.pth,14645,0.000014,removed optimizer/scheduler/RNG training state; model checkpoint files retained
checkpoints/mc1_pmi_pills_balanced_fb_d3cnx_lora_ce_s42_multiclass_mc_fb2_lora_stability_20260501_mc1_a1_adcd01d4/checkpoint-5/scheduler.pt,1465,0.000001,removed optimizer/scheduler/RNG training state; model checkpoint files retained
checkpoints/mc1_pmi_pills_balanced_fb_d3cnx_lora_nicme_hybrid_s42_multiclass_mc_fb1_official_smoke_20260501_mc1_a1_e5fabb61/checkpoint-5/optimizer.pt,4426251,0.004122,removed optimizer/scheduler/RNG training state; model checkpoint files retained
checkpoints/mc1_pmi_pills_balanced_fb_d3cnx_lora_nicme_hybrid_s42_multiclass_mc_fb1_official_smoke_20260501_mc1_a1_e5fabb61/checkpoint-5/rng_state.pth,14645,0.000014,removed optimizer/scheduler/RNG training state; model checkpoint files retained
checkpoints/mc1_pmi_pills_balanced_fb_d3cnx_lora_nicme_hybrid_s42_multiclass_mc_fb1_official_smoke_20260501_mc1_a1_e5fabb61/checkpoint-5/scheduler.pt,1465,0.000001,removed optimizer/scheduler/RNG training state; model checkpoint files retained
checkpoints/mc1_pmi_pills_balanced_fb_d3cnx_lora_nicme_hybrid_s42_multiclass_mc_fb2_lora_stability_20260501_mc1_a1_d945c1c4/checkpoint-5/optimizer.pt,4426251,0.004122,removed optimizer/scheduler/RNG training state; model checkpoint files retained
checkpoints/mc1_pmi_pills_balanced_fb_d3cnx_lora_nicme_hybrid_s42_multiclass_mc_fb2_lora_stability_20260501_mc1_a1_d945c1c4/checkpoint-5/rng_state.pth,14645,0.000014,removed optimizer/scheduler/RNG training state; model checkpoint files retained
checkpoints/mc1_pmi_pills_balanced_fb_d3cnx_lora_nicme_hybrid_s42_multiclass_mc_fb2_lora_stability_20260501_mc1_a1_d945c1c4/checkpoint-5/scheduler.pt,1465,0.000001,removed optimizer/scheduler/RNG training state; model checkpoint files retained
checkpoints/mc1_pmi_pills_balanced_fb_d3vit_lora_ce_s42_multiclass_mc_fb1_official_smoke_20260501_mc1_a1_7b54e0f4/checkpoint-5/optimizer.pt,1284683,0.001196,removed optimizer/scheduler/RNG training state; model checkpoint files retained
checkpoints/mc1_pmi_pills_balanced_fb_d3vit_lora_ce_s42_multiclass_mc_fb1_official_smoke_20260501_mc1_a1_7b54e0f4/checkpoint-5/rng_state.pth,14645,0.000014,removed optimizer/scheduler/RNG training state; model checkpoint files retained
checkpoints/mc1_pmi_pills_balanced_fb_d3vit_lora_ce_s42_multiclass_mc_fb1_official_smoke_20260501_mc1_a1_7b54e0f4/checkpoint-5/scheduler.pt,1465,0.000001,removed optimizer/scheduler/RNG training state; model checkpoint files retained
checkpoints/mc1_pmi_pills_balanced_fb_d3vit_lora_ce_s42_multiclass_mc_fb2_lora_stability_20260501_mc1_a1_ed895754/checkpoint-5/optimizer.pt,1284683,0.001196,removed optimizer/scheduler/RNG training state; model checkpoint files retained
checkpoints/mc1_pmi_pills_balanced_fb_d3vit_lora_ce_s42_multiclass_mc_fb2_lora_stability_20260501_mc1_a1_ed895754/checkpoint-5/rng_state.pth,14645,0.000014,removed optimizer/scheduler/RNG training state; model checkpoint files retained
checkpoints/mc1_pmi_pills_balanced_fb_d3vit_lora_ce_s42_multiclass_mc_fb2_lora_stability_20260501_mc1_a1_ed895754/checkpoint-5/scheduler.pt,1465,0.000001,removed optimizer/scheduler/RNG training state; model checkpoint files retained
checkpoints/mc1_pmi_pills_balanced_fb_d3vit_lora_nicme_hybrid_s42_multiclass_mc_fb1_official_smoke_20260501_mc1_a1_e07be8c6/checkpoint-5/optimizer.pt,1284683,0.001196,removed optimizer/scheduler/RNG training state; model checkpoint files retained
checkpoints/mc1_pmi_pills_balanced_fb_d3vit_lora_nicme_hybrid_s42_multiclass_mc_fb1_official_smoke_20260501_mc1_a1_e07be8c6/checkpoint-5/rng_state.pth,14645,0.000014,removed optimizer/scheduler/RNG training state; model checkpoint files retained
checkpoints/mc1_pmi_pills_balanced_fb_d3vit_lora_nicme_hybrid_s42_multiclass_mc_fb1_official_smoke_20260501_mc1_a1_e07be8c6/checkpoint-5/scheduler.pt,1465,0.000001,removed optimizer/scheduler/RNG training state; model checkpoint files retained
checkpoints/mc1_pmi_pills_balanced_fb_d3vit_lora_nicme_hybrid_s42_multiclass_mc_fb2_lora_stability_20260501_mc1_a1_6fcc0361/checkpoint-5/optimizer.pt,1284683,0.001196,removed optimizer/scheduler/RNG training state; model checkpoint files retained
checkpoints/mc1_pmi_pills_balanced_fb_d3vit_lora_nicme_hybrid_s42_multiclass_mc_fb2_lora_stability_20260501_mc1_a1_6fcc0361/checkpoint-5/rng_state.pth,14645,0.000014,removed optimizer/scheduler/RNG training state; model checkpoint files retained
checkpoints/mc1_pmi_pills_balanced_fb_d3vit_lora_nicme_hybrid_s42_multiclass_mc_fb2_lora_stability_20260501_mc1_a1_6fcc0361/checkpoint-5/scheduler.pt,1465,0.000001,removed optimizer/scheduler/RNG training state; model checkpoint files retained
checkpoints/mc2_eyepacs_dr_balanced_cnx_ce_s42_multiclass_mc2_20260430_mc2_a1_b2197e1b/checkpoint-39/optimizer.pt,222746955,0.207449,removed optimizer/scheduler/RNG training state; model checkpoint files retained
checkpoints/mc2_eyepacs_dr_balanced_cnx_ce_s42_multiclass_mc2_20260430_mc2_a1_b2197e1b/checkpoint-39/rng_state.pth,14645,0.000014,removed optimizer/scheduler/RNG training state; model checkpoint files retained
checkpoints/mc2_eyepacs_dr_balanced_cnx_ce_s42_multiclass_mc2_20260430_mc2_a1_b2197e1b/checkpoint-39/scheduler.pt,1465,0.000001,removed optimizer/scheduler/RNG training state; model checkpoint files retained
checkpoints/mc2_eyepacs_dr_balanced_cnx_menon_s42_multiclass_mc2_20260430_mc2_a1_c7bdfed6/checkpoint-117/optimizer.pt,222746955,0.207449,removed optimizer/scheduler/RNG training state; model checkpoint files retained
checkpoints/mc2_eyepacs_dr_balanced_cnx_menon_s42_multiclass_mc2_20260430_mc2_a1_c7bdfed6/checkpoint-117/rng_state.pth,14645,0.000014,removed optimizer/scheduler/RNG training state; model checkpoint files retained
checkpoints/mc2_eyepacs_dr_balanced_cnx_menon_s42_multiclass_mc2_20260430_mc2_a1_c7bdfed6/checkpoint-117/scheduler.pt,1465,0.000001,removed optimizer/scheduler/RNG training state; model checkpoint files retained
checkpoints/mc2_eyepacs_dr_balanced_d3vit_lora_ce_s42_multiclass_mc2_v2_20260430_mc2_a1_d4e0908e/checkpoint-39/optimizer.pt,1218081,0.001134,removed optimizer/scheduler/RNG training state; model checkpoint files retained
checkpoints/mc2_eyepacs_dr_balanced_d3vit_lora_ce_s42_multiclass_mc2_v2_20260430_mc2_a1_d4e0908e/checkpoint-39/rng_state.pth,14645,0.000014,removed optimizer/scheduler/RNG training state; model checkpoint files retained
checkpoints/mc2_eyepacs_dr_balanced_d3vit_lora_ce_s42_multiclass_mc2_v2_20260430_mc2_a1_d4e0908e/checkpoint-39/scheduler.pt,1465,0.000001,removed optimizer/scheduler/RNG training state; model checkpoint files retained
checkpoints/mc2_eyepacs_dr_balanced_d3vit_lora_ce_s42_multiclass_mc2_v2_20260430_mc2_a1_d4e0908e/checkpoint-78/optimizer.pt,1218081,0.001134,removed optimizer/scheduler/RNG training state; model checkpoint files retained
checkpoints/mc2_eyepacs_dr_balanced_d3vit_lora_ce_s42_multiclass_mc2_v2_20260430_mc2_a1_d4e0908e/checkpoint-78/rng_state.pth,14645,0.000014,removed optimizer/scheduler/RNG training state; model checkpoint files retained
checkpoints/mc2_eyepacs_dr_balanced_d3vit_lora_ce_s42_multiclass_mc2_v2_20260430_mc2_a1_d4e0908e/checkpoint-78/scheduler.pt,1465,0.000001,removed optimizer/scheduler/RNG training state; model checkpoint files retained
checkpoints/mc2_eyepacs_dr_balanced_fb_d3cnx_lora_ce_s42_multiclass_mc2_official_dinov3_lora_balanced_20260501_mc2_a1_cd8fb9f4/checkpoint-117/optimizer.pt,4333963,0.004036,removed optimizer/scheduler/RNG training state; model checkpoint files retained
checkpoints/mc2_eyepacs_dr_balanced_fb_d3cnx_lora_ce_s42_multiclass_mc2_official_dinov3_lora_balanced_20260501_mc2_a1_cd8fb9f4/checkpoint-117/rng_state.pth,14645,0.000014,removed optimizer/scheduler/RNG training state; model checkpoint files retained
checkpoints/mc2_eyepacs_dr_balanced_fb_d3cnx_lora_ce_s42_multiclass_mc2_official_dinov3_lora_balanced_20260501_mc2_a1_cd8fb9f4/checkpoint-117/scheduler.pt,1465,0.000001,removed optimizer/scheduler/RNG training state; model checkpoint files retained
checkpoints/mc2_eyepacs_dr_balanced_fb_d3cnx_lora_cs_ce_s42_multiclass_mc2_official_dinov3_lora_balanced_20260501_mc2_a1_5b3178fa/checkpoint-117/optimizer.pt,4333963,0.004036,removed optimizer/scheduler/RNG training state; model checkpoint files retained
checkpoints/mc2_eyepacs_dr_balanced_fb_d3cnx_lora_cs_ce_s42_multiclass_mc2_official_dinov3_lora_balanced_20260501_mc2_a1_5b3178fa/checkpoint-117/rng_state.pth,14645,0.000014,removed optimizer/scheduler/RNG training state; model checkpoint files retained
checkpoints/mc2_eyepacs_dr_balanced_fb_d3cnx_lora_cs_ce_s42_multiclass_mc2_official_dinov3_lora_balanced_20260501_mc2_a1_5b3178fa/checkpoint-117/scheduler.pt,1465,0.000001,removed optimizer/scheduler/RNG training state; model checkpoint files retained
checkpoints/mc2_eyepacs_dr_balanced_fb_d3cnx_lora_menon_s42_multiclass_mc2_official_dinov3_lora_balanced_20260501_mc2_a1_c6ab56a3/checkpoint-117/optimizer.pt,4333963,0.004036,removed optimizer/scheduler/RNG training state; model checkpoint files retained
checkpoints/mc2_eyepacs_dr_balanced_fb_d3cnx_lora_menon_s42_multiclass_mc2_official_dinov3_lora_balanced_20260501_mc2_a1_c6ab56a3/checkpoint-117/rng_state.pth,14645,0.000014,removed optimizer/scheduler/RNG training state; model checkpoint files retained
checkpoints/mc2_eyepacs_dr_balanced_fb_d3cnx_lora_menon_s42_multiclass_mc2_official_dinov3_lora_balanced_20260501_mc2_a1_c6ab56a3/checkpoint-117/scheduler.pt,1465,0.000001,removed optimizer/scheduler/RNG training state; model checkpoint files retained
checkpoints/mc2_eyepacs_dr_balanced_fb_d3cnx_lora_nicme_hybrid_s42_multiclass_mc2_official_dinov3_lora_balanced_20260501_mc2_a1_3483e35e/checkpoint-312/optimizer.pt,4333963,0.004036,removed optimizer/scheduler/RNG training state; model checkpoint files retained
checkpoints/mc2_eyepacs_dr_balanced_fb_d3cnx_lora_nicme_hybrid_s42_multiclass_mc2_official_dinov3_lora_balanced_20260501_mc2_a1_3483e35e/checkpoint-312/rng_state.pth,14645,0.000014,removed optimizer/scheduler/RNG training state; model checkpoint files retained
checkpoints/mc2_eyepacs_dr_balanced_fb_d3cnx_lora_nicme_hybrid_s42_multiclass_mc2_official_dinov3_lora_balanced_20260501_mc2_a1_3483e35e/checkpoint-312/scheduler.pt,1465,0.000001,removed optimizer/scheduler/RNG training state; model checkpoint files retained
checkpoints/mc2_eyepacs_dr_balanced_fb_d3cnx_lora_nicme_logit_s42_multiclass_mc2_official_dinov3_lora_balanced_20260501_mc2_a1_061cbdfe/checkpoint-117/optimizer.pt,4333963,0.004036,removed optimizer/scheduler/RNG training state; model checkpoint files retained
checkpoints/mc2_eyepacs_dr_balanced_fb_d3cnx_lora_nicme_logit_s42_multiclass_mc2_official_dinov3_lora_balanced_20260501_mc2_a1_061cbdfe/checkpoint-117/rng_state.pth,14645,0.000014,removed optimizer/scheduler/RNG training state; model checkpoint files retained
checkpoints/mc2_eyepacs_dr_balanced_fb_d3cnx_lora_nicme_logit_s42_multiclass_mc2_official_dinov3_lora_balanced_20260501_mc2_a1_061cbdfe/checkpoint-117/scheduler.pt,1465,0.000001,removed optimizer/scheduler/RNG training state; model checkpoint files retained
checkpoints/mc2_eyepacs_dr_balanced_fb_d3vit_lora_ce_s42_multiclass_mc2_official_dinov3_lora_balanced_20260501_mc2_a1_d33508fe/checkpoint-39/optimizer.pt,1238475,0.001153,removed optimizer/scheduler/RNG training state; model checkpoint files retained
checkpoints/mc2_eyepacs_dr_balanced_fb_d3vit_lora_ce_s42_multiclass_mc2_official_dinov3_lora_balanced_20260501_mc2_a1_d33508fe/checkpoint-39/rng_state.pth,14645,0.000014,removed optimizer/scheduler/RNG training state; model checkpoint files retained
checkpoints/mc2_eyepacs_dr_balanced_fb_d3vit_lora_ce_s42_multiclass_mc2_official_dinov3_lora_balanced_20260501_mc2_a1_d33508fe/checkpoint-39/scheduler.pt,1465,0.000001,removed optimizer/scheduler/RNG training state; model checkpoint files retained
checkpoints/mc2_eyepacs_dr_balanced_fb_d3vit_lora_cs_ce_s42_multiclass_mc2_official_dinov3_lora_balanced_20260501_mc2_a1_2368ea1d/checkpoint-39/optimizer.pt,1238475,0.001153,removed optimizer/scheduler/RNG training state; model checkpoint files retained
checkpoints/mc2_eyepacs_dr_balanced_fb_d3vit_lora_cs_ce_s42_multiclass_mc2_official_dinov3_lora_balanced_20260501_mc2_a1_2368ea1d/checkpoint-39/rng_state.pth,14645,0.000014,removed optimizer/scheduler/RNG training state; model checkpoint files retained
checkpoints/mc2_eyepacs_dr_balanced_fb_d3vit_lora_cs_ce_s42_multiclass_mc2_official_dinov3_lora_balanced_20260501_mc2_a1_2368ea1d/checkpoint-39/scheduler.pt,1465,0.000001,removed optimizer/scheduler/RNG training state; model checkpoint files retained
checkpoints/mc2_eyepacs_dr_balanced_fb_d3vit_lora_menon_s42_multiclass_mc2_official_dinov3_lora_balanced_20260501_mc2_a1_0e41e4f8/checkpoint-39/optimizer.pt,1238475,0.001153,removed optimizer/scheduler/RNG training state; model checkpoint files retained
checkpoints/mc2_eyepacs_dr_balanced_fb_d3vit_lora_menon_s42_multiclass_mc2_official_dinov3_lora_balanced_20260501_mc2_a1_0e41e4f8/checkpoint-39/rng_state.pth,14645,0.000014,removed optimizer/scheduler/RNG training state; model checkpoint files retained
checkpoints/mc2_eyepacs_dr_balanced_fb_d3vit_lora_menon_s42_multiclass_mc2_official_dinov3_lora_balanced_20260501_mc2_a1_0e41e4f8/checkpoint-39/scheduler.pt,1465,0.000001,removed optimizer/scheduler/RNG training state; model checkpoint files retained
checkpoints/mc2_eyepacs_dr_balanced_fb_d3vit_lora_nicme_hybrid_s42_multiclass_mc2_official_dinov3_lora_balanced_20260501_mc2_a1_b6e7c817/checkpoint-39/optimizer.pt,1238475,0.001153,removed optimizer/scheduler/RNG training state; model checkpoint files retained
checkpoints/mc2_eyepacs_dr_balanced_fb_d3vit_lora_nicme_hybrid_s42_multiclass_mc2_official_dinov3_lora_balanced_20260501_mc2_a1_b6e7c817/checkpoint-39/rng_state.pth,14645,0.000014,removed optimizer/scheduler/RNG training state; model checkpoint files retained
checkpoints/mc2_eyepacs_dr_balanced_fb_d3vit_lora_nicme_hybrid_s42_multiclass_mc2_official_dinov3_lora_balanced_20260501_mc2_a1_b6e7c817/checkpoint-39/scheduler.pt,1465,0.000001,removed optimizer/scheduler/RNG training state; model checkpoint files retained
checkpoints/mc2_eyepacs_dr_balanced_fb_d3vit_lora_nicme_logit_s42_multiclass_mc2_official_dinov3_lora_balanced_20260501_mc2_a1_73e62d87/checkpoint-312/optimizer.pt,1238475,0.001153,removed optimizer/scheduler/RNG training state; model checkpoint files retained
checkpoints/mc2_eyepacs_dr_balanced_fb_d3vit_lora_nicme_logit_s42_multiclass_mc2_official_dinov3_lora_balanced_20260501_mc2_a1_73e62d87/checkpoint-312/rng_state.pth,14645,0.000014,removed optimizer/scheduler/RNG training state; model checkpoint files retained
checkpoints/mc2_eyepacs_dr_balanced_fb_d3vit_lora_nicme_logit_s42_multiclass_mc2_official_dinov3_lora_balanced_20260501_mc2_a1_73e62d87/checkpoint-312/scheduler.pt,1465,0.000001,removed optimizer/scheduler/RNG training state; model checkpoint files retained
checkpoints/mc2_pmi_pills_balanced_fb_d3cnx_lora_ce_s42_multiclass_mc2_official_dinov3_lora_balanced_20260501_mc2_a1_9753b4e1/checkpoint-124/optimizer.pt,4426251,0.004122,removed optimizer/scheduler/RNG training state; model checkpoint files retained
checkpoints/mc2_pmi_pills_balanced_fb_d3cnx_lora_ce_s42_multiclass_mc2_official_dinov3_lora_balanced_20260501_mc2_a1_9753b4e1/checkpoint-124/rng_state.pth,14645,0.000014,removed optimizer/scheduler/RNG training state; model checkpoint files retained
checkpoints/mc2_pmi_pills_balanced_fb_d3cnx_lora_ce_s42_multiclass_mc2_official_dinov3_lora_balanced_20260501_mc2_a1_9753b4e1/checkpoint-124/scheduler.pt,1465,0.000001,removed optimizer/scheduler/RNG training state; model checkpoint files retained
checkpoints/mc2_pmi_pills_balanced_fb_d3cnx_lora_cs_ce_s42_multiclass_mc2_official_dinov3_lora_balanced_20260501_mc2_a1_09d239dd/checkpoint-124/optimizer.pt,4426251,0.004122,removed optimizer/scheduler/RNG training state; model checkpoint files retained
checkpoints/mc2_pmi_pills_balanced_fb_d3cnx_lora_cs_ce_s42_multiclass_mc2_official_dinov3_lora_balanced_20260501_mc2_a1_09d239dd/checkpoint-124/rng_state.pth,14645,0.000014,removed optimizer/scheduler/RNG training state; model checkpoint files retained
checkpoints/mc2_pmi_pills_balanced_fb_d3cnx_lora_cs_ce_s42_multiclass_mc2_official_dinov3_lora_balanced_20260501_mc2_a1_09d239dd/checkpoint-124/scheduler.pt,1465,0.000001,removed optimizer/scheduler/RNG training state; model checkpoint files retained
checkpoints/mc2_pmi_pills_balanced_fb_d3cnx_lora_menon_s42_multiclass_mc2_official_dinov3_lora_balanced_20260501_mc2_a1_cb00c228/checkpoint-31/optimizer.pt,4426251,0.004122,removed optimizer/scheduler/RNG training state; model checkpoint files retained
checkpoints/mc2_pmi_pills_balanced_fb_d3cnx_lora_menon_s42_multiclass_mc2_official_dinov3_lora_balanced_20260501_mc2_a1_cb00c228/checkpoint-31/rng_state.pth,14645,0.000014,removed optimizer/scheduler/RNG training state; model checkpoint files retained
checkpoints/mc2_pmi_pills_balanced_fb_d3cnx_lora_menon_s42_multiclass_mc2_official_dinov3_lora_balanced_20260501_mc2_a1_cb00c228/checkpoint-31/scheduler.pt,1465,0.000001,removed optimizer/scheduler/RNG training state; model checkpoint files retained
checkpoints/mc2_pmi_pills_balanced_fb_d3cnx_lora_menon_s42_multiclass_mc2_official_dinov3_lora_balanced_20260501_mc2_a1_cb00c228/checkpoint-62/optimizer.pt,4426251,0.004122,removed optimizer/scheduler/RNG training state; model checkpoint files retained
checkpoints/mc2_pmi_pills_balanced_fb_d3cnx_lora_menon_s42_multiclass_mc2_official_dinov3_lora_balanced_20260501_mc2_a1_cb00c228/checkpoint-62/rng_state.pth,14645,0.000014,removed optimizer/scheduler/RNG training state; model checkpoint files retained
checkpoints/mc2_pmi_pills_balanced_fb_d3cnx_lora_menon_s42_multiclass_mc2_official_dinov3_lora_balanced_20260501_mc2_a1_cb00c228/checkpoint-62/scheduler.pt,1465,0.000001,removed optimizer/scheduler/RNG training state; model checkpoint files retained
checkpoints/mc2_pmi_pills_balanced_fb_d3cnx_lora_menon_s42_multiclass_mc2_official_dinov3_lora_balanced_20260501_mc2_a2_1cbab849/checkpoint-124/optimizer.pt,4426251,0.004122,removed optimizer/scheduler/RNG training state; model checkpoint files retained
checkpoints/mc2_pmi_pills_balanced_fb_d3cnx_lora_menon_s42_multiclass_mc2_official_dinov3_lora_balanced_20260501_mc2_a2_1cbab849/checkpoint-124/rng_state.pth,14645,0.000014,removed optimizer/scheduler/RNG training state; model checkpoint files retained
checkpoints/mc2_pmi_pills_balanced_fb_d3cnx_lora_menon_s42_multiclass_mc2_official_dinov3_lora_balanced_20260501_mc2_a2_1cbab849/checkpoint-124/scheduler.pt,1465,0.000001,removed optimizer/scheduler/RNG training state; model checkpoint files retained
checkpoints/mc2_pmi_pills_balanced_fb_d3cnx_lora_nicme_hybrid_s42_multiclass_mc2_official_dinov3_lora_balanced_20260501_mc2_a1_c86be41f/checkpoint-31/optimizer.pt,4426251,0.004122,removed optimizer/scheduler/RNG training state; model checkpoint files retained
checkpoints/mc2_pmi_pills_balanced_fb_d3cnx_lora_nicme_hybrid_s42_multiclass_mc2_official_dinov3_lora_balanced_20260501_mc2_a1_c86be41f/checkpoint-31/rng_state.pth,14645,0.000014,removed optimizer/scheduler/RNG training state; model checkpoint files retained
checkpoints/mc2_pmi_pills_balanced_fb_d3cnx_lora_nicme_hybrid_s42_multiclass_mc2_official_dinov3_lora_balanced_20260501_mc2_a1_c86be41f/checkpoint-31/scheduler.pt,1465,0.000001,removed optimizer/scheduler/RNG training state; model checkpoint files retained
checkpoints/mc2_pmi_pills_balanced_fb_d3cnx_lora_nicme_logit_s42_multiclass_mc2_official_dinov3_lora_balanced_20260501_mc2_a1_95c4908b/checkpoint-155/optimizer.pt,4426251,0.004122,removed optimizer/scheduler/RNG training state; model checkpoint files retained
checkpoints/mc2_pmi_pills_balanced_fb_d3cnx_lora_nicme_logit_s42_multiclass_mc2_official_dinov3_lora_balanced_20260501_mc2_a1_95c4908b/checkpoint-155/rng_state.pth,14645,0.000014,removed optimizer/scheduler/RNG training state; model checkpoint files retained
checkpoints/mc2_pmi_pills_balanced_fb_d3cnx_lora_nicme_logit_s42_multiclass_mc2_official_dinov3_lora_balanced_20260501_mc2_a1_95c4908b/checkpoint-155/scheduler.pt,1465,0.000001,removed optimizer/scheduler/RNG training state; model checkpoint files retained
checkpoints/mc2_pmi_pills_balanced_fb_d3vit_lora_ce_s42_multiclass_mc2_official_dinov3_lora_balanced_20260501_mc2_a1_acd7171c/checkpoint-31/optimizer.pt,1284683,0.001196,removed optimizer/scheduler/RNG training state; model checkpoint files retained
checkpoints/mc2_pmi_pills_balanced_fb_d3vit_lora_ce_s42_multiclass_mc2_official_dinov3_lora_balanced_20260501_mc2_a1_acd7171c/checkpoint-31/rng_state.pth,14645,0.000014,removed optimizer/scheduler/RNG training state; model checkpoint files retained
checkpoints/mc2_pmi_pills_balanced_fb_d3vit_lora_ce_s42_multiclass_mc2_official_dinov3_lora_balanced_20260501_mc2_a1_acd7171c/checkpoint-31/scheduler.pt,1465,0.000001,removed optimizer/scheduler/RNG training state; model checkpoint files retained
checkpoints/mc2_pmi_pills_balanced_fb_d3vit_lora_cs_ce_s42_multiclass_mc2_official_dinov3_lora_balanced_20260501_mc2_a1_9896d18b/checkpoint-31/optimizer.pt,1284683,0.001196,removed optimizer/scheduler/RNG training state; model checkpoint files retained
checkpoints/mc2_pmi_pills_balanced_fb_d3vit_lora_cs_ce_s42_multiclass_mc2_official_dinov3_lora_balanced_20260501_mc2_a1_9896d18b/checkpoint-31/rng_state.pth,14645,0.000014,removed optimizer/scheduler/RNG training state; model checkpoint files retained
checkpoints/mc2_pmi_pills_balanced_fb_d3vit_lora_cs_ce_s42_multiclass_mc2_official_dinov3_lora_balanced_20260501_mc2_a1_9896d18b/checkpoint-31/scheduler.pt,1465,0.000001,removed optimizer/scheduler/RNG training state; model checkpoint files retained
checkpoints/mc2_pmi_pills_balanced_fb_d3vit_lora_menon_s42_multiclass_mc2_official_dinov3_lora_balanced_20260501_mc2_a1_69b102f0/checkpoint-31/optimizer.pt,1284683,0.001196,removed optimizer/scheduler/RNG training state; model checkpoint files retained
checkpoints/mc2_pmi_pills_balanced_fb_d3vit_lora_menon_s42_multiclass_mc2_official_dinov3_lora_balanced_20260501_mc2_a1_69b102f0/checkpoint-31/rng_state.pth,14645,0.000014,removed optimizer/scheduler/RNG training state; model checkpoint files retained
checkpoints/mc2_pmi_pills_balanced_fb_d3vit_lora_menon_s42_multiclass_mc2_official_dinov3_lora_balanced_20260501_mc2_a1_69b102f0/checkpoint-31/scheduler.pt,1465,0.000001,removed optimizer/scheduler/RNG training state; model checkpoint files retained
checkpoints/mc2_pmi_pills_balanced_fb_d3vit_lora_nicme_hybrid_s42_multiclass_mc2_official_dinov3_lora_balanced_20260501_mc2_a1_639f9571/checkpoint-31/optimizer.pt,1284683,0.001196,removed optimizer/scheduler/RNG training state; model checkpoint files retained
checkpoints/mc2_pmi_pills_balanced_fb_d3vit_lora_nicme_hybrid_s42_multiclass_mc2_official_dinov3_lora_balanced_20260501_mc2_a1_639f9571/checkpoint-31/rng_state.pth,14645,0.000014,removed optimizer/scheduler/RNG training state; model checkpoint files retained
checkpoints/mc2_pmi_pills_balanced_fb_d3vit_lora_nicme_hybrid_s42_multiclass_mc2_official_dinov3_lora_balanced_20260501_mc2_a1_639f9571/checkpoint-31/scheduler.pt,1465,0.000001,removed optimizer/scheduler/RNG training state; model checkpoint files retained
checkpoints/mc2_pmi_pills_balanced_fb_d3vit_lora_nicme_logit_s42_multiclass_mc2_official_dinov3_lora_balanced_20260501_mc2_a1_20152419/checkpoint-31/optimizer.pt,1284683,0.001196,removed optimizer/scheduler/RNG training state; model checkpoint files retained
checkpoints/mc2_pmi_pills_balanced_fb_d3vit_lora_nicme_logit_s42_multiclass_mc2_official_dinov3_lora_balanced_20260501_mc2_a1_20152419/checkpoint-31/rng_state.pth,14645,0.000014,removed optimizer/scheduler/RNG training state; model checkpoint files retained
checkpoints/mc2_pmi_pills_balanced_fb_d3vit_lora_nicme_logit_s42_multiclass_mc2_official_dinov3_lora_balanced_20260501_mc2_a1_20152419/checkpoint-31/scheduler.pt,1465,0.000001,removed optimizer/scheduler/RNG training state; model checkpoint files retained
checkpoints/mc3_eyepacs_dr_balanced_fb_d3cnx_lora_ce_s42_multiclass_mc3_selected_official_dinov3_lora_balanced_20260501_mc3_a1_3cce4706/checkpoint-117/optimizer.pt,4333963,0.004036,removed optimizer/scheduler/RNG training state; model checkpoint files retained
checkpoints/mc3_eyepacs_dr_balanced_fb_d3cnx_lora_ce_s42_multiclass_mc3_selected_official_dinov3_lora_balanced_20260501_mc3_a1_3cce4706/checkpoint-117/rng_state.pth,14645,0.000014,removed optimizer/scheduler/RNG training state; model checkpoint files retained
checkpoints/mc3_eyepacs_dr_balanced_fb_d3cnx_lora_ce_s42_multiclass_mc3_selected_official_dinov3_lora_balanced_20260501_mc3_a1_3cce4706/checkpoint-117/scheduler.pt,1465,0.000001,removed optimizer/scheduler/RNG training state; model checkpoint files retained
checkpoints/mc3_eyepacs_dr_balanced_fb_d3cnx_lora_ce_s43_multiclass_mc3_selected_official_dinov3_lora_balanced_20260501_mc3_a1_19ec19e0/checkpoint-39/optimizer.pt,4333963,0.004036,removed optimizer/scheduler/RNG training state; model checkpoint files retained
checkpoints/mc3_eyepacs_dr_balanced_fb_d3cnx_lora_ce_s43_multiclass_mc3_selected_official_dinov3_lora_balanced_20260501_mc3_a1_19ec19e0/checkpoint-39/rng_state.pth,14645,0.000014,removed optimizer/scheduler/RNG training state; model checkpoint files retained
checkpoints/mc3_eyepacs_dr_balanced_fb_d3cnx_lora_ce_s43_multiclass_mc3_selected_official_dinov3_lora_balanced_20260501_mc3_a1_19ec19e0/checkpoint-39/scheduler.pt,1465,0.000001,removed optimizer/scheduler/RNG training state; model checkpoint files retained
checkpoints/mc3_eyepacs_dr_balanced_fb_d3cnx_lora_ce_s44_multiclass_mc3_selected_official_dinov3_lora_balanced_20260501_mc3_a1_4bff6bda/checkpoint-156/optimizer.pt,4333963,0.004036,removed optimizer/scheduler/RNG training state; model checkpoint files retained
checkpoints/mc3_eyepacs_dr_balanced_fb_d3cnx_lora_ce_s44_multiclass_mc3_selected_official_dinov3_lora_balanced_20260501_mc3_a1_4bff6bda/checkpoint-156/rng_state.pth,14645,0.000014,removed optimizer/scheduler/RNG training state; model checkpoint files retained
checkpoints/mc3_eyepacs_dr_balanced_fb_d3cnx_lora_ce_s44_multiclass_mc3_selected_official_dinov3_lora_balanced_20260501_mc3_a1_4bff6bda/checkpoint-156/scheduler.pt,1465,0.000001,removed optimizer/scheduler/RNG training state; model checkpoint files retained
checkpoints/mc3_eyepacs_dr_balanced_fb_d3cnx_lora_ce_s45_multiclass_mc3_selected_official_dinov3_lora_balanced_20260501_mc3_a1_ebe33386/checkpoint-117/optimizer.pt,4333963,0.004036,removed optimizer/scheduler/RNG training state; model checkpoint files retained
checkpoints/mc3_eyepacs_dr_balanced_fb_d3cnx_lora_ce_s45_multiclass_mc3_selected_official_dinov3_lora_balanced_20260501_mc3_a1_ebe33386/checkpoint-117/rng_state.pth,14645,0.000014,removed optimizer/scheduler/RNG training state; model checkpoint files retained
checkpoints/mc3_eyepacs_dr_balanced_fb_d3cnx_lora_ce_s45_multiclass_mc3_selected_official_dinov3_lora_balanced_20260501_mc3_a1_ebe33386/checkpoint-117/scheduler.pt,1465,0.000001,removed optimizer/scheduler/RNG training state; model checkpoint files retained
checkpoints/mc3_eyepacs_dr_balanced_fb_d3cnx_lora_ce_s46_multiclass_mc3_selected_official_dinov3_lora_balanced_20260501_mc3_a1_e059eb37/checkpoint-117/optimizer.pt,4333963,0.004036,removed optimizer/scheduler/RNG training state; model checkpoint files retained
checkpoints/mc3_eyepacs_dr_balanced_fb_d3cnx_lora_ce_s46_multiclass_mc3_selected_official_dinov3_lora_balanced_20260501_mc3_a1_e059eb37/checkpoint-117/rng_state.pth,14645,0.000014,removed optimizer/scheduler/RNG training state; model checkpoint files retained
checkpoints/mc3_eyepacs_dr_balanced_fb_d3cnx_lora_ce_s46_multiclass_mc3_selected_official_dinov3_lora_balanced_20260501_mc3_a1_e059eb37/checkpoint-117/scheduler.pt,1465,0.000001,removed optimizer/scheduler/RNG training state; model checkpoint files retained
checkpoints/mc3_eyepacs_dr_balanced_fb_d3cnx_lora_cs_ce_s42_multiclass_mc3_selected_official_dinov3_lora_balanced_20260501_mc3_a1_7bf05fe4/checkpoint-117/optimizer.pt,4333963,0.004036,removed optimizer/scheduler/RNG training state; model checkpoint files retained
checkpoints/mc3_eyepacs_dr_balanced_fb_d3cnx_lora_cs_ce_s42_multiclass_mc3_selected_official_dinov3_lora_balanced_20260501_mc3_a1_7bf05fe4/checkpoint-117/rng_state.pth,14645,0.000014,removed optimizer/scheduler/RNG training state; model checkpoint files retained
checkpoints/mc3_eyepacs_dr_balanced_fb_d3cnx_lora_cs_ce_s42_multiclass_mc3_selected_official_dinov3_lora_balanced_20260501_mc3_a1_7bf05fe4/checkpoint-117/scheduler.pt,1465,0.000001,removed optimizer/scheduler/RNG training state; model checkpoint files retained
checkpoints/mc3_eyepacs_dr_balanced_fb_d3cnx_lora_cs_ce_s43_multiclass_mc3_selected_official_dinov3_lora_balanced_20260501_mc3_a1_519924f4/checkpoint-39/optimizer.pt,4333963,0.004036,removed optimizer/scheduler/RNG training state; model checkpoint files retained
checkpoints/mc3_eyepacs_dr_balanced_fb_d3cnx_lora_cs_ce_s43_multiclass_mc3_selected_official_dinov3_lora_balanced_20260501_mc3_a1_519924f4/checkpoint-39/rng_state.pth,14645,0.000014,removed optimizer/scheduler/RNG training state; model checkpoint files retained
checkpoints/mc3_eyepacs_dr_balanced_fb_d3cnx_lora_cs_ce_s43_multiclass_mc3_selected_official_dinov3_lora_balanced_20260501_mc3_a1_519924f4/checkpoint-39/scheduler.pt,1465,0.000001,removed optimizer/scheduler/RNG training state; model checkpoint files retained
checkpoints/mc3_eyepacs_dr_balanced_fb_d3cnx_lora_cs_ce_s43_multiclass_mc3_selected_official_dinov3_lora_balanced_20260501_mc3_a1_519924f4/checkpoint-78/optimizer.pt,4333963,0.004036,removed optimizer/scheduler/RNG training state; model checkpoint files retained
checkpoints/mc3_eyepacs_dr_balanced_fb_d3cnx_lora_cs_ce_s43_multiclass_mc3_selected_official_dinov3_lora_balanced_20260501_mc3_a1_519924f4/checkpoint-78/rng_state.pth,14645,0.000014,removed optimizer/scheduler/RNG training state; model checkpoint files retained
checkpoints/mc3_eyepacs_dr_balanced_fb_d3cnx_lora_cs_ce_s43_multiclass_mc3_selected_official_dinov3_lora_balanced_20260501_mc3_a1_519924f4/checkpoint-78/scheduler.pt,1465,0.000001,removed optimizer/scheduler/RNG training state; model checkpoint files retained
checkpoints/pmi20_alpha_lambda6_run_nicme_v3_extra_a0p5_l0p1_pmi20_lr5e5_s42/checkpoint-217/optimizer.pt,700988715,0.652847,removed optimizer/scheduler/RNG training state; model checkpoint files retained
checkpoints/pmi20_alpha_lambda6_run_nicme_v3_extra_a0p5_l0p1_pmi20_lr5e5_s42/checkpoint-217/rng_state.pth,14645,0.000014,removed optimizer/scheduler/RNG training state; model checkpoint files retained
checkpoints/pmi20_alpha_lambda6_run_nicme_v3_extra_a0p5_l0p1_pmi20_lr5e5_s42/checkpoint-217/scheduler.pt,1465,0.000001,removed optimizer/scheduler/RNG training state; model checkpoint files retained
checkpoints/pmi20_alpha_lambda6_run_nicme_v3_extra_a0p5_l0p1_pmi20_lr5e5_s43/checkpoint-527/optimizer.pt,700988715,0.652847,removed optimizer/scheduler/RNG training state; model checkpoint files retained
checkpoints/pmi20_alpha_lambda6_run_nicme_v3_extra_a0p5_l0p1_pmi20_lr5e5_s43/checkpoint-527/rng_state.pth,14645,0.000014,removed optimizer/scheduler/RNG training state; model checkpoint files retained
checkpoints/pmi20_alpha_lambda6_run_nicme_v3_extra_a0p5_l0p1_pmi20_lr5e5_s43/checkpoint-527/scheduler.pt,1465,0.000001,removed optimizer/scheduler/RNG training state; model checkpoint files retained
checkpoints/pmi20_alpha_lambda6_run_nicme_v3_extra_a0p5_l0p1_pmi20_lr5e5_s44/checkpoint-248/optimizer.pt,700988715,0.652847,removed optimizer/scheduler/RNG training state; model checkpoint files retained
checkpoints/pmi20_alpha_lambda6_run_nicme_v3_extra_a0p5_l0p1_pmi20_lr5e5_s44/checkpoint-248/rng_state.pth,14645,0.000014,removed optimizer/scheduler/RNG training state; model checkpoint files retained
checkpoints/pmi20_alpha_lambda6_run_nicme_v3_extra_a0p5_l0p1_pmi20_lr5e5_s44/checkpoint-248/scheduler.pt,1465,0.000001,removed optimizer/scheduler/RNG training state; model checkpoint files retained
checkpoints/pmi20_alpha_lambda6_run_nicme_v3_run20_a0p06_l0p03_pmi20_lr5e5_s42/checkpoint-155/optimizer.pt,700988715,0.652847,removed optimizer/scheduler/RNG training state; model checkpoint files retained
checkpoints/pmi20_alpha_lambda6_run_nicme_v3_run20_a0p06_l0p03_pmi20_lr5e5_s42/checkpoint-155/rng_state.pth,14581,0.000014,removed optimizer/scheduler/RNG training state; model checkpoint files retained
checkpoints/pmi20_alpha_lambda6_run_nicme_v3_run20_a0p06_l0p03_pmi20_lr5e5_s42/checkpoint-155/scheduler.pt,1465,0.000001,removed optimizer/scheduler/RNG training state; model checkpoint files retained
checkpoints/pmi20_alpha_lambda6_run_nicme_v3_run20_a0p06_l0p03_pmi20_lr5e5_s43/checkpoint-341/optimizer.pt,700988715,0.652847,removed optimizer/scheduler/RNG training state; model checkpoint files retained
checkpoints/pmi20_alpha_lambda6_run_nicme_v3_run20_a0p06_l0p03_pmi20_lr5e5_s43/checkpoint-341/rng_state.pth,14709,0.000014,removed optimizer/scheduler/RNG training state; model checkpoint files retained
checkpoints/pmi20_alpha_lambda6_run_nicme_v3_run20_a0p06_l0p03_pmi20_lr5e5_s43/checkpoint-341/scheduler.pt,1465,0.000001,removed optimizer/scheduler/RNG training state; model checkpoint files retained
checkpoints/pmi20_alpha_lambda6_run_nicme_v3_run20_a0p06_l0p03_pmi20_lr5e5_s44/checkpoint-186/optimizer.pt,700988715,0.652847,removed optimizer/scheduler/RNG training state; model checkpoint files retained
checkpoints/pmi20_alpha_lambda6_run_nicme_v3_run20_a0p06_l0p03_pmi20_lr5e5_s44/checkpoint-186/rng_state.pth,14645,0.000014,removed optimizer/scheduler/RNG training state; model checkpoint files retained
checkpoints/pmi20_alpha_lambda6_run_nicme_v3_run20_a0p06_l0p03_pmi20_lr5e5_s44/checkpoint-186/scheduler.pt,1465,0.000001,removed optimizer/scheduler/RNG training state; model checkpoint files retained
checkpoints/pmi20_alpha_lambda6_run_nicme_v3_run50_a0p09_l0p07_pmi20_lr5e5_s42/checkpoint-155/optimizer.pt,700988715,0.652847,removed optimizer/scheduler/RNG training state; model checkpoint files retained
checkpoints/pmi20_alpha_lambda6_run_nicme_v3_run50_a0p09_l0p07_pmi20_lr5e5_s42/checkpoint-155/rng_state.pth,14581,0.000014,removed optimizer/scheduler/RNG training state; model checkpoint files retained
checkpoints/pmi20_alpha_lambda6_run_nicme_v3_run50_a0p09_l0p07_pmi20_lr5e5_s42/checkpoint-155/scheduler.pt,1465,0.000001,removed optimizer/scheduler/RNG training state; model checkpoint files retained
checkpoints/pmi20_alpha_lambda6_run_nicme_v3_run50_a0p09_l0p07_pmi20_lr5e5_s43/checkpoint-279/optimizer.pt,700988715,0.652847,removed optimizer/scheduler/RNG training state; model checkpoint files retained
checkpoints/pmi20_alpha_lambda6_run_nicme_v3_run50_a0p09_l0p07_pmi20_lr5e5_s43/checkpoint-279/rng_state.pth,14645,0.000014,removed optimizer/scheduler/RNG training state; model checkpoint files retained
checkpoints/pmi20_alpha_lambda6_run_nicme_v3_run50_a0p09_l0p07_pmi20_lr5e5_s43/checkpoint-279/scheduler.pt,1465,0.000001,removed optimizer/scheduler/RNG training state; model checkpoint files retained
checkpoints/pmi20_alpha_lambda6_run_nicme_v3_run50_a0p09_l0p07_pmi20_lr5e5_s44/checkpoint-186/optimizer.pt,700988715,0.652847,removed optimizer/scheduler/RNG training state; model checkpoint files retained
checkpoints/pmi20_alpha_lambda6_run_nicme_v3_run50_a0p09_l0p07_pmi20_lr5e5_s44/checkpoint-186/rng_state.pth,14645,0.000014,removed optimizer/scheduler/RNG training state; model checkpoint files retained
checkpoints/pmi20_alpha_lambda6_run_nicme_v3_run50_a0p09_l0p07_pmi20_lr5e5_s44/checkpoint-186/scheduler.pt,1465,0.000001,removed optimizer/scheduler/RNG training state; model checkpoint files retained
checkpoints/pmi20_alpha_lambda6_run_nicme_v3_run53_a0p09_l0p2_pmi20_lr5e5_s42/checkpoint-155/optimizer.pt,700988715,0.652847,removed optimizer/scheduler/RNG training state; model checkpoint files retained
checkpoints/pmi20_alpha_lambda6_run_nicme_v3_run53_a0p09_l0p2_pmi20_lr5e5_s42/checkpoint-155/rng_state.pth,14581,0.000014,removed optimizer/scheduler/RNG training state; model checkpoint files retained
checkpoints/pmi20_alpha_lambda6_run_nicme_v3_run53_a0p09_l0p2_pmi20_lr5e5_s42/checkpoint-155/scheduler.pt,1465,0.000001,removed optimizer/scheduler/RNG training state; model checkpoint files retained
checkpoints/pmi20_alpha_lambda6_run_nicme_v3_run53_a0p09_l0p2_pmi20_lr5e5_s43/checkpoint-248/optimizer.pt,700988715,0.652847,removed optimizer/scheduler/RNG training state; model checkpoint files retained
checkpoints/pmi20_alpha_lambda6_run_nicme_v3_run53_a0p09_l0p2_pmi20_lr5e5_s43/checkpoint-248/rng_state.pth,14645,0.000014,removed optimizer/scheduler/RNG training state; model checkpoint files retained
checkpoints/pmi20_alpha_lambda6_run_nicme_v3_run53_a0p09_l0p2_pmi20_lr5e5_s43/checkpoint-248/scheduler.pt,1465,0.000001,removed optimizer/scheduler/RNG training state; model checkpoint files retained
checkpoints/pmi20_alpha_lambda6_run_nicme_v3_run53_a0p09_l0p2_pmi20_lr5e5_s44/checkpoint-186/optimizer.pt,700988715,0.652847,removed optimizer/scheduler/RNG training state; model checkpoint files retained
checkpoints/pmi20_alpha_lambda6_run_nicme_v3_run53_a0p09_l0p2_pmi20_lr5e5_s44/checkpoint-186/rng_state.pth,14645,0.000014,removed optimizer/scheduler/RNG training state; model checkpoint files retained
checkpoints/pmi20_alpha_lambda6_run_nicme_v3_run53_a0p09_l0p2_pmi20_lr5e5_s44/checkpoint-186/scheduler.pt,1465,0.000001,removed optimizer/scheduler/RNG training state; model checkpoint files retained
checkpoints/pmi20_alpha_lambda6_run_nicme_v3_run69_a0p2_l0p09_pmi20_lr5e5_s42/checkpoint-155/optimizer.pt,700988715,0.652847,removed optimizer/scheduler/RNG training state; model checkpoint files retained
checkpoints/pmi20_alpha_lambda6_run_nicme_v3_run69_a0p2_l0p09_pmi20_lr5e5_s42/checkpoint-155/rng_state.pth,14581,0.000014,removed optimizer/scheduler/RNG training state; model checkpoint files retained
checkpoints/pmi20_alpha_lambda6_run_nicme_v3_run69_a0p2_l0p09_pmi20_lr5e5_s42/checkpoint-155/scheduler.pt,1465,0.000001,removed optimizer/scheduler/RNG training state; model checkpoint files retained
checkpoints/pmi20_alpha_lambda6_run_nicme_v3_run69_a0p2_l0p09_pmi20_lr5e5_s43/checkpoint-279/optimizer.pt,700988715,0.652847,removed optimizer/scheduler/RNG training state; model checkpoint files retained
checkpoints/pmi20_alpha_lambda6_run_nicme_v3_run69_a0p2_l0p09_pmi20_lr5e5_s43/checkpoint-279/rng_state.pth,14645,0.000014,removed optimizer/scheduler/RNG training state; model checkpoint files retained
checkpoints/pmi20_alpha_lambda6_run_nicme_v3_run69_a0p2_l0p09_pmi20_lr5e5_s43/checkpoint-279/scheduler.pt,1465,0.000001,removed optimizer/scheduler/RNG training state; model checkpoint files retained
checkpoints/pmi20_alpha_lambda6_run_nicme_v3_run69_a0p2_l0p09_pmi20_lr5e5_s44/checkpoint-186/optimizer.pt,700988715,0.652847,removed optimizer/scheduler/RNG training state; model checkpoint files retained
checkpoints/pmi20_alpha_lambda6_run_nicme_v3_run69_a0p2_l0p09_pmi20_lr5e5_s44/checkpoint-186/rng_state.pth,14645,0.000014,removed optimizer/scheduler/RNG training state; model checkpoint files retained
checkpoints/pmi20_alpha_lambda6_run_nicme_v3_run69_a0p2_l0p09_pmi20_lr5e5_s44/checkpoint-186/scheduler.pt,1465,0.000001,removed optimizer/scheduler/RNG training state; model checkpoint files retained
checkpoints/pmi20_alpha_lambda6_run_nicme_v3_run95_a0p5_l0p07_pmi20_lr5e5_s42/checkpoint-217/optimizer.pt,700988715,0.652847,removed optimizer/scheduler/RNG training state; model checkpoint files retained
checkpoints/pmi20_alpha_lambda6_run_nicme_v3_run95_a0p5_l0p07_pmi20_lr5e5_s42/checkpoint-217/rng_state.pth,14645,0.000014,removed optimizer/scheduler/RNG training state; model checkpoint files retained
checkpoints/pmi20_alpha_lambda6_run_nicme_v3_run95_a0p5_l0p07_pmi20_lr5e5_s42/checkpoint-217/scheduler.pt,1465,0.000001,removed optimizer/scheduler/RNG training state; model checkpoint files retained
checkpoints/pmi20_alpha_lambda6_run_nicme_v3_run95_a0p5_l0p07_pmi20_lr5e5_s43/checkpoint-248/optimizer.pt,700988715,0.652847,removed optimizer/scheduler/RNG training state; model checkpoint files retained
checkpoints/pmi20_alpha_lambda6_run_nicme_v3_run95_a0p5_l0p07_pmi20_lr5e5_s43/checkpoint-248/rng_state.pth,14645,0.000014,removed optimizer/scheduler/RNG training state; model checkpoint files retained
checkpoints/pmi20_alpha_lambda6_run_nicme_v3_run95_a0p5_l0p07_pmi20_lr5e5_s43/checkpoint-248/scheduler.pt,1465,0.000001,removed optimizer/scheduler/RNG training state; model checkpoint files retained
checkpoints/pmi20_alpha_lambda6_run_nicme_v3_run95_a0p5_l0p07_pmi20_lr5e5_s44/checkpoint-248/optimizer.pt,700988715,0.652847,removed optimizer/scheduler/RNG training state; model checkpoint files retained
checkpoints/pmi20_alpha_lambda6_run_nicme_v3_run95_a0p5_l0p07_pmi20_lr5e5_s44/checkpoint-248/rng_state.pth,14645,0.000014,removed optimizer/scheduler/RNG training state; model checkpoint files retained
checkpoints/pmi20_alpha_lambda6_run_nicme_v3_run95_a0p5_l0p07_pmi20_lr5e5_s44/checkpoint-248/scheduler.pt,1465,0.000001,removed optimizer/scheduler/RNG training state; model checkpoint files retained
checkpoints/pmi20_alpha_lambda6_smoke_nicme_v3_extra_a0p5_l0p1_pmi20_lr5e5_s42/checkpoint-31/optimizer.pt,700988715,0.652847,removed optimizer/scheduler/RNG training state; model checkpoint files retained
checkpoints/pmi20_alpha_lambda6_smoke_nicme_v3_extra_a0p5_l0p1_pmi20_lr5e5_s42/checkpoint-31/rng_state.pth,14645,0.000014,removed optimizer/scheduler/RNG training state; model checkpoint files retained
checkpoints/pmi20_alpha_lambda6_smoke_nicme_v3_extra_a0p5_l0p1_pmi20_lr5e5_s42/checkpoint-31/scheduler.pt,1465,0.000001,removed optimizer/scheduler/RNG training state; model checkpoint files retained
checkpoints/pmi20_alpha_lambda6_smoke_nicme_v3_extra_a0p5_l0p1_pmi20_lr5e5_s43/checkpoint-31/optimizer.pt,700988715,0.652847,removed optimizer/scheduler/RNG training state; model checkpoint files retained
checkpoints/pmi20_alpha_lambda6_smoke_nicme_v3_extra_a0p5_l0p1_pmi20_lr5e5_s43/checkpoint-31/rng_state.pth,14645,0.000014,removed optimizer/scheduler/RNG training state; model checkpoint files retained
checkpoints/pmi20_alpha_lambda6_smoke_nicme_v3_extra_a0p5_l0p1_pmi20_lr5e5_s43/checkpoint-31/scheduler.pt,1465,0.000001,removed optimizer/scheduler/RNG training state; model checkpoint files retained
checkpoints/pmi20_alpha_lambda6_smoke_nicme_v3_extra_a0p5_l0p1_pmi20_lr5e5_s44/checkpoint-31/optimizer.pt,700988715,0.652847,removed optimizer/scheduler/RNG training state; model checkpoint files retained
checkpoints/pmi20_alpha_lambda6_smoke_nicme_v3_extra_a0p5_l0p1_pmi20_lr5e5_s44/checkpoint-31/rng_state.pth,14645,0.000014,removed optimizer/scheduler/RNG training state; model checkpoint files retained
checkpoints/pmi20_alpha_lambda6_smoke_nicme_v3_extra_a0p5_l0p1_pmi20_lr5e5_s44/checkpoint-31/scheduler.pt,1465,0.000001,removed optimizer/scheduler/RNG training state; model checkpoint files retained
checkpoints/pmi20_alpha_lambda6_smoke_nicme_v3_run20_a0p06_l0p03_pmi20_lr5e5_s42/checkpoint-31/optimizer.pt,700988715,0.652847,removed optimizer/scheduler/RNG training state; model checkpoint files retained
checkpoints/pmi20_alpha_lambda6_smoke_nicme_v3_run20_a0p06_l0p03_pmi20_lr5e5_s42/checkpoint-31/rng_state.pth,14645,0.000014,removed optimizer/scheduler/RNG training state; model checkpoint files retained
checkpoints/pmi20_alpha_lambda6_smoke_nicme_v3_run20_a0p06_l0p03_pmi20_lr5e5_s42/checkpoint-31/scheduler.pt,1465,0.000001,removed optimizer/scheduler/RNG training state; model checkpoint files retained
checkpoints/pmi20_alpha_lambda6_smoke_nicme_v3_run20_a0p06_l0p03_pmi20_lr5e5_s43/checkpoint-31/optimizer.pt,700988715,0.652847,removed optimizer/scheduler/RNG training state; model checkpoint files retained
checkpoints/pmi20_alpha_lambda6_smoke_nicme_v3_run20_a0p06_l0p03_pmi20_lr5e5_s43/checkpoint-31/rng_state.pth,14645,0.000014,removed optimizer/scheduler/RNG training state; model checkpoint files retained
checkpoints/pmi20_alpha_lambda6_smoke_nicme_v3_run20_a0p06_l0p03_pmi20_lr5e5_s43/checkpoint-31/scheduler.pt,1465,0.000001,removed optimizer/scheduler/RNG training state; model checkpoint files retained
checkpoints/pmi20_alpha_lambda6_smoke_nicme_v3_run20_a0p06_l0p03_pmi20_lr5e5_s44/checkpoint-31/optimizer.pt,700988715,0.652847,removed optimizer/scheduler/RNG training state; model checkpoint files retained
checkpoints/pmi20_alpha_lambda6_smoke_nicme_v3_run20_a0p06_l0p03_pmi20_lr5e5_s44/checkpoint-31/rng_state.pth,14645,0.000014,removed optimizer/scheduler/RNG training state; model checkpoint files retained
checkpoints/pmi20_alpha_lambda6_smoke_nicme_v3_run20_a0p06_l0p03_pmi20_lr5e5_s44/checkpoint-31/scheduler.pt,1465,0.000001,removed optimizer/scheduler/RNG training state; model checkpoint files retained
checkpoints/pmi20_alpha_lambda6_smoke_nicme_v3_run50_a0p09_l0p07_pmi20_lr5e5_s42/checkpoint-31/optimizer.pt,700988715,0.652847,removed optimizer/scheduler/RNG training state; model checkpoint files retained
checkpoints/pmi20_alpha_lambda6_smoke_nicme_v3_run50_a0p09_l0p07_pmi20_lr5e5_s42/checkpoint-31/rng_state.pth,14645,0.000014,removed optimizer/scheduler/RNG training state; model checkpoint files retained
checkpoints/pmi20_alpha_lambda6_smoke_nicme_v3_run50_a0p09_l0p07_pmi20_lr5e5_s42/checkpoint-31/scheduler.pt,1465,0.000001,removed optimizer/scheduler/RNG training state; model checkpoint files retained
checkpoints/pmi20_alpha_lambda6_smoke_nicme_v3_run50_a0p09_l0p07_pmi20_lr5e5_s43/checkpoint-31/optimizer.pt,700988715,0.652847,removed optimizer/scheduler/RNG training state; model checkpoint files retained
checkpoints/pmi20_alpha_lambda6_smoke_nicme_v3_run50_a0p09_l0p07_pmi20_lr5e5_s43/checkpoint-31/rng_state.pth,14645,0.000014,removed optimizer/scheduler/RNG training state; model checkpoint files retained
checkpoints/pmi20_alpha_lambda6_smoke_nicme_v3_run50_a0p09_l0p07_pmi20_lr5e5_s43/checkpoint-31/scheduler.pt,1465,0.000001,removed optimizer/scheduler/RNG training state; model checkpoint files retained
checkpoints/pmi20_alpha_lambda6_smoke_nicme_v3_run50_a0p09_l0p07_pmi20_lr5e5_s44/checkpoint-31/optimizer.pt,700988715,0.652847,removed optimizer/scheduler/RNG training state; model checkpoint files retained
checkpoints/pmi20_alpha_lambda6_smoke_nicme_v3_run50_a0p09_l0p07_pmi20_lr5e5_s44/checkpoint-31/rng_state.pth,14645,0.000014,removed optimizer/scheduler/RNG training state; model checkpoint files retained
checkpoints/pmi20_alpha_lambda6_smoke_nicme_v3_run50_a0p09_l0p07_pmi20_lr5e5_s44/checkpoint-31/scheduler.pt,1465,0.000001,removed optimizer/scheduler/RNG training state; model checkpoint files retained
checkpoints/pmi20_alpha_lambda6_smoke_nicme_v3_run53_a0p09_l0p2_pmi20_lr5e5_s42/checkpoint-31/optimizer.pt,700988715,0.652847,removed optimizer/scheduler/RNG training state; model checkpoint files retained
checkpoints/pmi20_alpha_lambda6_smoke_nicme_v3_run53_a0p09_l0p2_pmi20_lr5e5_s42/checkpoint-31/rng_state.pth,14645,0.000014,removed optimizer/scheduler/RNG training state; model checkpoint files retained
checkpoints/pmi20_alpha_lambda6_smoke_nicme_v3_run53_a0p09_l0p2_pmi20_lr5e5_s42/checkpoint-31/scheduler.pt,1465,0.000001,removed optimizer/scheduler/RNG training state; model checkpoint files retained
checkpoints/pmi20_alpha_lambda6_smoke_nicme_v3_run53_a0p09_l0p2_pmi20_lr5e5_s43/checkpoint-31/optimizer.pt,700988715,0.652847,removed optimizer/scheduler/RNG training state; model checkpoint files retained
checkpoints/pmi20_alpha_lambda6_smoke_nicme_v3_run53_a0p09_l0p2_pmi20_lr5e5_s43/checkpoint-31/rng_state.pth,14645,0.000014,removed optimizer/scheduler/RNG training state; model checkpoint files retained
checkpoints/pmi20_alpha_lambda6_smoke_nicme_v3_run53_a0p09_l0p2_pmi20_lr5e5_s43/checkpoint-31/scheduler.pt,1465,0.000001,removed optimizer/scheduler/RNG training state; model checkpoint files retained
checkpoints/pmi20_alpha_lambda6_smoke_nicme_v3_run53_a0p09_l0p2_pmi20_lr5e5_s44/checkpoint-31/optimizer.pt,700988715,0.652847,removed optimizer/scheduler/RNG training state; model checkpoint files retained
checkpoints/pmi20_alpha_lambda6_smoke_nicme_v3_run53_a0p09_l0p2_pmi20_lr5e5_s44/checkpoint-31/rng_state.pth,14645,0.000014,removed optimizer/scheduler/RNG training state; model checkpoint files retained
checkpoints/pmi20_alpha_lambda6_smoke_nicme_v3_run53_a0p09_l0p2_pmi20_lr5e5_s44/checkpoint-31/scheduler.pt,1465,0.000001,removed optimizer/scheduler/RNG training state; model checkpoint files retained
checkpoints/pmi20_alpha_lambda6_smoke_nicme_v3_run69_a0p2_l0p09_pmi20_lr5e5_s42/checkpoint-31/optimizer.pt,700988715,0.652847,removed optimizer/scheduler/RNG training state; model checkpoint files retained
checkpoints/pmi20_alpha_lambda6_smoke_nicme_v3_run69_a0p2_l0p09_pmi20_lr5e5_s42/checkpoint-31/rng_state.pth,14645,0.000014,removed optimizer/scheduler/RNG training state; model checkpoint files retained
checkpoints/pmi20_alpha_lambda6_smoke_nicme_v3_run69_a0p2_l0p09_pmi20_lr5e5_s42/checkpoint-31/scheduler.pt,1465,0.000001,removed optimizer/scheduler/RNG training state; model checkpoint files retained
checkpoints/pmi20_alpha_lambda6_smoke_nicme_v3_run69_a0p2_l0p09_pmi20_lr5e5_s43/checkpoint-31/optimizer.pt,700988715,0.652847,removed optimizer/scheduler/RNG training state; model checkpoint files retained
checkpoints/pmi20_alpha_lambda6_smoke_nicme_v3_run69_a0p2_l0p09_pmi20_lr5e5_s43/checkpoint-31/rng_state.pth,14645,0.000014,removed optimizer/scheduler/RNG training state; model checkpoint files retained
checkpoints/pmi20_alpha_lambda6_smoke_nicme_v3_run69_a0p2_l0p09_pmi20_lr5e5_s43/checkpoint-31/scheduler.pt,1465,0.000001,removed optimizer/scheduler/RNG training state; model checkpoint files retained
checkpoints/pmi20_alpha_lambda6_smoke_nicme_v3_run69_a0p2_l0p09_pmi20_lr5e5_s44/checkpoint-31/optimizer.pt,700988715,0.652847,removed optimizer/scheduler/RNG training state; model checkpoint files retained
checkpoints/pmi20_alpha_lambda6_smoke_nicme_v3_run69_a0p2_l0p09_pmi20_lr5e5_s44/checkpoint-31/rng_state.pth,14645,0.000014,removed optimizer/scheduler/RNG training state; model checkpoint files retained
checkpoints/pmi20_alpha_lambda6_smoke_nicme_v3_run69_a0p2_l0p09_pmi20_lr5e5_s44/checkpoint-31/scheduler.pt,1465,0.000001,removed optimizer/scheduler/RNG training state; model checkpoint files retained
checkpoints/pmi20_alpha_lambda6_smoke_nicme_v3_run95_a0p5_l0p07_pmi20_lr5e5_s42/checkpoint-31/optimizer.pt,700988715,0.652847,removed optimizer/scheduler/RNG training state; model checkpoint files retained
checkpoints/pmi20_alpha_lambda6_smoke_nicme_v3_run95_a0p5_l0p07_pmi20_lr5e5_s42/checkpoint-31/rng_state.pth,14645,0.000014,removed optimizer/scheduler/RNG training state; model checkpoint files retained
checkpoints/pmi20_alpha_lambda6_smoke_nicme_v3_run95_a0p5_l0p07_pmi20_lr5e5_s42/checkpoint-31/scheduler.pt,1465,0.000001,removed optimizer/scheduler/RNG training state; model checkpoint files retained
checkpoints/pmi20_alpha_lambda6_smoke_nicme_v3_run95_a0p5_l0p07_pmi20_lr5e5_s43/checkpoint-31/optimizer.pt,700988715,0.652847,removed optimizer/scheduler/RNG training state; model checkpoint files retained
checkpoints/pmi20_alpha_lambda6_smoke_nicme_v3_run95_a0p5_l0p07_pmi20_lr5e5_s43/checkpoint-31/rng_state.pth,14645,0.000014,removed optimizer/scheduler/RNG training state; model checkpoint files retained
checkpoints/pmi20_alpha_lambda6_smoke_nicme_v3_run95_a0p5_l0p07_pmi20_lr5e5_s43/checkpoint-31/scheduler.pt,1465,0.000001,removed optimizer/scheduler/RNG training state; model checkpoint files retained
checkpoints/pmi20_alpha_lambda6_smoke_nicme_v3_run95_a0p5_l0p07_pmi20_lr5e5_s44/checkpoint-31/optimizer.pt,700988715,0.652847,removed optimizer/scheduler/RNG training state; model checkpoint files retained
checkpoints/pmi20_alpha_lambda6_smoke_nicme_v3_run95_a0p5_l0p07_pmi20_lr5e5_s44/checkpoint-31/rng_state.pth,14645,0.000014,removed optimizer/scheduler/RNG training state; model checkpoint files retained
checkpoints/pmi20_alpha_lambda6_smoke_nicme_v3_run95_a0p5_l0p07_pmi20_lr5e5_s44/checkpoint-31/scheduler.pt,1465,0.000001,removed optimizer/scheduler/RNG training state; model checkpoint files retained
checkpoints/pmi20_run_ap_csada_lr5e5_s42/checkpoint-62/optimizer.pt,700988715,0.652847,removed optimizer/scheduler/RNG training state; model checkpoint files retained
checkpoints/pmi20_run_ap_csada_lr5e5_s42/checkpoint-62/rng_state.pth,14581,0.000014,removed optimizer/scheduler/RNG training state; model checkpoint files retained
checkpoints/pmi20_run_ap_csada_lr5e5_s42/checkpoint-62/scheduler.pt,1465,0.000001,removed optimizer/scheduler/RNG training state; model checkpoint files retained
checkpoints/pmi20_run_ap_csada_lr5e5_s43/checkpoint-62/optimizer.pt,700988715,0.652847,removed optimizer/scheduler/RNG training state; model checkpoint files retained
checkpoints/pmi20_run_ap_csada_lr5e5_s43/checkpoint-62/rng_state.pth,14581,0.000014,removed optimizer/scheduler/RNG training state; model checkpoint files retained
checkpoints/pmi20_run_ap_csada_lr5e5_s43/checkpoint-62/scheduler.pt,1465,0.000001,removed optimizer/scheduler/RNG training state; model checkpoint files retained
checkpoints/pmi20_run_ap_csada_lr5e5_s44/checkpoint-62/optimizer.pt,700988715,0.652847,removed optimizer/scheduler/RNG training state; model checkpoint files retained
checkpoints/pmi20_run_ap_csada_lr5e5_s44/checkpoint-62/rng_state.pth,14581,0.000014,removed optimizer/scheduler/RNG training state; model checkpoint files retained
checkpoints/pmi20_run_ap_csada_lr5e5_s44/checkpoint-62/scheduler.pt,1465,0.000001,removed optimizer/scheduler/RNG training state; model checkpoint files retained
checkpoints/pmi20_run_ce_anchor_pmi20_lr5e5_s42/checkpoint-155/optimizer.pt,700988715,0.652847,removed optimizer/scheduler/RNG training state; model checkpoint files retained
checkpoints/pmi20_run_ce_anchor_pmi20_lr5e5_s42/checkpoint-155/rng_state.pth,14581,0.000014,removed optimizer/scheduler/RNG training state; model checkpoint files retained
checkpoints/pmi20_run_ce_anchor_pmi20_lr5e5_s42/checkpoint-155/scheduler.pt,1465,0.000001,removed optimizer/scheduler/RNG training state; model checkpoint files retained
checkpoints/pmi20_run_ce_anchor_pmi20_lr5e5_s43/checkpoint-279/optimizer.pt,700988715,0.652847,removed optimizer/scheduler/RNG training state; model checkpoint files retained
checkpoints/pmi20_run_ce_anchor_pmi20_lr5e5_s43/checkpoint-279/rng_state.pth,14645,0.000014,removed optimizer/scheduler/RNG training state; model checkpoint files retained
checkpoints/pmi20_run_ce_anchor_pmi20_lr5e5_s43/checkpoint-279/scheduler.pt,1465,0.000001,removed optimizer/scheduler/RNG training state; model checkpoint files retained
checkpoints/pmi20_run_ce_anchor_pmi20_lr5e5_s44/checkpoint-217/optimizer.pt,700988715,0.652847,removed optimizer/scheduler/RNG training state; model checkpoint files retained
checkpoints/pmi20_run_ce_anchor_pmi20_lr5e5_s44/checkpoint-217/rng_state.pth,14645,0.000014,removed optimizer/scheduler/RNG training state; model checkpoint files retained
checkpoints/pmi20_run_ce_anchor_pmi20_lr5e5_s44/checkpoint-217/scheduler.pt,1465,0.000001,removed optimizer/scheduler/RNG training state; model checkpoint files retained
checkpoints/pmi20_run_cost_weighted_ce_lr5e5_s42/checkpoint-155/optimizer.pt,700988715,0.652847,removed optimizer/scheduler/RNG training state; model checkpoint files retained
checkpoints/pmi20_run_cost_weighted_ce_lr5e5_s42/checkpoint-155/rng_state.pth,14581,0.000014,removed optimizer/scheduler/RNG training state; model checkpoint files retained
checkpoints/pmi20_run_cost_weighted_ce_lr5e5_s42/checkpoint-155/scheduler.pt,1465,0.000001,removed optimizer/scheduler/RNG training state; model checkpoint files retained
checkpoints/pmi20_run_cost_weighted_ce_lr5e5_s43/checkpoint-279/optimizer.pt,700988715,0.652847,removed optimizer/scheduler/RNG training state; model checkpoint files retained
checkpoints/pmi20_run_cost_weighted_ce_lr5e5_s43/checkpoint-279/rng_state.pth,14645,0.000014,removed optimizer/scheduler/RNG training state; model checkpoint files retained
checkpoints/pmi20_run_cost_weighted_ce_lr5e5_s43/checkpoint-279/scheduler.pt,1465,0.000001,removed optimizer/scheduler/RNG training state; model checkpoint files retained
checkpoints/pmi20_run_cost_weighted_ce_lr5e5_s44/checkpoint-186/optimizer.pt,700988715,0.652847,removed optimizer/scheduler/RNG training state; model checkpoint files retained
checkpoints/pmi20_run_cost_weighted_ce_lr5e5_s44/checkpoint-186/rng_state.pth,14645,0.000014,removed optimizer/scheduler/RNG training state; model checkpoint files retained
checkpoints/pmi20_run_cost_weighted_ce_lr5e5_s44/checkpoint-186/scheduler.pt,1465,0.000001,removed optimizer/scheduler/RNG training state; model checkpoint files retained
checkpoints/pmi20_run_csada_lr5e5_s42/checkpoint-31/optimizer.pt,700988715,0.652847,removed optimizer/scheduler/RNG training state; model checkpoint files retained
checkpoints/pmi20_run_csada_lr5e5_s42/checkpoint-31/rng_state.pth,14645,0.000014,removed optimizer/scheduler/RNG training state; model checkpoint files retained
checkpoints/pmi20_run_csada_lr5e5_s42/checkpoint-31/scheduler.pt,1465,0.000001,removed optimizer/scheduler/RNG training state; model checkpoint files retained
checkpoints/pmi20_run_csada_lr5e5_s43/checkpoint-31/optimizer.pt,700988715,0.652847,removed optimizer/scheduler/RNG training state; model checkpoint files retained
checkpoints/pmi20_run_csada_lr5e5_s43/checkpoint-31/rng_state.pth,14645,0.000014,removed optimizer/scheduler/RNG training state; model checkpoint files retained
checkpoints/pmi20_run_csada_lr5e5_s43/checkpoint-31/scheduler.pt,1465,0.000001,removed optimizer/scheduler/RNG training state; model checkpoint files retained
checkpoints/pmi20_run_csada_lr5e5_s44/checkpoint-62/optimizer.pt,700988715,0.652847,removed optimizer/scheduler/RNG training state; model checkpoint files retained
checkpoints/pmi20_run_csada_lr5e5_s44/checkpoint-62/rng_state.pth,14581,0.000014,removed optimizer/scheduler/RNG training state; model checkpoint files retained
checkpoints/pmi20_run_csada_lr5e5_s44/checkpoint-62/scheduler.pt,1465,0.000001,removed optimizer/scheduler/RNG training state; model checkpoint files retained
checkpoints/pmi20_run_menon_logit_adjusted_lr5e5_s42/checkpoint-155/optimizer.pt,700988715,0.652847,removed optimizer/scheduler/RNG training state; model checkpoint files retained
checkpoints/pmi20_run_menon_logit_adjusted_lr5e5_s42/checkpoint-155/rng_state.pth,14581,0.000014,removed optimizer/scheduler/RNG training state; model checkpoint files retained
checkpoints/pmi20_run_menon_logit_adjusted_lr5e5_s42/checkpoint-155/scheduler.pt,1465,0.000001,removed optimizer/scheduler/RNG training state; model checkpoint files retained
checkpoints/pmi20_run_menon_logit_adjusted_lr5e5_s43/checkpoint-279/optimizer.pt,700988715,0.652847,removed optimizer/scheduler/RNG training state; model checkpoint files retained
checkpoints/pmi20_run_menon_logit_adjusted_lr5e5_s43/checkpoint-279/rng_state.pth,14645,0.000014,removed optimizer/scheduler/RNG training state; model checkpoint files retained
checkpoints/pmi20_run_menon_logit_adjusted_lr5e5_s43/checkpoint-279/scheduler.pt,1465,0.000001,removed optimizer/scheduler/RNG training state; model checkpoint files retained
checkpoints/pmi20_run_menon_logit_adjusted_lr5e5_s44/checkpoint-217/optimizer.pt,700988715,0.652847,removed optimizer/scheduler/RNG training state; model checkpoint files retained
checkpoints/pmi20_run_menon_logit_adjusted_lr5e5_s44/checkpoint-217/rng_state.pth,14645,0.000014,removed optimizer/scheduler/RNG training state; model checkpoint files retained
checkpoints/pmi20_run_menon_logit_adjusted_lr5e5_s44/checkpoint-217/scheduler.pt,1465,0.000001,removed optimizer/scheduler/RNG training state; model checkpoint files retained
checkpoints/pmi20_run_nicme_v3_run50_a0p09_l0p07_pmi20_lr5e5_s42/checkpoint-155/optimizer.pt,700988715,0.652847,removed optimizer/scheduler/RNG training state; model checkpoint files retained
checkpoints/pmi20_run_nicme_v3_run50_a0p09_l0p07_pmi20_lr5e5_s42/checkpoint-155/rng_state.pth,14581,0.000014,removed optimizer/scheduler/RNG training state; model checkpoint files retained
checkpoints/pmi20_run_nicme_v3_run50_a0p09_l0p07_pmi20_lr5e5_s42/checkpoint-155/scheduler.pt,1465,0.000001,removed optimizer/scheduler/RNG training state; model checkpoint files retained
checkpoints/pmi20_run_nicme_v3_run50_a0p09_l0p07_pmi20_lr5e5_s43/checkpoint-279/optimizer.pt,700988715,0.652847,removed optimizer/scheduler/RNG training state; model checkpoint files retained
checkpoints/pmi20_run_nicme_v3_run50_a0p09_l0p07_pmi20_lr5e5_s43/checkpoint-279/rng_state.pth,14645,0.000014,removed optimizer/scheduler/RNG training state; model checkpoint files retained
checkpoints/pmi20_run_nicme_v3_run50_a0p09_l0p07_pmi20_lr5e5_s43/checkpoint-279/scheduler.pt,1465,0.000001,removed optimizer/scheduler/RNG training state; model checkpoint files retained
checkpoints/pmi20_run_nicme_v3_run50_a0p09_l0p07_pmi20_lr5e5_s44/checkpoint-186/optimizer.pt,700988715,0.652847,removed optimizer/scheduler/RNG training state; model checkpoint files retained
checkpoints/pmi20_run_nicme_v3_run50_a0p09_l0p07_pmi20_lr5e5_s44/checkpoint-186/rng_state.pth,14645,0.000014,removed optimizer/scheduler/RNG training state; model checkpoint files retained
checkpoints/pmi20_run_nicme_v3_run50_a0p09_l0p07_pmi20_lr5e5_s44/checkpoint-186/scheduler.pt,1465,0.000001,removed optimizer/scheduler/RNG training state; model checkpoint files retained
checkpoints/pmi20_smoke_ap_csada_lr5e5_s42/checkpoint-31/optimizer.pt,700988715,0.652847,removed optimizer/scheduler/RNG training state; model checkpoint files retained
checkpoints/pmi20_smoke_ap_csada_lr5e5_s42/checkpoint-31/rng_state.pth,14645,0.000014,removed optimizer/scheduler/RNG training state; model checkpoint files retained
checkpoints/pmi20_smoke_ap_csada_lr5e5_s42/checkpoint-31/scheduler.pt,1465,0.000001,removed optimizer/scheduler/RNG training state; model checkpoint files retained
checkpoints/pmi20_smoke_ap_csada_lr5e5_s43/checkpoint-31/optimizer.pt,700988715,0.652847,removed optimizer/scheduler/RNG training state; model checkpoint files retained
checkpoints/pmi20_smoke_ap_csada_lr5e5_s43/checkpoint-31/rng_state.pth,14645,0.000014,removed optimizer/scheduler/RNG training state; model checkpoint files retained
checkpoints/pmi20_smoke_ap_csada_lr5e5_s43/checkpoint-31/scheduler.pt,1465,0.000001,removed optimizer/scheduler/RNG training state; model checkpoint files retained
checkpoints/pmi20_smoke_ap_csada_lr5e5_s44/checkpoint-31/optimizer.pt,700988715,0.652847,removed optimizer/scheduler/RNG training state; model checkpoint files retained
checkpoints/pmi20_smoke_ap_csada_lr5e5_s44/checkpoint-31/rng_state.pth,14645,0.000014,removed optimizer/scheduler/RNG training state; model checkpoint files retained
checkpoints/pmi20_smoke_ap_csada_lr5e5_s44/checkpoint-31/scheduler.pt,1465,0.000001,removed optimizer/scheduler/RNG training state; model checkpoint files retained
checkpoints/pmi20_smoke_ce_anchor_pmi20_lr5e5_s42/checkpoint-31/optimizer.pt,700988715,0.652847,removed optimizer/scheduler/RNG training state; model checkpoint files retained
checkpoints/pmi20_smoke_ce_anchor_pmi20_lr5e5_s42/checkpoint-31/rng_state.pth,14645,0.000014,removed optimizer/scheduler/RNG training state; model checkpoint files retained
checkpoints/pmi20_smoke_ce_anchor_pmi20_lr5e5_s42/checkpoint-31/scheduler.pt,1465,0.000001,removed optimizer/scheduler/RNG training state; model checkpoint files retained
checkpoints/pmi20_smoke_ce_anchor_pmi20_lr5e5_s43/checkpoint-31/optimizer.pt,700988715,0.652847,removed optimizer/scheduler/RNG training state; model checkpoint files retained
checkpoints/pmi20_smoke_ce_anchor_pmi20_lr5e5_s43/checkpoint-31/rng_state.pth,14645,0.000014,removed optimizer/scheduler/RNG training state; model checkpoint files retained
checkpoints/pmi20_smoke_ce_anchor_pmi20_lr5e5_s43/checkpoint-31/scheduler.pt,1465,0.000001,removed optimizer/scheduler/RNG training state; model checkpoint files retained
checkpoints/pmi20_smoke_ce_anchor_pmi20_lr5e5_s44/checkpoint-31/optimizer.pt,700988715,0.652847,removed optimizer/scheduler/RNG training state; model checkpoint files retained
checkpoints/pmi20_smoke_ce_anchor_pmi20_lr5e5_s44/checkpoint-31/rng_state.pth,14645,0.000014,removed optimizer/scheduler/RNG training state; model checkpoint files retained
checkpoints/pmi20_smoke_ce_anchor_pmi20_lr5e5_s44/checkpoint-31/scheduler.pt,1465,0.000001,removed optimizer/scheduler/RNG training state; model checkpoint files retained
checkpoints/pmi20_smoke_cost_weighted_ce_lr5e5_s42/checkpoint-31/optimizer.pt,700988715,0.652847,removed optimizer/scheduler/RNG training state; model checkpoint files retained
checkpoints/pmi20_smoke_cost_weighted_ce_lr5e5_s42/checkpoint-31/rng_state.pth,14645,0.000014,removed optimizer/scheduler/RNG training state; model checkpoint files retained
checkpoints/pmi20_smoke_cost_weighted_ce_lr5e5_s42/checkpoint-31/scheduler.pt,1465,0.000001,removed optimizer/scheduler/RNG training state; model checkpoint files retained
checkpoints/pmi20_smoke_cost_weighted_ce_lr5e5_s43/checkpoint-31/optimizer.pt,700988715,0.652847,removed optimizer/scheduler/RNG training state; model checkpoint files retained
checkpoints/pmi20_smoke_cost_weighted_ce_lr5e5_s43/checkpoint-31/rng_state.pth,14645,0.000014,removed optimizer/scheduler/RNG training state; model checkpoint files retained
checkpoints/pmi20_smoke_cost_weighted_ce_lr5e5_s43/checkpoint-31/scheduler.pt,1465,0.000001,removed optimizer/scheduler/RNG training state; model checkpoint files retained
checkpoints/pmi20_smoke_cost_weighted_ce_lr5e5_s44/checkpoint-31/optimizer.pt,700988715,0.652847,removed optimizer/scheduler/RNG training state; model checkpoint files retained
checkpoints/pmi20_smoke_cost_weighted_ce_lr5e5_s44/checkpoint-31/rng_state.pth,14645,0.000014,removed optimizer/scheduler/RNG training state; model checkpoint files retained
checkpoints/pmi20_smoke_cost_weighted_ce_lr5e5_s44/checkpoint-31/scheduler.pt,1465,0.000001,removed optimizer/scheduler/RNG training state; model checkpoint files retained
checkpoints/pmi20_smoke_csada_lr5e5_s42/checkpoint-31/optimizer.pt,700988715,0.652847,removed optimizer/scheduler/RNG training state; model checkpoint files retained
checkpoints/pmi20_smoke_csada_lr5e5_s42/checkpoint-31/rng_state.pth,14645,0.000014,removed optimizer/scheduler/RNG training state; model checkpoint files retained
checkpoints/pmi20_smoke_csada_lr5e5_s42/checkpoint-31/scheduler.pt,1465,0.000001,removed optimizer/scheduler/RNG training state; model checkpoint files retained
checkpoints/pmi20_smoke_csada_lr5e5_s43/checkpoint-31/optimizer.pt,700988715,0.652847,removed optimizer/scheduler/RNG training state; model checkpoint files retained
checkpoints/pmi20_smoke_csada_lr5e5_s43/checkpoint-31/rng_state.pth,14645,0.000014,removed optimizer/scheduler/RNG training state; model checkpoint files retained
checkpoints/pmi20_smoke_csada_lr5e5_s43/checkpoint-31/scheduler.pt,1465,0.000001,removed optimizer/scheduler/RNG training state; model checkpoint files retained
checkpoints/pmi20_smoke_csada_lr5e5_s44/checkpoint-31/optimizer.pt,700988715,0.652847,removed optimizer/scheduler/RNG training state; model checkpoint files retained
checkpoints/pmi20_smoke_csada_lr5e5_s44/checkpoint-31/rng_state.pth,14645,0.000014,removed optimizer/scheduler/RNG training state; model checkpoint files retained
checkpoints/pmi20_smoke_csada_lr5e5_s44/checkpoint-31/scheduler.pt,1465,0.000001,removed optimizer/scheduler/RNG training state; model checkpoint files retained
checkpoints/pmi20_smoke_menon_logit_adjusted_lr5e5_s42/checkpoint-31/optimizer.pt,700988715,0.652847,removed optimizer/scheduler/RNG training state; model checkpoint files retained
checkpoints/pmi20_smoke_menon_logit_adjusted_lr5e5_s42/checkpoint-31/rng_state.pth,14645,0.000014,removed optimizer/scheduler/RNG training state; model checkpoint files retained
checkpoints/pmi20_smoke_menon_logit_adjusted_lr5e5_s42/checkpoint-31/scheduler.pt,1465,0.000001,removed optimizer/scheduler/RNG training state; model checkpoint files retained
checkpoints/pmi20_smoke_menon_logit_adjusted_lr5e5_s43/checkpoint-31/optimizer.pt,700988715,0.652847,removed optimizer/scheduler/RNG training state; model checkpoint files retained
checkpoints/pmi20_smoke_menon_logit_adjusted_lr5e5_s43/checkpoint-31/rng_state.pth,14645,0.000014,removed optimizer/scheduler/RNG training state; model checkpoint files retained
checkpoints/pmi20_smoke_menon_logit_adjusted_lr5e5_s43/checkpoint-31/scheduler.pt,1465,0.000001,removed optimizer/scheduler/RNG training state; model checkpoint files retained
checkpoints/pmi20_smoke_menon_logit_adjusted_lr5e5_s44/checkpoint-31/optimizer.pt,700988715,0.652847,removed optimizer/scheduler/RNG training state; model checkpoint files retained
checkpoints/pmi20_smoke_menon_logit_adjusted_lr5e5_s44/checkpoint-31/rng_state.pth,14645,0.000014,removed optimizer/scheduler/RNG training state; model checkpoint files retained
checkpoints/pmi20_smoke_menon_logit_adjusted_lr5e5_s44/checkpoint-31/scheduler.pt,1465,0.000001,removed optimizer/scheduler/RNG training state; model checkpoint files retained
checkpoints/pmi20_smoke_nicme_v3_run50_a0p09_l0p07_pmi20_lr5e5_s42/checkpoint-31/optimizer.pt,700988715,0.652847,removed optimizer/scheduler/RNG training state; model checkpoint files retained
checkpoints/pmi20_smoke_nicme_v3_run50_a0p09_l0p07_pmi20_lr5e5_s42/checkpoint-31/rng_state.pth,14645,0.000014,removed optimizer/scheduler/RNG training state; model checkpoint files retained
checkpoints/pmi20_smoke_nicme_v3_run50_a0p09_l0p07_pmi20_lr5e5_s42/checkpoint-31/scheduler.pt,1465,0.000001,removed optimizer/scheduler/RNG training state; model checkpoint files retained
checkpoints/pmi20_smoke_nicme_v3_run50_a0p09_l0p07_pmi20_lr5e5_s43/checkpoint-31/optimizer.pt,700988715,0.652847,removed optimizer/scheduler/RNG training state; model checkpoint files retained
checkpoints/pmi20_smoke_nicme_v3_run50_a0p09_l0p07_pmi20_lr5e5_s43/checkpoint-31/rng_state.pth,14645,0.000014,removed optimizer/scheduler/RNG training state; model checkpoint files retained
checkpoints/pmi20_smoke_nicme_v3_run50_a0p09_l0p07_pmi20_lr5e5_s43/checkpoint-31/scheduler.pt,1465,0.000001,removed optimizer/scheduler/RNG training state; model checkpoint files retained
checkpoints/pmi20_smoke_nicme_v3_run50_a0p09_l0p07_pmi20_lr5e5_s44/checkpoint-31/optimizer.pt,700988715,0.652847,removed optimizer/scheduler/RNG training state; model checkpoint files retained
checkpoints/pmi20_smoke_nicme_v3_run50_a0p09_l0p07_pmi20_lr5e5_s44/checkpoint-31/rng_state.pth,14645,0.000014,removed optimizer/scheduler/RNG training state; model checkpoint files retained
checkpoints/pmi20_smoke_nicme_v3_run50_a0p09_l0p07_pmi20_lr5e5_s44/checkpoint-31/scheduler.pt,1465,0.000001,removed optimizer/scheduler/RNG training state; model checkpoint files retained
checkpoints/resnet_reg/checkpoint-551/optimizer.pt,176614539,0.164485,removed optimizer/scheduler/RNG training state; model checkpoint files retained
checkpoints/resnet_reg/checkpoint-551/rng_state.pth,14645,0.000014,removed optimizer/scheduler/RNG training state; model checkpoint files retained
checkpoints/resnet_reg/checkpoint-551/scheduler.pt,1465,0.000001,removed optimizer/scheduler/RNG training state; model checkpoint files retained
checkpoints/resnet_reg/checkpoint-570/optimizer.pt,176614539,0.164485,removed optimizer/scheduler/RNG training state; model checkpoint files retained
checkpoints/resnet_reg/checkpoint-570/rng_state.pth,14645,0.000014,removed optimizer/scheduler/RNG training state; model checkpoint files retained
checkpoints/resnet_reg/checkpoint-570/scheduler.pt,1465,0.000001,removed optimizer/scheduler/RNG training state; model checkpoint files retained
checkpoints/resnet_run/checkpoint-437/optimizer.pt,176614539,0.164485,removed optimizer/scheduler/RNG training state; model checkpoint files retained
checkpoints/resnet_run/checkpoint-437/rng_state.pth,14645,0.000014,removed optimizer/scheduler/RNG training state; model checkpoint files retained
checkpoints/resnet_run/checkpoint-437/scheduler.pt,1465,0.000001,removed optimizer/scheduler/RNG training state; model checkpoint files retained
checkpoints/resnet_run/checkpoint-532/optimizer.pt,176614539,0.164485,removed optimizer/scheduler/RNG training state; model checkpoint files retained
checkpoints/resnet_run/checkpoint-532/rng_state.pth,14645,0.000014,removed optimizer/scheduler/RNG training state; model checkpoint files retained
checkpoints/resnet_run/checkpoint-532/scheduler.pt,1465,0.000001,removed optimizer/scheduler/RNG training state; model checkpoint files retained
checkpoints/run_ap_csada_lr1e4_s42/checkpoint-16/optimizer.pt,700906667,0.652770,removed optimizer/scheduler/RNG training state; model checkpoint files retained
checkpoints/run_ap_csada_lr1e4_s42/checkpoint-16/rng_state.pth,14645,0.000014,removed optimizer/scheduler/RNG training state; model checkpoint files retained
checkpoints/run_ap_csada_lr1e4_s42/checkpoint-16/scheduler.pt,1465,0.000001,removed optimizer/scheduler/RNG training state; model checkpoint files retained
checkpoints/run_ap_csada_lr1e5_s42/checkpoint-64/optimizer.pt,700906667,0.652770,removed optimizer/scheduler/RNG training state; model checkpoint files retained
checkpoints/run_ap_csada_lr1e5_s42/checkpoint-64/rng_state.pth,14581,0.000014,removed optimizer/scheduler/RNG training state; model checkpoint files retained
checkpoints/run_ap_csada_lr1e5_s42/checkpoint-64/scheduler.pt,1465,0.000001,removed optimizer/scheduler/RNG training state; model checkpoint files retained
checkpoints/run_ap_csada_lr5e5_s42/checkpoint-16/optimizer.pt,700906667,0.652770,removed optimizer/scheduler/RNG training state; model checkpoint files retained
checkpoints/run_ap_csada_lr5e5_s42/checkpoint-16/rng_state.pth,14645,0.000014,removed optimizer/scheduler/RNG training state; model checkpoint files retained
checkpoints/run_ap_csada_lr5e5_s42/checkpoint-16/scheduler.pt,1465,0.000001,removed optimizer/scheduler/RNG training state; model checkpoint files retained
checkpoints/run_ap_csada_s42/checkpoint-32/optimizer.pt,700906667,0.652770,removed optimizer/scheduler/RNG training state; model checkpoint files retained
checkpoints/run_ap_csada_s42/checkpoint-32/rng_state.pth,14645,0.000014,removed optimizer/scheduler/RNG training state; model checkpoint files retained
checkpoints/run_ap_csada_s42/checkpoint-32/scheduler.pt,1465,0.000001,removed optimizer/scheduler/RNG training state; model checkpoint files retained
checkpoints/run_balanced_softmax_lr1e4_s42/checkpoint-224/optimizer.pt,700906667,0.652770,removed optimizer/scheduler/RNG training state; model checkpoint files retained
checkpoints/run_balanced_softmax_lr1e4_s42/checkpoint-224/rng_state.pth,14645,0.000014,removed optimizer/scheduler/RNG training state; model checkpoint files retained
checkpoints/run_balanced_softmax_lr1e4_s42/checkpoint-224/scheduler.pt,1465,0.000001,removed optimizer/scheduler/RNG training state; model checkpoint files retained
checkpoints/run_balanced_softmax_lr1e5_s42/checkpoint-224/optimizer.pt,700906667,0.652770,removed optimizer/scheduler/RNG training state; model checkpoint files retained
checkpoints/run_balanced_softmax_lr1e5_s42/checkpoint-224/rng_state.pth,14645,0.000014,removed optimizer/scheduler/RNG training state; model checkpoint files retained
checkpoints/run_balanced_softmax_lr1e5_s42/checkpoint-224/scheduler.pt,1465,0.000001,removed optimizer/scheduler/RNG training state; model checkpoint files retained
checkpoints/run_balanced_softmax_lr5e5_s42/checkpoint-224/optimizer.pt,700906667,0.652770,removed optimizer/scheduler/RNG training state; model checkpoint files retained
checkpoints/run_balanced_softmax_lr5e5_s42/checkpoint-224/rng_state.pth,14645,0.000014,removed optimizer/scheduler/RNG training state; model checkpoint files retained
checkpoints/run_balanced_softmax_lr5e5_s42/checkpoint-224/scheduler.pt,1465,0.000001,removed optimizer/scheduler/RNG training state; model checkpoint files retained
checkpoints/run_balanced_softmax_s42/checkpoint-208/optimizer.pt,700906667,0.652770,removed optimizer/scheduler/RNG training state; model checkpoint files retained
checkpoints/run_balanced_softmax_s42/checkpoint-208/rng_state.pth,14645,0.000014,removed optimizer/scheduler/RNG training state; model checkpoint files retained
checkpoints/run_balanced_softmax_s42/checkpoint-208/scheduler.pt,1465,0.000001,removed optimizer/scheduler/RNG training state; model checkpoint files retained
checkpoints/run_ce_anchor_pretty_lr1e4_s42/checkpoint-208/optimizer.pt,700906667,0.652770,removed optimizer/scheduler/RNG training state; model checkpoint files retained
checkpoints/run_ce_anchor_pretty_lr1e4_s42/checkpoint-208/rng_state.pth,14645,0.000014,removed optimizer/scheduler/RNG training state; model checkpoint files retained
checkpoints/run_ce_anchor_pretty_lr1e4_s42/checkpoint-208/scheduler.pt,1465,0.000001,removed optimizer/scheduler/RNG training state; model checkpoint files retained
checkpoints/run_ce_anchor_pretty_lr1e5_s42/checkpoint-224/optimizer.pt,700906667,0.652770,removed optimizer/scheduler/RNG training state; model checkpoint files retained
checkpoints/run_ce_anchor_pretty_lr1e5_s42/checkpoint-224/rng_state.pth,14645,0.000014,removed optimizer/scheduler/RNG training state; model checkpoint files retained
checkpoints/run_ce_anchor_pretty_lr1e5_s42/checkpoint-224/scheduler.pt,1465,0.000001,removed optimizer/scheduler/RNG training state; model checkpoint files retained
checkpoints/run_ce_anchor_pretty_lr5e5_s42/checkpoint-224/optimizer.pt,700906667,0.652770,removed optimizer/scheduler/RNG training state; model checkpoint files retained
checkpoints/run_ce_anchor_pretty_lr5e5_s42/checkpoint-224/rng_state.pth,14645,0.000014,removed optimizer/scheduler/RNG training state; model checkpoint files retained
checkpoints/run_ce_anchor_pretty_lr5e5_s42/checkpoint-224/scheduler.pt,1465,0.000001,removed optimizer/scheduler/RNG training state; model checkpoint files retained
checkpoints/run_ce_anchor_s42/checkpoint-192/optimizer.pt,700906667,0.652770,removed optimizer/scheduler/RNG training state; model checkpoint files retained
checkpoints/run_ce_anchor_s42/checkpoint-192/rng_state.pth,14645,0.000014,removed optimizer/scheduler/RNG training state; model checkpoint files retained
checkpoints/run_ce_anchor_s42/checkpoint-192/scheduler.pt,1465,0.000001,removed optimizer/scheduler/RNG training state; model checkpoint files retained
checkpoints/run_class_balanced_focal_lr1e4_s42/checkpoint-240/optimizer.pt,700906667,0.652770,removed optimizer/scheduler/RNG training state; model checkpoint files retained
checkpoints/run_class_balanced_focal_lr1e4_s42/checkpoint-240/rng_state.pth,14645,0.000014,removed optimizer/scheduler/RNG training state; model checkpoint files retained
checkpoints/run_class_balanced_focal_lr1e4_s42/checkpoint-240/scheduler.pt,1465,0.000001,removed optimizer/scheduler/RNG training state; model checkpoint files retained
checkpoints/run_class_balanced_focal_lr1e5_s42/checkpoint-128/optimizer.pt,700906667,0.652770,removed optimizer/scheduler/RNG training state; model checkpoint files retained
checkpoints/run_class_balanced_focal_lr1e5_s42/checkpoint-128/rng_state.pth,14645,0.000014,removed optimizer/scheduler/RNG training state; model checkpoint files retained
checkpoints/run_class_balanced_focal_lr1e5_s42/checkpoint-128/scheduler.pt,1465,0.000001,removed optimizer/scheduler/RNG training state; model checkpoint files retained
checkpoints/run_class_balanced_focal_lr5e5_s42/checkpoint-144/optimizer.pt,700906667,0.652770,removed optimizer/scheduler/RNG training state; model checkpoint files retained
checkpoints/run_class_balanced_focal_lr5e5_s42/checkpoint-144/rng_state.pth,14645,0.000014,removed optimizer/scheduler/RNG training state; model checkpoint files retained
checkpoints/run_class_balanced_focal_lr5e5_s42/checkpoint-144/scheduler.pt,1465,0.000001,removed optimizer/scheduler/RNG training state; model checkpoint files retained
checkpoints/run_class_balanced_focal_s42/checkpoint-176/optimizer.pt,700906667,0.652770,removed optimizer/scheduler/RNG training state; model checkpoint files retained
checkpoints/run_class_balanced_focal_s42/checkpoint-176/rng_state.pth,14645,0.000014,removed optimizer/scheduler/RNG training state; model checkpoint files retained
checkpoints/run_class_balanced_focal_s42/checkpoint-176/scheduler.pt,1465,0.000001,removed optimizer/scheduler/RNG training state; model checkpoint files retained
checkpoints/run_cost_weighted_ce_lr1e4_s42/checkpoint-224/optimizer.pt,700906667,0.652770,removed optimizer/scheduler/RNG training state; model checkpoint files retained
checkpoints/run_cost_weighted_ce_lr1e4_s42/checkpoint-224/rng_state.pth,14645,0.000014,removed optimizer/scheduler/RNG training state; model checkpoint files retained
checkpoints/run_cost_weighted_ce_lr1e4_s42/checkpoint-224/scheduler.pt,1465,0.000001,removed optimizer/scheduler/RNG training state; model checkpoint files retained
checkpoints/run_cost_weighted_ce_lr1e5_s42/checkpoint-208/optimizer.pt,700906667,0.652770,removed optimizer/scheduler/RNG training state; model checkpoint files retained
checkpoints/run_cost_weighted_ce_lr1e5_s42/checkpoint-208/rng_state.pth,14645,0.000014,removed optimizer/scheduler/RNG training state; model checkpoint files retained
checkpoints/run_cost_weighted_ce_lr1e5_s42/checkpoint-208/scheduler.pt,1465,0.000001,removed optimizer/scheduler/RNG training state; model checkpoint files retained
checkpoints/run_cost_weighted_ce_lr5e5_s42/checkpoint-48/optimizer.pt,700906667,0.652770,removed optimizer/scheduler/RNG training state; model checkpoint files retained
checkpoints/run_cost_weighted_ce_lr5e5_s42/checkpoint-48/rng_state.pth,14645,0.000014,removed optimizer/scheduler/RNG training state; model checkpoint files retained
checkpoints/run_cost_weighted_ce_lr5e5_s42/checkpoint-48/scheduler.pt,1465,0.000001,removed optimizer/scheduler/RNG training state; model checkpoint files retained
checkpoints/run_cost_weighted_ce_s42/checkpoint-208/optimizer.pt,700906667,0.652770,removed optimizer/scheduler/RNG training state; model checkpoint files retained
checkpoints/run_cost_weighted_ce_s42/checkpoint-208/rng_state.pth,14645,0.000014,removed optimizer/scheduler/RNG training state; model checkpoint files retained
checkpoints/run_cost_weighted_ce_s42/checkpoint-208/scheduler.pt,1465,0.000001,removed optimizer/scheduler/RNG training state; model checkpoint files retained
checkpoints/run_csada_lr1e4_s42/checkpoint-16/optimizer.pt,700906667,0.652770,removed optimizer/scheduler/RNG training state; model checkpoint files retained
checkpoints/run_csada_lr1e4_s42/checkpoint-16/rng_state.pth,14645,0.000014,removed optimizer/scheduler/RNG training state; model checkpoint files retained
checkpoints/run_csada_lr1e4_s42/checkpoint-16/scheduler.pt,1465,0.000001,removed optimizer/scheduler/RNG training state; model checkpoint files retained
checkpoints/run_csada_lr1e5_s42/checkpoint-32/optimizer.pt,700906667,0.652770,removed optimizer/scheduler/RNG training state; model checkpoint files retained
checkpoints/run_csada_lr1e5_s42/checkpoint-32/rng_state.pth,14645,0.000014,removed optimizer/scheduler/RNG training state; model checkpoint files retained
checkpoints/run_csada_lr1e5_s42/checkpoint-32/scheduler.pt,1465,0.000001,removed optimizer/scheduler/RNG training state; model checkpoint files retained
checkpoints/run_csada_lr5e5_s42/checkpoint-16/optimizer.pt,700906667,0.652770,removed optimizer/scheduler/RNG training state; model checkpoint files retained
checkpoints/run_csada_lr5e5_s42/checkpoint-16/rng_state.pth,14645,0.000014,removed optimizer/scheduler/RNG training state; model checkpoint files retained
checkpoints/run_csada_lr5e5_s42/checkpoint-16/scheduler.pt,1465,0.000001,removed optimizer/scheduler/RNG training state; model checkpoint files retained
checkpoints/run_csada_s42/checkpoint-16/optimizer.pt,700906667,0.652770,removed optimizer/scheduler/RNG training state; model checkpoint files retained
checkpoints/run_csada_s42/checkpoint-16/rng_state.pth,14645,0.000014,removed optimizer/scheduler/RNG training state; model checkpoint files retained
checkpoints/run_csada_s42/checkpoint-16/scheduler.pt,1465,0.000001,removed optimizer/scheduler/RNG training state; model checkpoint files retained
checkpoints/run_ldam_drw_lr1e4_s42/checkpoint-96/optimizer.pt,700906667,0.652770,removed optimizer/scheduler/RNG training state; model checkpoint files retained
checkpoints/run_ldam_drw_lr1e4_s42/checkpoint-96/rng_state.pth,14645,0.000014,removed optimizer/scheduler/RNG training state; model checkpoint files retained
checkpoints/run_ldam_drw_lr1e4_s42/checkpoint-96/scheduler.pt,1465,0.000001,removed optimizer/scheduler/RNG training state; model checkpoint files retained
checkpoints/run_ldam_drw_lr1e5_s42/checkpoint-224/optimizer.pt,700906667,0.652770,removed optimizer/scheduler/RNG training state; model checkpoint files retained
checkpoints/run_ldam_drw_lr1e5_s42/checkpoint-224/rng_state.pth,14645,0.000014,removed optimizer/scheduler/RNG training state; model checkpoint files retained
checkpoints/run_ldam_drw_lr1e5_s42/checkpoint-224/scheduler.pt,1465,0.000001,removed optimizer/scheduler/RNG training state; model checkpoint files retained
checkpoints/run_ldam_drw_lr5e5_s42/checkpoint-160/optimizer.pt,700906667,0.652770,removed optimizer/scheduler/RNG training state; model checkpoint files retained
checkpoints/run_ldam_drw_lr5e5_s42/checkpoint-160/rng_state.pth,14581,0.000014,removed optimizer/scheduler/RNG training state; model checkpoint files retained
checkpoints/run_ldam_drw_lr5e5_s42/checkpoint-160/scheduler.pt,1465,0.000001,removed optimizer/scheduler/RNG training state; model checkpoint files retained
checkpoints/run_ldam_drw_s42/checkpoint-112/optimizer.pt,700906667,0.652770,removed optimizer/scheduler/RNG training state; model checkpoint files retained
checkpoints/run_ldam_drw_s42/checkpoint-112/rng_state.pth,14645,0.000014,removed optimizer/scheduler/RNG training state; model checkpoint files retained
checkpoints/run_ldam_drw_s42/checkpoint-112/scheduler.pt,1465,0.000001,removed optimizer/scheduler/RNG training state; model checkpoint files retained
checkpoints/run_menon_logit_adjusted_lr1e4_s42/checkpoint-160/optimizer.pt,700906667,0.652770,removed optimizer/scheduler/RNG training state; model checkpoint files retained
checkpoints/run_menon_logit_adjusted_lr1e4_s42/checkpoint-160/rng_state.pth,14581,0.000014,removed optimizer/scheduler/RNG training state; model checkpoint files retained
checkpoints/run_menon_logit_adjusted_lr1e4_s42/checkpoint-160/scheduler.pt,1465,0.000001,removed optimizer/scheduler/RNG training state; model checkpoint files retained
checkpoints/run_menon_logit_adjusted_lr1e5_s42/checkpoint-224/optimizer.pt,700906667,0.652770,removed optimizer/scheduler/RNG training state; model checkpoint files retained
checkpoints/run_menon_logit_adjusted_lr1e5_s42/checkpoint-224/rng_state.pth,14645,0.000014,removed optimizer/scheduler/RNG training state; model checkpoint files retained
checkpoints/run_menon_logit_adjusted_lr1e5_s42/checkpoint-224/scheduler.pt,1465,0.000001,removed optimizer/scheduler/RNG training state; model checkpoint files retained
checkpoints/run_menon_logit_adjusted_lr5e5_s42/checkpoint-144/optimizer.pt,700906667,0.652770,removed optimizer/scheduler/RNG training state; model checkpoint files retained
checkpoints/run_menon_logit_adjusted_lr5e5_s42/checkpoint-144/rng_state.pth,14645,0.000014,removed optimizer/scheduler/RNG training state; model checkpoint files retained
checkpoints/run_menon_logit_adjusted_lr5e5_s42/checkpoint-144/scheduler.pt,1465,0.000001,removed optimizer/scheduler/RNG training state; model checkpoint files retained
checkpoints/run_menon_logit_adjusted_s42/checkpoint-208/optimizer.pt,700906667,0.652770,removed optimizer/scheduler/RNG training state; model checkpoint files retained
checkpoints/run_menon_logit_adjusted_s42/checkpoint-208/rng_state.pth,14645,0.000014,removed optimizer/scheduler/RNG training state; model checkpoint files retained
checkpoints/run_menon_logit_adjusted_s42/checkpoint-208/scheduler.pt,1465,0.000001,removed optimizer/scheduler/RNG training state; model checkpoint files retained
checkpoints/run_nicme_v2_hybrid_pretty_lr1e4_s42/checkpoint-96/optimizer.pt,700906667,0.652770,removed optimizer/scheduler/RNG training state; model checkpoint files retained
checkpoints/run_nicme_v2_hybrid_pretty_lr1e4_s42/checkpoint-96/rng_state.pth,14645,0.000014,removed optimizer/scheduler/RNG training state; model checkpoint files retained
checkpoints/run_nicme_v2_hybrid_pretty_lr1e4_s42/checkpoint-96/scheduler.pt,1465,0.000001,removed optimizer/scheduler/RNG training state; model checkpoint files retained
checkpoints/run_nicme_v2_hybrid_pretty_lr1e5_s42/checkpoint-128/optimizer.pt,700906667,0.652770,removed optimizer/scheduler/RNG training state; model checkpoint files retained
checkpoints/run_nicme_v2_hybrid_pretty_lr1e5_s42/checkpoint-128/rng_state.pth,14645,0.000014,removed optimizer/scheduler/RNG training state; model checkpoint files retained
checkpoints/run_nicme_v2_hybrid_pretty_lr1e5_s42/checkpoint-128/scheduler.pt,1465,0.000001,removed optimizer/scheduler/RNG training state; model checkpoint files retained
checkpoints/run_nicme_v2_hybrid_pretty_lr5e5_s42/checkpoint-144/optimizer.pt,700906667,0.652770,removed optimizer/scheduler/RNG training state; model checkpoint files retained
checkpoints/run_nicme_v2_hybrid_pretty_lr5e5_s42/checkpoint-144/rng_state.pth,14645,0.000014,removed optimizer/scheduler/RNG training state; model checkpoint files retained
checkpoints/run_nicme_v2_hybrid_pretty_lr5e5_s42/checkpoint-144/scheduler.pt,1465,0.000001,removed optimizer/scheduler/RNG training state; model checkpoint files retained
checkpoints/run_nicme_v3_hybrid_pretty_lr1e4_s42/checkpoint-144/optimizer.pt,700906667,0.652770,removed optimizer/scheduler/RNG training state; model checkpoint files retained
checkpoints/run_nicme_v3_hybrid_pretty_lr1e4_s42/checkpoint-144/rng_state.pth,14645,0.000014,removed optimizer/scheduler/RNG training state; model checkpoint files retained
checkpoints/run_nicme_v3_hybrid_pretty_lr1e4_s42/checkpoint-144/scheduler.pt,1465,0.000001,removed optimizer/scheduler/RNG training state; model checkpoint files retained
checkpoints/run_nicme_v3_hybrid_pretty_lr1e5_s42/checkpoint-224/optimizer.pt,700906667,0.652770,removed optimizer/scheduler/RNG training state; model checkpoint files retained
checkpoints/run_nicme_v3_hybrid_pretty_lr1e5_s42/checkpoint-224/rng_state.pth,14645,0.000014,removed optimizer/scheduler/RNG training state; model checkpoint files retained
checkpoints/run_nicme_v3_hybrid_pretty_lr1e5_s42/checkpoint-224/scheduler.pt,1465,0.000001,removed optimizer/scheduler/RNG training state; model checkpoint files retained
checkpoints/run_nicme_v3_hybrid_pretty_lr5e5_s42/checkpoint-144/optimizer.pt,700906667,0.652770,removed optimizer/scheduler/RNG training state; model checkpoint files retained
checkpoints/run_nicme_v3_hybrid_pretty_lr5e5_s42/checkpoint-144/rng_state.pth,14645,0.000014,removed optimizer/scheduler/RNG training state; model checkpoint files retained
checkpoints/run_nicme_v3_hybrid_pretty_lr5e5_s42/checkpoint-144/scheduler.pt,1465,0.000001,removed optimizer/scheduler/RNG training state; model checkpoint files retained
checkpoints/run_sosr_cnn_lr1e4_s42/checkpoint-16/optimizer.pt,700906667,0.652770,removed optimizer/scheduler/RNG training state; model checkpoint files retained
checkpoints/run_sosr_cnn_lr1e4_s42/checkpoint-16/rng_state.pth,14645,0.000014,removed optimizer/scheduler/RNG training state; model checkpoint files retained
checkpoints/run_sosr_cnn_lr1e4_s42/checkpoint-16/scheduler.pt,1465,0.000001,removed optimizer/scheduler/RNG training state; model checkpoint files retained
checkpoints/run_sosr_cnn_lr1e5_s42/checkpoint-112/optimizer.pt,700906667,0.652770,removed optimizer/scheduler/RNG training state; model checkpoint files retained
checkpoints/run_sosr_cnn_lr1e5_s42/checkpoint-112/rng_state.pth,14645,0.000014,removed optimizer/scheduler/RNG training state; model checkpoint files retained
checkpoints/run_sosr_cnn_lr1e5_s42/checkpoint-112/scheduler.pt,1465,0.000001,removed optimizer/scheduler/RNG training state; model checkpoint files retained
checkpoints/run_sosr_cnn_lr5e5_s42/checkpoint-16/optimizer.pt,700906667,0.652770,removed optimizer/scheduler/RNG training state; model checkpoint files retained
checkpoints/run_sosr_cnn_lr5e5_s42/checkpoint-16/rng_state.pth,14645,0.000014,removed optimizer/scheduler/RNG training state; model checkpoint files retained
checkpoints/run_sosr_cnn_lr5e5_s42/checkpoint-16/scheduler.pt,1465,0.000001,removed optimizer/scheduler/RNG training state; model checkpoint files retained
checkpoints/run_sosr_cnn_s42/checkpoint-16/optimizer.pt,700906667,0.652770,removed optimizer/scheduler/RNG training state; model checkpoint files retained
checkpoints/run_sosr_cnn_s42/checkpoint-16/rng_state.pth,14645,0.000014,removed optimizer/scheduler/RNG training state; model checkpoint files retained
checkpoints/run_sosr_cnn_s42/checkpoint-16/scheduler.pt,1465,0.000001,removed optimizer/scheduler/RNG training state; model checkpoint files retained
checkpoints/screen_convnext_base_fb_in22k_ft_in1k_ce_s42/checkpoint-448/optimizer.pt,700906667,0.652770,removed optimizer/scheduler/RNG training state; model checkpoint files retained
checkpoints/screen_convnext_base_fb_in22k_ft_in1k_ce_s42/checkpoint-448/rng_state.pth,14645,0.000014,removed optimizer/scheduler/RNG training state; model checkpoint files retained
checkpoints/screen_convnext_base_fb_in22k_ft_in1k_ce_s42/checkpoint-448/scheduler.pt,1465,0.000001,removed optimizer/scheduler/RNG training state; model checkpoint files retained
checkpoints/screen_convnext_base_fb_in22k_ft_in1k_nicme_hybrid_s42/checkpoint-1008/optimizer.pt,700906667,0.652770,removed optimizer/scheduler/RNG training state; model checkpoint files retained
checkpoints/screen_convnext_base_fb_in22k_ft_in1k_nicme_hybrid_s42/checkpoint-1008/rng_state.pth,14645,0.000014,removed optimizer/scheduler/RNG training state; model checkpoint files retained
checkpoints/screen_convnext_base_fb_in22k_ft_in1k_nicme_hybrid_s42/checkpoint-1008/scheduler.pt,1465,0.000001,removed optimizer/scheduler/RNG training state; model checkpoint files retained
checkpoints/screen_convnext_small_dinov3_lvd1689m_ce_s42/checkpoint-112/optimizer.pt,395991851,0.368796,removed optimizer/scheduler/RNG training state; model checkpoint files retained
checkpoints/screen_convnext_small_dinov3_lvd1689m_ce_s42/checkpoint-112/rng_state.pth,14645,0.000014,removed optimizer/scheduler/RNG training state; model checkpoint files retained
checkpoints/screen_convnext_small_dinov3_lvd1689m_ce_s42/checkpoint-112/scheduler.pt,1465,0.000001,removed optimizer/scheduler/RNG training state; model checkpoint files retained
checkpoints/screen_convnext_small_dinov3_lvd1689m_nicme_hybrid_s42/checkpoint-448/optimizer.pt,395991851,0.368796,removed optimizer/scheduler/RNG training state; model checkpoint files retained
checkpoints/screen_convnext_small_dinov3_lvd1689m_nicme_hybrid_s42/checkpoint-448/rng_state.pth,14645,0.000014,removed optimizer/scheduler/RNG training state; model checkpoint files retained
checkpoints/screen_convnext_small_dinov3_lvd1689m_nicme_hybrid_s42/checkpoint-448/scheduler.pt,1465,0.000001,removed optimizer/scheduler/RNG training state; model checkpoint files retained
checkpoints/screen_convnext_small_fb_in22k_ft_in1k_ce_s42/checkpoint-336/optimizer.pt,395991851,0.368796,removed optimizer/scheduler/RNG training state; model checkpoint files retained
checkpoints/screen_convnext_small_fb_in22k_ft_in1k_ce_s42/checkpoint-336/rng_state.pth,14645,0.000014,removed optimizer/scheduler/RNG training state; model checkpoint files retained
checkpoints/screen_convnext_small_fb_in22k_ft_in1k_ce_s42/checkpoint-336/scheduler.pt,1465,0.000001,removed optimizer/scheduler/RNG training state; model checkpoint files retained
checkpoints/screen_convnext_small_fb_in22k_ft_in1k_nicme_hybrid_s42/checkpoint-392/optimizer.pt,395991851,0.368796,removed optimizer/scheduler/RNG training state; model checkpoint files retained
checkpoints/screen_convnext_small_fb_in22k_ft_in1k_nicme_hybrid_s42/checkpoint-392/rng_state.pth,14645,0.000014,removed optimizer/scheduler/RNG training state; model checkpoint files retained
checkpoints/screen_convnext_small_fb_in22k_ft_in1k_nicme_hybrid_s42/checkpoint-392/scheduler.pt,1465,0.000001,removed optimizer/scheduler/RNG training state; model checkpoint files retained
checkpoints/screen_convnext_tiny_dinov3_lvd1689m_ce_s42/checkpoint-448/optimizer.pt,222777675,0.207478,removed optimizer/scheduler/RNG training state; model checkpoint files retained
checkpoints/screen_convnext_tiny_dinov3_lvd1689m_ce_s42/checkpoint-448/rng_state.pth,14645,0.000014,removed optimizer/scheduler/RNG training state; model checkpoint files retained
checkpoints/screen_convnext_tiny_dinov3_lvd1689m_ce_s42/checkpoint-448/scheduler.pt,1465,0.000001,removed optimizer/scheduler/RNG training state; model checkpoint files retained
checkpoints/screen_convnext_tiny_dinov3_lvd1689m_nicme_hybrid_s42/checkpoint-56/optimizer.pt,222777675,0.207478,removed optimizer/scheduler/RNG training state; model checkpoint files retained
checkpoints/screen_convnext_tiny_dinov3_lvd1689m_nicme_hybrid_s42/checkpoint-56/rng_state.pth,14645,0.000014,removed optimizer/scheduler/RNG training state; model checkpoint files retained
checkpoints/screen_convnext_tiny_dinov3_lvd1689m_nicme_hybrid_s42/checkpoint-56/scheduler.pt,1465,0.000001,removed optimizer/scheduler/RNG training state; model checkpoint files retained
checkpoints/screen_convnext_tiny_fb_in22k_ft_in1k_ce_s42/checkpoint-1008/optimizer.pt,222777675,0.207478,removed optimizer/scheduler/RNG training state; model checkpoint files retained
checkpoints/screen_convnext_tiny_fb_in22k_ft_in1k_ce_s42/checkpoint-1008/rng_state.pth,14645,0.000014,removed optimizer/scheduler/RNG training state; model checkpoint files retained
checkpoints/screen_convnext_tiny_fb_in22k_ft_in1k_ce_s42/checkpoint-1008/scheduler.pt,1465,0.000001,removed optimizer/scheduler/RNG training state; model checkpoint files retained
checkpoints/screen_convnext_tiny_fb_in22k_ft_in1k_nicme_hybrid_s42/checkpoint-448/optimizer.pt,222777675,0.207478,removed optimizer/scheduler/RNG training state; model checkpoint files retained
checkpoints/screen_convnext_tiny_fb_in22k_ft_in1k_nicme_hybrid_s42/checkpoint-448/rng_state.pth,14645,0.000014,removed optimizer/scheduler/RNG training state; model checkpoint files retained
checkpoints/screen_convnext_tiny_fb_in22k_ft_in1k_nicme_hybrid_s42/checkpoint-448/scheduler.pt,1465,0.000001,removed optimizer/scheduler/RNG training state; model checkpoint files retained
checkpoints/screen_convnextv2_tiny_fcmae_ft_in1k_ce_s42/checkpoint-952/optimizer.pt,223163787,0.207837,removed optimizer/scheduler/RNG training state; model checkpoint files retained
checkpoints/screen_convnextv2_tiny_fcmae_ft_in1k_ce_s42/checkpoint-952/rng_state.pth,14645,0.000014,removed optimizer/scheduler/RNG training state; model checkpoint files retained
checkpoints/screen_convnextv2_tiny_fcmae_ft_in1k_ce_s42/checkpoint-952/scheduler.pt,1465,0.000001,removed optimizer/scheduler/RNG training state; model checkpoint files retained
checkpoints/screen_convnextv2_tiny_fcmae_ft_in1k_nicme_hybrid_s42/checkpoint-728/optimizer.pt,223163787,0.207837,removed optimizer/scheduler/RNG training state; model checkpoint files retained
checkpoints/screen_convnextv2_tiny_fcmae_ft_in1k_nicme_hybrid_s42/checkpoint-728/rng_state.pth,14645,0.000014,removed optimizer/scheduler/RNG training state; model checkpoint files retained
checkpoints/screen_convnextv2_tiny_fcmae_ft_in1k_nicme_hybrid_s42/checkpoint-728/scheduler.pt,1465,0.000001,removed optimizer/scheduler/RNG training state; model checkpoint files retained
checkpoints/screen_efficientnet_b3_ra2_in1k_ce_s42/checkpoint-672/optimizer.pt,85979679,0.080075,removed optimizer/scheduler/RNG training state; model checkpoint files retained
checkpoints/screen_efficientnet_b3_ra2_in1k_ce_s42/checkpoint-672/rng_state.pth,14645,0.000014,removed optimizer/scheduler/RNG training state; model checkpoint files retained
checkpoints/screen_efficientnet_b3_ra2_in1k_ce_s42/checkpoint-672/scheduler.pt,1465,0.000001,removed optimizer/scheduler/RNG training state; model checkpoint files retained
checkpoints/screen_efficientnet_b3_ra2_in1k_nicme_hybrid_s42/checkpoint-672/optimizer.pt,85979679,0.080075,removed optimizer/scheduler/RNG training state; model checkpoint files retained
checkpoints/screen_efficientnet_b3_ra2_in1k_nicme_hybrid_s42/checkpoint-672/rng_state.pth,14645,0.000014,removed optimizer/scheduler/RNG training state; model checkpoint files retained
checkpoints/screen_efficientnet_b3_ra2_in1k_nicme_hybrid_s42/checkpoint-672/scheduler.pt,1465,0.000001,removed optimizer/scheduler/RNG training state; model checkpoint files retained
checkpoints/screen_efficientnet_b5_sw_in12k_ft_in1k_ce_s42/checkpoint-280/optimizer.pt,227320209,0.211708,removed optimizer/scheduler/RNG training state; model checkpoint files retained
checkpoints/screen_efficientnet_b5_sw_in12k_ft_in1k_ce_s42/checkpoint-280/rng_state.pth,14645,0.000014,removed optimizer/scheduler/RNG training state; model checkpoint files retained
checkpoints/screen_efficientnet_b5_sw_in12k_ft_in1k_ce_s42/checkpoint-280/scheduler.pt,1465,0.000001,removed optimizer/scheduler/RNG training state; model checkpoint files retained
checkpoints/screen_efficientnet_b5_sw_in12k_ft_in1k_nicme_hybrid_s42/checkpoint-672/optimizer.pt,227320209,0.211708,removed optimizer/scheduler/RNG training state; model checkpoint files retained
checkpoints/screen_efficientnet_b5_sw_in12k_ft_in1k_nicme_hybrid_s42/checkpoint-672/rng_state.pth,14645,0.000014,removed optimizer/scheduler/RNG training state; model checkpoint files retained
checkpoints/screen_efficientnet_b5_sw_in12k_ft_in1k_nicme_hybrid_s42/checkpoint-672/scheduler.pt,1465,0.000001,removed optimizer/scheduler/RNG training state; model checkpoint files retained
checkpoints/screen_hiera_base_224_mae_in1k_ft_in1k_ce_s42/checkpoint-672/optimizer.pt,406365003,0.378457,removed optimizer/scheduler/RNG training state; model checkpoint files retained
checkpoints/screen_hiera_base_224_mae_in1k_ft_in1k_ce_s42/checkpoint-672/rng_state.pth,14645,0.000014,removed optimizer/scheduler/RNG training state; model checkpoint files retained
checkpoints/screen_hiera_base_224_mae_in1k_ft_in1k_ce_s42/checkpoint-672/scheduler.pt,1465,0.000001,removed optimizer/scheduler/RNG training state; model checkpoint files retained
checkpoints/screen_hiera_base_224_mae_in1k_ft_in1k_nicme_hybrid_s42/checkpoint-728/optimizer.pt,406365003,0.378457,removed optimizer/scheduler/RNG training state; model checkpoint files retained
checkpoints/screen_hiera_base_224_mae_in1k_ft_in1k_nicme_hybrid_s42/checkpoint-728/rng_state.pth,14645,0.000014,removed optimizer/scheduler/RNG training state; model checkpoint files retained
checkpoints/screen_hiera_base_224_mae_in1k_ft_in1k_nicme_hybrid_s42/checkpoint-728/scheduler.pt,1465,0.000001,removed optimizer/scheduler/RNG training state; model checkpoint files retained
checkpoints/screen_swin_small_patch4_window7_224_ms_in22k_ft_in1k_ce_s42/checkpoint-896/optimizer.pt,391037003,0.364182,removed optimizer/scheduler/RNG training state; model checkpoint files retained
checkpoints/screen_swin_small_patch4_window7_224_ms_in22k_ft_in1k_ce_s42/checkpoint-896/rng_state.pth,14645,0.000014,removed optimizer/scheduler/RNG training state; model checkpoint files retained
checkpoints/screen_swin_small_patch4_window7_224_ms_in22k_ft_in1k_ce_s42/checkpoint-896/scheduler.pt,1465,0.000001,removed optimizer/scheduler/RNG training state; model checkpoint files retained
checkpoints/screen_swin_small_patch4_window7_224_ms_in22k_ft_in1k_nicme_hybrid_s42/checkpoint-952/optimizer.pt,391037003,0.364182,removed optimizer/scheduler/RNG training state; model checkpoint files retained
checkpoints/screen_swin_small_patch4_window7_224_ms_in22k_ft_in1k_nicme_hybrid_s42/checkpoint-952/rng_state.pth,14645,0.000014,removed optimizer/scheduler/RNG training state; model checkpoint files retained
checkpoints/screen_swin_small_patch4_window7_224_ms_in22k_ft_in1k_nicme_hybrid_s42/checkpoint-952/scheduler.pt,1465,0.000001,removed optimizer/scheduler/RNG training state; model checkpoint files retained
checkpoints/screen_swin_tiny_patch4_window7_224_ms_in22k_ft_in1k_ce_s42/checkpoint-560/optimizer.pt,220362635,0.205229,removed optimizer/scheduler/RNG training state; model checkpoint files retained
checkpoints/screen_swin_tiny_patch4_window7_224_ms_in22k_ft_in1k_ce_s42/checkpoint-560/rng_state.pth,14645,0.000014,removed optimizer/scheduler/RNG training state; model checkpoint files retained
checkpoints/screen_swin_tiny_patch4_window7_224_ms_in22k_ft_in1k_ce_s42/checkpoint-560/scheduler.pt,1465,0.000001,removed optimizer/scheduler/RNG training state; model checkpoint files retained
checkpoints/screen_swin_tiny_patch4_window7_224_ms_in22k_ft_in1k_nicme_hybrid_s42/checkpoint-560/optimizer.pt,220362635,0.205229,removed optimizer/scheduler/RNG training state; model checkpoint files retained
checkpoints/screen_swin_tiny_patch4_window7_224_ms_in22k_ft_in1k_nicme_hybrid_s42/checkpoint-560/rng_state.pth,14645,0.000014,removed optimizer/scheduler/RNG training state; model checkpoint files retained
checkpoints/screen_swin_tiny_patch4_window7_224_ms_in22k_ft_in1k_nicme_hybrid_s42/checkpoint-560/scheduler.pt,1465,0.000001,removed optimizer/scheduler/RNG training state; model checkpoint files retained
checkpoints/screen_vit_base_patch16_224_augreg_in21k_ft_in1k_ce_s42/checkpoint-336/optimizer.pt,686580491,0.639428,removed optimizer/scheduler/RNG training state; model checkpoint files retained
checkpoints/screen_vit_base_patch16_224_augreg_in21k_ft_in1k_ce_s42/checkpoint-336/rng_state.pth,14645,0.000014,removed optimizer/scheduler/RNG training state; model checkpoint files retained
checkpoints/screen_vit_base_patch16_224_augreg_in21k_ft_in1k_ce_s42/checkpoint-336/scheduler.pt,1465,0.000001,removed optimizer/scheduler/RNG training state; model checkpoint files retained
checkpoints/screen_vit_base_patch16_224_augreg_in21k_ft_in1k_nicme_hybrid_s42/checkpoint-336/optimizer.pt,686580491,0.639428,removed optimizer/scheduler/RNG training state; model checkpoint files retained
checkpoints/screen_vit_base_patch16_224_augreg_in21k_ft_in1k_nicme_hybrid_s42/checkpoint-336/rng_state.pth,14645,0.000014,removed optimizer/scheduler/RNG training state; model checkpoint files retained
checkpoints/screen_vit_base_patch16_224_augreg_in21k_ft_in1k_nicme_hybrid_s42/checkpoint-336/scheduler.pt,1465,0.000001,removed optimizer/scheduler/RNG training state; model checkpoint files retained
checkpoints/screen_vit_base_patch16_224_mae_ce_s42/checkpoint-672/optimizer.pt,686580491,0.639428,removed optimizer/scheduler/RNG training state; model checkpoint files retained
checkpoints/screen_vit_base_patch16_224_mae_ce_s42/checkpoint-672/rng_state.pth,14645,0.000014,removed optimizer/scheduler/RNG training state; model checkpoint files retained
checkpoints/screen_vit_base_patch16_224_mae_ce_s42/checkpoint-672/scheduler.pt,1465,0.000001,removed optimizer/scheduler/RNG training state; model checkpoint files retained
checkpoints/screen_vit_base_patch16_224_mae_nicme_hybrid_s42/checkpoint-392/optimizer.pt,686580491,0.639428,removed optimizer/scheduler/RNG training state; model checkpoint files retained
checkpoints/screen_vit_base_patch16_224_mae_nicme_hybrid_s42/checkpoint-392/rng_state.pth,14645,0.000014,removed optimizer/scheduler/RNG training state; model checkpoint files retained
checkpoints/screen_vit_base_patch16_224_mae_nicme_hybrid_s42/checkpoint-392/scheduler.pt,1465,0.000001,removed optimizer/scheduler/RNG training state; model checkpoint files retained
checkpoints/screen_vit_base_patch16_dinov3_lvd1689m_ce_s42/checkpoint-560/optimizer.pt,685331083,0.638264,removed optimizer/scheduler/RNG training state; model checkpoint files retained
checkpoints/screen_vit_base_patch16_dinov3_lvd1689m_ce_s42/checkpoint-560/rng_state.pth,14645,0.000014,removed optimizer/scheduler/RNG training state; model checkpoint files retained
checkpoints/screen_vit_base_patch16_dinov3_lvd1689m_ce_s42/checkpoint-560/scheduler.pt,1465,0.000001,removed optimizer/scheduler/RNG training state; model checkpoint files retained
checkpoints/screen_vit_base_patch16_dinov3_lvd1689m_nicme_hybrid_s42/checkpoint-560/optimizer.pt,685331083,0.638264,removed optimizer/scheduler/RNG training state; model checkpoint files retained
checkpoints/screen_vit_base_patch16_dinov3_lvd1689m_nicme_hybrid_s42/checkpoint-560/rng_state.pth,14645,0.000014,removed optimizer/scheduler/RNG training state; model checkpoint files retained
checkpoints/screen_vit_base_patch16_dinov3_lvd1689m_nicme_hybrid_s42/checkpoint-560/scheduler.pt,1465,0.000001,removed optimizer/scheduler/RNG training state; model checkpoint files retained
checkpoints/screen_vit_small_patch16_dinov3_lvd1689m_ce_s42/checkpoint-728/optimizer.pt,172866187,0.160994,removed optimizer/scheduler/RNG training state; model checkpoint files retained
checkpoints/screen_vit_small_patch16_dinov3_lvd1689m_ce_s42/checkpoint-728/rng_state.pth,14645,0.000014,removed optimizer/scheduler/RNG training state; model checkpoint files retained
checkpoints/screen_vit_small_patch16_dinov3_lvd1689m_ce_s42/checkpoint-728/scheduler.pt,1465,0.000001,removed optimizer/scheduler/RNG training state; model checkpoint files retained
checkpoints/screen_vit_small_patch16_dinov3_lvd1689m_nicme_hybrid_s42/checkpoint-896/optimizer.pt,172866187,0.160994,removed optimizer/scheduler/RNG training state; model checkpoint files retained
checkpoints/screen_vit_small_patch16_dinov3_lvd1689m_nicme_hybrid_s42/checkpoint-896/rng_state.pth,14645,0.000014,removed optimizer/scheduler/RNG training state; model checkpoint files retained
checkpoints/screen_vit_small_patch16_dinov3_lvd1689m_nicme_hybrid_s42/checkpoint-896/scheduler.pt,1465,0.000001,removed optimizer/scheduler/RNG training state; model checkpoint files retained
checkpoints/smoke_ap_csada_lr1e4_s42/checkpoint-16/optimizer.pt,700906667,0.652770,removed optimizer/scheduler/RNG training state; model checkpoint files retained
checkpoints/smoke_ap_csada_lr1e4_s42/checkpoint-16/rng_state.pth,14645,0.000014,removed optimizer/scheduler/RNG training state; model checkpoint files retained
checkpoints/smoke_ap_csada_lr1e4_s42/checkpoint-16/scheduler.pt,1465,0.000001,removed optimizer/scheduler/RNG training state; model checkpoint files retained
checkpoints/smoke_ap_csada_lr1e5_s42/checkpoint-16/optimizer.pt,700906667,0.652770,removed optimizer/scheduler/RNG training state; model checkpoint files retained
checkpoints/smoke_ap_csada_lr1e5_s42/checkpoint-16/rng_state.pth,14645,0.000014,removed optimizer/scheduler/RNG training state; model checkpoint files retained
checkpoints/smoke_ap_csada_lr1e5_s42/checkpoint-16/scheduler.pt,1465,0.000001,removed optimizer/scheduler/RNG training state; model checkpoint files retained
checkpoints/smoke_ap_csada_lr5e5_s42/checkpoint-16/optimizer.pt,700906667,0.652770,removed optimizer/scheduler/RNG training state; model checkpoint files retained
checkpoints/smoke_ap_csada_lr5e5_s42/checkpoint-16/rng_state.pth,14645,0.000014,removed optimizer/scheduler/RNG training state; model checkpoint files retained
checkpoints/smoke_ap_csada_lr5e5_s42/checkpoint-16/scheduler.pt,1465,0.000001,removed optimizer/scheduler/RNG training state; model checkpoint files retained
checkpoints/smoke_ap_csada_s42/checkpoint-16/optimizer.pt,700906667,0.652770,removed optimizer/scheduler/RNG training state; model checkpoint files retained
checkpoints/smoke_ap_csada_s42/checkpoint-16/rng_state.pth,14645,0.000014,removed optimizer/scheduler/RNG training state; model checkpoint files retained
checkpoints/smoke_ap_csada_s42/checkpoint-16/scheduler.pt,1465,0.000001,removed optimizer/scheduler/RNG training state; model checkpoint files retained
checkpoints/smoke_balanced_softmax_lr1e4_s42/checkpoint-16/optimizer.pt,700906667,0.652770,removed optimizer/scheduler/RNG training state; model checkpoint files retained
checkpoints/smoke_balanced_softmax_lr1e4_s42/checkpoint-16/rng_state.pth,14645,0.000014,removed optimizer/scheduler/RNG training state; model checkpoint files retained
checkpoints/smoke_balanced_softmax_lr1e4_s42/checkpoint-16/scheduler.pt,1465,0.000001,removed optimizer/scheduler/RNG training state; model checkpoint files retained
checkpoints/smoke_balanced_softmax_lr1e5_s42/checkpoint-16/optimizer.pt,700906667,0.652770,removed optimizer/scheduler/RNG training state; model checkpoint files retained
checkpoints/smoke_balanced_softmax_lr1e5_s42/checkpoint-16/rng_state.pth,14645,0.000014,removed optimizer/scheduler/RNG training state; model checkpoint files retained
checkpoints/smoke_balanced_softmax_lr1e5_s42/checkpoint-16/scheduler.pt,1465,0.000001,removed optimizer/scheduler/RNG training state; model checkpoint files retained
checkpoints/smoke_balanced_softmax_lr5e5_s42/checkpoint-16/optimizer.pt,700906667,0.652770,removed optimizer/scheduler/RNG training state; model checkpoint files retained
checkpoints/smoke_balanced_softmax_lr5e5_s42/checkpoint-16/rng_state.pth,14645,0.000014,removed optimizer/scheduler/RNG training state; model checkpoint files retained
checkpoints/smoke_balanced_softmax_lr5e5_s42/checkpoint-16/scheduler.pt,1465,0.000001,removed optimizer/scheduler/RNG training state; model checkpoint files retained
checkpoints/smoke_balanced_softmax_s42/checkpoint-16/optimizer.pt,700906667,0.652770,removed optimizer/scheduler/RNG training state; model checkpoint files retained
checkpoints/smoke_balanced_softmax_s42/checkpoint-16/rng_state.pth,14645,0.000014,removed optimizer/scheduler/RNG training state; model checkpoint files retained
checkpoints/smoke_balanced_softmax_s42/checkpoint-16/scheduler.pt,1465,0.000001,removed optimizer/scheduler/RNG training state; model checkpoint files retained
checkpoints/smoke_ce_anchor_pretty_lr1e4_s42/checkpoint-16/optimizer.pt,700906667,0.652770,removed optimizer/scheduler/RNG training state; model checkpoint files retained
checkpoints/smoke_ce_anchor_pretty_lr1e4_s42/checkpoint-16/rng_state.pth,14645,0.000014,removed optimizer/scheduler/RNG training state; model checkpoint files retained
checkpoints/smoke_ce_anchor_pretty_lr1e4_s42/checkpoint-16/scheduler.pt,1465,0.000001,removed optimizer/scheduler/RNG training state; model checkpoint files retained
checkpoints/smoke_ce_anchor_pretty_lr1e5_s42/checkpoint-16/optimizer.pt,700906667,0.652770,removed optimizer/scheduler/RNG training state; model checkpoint files retained
checkpoints/smoke_ce_anchor_pretty_lr1e5_s42/checkpoint-16/rng_state.pth,14645,0.000014,removed optimizer/scheduler/RNG training state; model checkpoint files retained
checkpoints/smoke_ce_anchor_pretty_lr1e5_s42/checkpoint-16/scheduler.pt,1465,0.000001,removed optimizer/scheduler/RNG training state; model checkpoint files retained
checkpoints/smoke_ce_anchor_pretty_lr5e5_s42/checkpoint-16/optimizer.pt,700906667,0.652770,removed optimizer/scheduler/RNG training state; model checkpoint files retained
checkpoints/smoke_ce_anchor_pretty_lr5e5_s42/checkpoint-16/rng_state.pth,14645,0.000014,removed optimizer/scheduler/RNG training state; model checkpoint files retained
checkpoints/smoke_ce_anchor_pretty_lr5e5_s42/checkpoint-16/scheduler.pt,1465,0.000001,removed optimizer/scheduler/RNG training state; model checkpoint files retained
checkpoints/smoke_ce_anchor_s42/checkpoint-16/optimizer.pt,700906667,0.652770,removed optimizer/scheduler/RNG training state; model checkpoint files retained
checkpoints/smoke_ce_anchor_s42/checkpoint-16/rng_state.pth,14645,0.000014,removed optimizer/scheduler/RNG training state; model checkpoint files retained
checkpoints/smoke_ce_anchor_s42/checkpoint-16/scheduler.pt,1465,0.000001,removed optimizer/scheduler/RNG training state; model checkpoint files retained
checkpoints/smoke_class_balanced_focal_lr1e4_s42/checkpoint-16/optimizer.pt,700906667,0.652770,removed optimizer/scheduler/RNG training state; model checkpoint files retained
checkpoints/smoke_class_balanced_focal_lr1e4_s42/checkpoint-16/rng_state.pth,14645,0.000014,removed optimizer/scheduler/RNG training state; model checkpoint files retained
checkpoints/smoke_class_balanced_focal_lr1e4_s42/checkpoint-16/scheduler.pt,1465,0.000001,removed optimizer/scheduler/RNG training state; model checkpoint files retained
checkpoints/smoke_class_balanced_focal_lr1e5_s42/checkpoint-16/optimizer.pt,700906667,0.652770,removed optimizer/scheduler/RNG training state; model checkpoint files retained
checkpoints/smoke_class_balanced_focal_lr1e5_s42/checkpoint-16/rng_state.pth,14645,0.000014,removed optimizer/scheduler/RNG training state; model checkpoint files retained
checkpoints/smoke_class_balanced_focal_lr1e5_s42/checkpoint-16/scheduler.pt,1465,0.000001,removed optimizer/scheduler/RNG training state; model checkpoint files retained
checkpoints/smoke_class_balanced_focal_lr5e5_s42/checkpoint-16/optimizer.pt,700906667,0.652770,removed optimizer/scheduler/RNG training state; model checkpoint files retained
checkpoints/smoke_class_balanced_focal_lr5e5_s42/checkpoint-16/rng_state.pth,14645,0.000014,removed optimizer/scheduler/RNG training state; model checkpoint files retained
checkpoints/smoke_class_balanced_focal_lr5e5_s42/checkpoint-16/scheduler.pt,1465,0.000001,removed optimizer/scheduler/RNG training state; model checkpoint files retained
checkpoints/smoke_class_balanced_focal_s42/checkpoint-16/optimizer.pt,700906667,0.652770,removed optimizer/scheduler/RNG training state; model checkpoint files retained
checkpoints/smoke_class_balanced_focal_s42/checkpoint-16/rng_state.pth,14645,0.000014,removed optimizer/scheduler/RNG training state; model checkpoint files retained
checkpoints/smoke_class_balanced_focal_s42/checkpoint-16/scheduler.pt,1465,0.000001,removed optimizer/scheduler/RNG training state; model checkpoint files retained
checkpoints/smoke_convnext_base_fb_in22k_ft_in1k_ce_s42/checkpoint-32/optimizer.pt,700906667,0.652770,removed optimizer/scheduler/RNG training state; model checkpoint files retained
checkpoints/smoke_convnext_base_fb_in22k_ft_in1k_ce_s42/checkpoint-32/rng_state.pth,14645,0.000014,removed optimizer/scheduler/RNG training state; model checkpoint files retained
checkpoints/smoke_convnext_base_fb_in22k_ft_in1k_ce_s42/checkpoint-32/scheduler.pt,1465,0.000001,removed optimizer/scheduler/RNG training state; model checkpoint files retained
checkpoints/smoke_convnext_base_fb_in22k_ft_in1k_nicme_hybrid_s42/checkpoint-16/optimizer.pt,700906667,0.652770,removed optimizer/scheduler/RNG training state; model checkpoint files retained
checkpoints/smoke_convnext_base_fb_in22k_ft_in1k_nicme_hybrid_s42/checkpoint-16/rng_state.pth,14645,0.000014,removed optimizer/scheduler/RNG training state; model checkpoint files retained
checkpoints/smoke_convnext_base_fb_in22k_ft_in1k_nicme_hybrid_s42/checkpoint-16/scheduler.pt,1465,0.000001,removed optimizer/scheduler/RNG training state; model checkpoint files retained
checkpoints/smoke_convnext_base_fb_in22k_ft_in1k_nicme_v3_hybrid_s42/checkpoint-32/optimizer.pt,700906667,0.652770,removed optimizer/scheduler/RNG training state; model checkpoint files retained
checkpoints/smoke_convnext_base_fb_in22k_ft_in1k_nicme_v3_hybrid_s42/checkpoint-32/rng_state.pth,14645,0.000014,removed optimizer/scheduler/RNG training state; model checkpoint files retained
checkpoints/smoke_convnext_base_fb_in22k_ft_in1k_nicme_v3_hybrid_s42/checkpoint-32/scheduler.pt,1465,0.000001,removed optimizer/scheduler/RNG training state; model checkpoint files retained
checkpoints/smoke_convnext_tiny_fb_in22k_ft_in1k_ce_s42/checkpoint-56/optimizer.pt,222777675,0.207478,removed optimizer/scheduler/RNG training state; model checkpoint files retained
checkpoints/smoke_convnext_tiny_fb_in22k_ft_in1k_ce_s42/checkpoint-56/rng_state.pth,14645,0.000014,removed optimizer/scheduler/RNG training state; model checkpoint files retained
checkpoints/smoke_convnext_tiny_fb_in22k_ft_in1k_ce_s42/checkpoint-56/scheduler.pt,1465,0.000001,removed optimizer/scheduler/RNG training state; model checkpoint files retained
checkpoints/smoke_convnext_tiny_fb_in22k_ft_in1k_nicme_hybrid_s42/checkpoint-56/optimizer.pt,222777675,0.207478,removed optimizer/scheduler/RNG training state; model checkpoint files retained
checkpoints/smoke_convnext_tiny_fb_in22k_ft_in1k_nicme_hybrid_s42/checkpoint-56/rng_state.pth,14645,0.000014,removed optimizer/scheduler/RNG training state; model checkpoint files retained
checkpoints/smoke_convnext_tiny_fb_in22k_ft_in1k_nicme_hybrid_s42/checkpoint-56/scheduler.pt,1465,0.000001,removed optimizer/scheduler/RNG training state; model checkpoint files retained
checkpoints/smoke_cost_weighted_ce_lr1e4_s42/checkpoint-16/optimizer.pt,700906667,0.652770,removed optimizer/scheduler/RNG training state; model checkpoint files retained
checkpoints/smoke_cost_weighted_ce_lr1e4_s42/checkpoint-16/rng_state.pth,14645,0.000014,removed optimizer/scheduler/RNG training state; model checkpoint files retained
checkpoints/smoke_cost_weighted_ce_lr1e4_s42/checkpoint-16/scheduler.pt,1465,0.000001,removed optimizer/scheduler/RNG training state; model checkpoint files retained
checkpoints/smoke_cost_weighted_ce_lr1e5_s42/checkpoint-16/optimizer.pt,700906667,0.652770,removed optimizer/scheduler/RNG training state; model checkpoint files retained
checkpoints/smoke_cost_weighted_ce_lr1e5_s42/checkpoint-16/rng_state.pth,14645,0.000014,removed optimizer/scheduler/RNG training state; model checkpoint files retained
checkpoints/smoke_cost_weighted_ce_lr1e5_s42/checkpoint-16/scheduler.pt,1465,0.000001,removed optimizer/scheduler/RNG training state; model checkpoint files retained
checkpoints/smoke_cost_weighted_ce_lr5e5_s42/checkpoint-16/optimizer.pt,700906667,0.652770,removed optimizer/scheduler/RNG training state; model checkpoint files retained
checkpoints/smoke_cost_weighted_ce_lr5e5_s42/checkpoint-16/rng_state.pth,14645,0.000014,removed optimizer/scheduler/RNG training state; model checkpoint files retained
checkpoints/smoke_cost_weighted_ce_lr5e5_s42/checkpoint-16/scheduler.pt,1465,0.000001,removed optimizer/scheduler/RNG training state; model checkpoint files retained
checkpoints/smoke_cost_weighted_ce_s42/checkpoint-16/optimizer.pt,700906667,0.652770,removed optimizer/scheduler/RNG training state; model checkpoint files retained
checkpoints/smoke_cost_weighted_ce_s42/checkpoint-16/rng_state.pth,14645,0.000014,removed optimizer/scheduler/RNG training state; model checkpoint files retained
checkpoints/smoke_cost_weighted_ce_s42/checkpoint-16/scheduler.pt,1465,0.000001,removed optimizer/scheduler/RNG training state; model checkpoint files retained
checkpoints/smoke_csada_lr1e4_s42/checkpoint-16/optimizer.pt,700906667,0.652770,removed optimizer/scheduler/RNG training state; model checkpoint files retained
checkpoints/smoke_csada_lr1e4_s42/checkpoint-16/rng_state.pth,14645,0.000014,removed optimizer/scheduler/RNG training state; model checkpoint files retained
checkpoints/smoke_csada_lr1e4_s42/checkpoint-16/scheduler.pt,1465,0.000001,removed optimizer/scheduler/RNG training state; model checkpoint files retained
checkpoints/smoke_csada_lr1e5_s42/checkpoint-16/optimizer.pt,700906667,0.652770,removed optimizer/scheduler/RNG training state; model checkpoint files retained
checkpoints/smoke_csada_lr1e5_s42/checkpoint-16/rng_state.pth,14645,0.000014,removed optimizer/scheduler/RNG training state; model checkpoint files retained
checkpoints/smoke_csada_lr1e5_s42/checkpoint-16/scheduler.pt,1465,0.000001,removed optimizer/scheduler/RNG training state; model checkpoint files retained
checkpoints/smoke_csada_lr5e5_s42/checkpoint-16/optimizer.pt,700906667,0.652770,removed optimizer/scheduler/RNG training state; model checkpoint files retained
checkpoints/smoke_csada_lr5e5_s42/checkpoint-16/rng_state.pth,14645,0.000014,removed optimizer/scheduler/RNG training state; model checkpoint files retained
checkpoints/smoke_csada_lr5e5_s42/checkpoint-16/scheduler.pt,1465,0.000001,removed optimizer/scheduler/RNG training state; model checkpoint files retained
checkpoints/smoke_csada_s42/checkpoint-16/optimizer.pt,700906667,0.652770,removed optimizer/scheduler/RNG training state; model checkpoint files retained
checkpoints/smoke_csada_s42/checkpoint-16/rng_state.pth,14645,0.000014,removed optimizer/scheduler/RNG training state; model checkpoint files retained
checkpoints/smoke_csada_s42/checkpoint-16/scheduler.pt,1465,0.000001,removed optimizer/scheduler/RNG training state; model checkpoint files retained
checkpoints/smoke_ldam_drw_lr1e4_s42/checkpoint-16/optimizer.pt,700906667,0.652770,removed optimizer/scheduler/RNG training state; model checkpoint files retained
checkpoints/smoke_ldam_drw_lr1e4_s42/checkpoint-16/rng_state.pth,14645,0.000014,removed optimizer/scheduler/RNG training state; model checkpoint files retained
checkpoints/smoke_ldam_drw_lr1e4_s42/checkpoint-16/scheduler.pt,1465,0.000001,removed optimizer/scheduler/RNG training state; model checkpoint files retained
checkpoints/smoke_ldam_drw_lr1e5_s42/checkpoint-16/optimizer.pt,700906667,0.652770,removed optimizer/scheduler/RNG training state; model checkpoint files retained
checkpoints/smoke_ldam_drw_lr1e5_s42/checkpoint-16/rng_state.pth,14645,0.000014,removed optimizer/scheduler/RNG training state; model checkpoint files retained
checkpoints/smoke_ldam_drw_lr1e5_s42/checkpoint-16/scheduler.pt,1465,0.000001,removed optimizer/scheduler/RNG training state; model checkpoint files retained
checkpoints/smoke_ldam_drw_lr5e5_s42/checkpoint-16/optimizer.pt,700906667,0.652770,removed optimizer/scheduler/RNG training state; model checkpoint files retained
checkpoints/smoke_ldam_drw_lr5e5_s42/checkpoint-16/rng_state.pth,14645,0.000014,removed optimizer/scheduler/RNG training state; model checkpoint files retained
checkpoints/smoke_ldam_drw_lr5e5_s42/checkpoint-16/scheduler.pt,1465,0.000001,removed optimizer/scheduler/RNG training state; model checkpoint files retained
checkpoints/smoke_ldam_drw_s42/checkpoint-16/optimizer.pt,700906667,0.652770,removed optimizer/scheduler/RNG training state; model checkpoint files retained
checkpoints/smoke_ldam_drw_s42/checkpoint-16/rng_state.pth,14645,0.000014,removed optimizer/scheduler/RNG training state; model checkpoint files retained
checkpoints/smoke_ldam_drw_s42/checkpoint-16/scheduler.pt,1465,0.000001,removed optimizer/scheduler/RNG training state; model checkpoint files retained
checkpoints/smoke_menon_logit_adjusted_lr1e4_s42/checkpoint-16/optimizer.pt,700906667,0.652770,removed optimizer/scheduler/RNG training state; model checkpoint files retained
checkpoints/smoke_menon_logit_adjusted_lr1e4_s42/checkpoint-16/rng_state.pth,14645,0.000014,removed optimizer/scheduler/RNG training state; model checkpoint files retained
checkpoints/smoke_menon_logit_adjusted_lr1e4_s42/checkpoint-16/scheduler.pt,1465,0.000001,removed optimizer/scheduler/RNG training state; model checkpoint files retained
checkpoints/smoke_menon_logit_adjusted_lr1e5_s42/checkpoint-16/optimizer.pt,700906667,0.652770,removed optimizer/scheduler/RNG training state; model checkpoint files retained
checkpoints/smoke_menon_logit_adjusted_lr1e5_s42/checkpoint-16/rng_state.pth,14645,0.000014,removed optimizer/scheduler/RNG training state; model checkpoint files retained
checkpoints/smoke_menon_logit_adjusted_lr1e5_s42/checkpoint-16/scheduler.pt,1465,0.000001,removed optimizer/scheduler/RNG training state; model checkpoint files retained
checkpoints/smoke_menon_logit_adjusted_lr5e5_s42/checkpoint-16/optimizer.pt,700906667,0.652770,removed optimizer/scheduler/RNG training state; model checkpoint files retained
checkpoints/smoke_menon_logit_adjusted_lr5e5_s42/checkpoint-16/rng_state.pth,14645,0.000014,removed optimizer/scheduler/RNG training state; model checkpoint files retained
checkpoints/smoke_menon_logit_adjusted_lr5e5_s42/checkpoint-16/scheduler.pt,1465,0.000001,removed optimizer/scheduler/RNG training state; model checkpoint files retained
checkpoints/smoke_menon_logit_adjusted_s42/checkpoint-16/optimizer.pt,700906667,0.652770,removed optimizer/scheduler/RNG training state; model checkpoint files retained
checkpoints/smoke_menon_logit_adjusted_s42/checkpoint-16/rng_state.pth,14645,0.000014,removed optimizer/scheduler/RNG training state; model checkpoint files retained
checkpoints/smoke_menon_logit_adjusted_s42/checkpoint-16/scheduler.pt,1465,0.000001,removed optimizer/scheduler/RNG training state; model checkpoint files retained
checkpoints/smoke_nicme_v2_hybrid_pretty_lr1e4_s42/checkpoint-16/optimizer.pt,700906667,0.652770,removed optimizer/scheduler/RNG training state; model checkpoint files retained
checkpoints/smoke_nicme_v2_hybrid_pretty_lr1e4_s42/checkpoint-16/rng_state.pth,14645,0.000014,removed optimizer/scheduler/RNG training state; model checkpoint files retained
checkpoints/smoke_nicme_v2_hybrid_pretty_lr1e4_s42/checkpoint-16/scheduler.pt,1465,0.000001,removed optimizer/scheduler/RNG training state; model checkpoint files retained
checkpoints/smoke_nicme_v2_hybrid_pretty_lr1e5_s42/checkpoint-16/optimizer.pt,700906667,0.652770,removed optimizer/scheduler/RNG training state; model checkpoint files retained
checkpoints/smoke_nicme_v2_hybrid_pretty_lr1e5_s42/checkpoint-16/rng_state.pth,14645,0.000014,removed optimizer/scheduler/RNG training state; model checkpoint files retained
checkpoints/smoke_nicme_v2_hybrid_pretty_lr1e5_s42/checkpoint-16/scheduler.pt,1465,0.000001,removed optimizer/scheduler/RNG training state; model checkpoint files retained
checkpoints/smoke_nicme_v2_hybrid_pretty_lr5e5_s42/checkpoint-16/optimizer.pt,700906667,0.652770,removed optimizer/scheduler/RNG training state; model checkpoint files retained
checkpoints/smoke_nicme_v2_hybrid_pretty_lr5e5_s42/checkpoint-16/rng_state.pth,14645,0.000014,removed optimizer/scheduler/RNG training state; model checkpoint files retained
checkpoints/smoke_nicme_v2_hybrid_pretty_lr5e5_s42/checkpoint-16/scheduler.pt,1465,0.000001,removed optimizer/scheduler/RNG training state; model checkpoint files retained
checkpoints/smoke_nicme_v3_hybrid_pretty_lr1e4_s42/checkpoint-16/optimizer.pt,700906667,0.652770,removed optimizer/scheduler/RNG training state; model checkpoint files retained
checkpoints/smoke_nicme_v3_hybrid_pretty_lr1e4_s42/checkpoint-16/rng_state.pth,14645,0.000014,removed optimizer/scheduler/RNG training state; model checkpoint files retained
checkpoints/smoke_nicme_v3_hybrid_pretty_lr1e4_s42/checkpoint-16/scheduler.pt,1465,0.000001,removed optimizer/scheduler/RNG training state; model checkpoint files retained
checkpoints/smoke_nicme_v3_hybrid_pretty_lr1e5_s42/checkpoint-16/optimizer.pt,700906667,0.652770,removed optimizer/scheduler/RNG training state; model checkpoint files retained
checkpoints/smoke_nicme_v3_hybrid_pretty_lr1e5_s42/checkpoint-16/rng_state.pth,14645,0.000014,removed optimizer/scheduler/RNG training state; model checkpoint files retained
checkpoints/smoke_nicme_v3_hybrid_pretty_lr1e5_s42/checkpoint-16/scheduler.pt,1465,0.000001,removed optimizer/scheduler/RNG training state; model checkpoint files retained
checkpoints/smoke_nicme_v3_hybrid_pretty_lr5e5_s42/checkpoint-16/optimizer.pt,700906667,0.652770,removed optimizer/scheduler/RNG training state; model checkpoint files retained
checkpoints/smoke_nicme_v3_hybrid_pretty_lr5e5_s42/checkpoint-16/rng_state.pth,14645,0.000014,removed optimizer/scheduler/RNG training state; model checkpoint files retained
checkpoints/smoke_nicme_v3_hybrid_pretty_lr5e5_s42/checkpoint-16/scheduler.pt,1465,0.000001,removed optimizer/scheduler/RNG training state; model checkpoint files retained
checkpoints/smoke_sosr_cnn_lr1e4_s42/checkpoint-16/optimizer.pt,700906667,0.652770,removed optimizer/scheduler/RNG training state; model checkpoint files retained
checkpoints/smoke_sosr_cnn_lr1e4_s42/checkpoint-16/rng_state.pth,14645,0.000014,removed optimizer/scheduler/RNG training state; model checkpoint files retained
checkpoints/smoke_sosr_cnn_lr1e4_s42/checkpoint-16/scheduler.pt,1465,0.000001,removed optimizer/scheduler/RNG training state; model checkpoint files retained
checkpoints/smoke_sosr_cnn_lr1e5_s42/checkpoint-16/optimizer.pt,700906667,0.652770,removed optimizer/scheduler/RNG training state; model checkpoint files retained
checkpoints/smoke_sosr_cnn_lr1e5_s42/checkpoint-16/rng_state.pth,14645,0.000014,removed optimizer/scheduler/RNG training state; model checkpoint files retained
checkpoints/smoke_sosr_cnn_lr1e5_s42/checkpoint-16/scheduler.pt,1465,0.000001,removed optimizer/scheduler/RNG training state; model checkpoint files retained
checkpoints/smoke_sosr_cnn_lr5e5_s42/checkpoint-16/optimizer.pt,700906667,0.652770,removed optimizer/scheduler/RNG training state; model checkpoint files retained
checkpoints/smoke_sosr_cnn_lr5e5_s42/checkpoint-16/rng_state.pth,14645,0.000014,removed optimizer/scheduler/RNG training state; model checkpoint files retained
checkpoints/smoke_sosr_cnn_lr5e5_s42/checkpoint-16/scheduler.pt,1465,0.000001,removed optimizer/scheduler/RNG training state; model checkpoint files retained
checkpoints/smoke_sosr_cnn_s42/checkpoint-16/optimizer.pt,700906667,0.652770,removed optimizer/scheduler/RNG training state; model checkpoint files retained
checkpoints/smoke_sosr_cnn_s42/checkpoint-16/rng_state.pth,14645,0.000014,removed optimizer/scheduler/RNG training state; model checkpoint files retained
checkpoints/smoke_sosr_cnn_s42/checkpoint-16/scheduler.pt,1465,0.000001,removed optimizer/scheduler/RNG training state; model checkpoint files retained
checkpoints/smoke_swin_tiny_patch4_window7_224_ms_in22k_ft_in1k_ce_s42/checkpoint-112/optimizer.pt,220362635,0.205229,removed optimizer/scheduler/RNG training state; model checkpoint files retained
checkpoints/smoke_swin_tiny_patch4_window7_224_ms_in22k_ft_in1k_ce_s42/checkpoint-112/rng_state.pth,14645,0.000014,removed optimizer/scheduler/RNG training state; model checkpoint files retained
checkpoints/smoke_swin_tiny_patch4_window7_224_ms_in22k_ft_in1k_ce_s42/checkpoint-112/scheduler.pt,1465,0.000001,removed optimizer/scheduler/RNG training state; model checkpoint files retained
checkpoints/smoke_swin_tiny_patch4_window7_224_ms_in22k_ft_in1k_nicme_hybrid_s42/checkpoint-112/optimizer.pt,220362635,0.205229,removed optimizer/scheduler/RNG training state; model checkpoint files retained
checkpoints/smoke_swin_tiny_patch4_window7_224_ms_in22k_ft_in1k_nicme_hybrid_s42/checkpoint-112/rng_state.pth,14645,0.000014,removed optimizer/scheduler/RNG training state; model checkpoint files retained
checkpoints/smoke_swin_tiny_patch4_window7_224_ms_in22k_ft_in1k_nicme_hybrid_s42/checkpoint-112/scheduler.pt,1465,0.000001,removed optimizer/scheduler/RNG training state; model checkpoint files retained
checkpoints/smoke_vit_small_patch16_dinov3_lvd1689m_ce_s42/checkpoint-56/optimizer.pt,172866187,0.160994,removed optimizer/scheduler/RNG training state; model checkpoint files retained
checkpoints/smoke_vit_small_patch16_dinov3_lvd1689m_ce_s42/checkpoint-56/rng_state.pth,14645,0.000014,removed optimizer/scheduler/RNG training state; model checkpoint files retained
checkpoints/smoke_vit_small_patch16_dinov3_lvd1689m_ce_s42/checkpoint-56/scheduler.pt,1465,0.000001,removed optimizer/scheduler/RNG training state; model checkpoint files retained
checkpoints/smoke_vit_small_patch16_dinov3_lvd1689m_nicme_hybrid_s42/checkpoint-56/optimizer.pt,172866187,0.160994,removed optimizer/scheduler/RNG training state; model checkpoint files retained
checkpoints/smoke_vit_small_patch16_dinov3_lvd1689m_nicme_hybrid_s42/checkpoint-56/rng_state.pth,14645,0.000014,removed optimizer/scheduler/RNG training state; model checkpoint files retained
checkpoints/smoke_vit_small_patch16_dinov3_lvd1689m_nicme_hybrid_s42/checkpoint-56/scheduler.pt,1465,0.000001,removed optimizer/scheduler/RNG training state; model checkpoint files retained
checkpoints/top5_run_nicme_v3_run20_a0p06_l0p03_lr5e5_s42/checkpoint-144/optimizer.pt,700906667,0.652770,removed optimizer/scheduler/RNG training state; model checkpoint files retained
checkpoints/top5_run_nicme_v3_run20_a0p06_l0p03_lr5e5_s42/checkpoint-144/rng_state.pth,14645,0.000014,removed optimizer/scheduler/RNG training state; model checkpoint files retained
checkpoints/top5_run_nicme_v3_run20_a0p06_l0p03_lr5e5_s42/checkpoint-144/scheduler.pt,1465,0.000001,removed optimizer/scheduler/RNG training state; model checkpoint files retained
checkpoints/top5_run_nicme_v3_run20_a0p06_l0p03_lr5e5_s43/checkpoint-240/optimizer.pt,700906667,0.652770,removed optimizer/scheduler/RNG training state; model checkpoint files retained
checkpoints/top5_run_nicme_v3_run20_a0p06_l0p03_lr5e5_s43/checkpoint-240/rng_state.pth,14645,0.000014,removed optimizer/scheduler/RNG training state; model checkpoint files retained
checkpoints/top5_run_nicme_v3_run20_a0p06_l0p03_lr5e5_s43/checkpoint-240/scheduler.pt,1465,0.000001,removed optimizer/scheduler/RNG training state; model checkpoint files retained
checkpoints/top5_run_nicme_v3_run20_a0p06_l0p03_lr5e5_s44/checkpoint-144/optimizer.pt,700906667,0.652770,removed optimizer/scheduler/RNG training state; model checkpoint files retained
checkpoints/top5_run_nicme_v3_run20_a0p06_l0p03_lr5e5_s44/checkpoint-144/rng_state.pth,14645,0.000014,removed optimizer/scheduler/RNG training state; model checkpoint files retained
checkpoints/top5_run_nicme_v3_run20_a0p06_l0p03_lr5e5_s44/checkpoint-144/scheduler.pt,1465,0.000001,removed optimizer/scheduler/RNG training state; model checkpoint files retained
checkpoints/top5_run_nicme_v3_run50_a0p09_l0p07_lr5e5_s42/checkpoint-208/optimizer.pt,700906667,0.652770,removed optimizer/scheduler/RNG training state; model checkpoint files retained
checkpoints/top5_run_nicme_v3_run50_a0p09_l0p07_lr5e5_s42/checkpoint-208/rng_state.pth,14645,0.000014,removed optimizer/scheduler/RNG training state; model checkpoint files retained
checkpoints/top5_run_nicme_v3_run50_a0p09_l0p07_lr5e5_s42/checkpoint-208/scheduler.pt,1465,0.000001,removed optimizer/scheduler/RNG training state; model checkpoint files retained
checkpoints/top5_run_nicme_v3_run50_a0p09_l0p07_lr5e5_s43/checkpoint-192/optimizer.pt,700906667,0.652770,removed optimizer/scheduler/RNG training state; model checkpoint files retained
checkpoints/top5_run_nicme_v3_run50_a0p09_l0p07_lr5e5_s43/checkpoint-192/rng_state.pth,14645,0.000014,removed optimizer/scheduler/RNG training state; model checkpoint files retained
checkpoints/top5_run_nicme_v3_run50_a0p09_l0p07_lr5e5_s43/checkpoint-192/scheduler.pt,1465,0.000001,removed optimizer/scheduler/RNG training state; model checkpoint files retained
checkpoints/top5_run_nicme_v3_run50_a0p09_l0p07_lr5e5_s44/checkpoint-320/optimizer.pt,700906667,0.652770,removed optimizer/scheduler/RNG training state; model checkpoint files retained
checkpoints/top5_run_nicme_v3_run50_a0p09_l0p07_lr5e5_s44/checkpoint-320/rng_state.pth,14581,0.000014,removed optimizer/scheduler/RNG training state; model checkpoint files retained
checkpoints/top5_run_nicme_v3_run50_a0p09_l0p07_lr5e5_s44/checkpoint-320/scheduler.pt,1465,0.000001,removed optimizer/scheduler/RNG training state; model checkpoint files retained
checkpoints/top5_run_nicme_v3_run53_a0p09_l0p2_lr5e5_s42/checkpoint-144/optimizer.pt,700906667,0.652770,removed optimizer/scheduler/RNG training state; model checkpoint files retained
checkpoints/top5_run_nicme_v3_run53_a0p09_l0p2_lr5e5_s42/checkpoint-144/rng_state.pth,14645,0.000014,removed optimizer/scheduler/RNG training state; model checkpoint files retained
checkpoints/top5_run_nicme_v3_run53_a0p09_l0p2_lr5e5_s42/checkpoint-144/scheduler.pt,1465,0.000001,removed optimizer/scheduler/RNG training state; model checkpoint files retained
checkpoints/top5_run_nicme_v3_run53_a0p09_l0p2_lr5e5_s43/checkpoint-128/optimizer.pt,700906667,0.652770,removed optimizer/scheduler/RNG training state; model checkpoint files retained
checkpoints/top5_run_nicme_v3_run53_a0p09_l0p2_lr5e5_s43/checkpoint-128/rng_state.pth,14645,0.000014,removed optimizer/scheduler/RNG training state; model checkpoint files retained
checkpoints/top5_run_nicme_v3_run53_a0p09_l0p2_lr5e5_s43/checkpoint-128/scheduler.pt,1465,0.000001,removed optimizer/scheduler/RNG training state; model checkpoint files retained
checkpoints/top5_run_nicme_v3_run53_a0p09_l0p2_lr5e5_s44/checkpoint-144/optimizer.pt,700906667,0.652770,removed optimizer/scheduler/RNG training state; model checkpoint files retained
checkpoints/top5_run_nicme_v3_run53_a0p09_l0p2_lr5e5_s44/checkpoint-144/rng_state.pth,14645,0.000014,removed optimizer/scheduler/RNG training state; model checkpoint files retained
checkpoints/top5_run_nicme_v3_run53_a0p09_l0p2_lr5e5_s44/checkpoint-144/scheduler.pt,1465,0.000001,removed optimizer/scheduler/RNG training state; model checkpoint files retained
checkpoints/top5_run_nicme_v3_run69_a0p2_l0p09_lr5e5_s42/checkpoint-192/optimizer.pt,700906667,0.652770,removed optimizer/scheduler/RNG training state; model checkpoint files retained
checkpoints/top5_run_nicme_v3_run69_a0p2_l0p09_lr5e5_s42/checkpoint-192/rng_state.pth,14645,0.000014,removed optimizer/scheduler/RNG training state; model checkpoint files retained
checkpoints/top5_run_nicme_v3_run69_a0p2_l0p09_lr5e5_s42/checkpoint-192/scheduler.pt,1465,0.000001,removed optimizer/scheduler/RNG training state; model checkpoint files retained
checkpoints/top5_run_nicme_v3_run69_a0p2_l0p09_lr5e5_s43/checkpoint-128/optimizer.pt,700906667,0.652770,removed optimizer/scheduler/RNG training state; model checkpoint files retained
checkpoints/top5_run_nicme_v3_run69_a0p2_l0p09_lr5e5_s43/checkpoint-128/rng_state.pth,14645,0.000014,removed optimizer/scheduler/RNG training state; model checkpoint files retained
checkpoints/top5_run_nicme_v3_run69_a0p2_l0p09_lr5e5_s43/checkpoint-128/scheduler.pt,1465,0.000001,removed optimizer/scheduler/RNG training state; model checkpoint files retained
checkpoints/top5_run_nicme_v3_run69_a0p2_l0p09_lr5e5_s44/checkpoint-144/optimizer.pt,700906667,0.652770,removed optimizer/scheduler/RNG training state; model checkpoint files retained
checkpoints/top5_run_nicme_v3_run69_a0p2_l0p09_lr5e5_s44/checkpoint-144/rng_state.pth,14645,0.000014,removed optimizer/scheduler/RNG training state; model checkpoint files retained
checkpoints/top5_run_nicme_v3_run69_a0p2_l0p09_lr5e5_s44/checkpoint-144/scheduler.pt,1465,0.000001,removed optimizer/scheduler/RNG training state; model checkpoint files retained
checkpoints/top5_run_nicme_v3_run95_a0p5_l0p07_lr5e5_s42/checkpoint-144/optimizer.pt,700906667,0.652770,removed optimizer/scheduler/RNG training state; model checkpoint files retained
checkpoints/top5_run_nicme_v3_run95_a0p5_l0p07_lr5e5_s42/checkpoint-144/rng_state.pth,14645,0.000014,removed optimizer/scheduler/RNG training state; model checkpoint files retained
checkpoints/top5_run_nicme_v3_run95_a0p5_l0p07_lr5e5_s42/checkpoint-144/scheduler.pt,1465,0.000001,removed optimizer/scheduler/RNG training state; model checkpoint files retained
checkpoints/top5_run_nicme_v3_run95_a0p5_l0p07_lr5e5_s43/checkpoint-48/optimizer.pt,700906667,0.652770,removed optimizer/scheduler/RNG training state; model checkpoint files retained
checkpoints/top5_run_nicme_v3_run95_a0p5_l0p07_lr5e5_s43/checkpoint-48/rng_state.pth,14645,0.000014,removed optimizer/scheduler/RNG training state; model checkpoint files retained
checkpoints/top5_run_nicme_v3_run95_a0p5_l0p07_lr5e5_s43/checkpoint-48/scheduler.pt,1465,0.000001,removed optimizer/scheduler/RNG training state; model checkpoint files retained
checkpoints/top5_run_nicme_v3_run95_a0p5_l0p07_lr5e5_s44/checkpoint-176/optimizer.pt,700906667,0.652770,removed optimizer/scheduler/RNG training state; model checkpoint files retained
checkpoints/top5_run_nicme_v3_run95_a0p5_l0p07_lr5e5_s44/checkpoint-176/rng_state.pth,14645,0.000014,removed optimizer/scheduler/RNG training state; model checkpoint files retained
checkpoints/top5_run_nicme_v3_run95_a0p5_l0p07_lr5e5_s44/checkpoint-176/scheduler.pt,1465,0.000001,removed optimizer/scheduler/RNG training state; model checkpoint files retained
checkpoints/top5_smoke_nicme_v3_run20_a0p06_l0p03_lr5e5_s42/checkpoint-16/optimizer.pt,700906667,0.652770,removed optimizer/scheduler/RNG training state; model checkpoint files retained
checkpoints/top5_smoke_nicme_v3_run20_a0p06_l0p03_lr5e5_s42/checkpoint-16/rng_state.pth,14645,0.000014,removed optimizer/scheduler/RNG training state; model checkpoint files retained
checkpoints/top5_smoke_nicme_v3_run20_a0p06_l0p03_lr5e5_s42/checkpoint-16/scheduler.pt,1465,0.000001,removed optimizer/scheduler/RNG training state; model checkpoint files retained
checkpoints/top5_smoke_nicme_v3_run20_a0p06_l0p03_lr5e5_s43/checkpoint-16/optimizer.pt,700906667,0.652770,removed optimizer/scheduler/RNG training state; model checkpoint files retained
checkpoints/top5_smoke_nicme_v3_run20_a0p06_l0p03_lr5e5_s43/checkpoint-16/rng_state.pth,14645,0.000014,removed optimizer/scheduler/RNG training state; model checkpoint files retained
checkpoints/top5_smoke_nicme_v3_run20_a0p06_l0p03_lr5e5_s43/checkpoint-16/scheduler.pt,1465,0.000001,removed optimizer/scheduler/RNG training state; model checkpoint files retained
checkpoints/top5_smoke_nicme_v3_run20_a0p06_l0p03_lr5e5_s44/checkpoint-16/optimizer.pt,700906667,0.652770,removed optimizer/scheduler/RNG training state; model checkpoint files retained
checkpoints/top5_smoke_nicme_v3_run20_a0p06_l0p03_lr5e5_s44/checkpoint-16/rng_state.pth,14645,0.000014,removed optimizer/scheduler/RNG training state; model checkpoint files retained
checkpoints/top5_smoke_nicme_v3_run20_a0p06_l0p03_lr5e5_s44/checkpoint-16/scheduler.pt,1465,0.000001,removed optimizer/scheduler/RNG training state; model checkpoint files retained
checkpoints/top5_smoke_nicme_v3_run50_a0p09_l0p07_lr5e5_s42/checkpoint-16/optimizer.pt,700906667,0.652770,removed optimizer/scheduler/RNG training state; model checkpoint files retained
checkpoints/top5_smoke_nicme_v3_run50_a0p09_l0p07_lr5e5_s42/checkpoint-16/rng_state.pth,14645,0.000014,removed optimizer/scheduler/RNG training state; model checkpoint files retained
checkpoints/top5_smoke_nicme_v3_run50_a0p09_l0p07_lr5e5_s42/checkpoint-16/scheduler.pt,1465,0.000001,removed optimizer/scheduler/RNG training state; model checkpoint files retained
checkpoints/top5_smoke_nicme_v3_run50_a0p09_l0p07_lr5e5_s43/checkpoint-16/optimizer.pt,700906667,0.652770,removed optimizer/scheduler/RNG training state; model checkpoint files retained
checkpoints/top5_smoke_nicme_v3_run50_a0p09_l0p07_lr5e5_s43/checkpoint-16/rng_state.pth,14645,0.000014,removed optimizer/scheduler/RNG training state; model checkpoint files retained
checkpoints/top5_smoke_nicme_v3_run50_a0p09_l0p07_lr5e5_s43/checkpoint-16/scheduler.pt,1465,0.000001,removed optimizer/scheduler/RNG training state; model checkpoint files retained
checkpoints/top5_smoke_nicme_v3_run50_a0p09_l0p07_lr5e5_s44/checkpoint-16/optimizer.pt,700906667,0.652770,removed optimizer/scheduler/RNG training state; model checkpoint files retained
checkpoints/top5_smoke_nicme_v3_run50_a0p09_l0p07_lr5e5_s44/checkpoint-16/rng_state.pth,14645,0.000014,removed optimizer/scheduler/RNG training state; model checkpoint files retained
checkpoints/top5_smoke_nicme_v3_run50_a0p09_l0p07_lr5e5_s44/checkpoint-16/scheduler.pt,1465,0.000001,removed optimizer/scheduler/RNG training state; model checkpoint files retained
checkpoints/top5_smoke_nicme_v3_run53_a0p09_l0p2_lr5e5_s42/checkpoint-16/optimizer.pt,700906667,0.652770,removed optimizer/scheduler/RNG training state; model checkpoint files retained
checkpoints/top5_smoke_nicme_v3_run53_a0p09_l0p2_lr5e5_s42/checkpoint-16/rng_state.pth,14645,0.000014,removed optimizer/scheduler/RNG training state; model checkpoint files retained
checkpoints/top5_smoke_nicme_v3_run53_a0p09_l0p2_lr5e5_s42/checkpoint-16/scheduler.pt,1465,0.000001,removed optimizer/scheduler/RNG training state; model checkpoint files retained
checkpoints/top5_smoke_nicme_v3_run53_a0p09_l0p2_lr5e5_s43/checkpoint-16/optimizer.pt,700906667,0.652770,removed optimizer/scheduler/RNG training state; model checkpoint files retained
checkpoints/top5_smoke_nicme_v3_run53_a0p09_l0p2_lr5e5_s43/checkpoint-16/rng_state.pth,14645,0.000014,removed optimizer/scheduler/RNG training state; model checkpoint files retained
checkpoints/top5_smoke_nicme_v3_run53_a0p09_l0p2_lr5e5_s43/checkpoint-16/scheduler.pt,1465,0.000001,removed optimizer/scheduler/RNG training state; model checkpoint files retained
checkpoints/top5_smoke_nicme_v3_run53_a0p09_l0p2_lr5e5_s44/checkpoint-16/optimizer.pt,700906667,0.652770,removed optimizer/scheduler/RNG training state; model checkpoint files retained
checkpoints/top5_smoke_nicme_v3_run53_a0p09_l0p2_lr5e5_s44/checkpoint-16/rng_state.pth,14645,0.000014,removed optimizer/scheduler/RNG training state; model checkpoint files retained
checkpoints/top5_smoke_nicme_v3_run53_a0p09_l0p2_lr5e5_s44/checkpoint-16/scheduler.pt,1465,0.000001,removed optimizer/scheduler/RNG training state; model checkpoint files retained
checkpoints/top5_smoke_nicme_v3_run69_a0p2_l0p09_lr5e5_s42/checkpoint-16/optimizer.pt,700906667,0.652770,removed optimizer/scheduler/RNG training state; model checkpoint files retained
checkpoints/top5_smoke_nicme_v3_run69_a0p2_l0p09_lr5e5_s42/checkpoint-16/rng_state.pth,14645,0.000014,removed optimizer/scheduler/RNG training state; model checkpoint files retained
checkpoints/top5_smoke_nicme_v3_run69_a0p2_l0p09_lr5e5_s42/checkpoint-16/scheduler.pt,1465,0.000001,removed optimizer/scheduler/RNG training state; model checkpoint files retained
checkpoints/top5_smoke_nicme_v3_run69_a0p2_l0p09_lr5e5_s43/checkpoint-16/optimizer.pt,700906667,0.652770,removed optimizer/scheduler/RNG training state; model checkpoint files retained
checkpoints/top5_smoke_nicme_v3_run69_a0p2_l0p09_lr5e5_s43/checkpoint-16/rng_state.pth,14645,0.000014,removed optimizer/scheduler/RNG training state; model checkpoint files retained
checkpoints/top5_smoke_nicme_v3_run69_a0p2_l0p09_lr5e5_s43/checkpoint-16/scheduler.pt,1465,0.000001,removed optimizer/scheduler/RNG training state; model checkpoint files retained
checkpoints/top5_smoke_nicme_v3_run69_a0p2_l0p09_lr5e5_s44/checkpoint-16/optimizer.pt,700906667,0.652770,removed optimizer/scheduler/RNG training state; model checkpoint files retained
checkpoints/top5_smoke_nicme_v3_run69_a0p2_l0p09_lr5e5_s44/checkpoint-16/rng_state.pth,14645,0.000014,removed optimizer/scheduler/RNG training state; model checkpoint files retained
checkpoints/top5_smoke_nicme_v3_run69_a0p2_l0p09_lr5e5_s44/checkpoint-16/scheduler.pt,1465,0.000001,removed optimizer/scheduler/RNG training state; model checkpoint files retained
checkpoints/top5_smoke_nicme_v3_run95_a0p5_l0p07_lr5e5_s42/checkpoint-16/optimizer.pt,700906667,0.652770,removed optimizer/scheduler/RNG training state; model checkpoint files retained
checkpoints/top5_smoke_nicme_v3_run95_a0p5_l0p07_lr5e5_s42/checkpoint-16/rng_state.pth,14645,0.000014,removed optimizer/scheduler/RNG training state; model checkpoint files retained
checkpoints/top5_smoke_nicme_v3_run95_a0p5_l0p07_lr5e5_s42/checkpoint-16/scheduler.pt,1465,0.000001,removed optimizer/scheduler/RNG training state; model checkpoint files retained
checkpoints/top5_smoke_nicme_v3_run95_a0p5_l0p07_lr5e5_s43/checkpoint-16/optimizer.pt,700906667,0.652770,removed optimizer/scheduler/RNG training state; model checkpoint files retained
checkpoints/top5_smoke_nicme_v3_run95_a0p5_l0p07_lr5e5_s43/checkpoint-16/rng_state.pth,14645,0.000014,removed optimizer/scheduler/RNG training state; model checkpoint files retained
checkpoints/top5_smoke_nicme_v3_run95_a0p5_l0p07_lr5e5_s43/checkpoint-16/scheduler.pt,1465,0.000001,removed optimizer/scheduler/RNG training state; model checkpoint files retained
checkpoints/top5_smoke_nicme_v3_run95_a0p5_l0p07_lr5e5_s44/checkpoint-16/optimizer.pt,700906667,0.652770,removed optimizer/scheduler/RNG training state; model checkpoint files retained
checkpoints/top5_smoke_nicme_v3_run95_a0p5_l0p07_lr5e5_s44/checkpoint-16/rng_state.pth,14645,0.000014,removed optimizer/scheduler/RNG training state; model checkpoint files retained
checkpoints/top5_smoke_nicme_v3_run95_a0p5_l0p07_lr5e5_s44/checkpoint-16/scheduler.pt,1465,0.000001,removed optimizer/scheduler/RNG training state; model checkpoint files retained
checkpoints/tpt-stress_convnext_base_fb_in22k_ft_in1k_tpt_nicme_v2_matched_nicme_hybrid_s42_locked/checkpoint-400/optimizer.pt,700906667,0.652770,removed optimizer/scheduler/RNG training state; model checkpoint files retained
checkpoints/tpt-stress_convnext_base_fb_in22k_ft_in1k_tpt_nicme_v2_matched_nicme_hybrid_s42_locked/checkpoint-400/rng_state.pth,14645,0.000014,removed optimizer/scheduler/RNG training state; model checkpoint files retained
checkpoints/tpt-stress_convnext_base_fb_in22k_ft_in1k_tpt_nicme_v2_matched_nicme_hybrid_s42_locked/checkpoint-400/scheduler.pt,1465,0.000001,removed optimizer/scheduler/RNG training state; model checkpoint files retained
checkpoints/tpt-stress_convnext_base_fb_in22k_ft_in1k_tpt_nicme_v3_best_nicme_v3_hybrid_s42_locked/checkpoint-256/optimizer.pt,700906667,0.652770,removed optimizer/scheduler/RNG training state; model checkpoint files retained
checkpoints/tpt-stress_convnext_base_fb_in22k_ft_in1k_tpt_nicme_v3_best_nicme_v3_hybrid_s42_locked/checkpoint-256/rng_state.pth,14645,0.000014,removed optimizer/scheduler/RNG training state; model checkpoint files retained
checkpoints/tpt-stress_convnext_base_fb_in22k_ft_in1k_tpt_nicme_v3_best_nicme_v3_hybrid_s42_locked/checkpoint-256/scheduler.pt,1465,0.000001,removed optimizer/scheduler/RNG training state; model checkpoint files retained
