metrics_file,run_dir,dataset,model,method,seed,mode,target_class,target_recall_floor,accuracy_floor,selection_accuracy_metric,cost_ratio,cost_matrix,test_class_prevalence,selection_score,normalized_atc,atc,crr,target_recall,target_fnr,target_precision,target_fpr,accuracy,balanced_accuracy,macro_f1,auroc,auprc,nll,brier,ece,temperature,threshold,calibration_selection_score,calibration_target_recall,calibration_accuracy,calibration_normalized_atc,confusion_matrix,selected_accuracy,recall_floor_met,accuracy_floor_met,all_floors_met
results/timm_dinov3_convnext_lora_test/stop4b_cost_ratio_breakhis_dinov3_convnext_lora_breakhis_balanced_costr1_timm_dinov3_convnext_lora_ce_calibrated_cost_min_seed42_04-29_01-15/metrics_20260429_011523_ce_calibrated_cost_min.json,results/timm_dinov3_convnext_lora_test/stop4b_cost_ratio_breakhis_dinov3_convnext_lora_breakhis_balanced_costr1_timm_dinov3_convnext_lora_ce_calibrated_cost_min_seed42_04-29_01-15,breakhis_balanced,timm_dinov3_convnext_lora,ce_calibrated_cost_min,42,argmax,malignant,0.97,0.85,accuracy,1.0,"[[0.0,1.0],[1.0,0.0]]","{""0"":0.5,""1"":0.5}",0.6679329057894471,0.1879432624113475,0.1879432624113475,,0.624113475177305,0.375886524822695,1.0,0.0,0.8120567375886525,0.8120567375886525,0.8051749983705925,0.9830617172174438,0.9849556446809004,0.3884517798937987,0.2514632789849819,0.06469369441904926,,,,,,,"[[282,0],[106,176]]",0.8120567375886525,False,False,False
results/timm_dinov3_convnext_lora_test/stop4b_cost_ratio_breakhis_dinov3_convnext_lora_breakhis_balanced_costr1_timm_dinov3_convnext_lora_ce_calibrated_cost_min_seed42_04-29_01-15/metrics_20260429_011523_ce_calibrated_cost_min.json,results/timm_dinov3_convnext_lora_test/stop4b_cost_ratio_breakhis_dinov3_convnext_lora_breakhis_balanced_costr1_timm_dinov3_convnext_lora_ce_calibrated_cost_min_seed42_04-29_01-15,breakhis_balanced,timm_dinov3_convnext_lora,ce_calibrated_cost_min,42,calibrated_cost_min,malignant,0.97,0.85,accuracy,1.0,"[[0.0,1.0],[1.0,0.0]]","{""0"":0.5,""1"":0.5}",0.6679329057894471,0.1879432624113475,0.1879432624113475,,0.624113475177305,0.375886524822695,1.0,0.0,0.8120567375886525,0.8120567375886525,0.8051749983705925,0.9830617172174438,0.9849556446809004,0.3938753378428602,0.25357566625093997,0.07188348749953012,0.95,,,,,,"[[282,0],[106,176]]",0.8120567375886525,False,False,False
results/timm_dinov3_convnext_lora_test/stop4b_cost_ratio_breakhis_dinov3_convnext_lora_breakhis_balanced_costr1_timm_dinov3_convnext_lora_ce_calibrated_cost_min_seed42_04-29_01-15/metrics_20260429_011523_ce_calibrated_cost_min.json,results/timm_dinov3_convnext_lora_test/stop4b_cost_ratio_breakhis_dinov3_convnext_lora_breakhis_balanced_costr1_timm_dinov3_convnext_lora_ce_calibrated_cost_min_seed42_04-29_01-15,breakhis_balanced,timm_dinov3_convnext_lora,ce_calibrated_cost_min,42,calibrated_threshold,malignant,0.97,0.85,accuracy,1.0,"[[0.0,1.0],[1.0,0.0]]","{""0"":0.5,""1"":0.5}",0.07800973794074742,0.0673758865248227,0.0673758865248227,,0.9184397163120568,0.08156028368794327,0.9452554744525548,0.05319148936170213,0.9326241134751773,0.9326241134751774,0.932610554912713,0.9830617172174438,0.9849556446809004,0.3938753378428602,0.25357566625093997,0.07188348749953012,0.95,0.10121999310258041,0.02973977695167286,0.9814126394052045,0.9702602230483272,0.02973977695167286,"[[267,15],[23,259]]",0.9326241134751773,False,True,False
results/timm_dinov3_convnext_lora_test/stop4b_cost_ratio_breakhis_dinov3_convnext_lora_breakhis_balanced_costr1_timm_dinov3_convnext_lora_nicme_logit_adjustment_seed42_04-29_01-17/metrics_20260429_011758_nicme_logit_adjustment.json,results/timm_dinov3_convnext_lora_test/stop4b_cost_ratio_breakhis_dinov3_convnext_lora_breakhis_balanced_costr1_timm_dinov3_convnext_lora_nicme_logit_adjustment_seed42_04-29_01-17,breakhis_balanced,timm_dinov3_convnext_lora,nicme_logit_adjustment,42,argmax,malignant,0.97,0.85,accuracy,1.0,"[[0.0,1.0],[1.0,0.0]]","{""0"":0.5,""1"":0.5}",0.5775933856445851,0.17375886524822695,0.17375886524822695,,0.6524822695035462,0.3475177304964539,1.0,0.0,0.8262411347517731,0.8262411347517731,0.8208316585195079,0.9831497409587042,0.9848011672302758,0.37604788897165886,0.24478007496379683,0.05346813713405149,,,,,,,"[[282,0],[98,184]]",0.8262411347517731,False,False,False
results/timm_dinov3_convnext_lora_test/stop4b_cost_ratio_breakhis_dinov3_convnext_lora_breakhis_balanced_costr1_timm_dinov3_convnext_lora_nicme_logit_adjustment_seed42_04-29_01-17/metrics_20260429_011758_nicme_logit_adjustment.json,results/timm_dinov3_convnext_lora_test/stop4b_cost_ratio_breakhis_dinov3_convnext_lora_breakhis_balanced_costr1_timm_dinov3_convnext_lora_nicme_logit_adjustment_seed42_04-29_01-17,breakhis_balanced,timm_dinov3_convnext_lora,nicme_logit_adjustment,42,calibrated_cost_min,malignant,0.97,0.85,accuracy,1.0,"[[0.0,1.0],[1.0,0.0]]","{""0"":0.5,""1"":0.5}",0.5775933856445851,0.17375886524822695,0.17375886524822695,,0.6524822695035462,0.3475177304964539,1.0,0.0,0.8262411347517731,0.8262411347517731,0.8208316585195079,0.9831497409587042,0.9848011672302758,0.4018121838109661,0.25593638895479653,0.06652611973602439,0.7,,,,,,"[[282,0],[98,184]]",0.8262411347517731,False,False,False
results/timm_dinov3_convnext_lora_test/stop4b_cost_ratio_breakhis_dinov3_convnext_lora_breakhis_balanced_costr1_timm_dinov3_convnext_lora_nicme_logit_adjustment_seed42_04-29_01-17/metrics_20260429_011758_nicme_logit_adjustment.json,results/timm_dinov3_convnext_lora_test/stop4b_cost_ratio_breakhis_dinov3_convnext_lora_breakhis_balanced_costr1_timm_dinov3_convnext_lora_nicme_logit_adjustment_seed42_04-29_01-17,breakhis_balanced,timm_dinov3_convnext_lora,nicme_logit_adjustment,42,calibrated_threshold,malignant,0.97,0.85,accuracy,1.0,"[[0.0,1.0],[1.0,0.0]]","{""0"":0.5,""1"":0.5}",0.08859673054675316,0.0673758865248227,0.0673758865248227,,0.8971631205673759,0.10283687943262411,0.9656488549618321,0.031914893617021274,0.9326241134751773,0.9326241134751774,0.9325392828364223,0.9831497409587042,0.9848011672302758,0.4018121838109661,0.25593638895479653,0.06652611973602439,0.7,0.11403875135536935,0.031598513011152414,0.9739776951672863,0.9684014869888475,0.031598513011152414,"[[273,9],[29,253]]",0.9326241134751773,False,True,False
results/timm_dinov3_convnext_lora_test/stop4b_cost_ratio_breakhis_dinov3_convnext_lora_breakhis_balanced_costr1_timm_dinov3_convnext_lora_nicme_hybrid_seed42_04-29_01-21/metrics_20260429_012137_nicme_hybrid.json,results/timm_dinov3_convnext_lora_test/stop4b_cost_ratio_breakhis_dinov3_convnext_lora_breakhis_balanced_costr1_timm_dinov3_convnext_lora_nicme_hybrid_seed42_04-29_01-21,breakhis_balanced,timm_dinov3_convnext_lora,nicme_hybrid,42,argmax,malignant,0.97,0.85,accuracy,1.0,"[[0.0,1.0],[1.0,0.0]]","{""0"":0.5,""1"":0.5}",0.06914893617021277,0.06914893617021277,0.06914893617021277,,0.9787234042553191,0.02127659574468085,0.8932038834951457,0.11702127659574468,0.9308510638297872,0.9308510638297872,0.9306922269801208,0.989261103566219,0.989632388454839,0.15581784801769621,0.09543196809628295,0.0357084245757854,,,,,,,"[[249,33],[6,276]]",0.9308510638297872,True,True,True
results/timm_dinov3_convnext_lora_test/stop4b_cost_ratio_breakhis_dinov3_convnext_lora_breakhis_balanced_costr1_timm_dinov3_convnext_lora_nicme_hybrid_seed42_04-29_01-21/metrics_20260429_012137_nicme_hybrid.json,results/timm_dinov3_convnext_lora_test/stop4b_cost_ratio_breakhis_dinov3_convnext_lora_breakhis_balanced_costr1_timm_dinov3_convnext_lora_nicme_hybrid_seed42_04-29_01-21,breakhis_balanced,timm_dinov3_convnext_lora,nicme_hybrid,42,calibrated_cost_min,malignant,0.97,0.85,accuracy,1.0,"[[0.0,1.0],[1.0,0.0]]","{""0"":0.5,""1"":0.5}",0.06914893617021277,0.06914893617021277,0.06914893617021277,,0.9787234042553191,0.02127659574468085,0.8932038834951457,0.11702127659574468,0.9308510638297872,0.9308510638297872,0.9306922269801208,0.989261103566219,0.989632388454839,0.1543429267781626,0.096744624383706,0.025656045876050165,0.8500000000000001,,,,,,"[[249,33],[6,276]]",0.9308510638297872,True,True,True
results/timm_dinov3_convnext_lora_test/stop4b_cost_ratio_breakhis_dinov3_convnext_lora_breakhis_balanced_costr1_timm_dinov3_convnext_lora_nicme_hybrid_seed42_04-29_01-21/metrics_20260429_012137_nicme_hybrid.json,results/timm_dinov3_convnext_lora_test/stop4b_cost_ratio_breakhis_dinov3_convnext_lora_breakhis_balanced_costr1_timm_dinov3_convnext_lora_nicme_hybrid_seed42_04-29_01-21,breakhis_balanced,timm_dinov3_convnext_lora,nicme_hybrid,42,calibrated_threshold,malignant,0.97,0.85,accuracy,1.0,"[[0.0,1.0],[1.0,0.0]]","{""0"":0.5,""1"":0.5}",0.06382978723404255,0.06382978723404255,0.06382978723404255,,0.9716312056737588,0.028368794326241134,0.9072847682119205,0.09929078014184398,0.9361702127659575,0.9361702127659575,0.9360898468976631,0.989261103566219,0.989632388454839,0.1543429267781626,0.096744624383706,0.025656045876050165,0.8500000000000001,0.5567873145384032,0.046468401486988845,0.9776951672862454,0.9535315985130112,0.046468401486988845,"[[254,28],[8,274]]",0.9361702127659575,True,True,True
results/timm_dinov3_convnext_lora_test/stop4b_cost_ratio_breakhis_dinov3_convnext_lora_breakhis_balanced_costr1_timm_dinov3_convnext_lora_ce_calibrated_cost_min_seed43_04-29_01-24/metrics_20260429_012418_ce_calibrated_cost_min.json,results/timm_dinov3_convnext_lora_test/stop4b_cost_ratio_breakhis_dinov3_convnext_lora_breakhis_balanced_costr1_timm_dinov3_convnext_lora_ce_calibrated_cost_min_seed43_04-29_01-24,breakhis_balanced,timm_dinov3_convnext_lora,ce_calibrated_cost_min,43,argmax,malignant,0.97,0.85,accuracy,1.0,"[[0.0,1.0],[1.0,0.0]]","{""0"":0.5,""1"":0.5}",0.8927686786378954,0.22695035460992907,0.22695035460992907,,0.5638297872340425,0.43617021276595747,0.9695121951219512,0.01773049645390071,0.7730496453900709,0.7730496453900709,0.7626605999237274,0.9154469091091998,0.9274328063976861,0.5280055623717304,0.3307647969773875,0.09804412785996783,,,,,,,"[[277,5],[123,159]]",0.7730496453900709,False,False,False
results/timm_dinov3_convnext_lora_test/stop4b_cost_ratio_breakhis_dinov3_convnext_lora_breakhis_balanced_costr1_timm_dinov3_convnext_lora_ce_calibrated_cost_min_seed43_04-29_01-24/metrics_20260429_012418_ce_calibrated_cost_min.json,results/timm_dinov3_convnext_lora_test/stop4b_cost_ratio_breakhis_dinov3_convnext_lora_breakhis_balanced_costr1_timm_dinov3_convnext_lora_ce_calibrated_cost_min_seed43_04-29_01-24,breakhis_balanced,timm_dinov3_convnext_lora,ce_calibrated_cost_min,43,calibrated_cost_min,malignant,0.97,0.85,accuracy,1.0,"[[0.0,1.0],[1.0,0.0]]","{""0"":0.5,""1"":0.5}",0.8927686786378954,0.22695035460992907,0.22695035460992907,,0.5638297872340425,0.43617021276595747,0.9695121951219512,0.01773049645390071,0.7730496453900709,0.7730496453900709,0.7626605999237274,0.9154469091091998,0.9274328063976861,0.5688286928126172,0.34096290988327194,0.11740634243586023,0.8500000000000001,,,,,,"[[277,5],[123,159]]",0.7730496453900709,False,False,False
results/timm_dinov3_convnext_lora_test/stop4b_cost_ratio_breakhis_dinov3_convnext_lora_breakhis_balanced_costr1_timm_dinov3_convnext_lora_ce_calibrated_cost_min_seed43_04-29_01-24/metrics_20260429_012418_ce_calibrated_cost_min.json,results/timm_dinov3_convnext_lora_test/stop4b_cost_ratio_breakhis_dinov3_convnext_lora_breakhis_balanced_costr1_timm_dinov3_convnext_lora_ce_calibrated_cost_min_seed43_04-29_01-24,breakhis_balanced,timm_dinov3_convnext_lora,ce_calibrated_cost_min,43,calibrated_threshold,malignant,0.97,0.85,accuracy,1.0,"[[0.0,1.0],[1.0,0.0]]","{""0"":0.5,""1"":0.5}",0.44111873648206823,0.18262411347517732,0.18262411347517732,,0.7163120567375887,0.28368794326241137,0.8977777777777778,0.08156028368794327,0.8173758865248227,0.8173758865248227,0.8154913338859828,0.9154469091091998,0.9274328063976861,0.5688286928126172,0.34096290988327194,0.11740634243586023,0.8500000000000001,0.2112467102218587,0.1052586282666077,0.9144981412639405,0.9070631970260223,0.09293680297397769,"[[259,23],[80,202]]",0.8173758865248227,False,False,False
results/timm_dinov3_convnext_lora_test/stop4b_cost_ratio_breakhis_dinov3_convnext_lora_breakhis_balanced_costr1_timm_dinov3_convnext_lora_nicme_logit_adjustment_seed43_04-29_01-26/metrics_20260429_012656_nicme_logit_adjustment.json,results/timm_dinov3_convnext_lora_test/stop4b_cost_ratio_breakhis_dinov3_convnext_lora_breakhis_balanced_costr1_timm_dinov3_convnext_lora_nicme_logit_adjustment_seed43_04-29_01-26,breakhis_balanced,timm_dinov3_convnext_lora,nicme_logit_adjustment,43,argmax,malignant,0.97,0.85,accuracy,1.0,"[[0.0,1.0],[1.0,0.0]]","{""0"":0.5,""1"":0.5}",0.8024130627232032,0.21631205673758866,0.21631205673758866,,0.5886524822695035,0.41134751773049644,0.9651162790697675,0.02127659574468085,0.7836879432624113,0.7836879432624113,0.775134315481248,0.9123535033449022,0.9277101210615166,0.4758635829652462,0.3049779592310742,0.041257559513369374,,,,,,,"[[276,6],[116,166]]",0.7836879432624113,False,False,False
results/timm_dinov3_convnext_lora_test/stop4b_cost_ratio_breakhis_dinov3_convnext_lora_breakhis_balanced_costr1_timm_dinov3_convnext_lora_nicme_logit_adjustment_seed43_04-29_01-26/metrics_20260429_012656_nicme_logit_adjustment.json,results/timm_dinov3_convnext_lora_test/stop4b_cost_ratio_breakhis_dinov3_convnext_lora_breakhis_balanced_costr1_timm_dinov3_convnext_lora_nicme_logit_adjustment_seed43_04-29_01-26,breakhis_balanced,timm_dinov3_convnext_lora,nicme_logit_adjustment,43,calibrated_cost_min,malignant,0.97,0.85,accuracy,1.0,"[[0.0,1.0],[1.0,0.0]]","{""0"":0.5,""1"":0.5}",0.8024130627232032,0.21631205673758866,0.21631205673758866,,0.5886524822695035,0.41134751773049644,0.9651162790697675,0.02127659574468085,0.7836879432624113,0.7836879432624113,0.775134315481248,0.9123535033449022,0.9277101210615166,0.5587357182043162,0.32466211721134286,0.10130502949720943,0.6,,,,,,"[[276,6],[116,166]]",0.7836879432624113,False,False,False
results/timm_dinov3_convnext_lora_test/stop4b_cost_ratio_breakhis_dinov3_convnext_lora_breakhis_balanced_costr1_timm_dinov3_convnext_lora_nicme_logit_adjustment_seed43_04-29_01-26/metrics_20260429_012656_nicme_logit_adjustment.json,results/timm_dinov3_convnext_lora_test/stop4b_cost_ratio_breakhis_dinov3_convnext_lora_breakhis_balanced_costr1_timm_dinov3_convnext_lora_nicme_logit_adjustment_seed43_04-29_01-26,breakhis_balanced,timm_dinov3_convnext_lora,nicme_logit_adjustment,43,calibrated_threshold,malignant,0.97,0.85,accuracy,1.0,"[[0.0,1.0],[1.0,0.0]]","{""0"":0.5,""1"":0.5}",0.47674533977164124,0.17375886524822695,0.17375886524822695,,0.6950354609929078,0.3049645390070922,0.9423076923076923,0.0425531914893617,0.8262411347517731,0.8262411347517731,0.8231974921630093,0.9123535033449022,0.9277101210615166,0.5587357182043162,0.32466211721134286,0.10130502949720943,0.6,0.3196274051258809,0.12323903207528918,0.8884758364312267,0.9033457249070632,0.09665427509293681,"[[270,12],[86,196]]",0.8262411347517731,False,False,False
results/timm_dinov3_convnext_lora_test/stop4b_cost_ratio_breakhis_dinov3_convnext_lora_breakhis_balanced_costr1_timm_dinov3_convnext_lora_nicme_hybrid_seed43_04-29_01-29/metrics_20260429_012934_nicme_hybrid.json,results/timm_dinov3_convnext_lora_test/stop4b_cost_ratio_breakhis_dinov3_convnext_lora_breakhis_balanced_costr1_timm_dinov3_convnext_lora_nicme_hybrid_seed43_04-29_01-29,breakhis_balanced,timm_dinov3_convnext_lora,nicme_hybrid,43,argmax,malignant,0.97,0.85,accuracy,1.0,"[[0.0,1.0],[1.0,0.0]]","{""0"":0.5,""1"":0.5}",0.7499819727377899,0.2074468085106383,0.2074468085106383,,0.6028368794326241,0.3971631205673759,0.9714285714285714,0.01773049645390071,0.7925531914893617,0.7925531914893618,0.7848079387699863,0.902633167345707,0.9235857040491522,0.4924203536068037,0.31657648329509397,0.06530824906014378,,,,,,,"[[277,5],[112,170]]",0.7925531914893617,False,False,False
results/timm_dinov3_convnext_lora_test/stop4b_cost_ratio_breakhis_dinov3_convnext_lora_breakhis_balanced_costr1_timm_dinov3_convnext_lora_nicme_hybrid_seed43_04-29_01-29/metrics_20260429_012934_nicme_hybrid.json,results/timm_dinov3_convnext_lora_test/stop4b_cost_ratio_breakhis_dinov3_convnext_lora_breakhis_balanced_costr1_timm_dinov3_convnext_lora_nicme_hybrid_seed43_04-29_01-29,breakhis_balanced,timm_dinov3_convnext_lora,nicme_hybrid,43,calibrated_cost_min,malignant,0.97,0.85,accuracy,1.0,"[[0.0,1.0],[1.0,0.0]]","{""0"":0.5,""1"":0.5}",0.7499819727377899,0.2074468085106383,0.2074468085106383,,0.6028368794326241,0.3971631205673759,0.9714285714285714,0.01773049645390071,0.7925531914893617,0.7925531914893618,0.7848079387699863,0.902633167345707,0.9235857040491522,0.5189747065900989,0.3123454094825896,0.0741684501349793,0.5,,,,,,"[[277,5],[112,170]]",0.7925531914893617,False,False,False
results/timm_dinov3_convnext_lora_test/stop4b_cost_ratio_breakhis_dinov3_convnext_lora_breakhis_balanced_costr1_timm_dinov3_convnext_lora_nicme_hybrid_seed43_04-29_01-29/metrics_20260429_012934_nicme_hybrid.json,results/timm_dinov3_convnext_lora_test/stop4b_cost_ratio_breakhis_dinov3_convnext_lora_breakhis_balanced_costr1_timm_dinov3_convnext_lora_nicme_hybrid_seed43_04-29_01-29,breakhis_balanced,timm_dinov3_convnext_lora,nicme_hybrid,43,calibrated_threshold,malignant,0.97,0.85,accuracy,1.0,"[[0.0,1.0],[1.0,0.0]]","{""0"":0.5,""1"":0.5}",0.4962745385040994,0.1773049645390071,0.1773049645390071,,0.6879432624113475,0.3120567375886525,0.941747572815534,0.0425531914893617,0.8226950354609929,0.822695035460993,0.8194159836065574,0.902633167345707,0.9235857040491522,0.5189747065900989,0.3123454094825896,0.0741684501349793,0.5,0.38201424421821384,0.14689652713478257,0.8810408921933085,0.8847583643122676,0.11524163568773234,"[[270,12],[88,194]]",0.8226950354609929,False,False,False
results/timm_dinov3_convnext_lora_test/stop4b_cost_ratio_breakhis_dinov3_convnext_lora_breakhis_balanced_costr1_timm_dinov3_convnext_lora_ce_calibrated_cost_min_seed44_04-29_01-34/metrics_20260429_013500_ce_calibrated_cost_min.json,results/timm_dinov3_convnext_lora_test/stop4b_cost_ratio_breakhis_dinov3_convnext_lora_breakhis_balanced_costr1_timm_dinov3_convnext_lora_ce_calibrated_cost_min_seed44_04-29_01-34,breakhis_balanced,timm_dinov3_convnext_lora,ce_calibrated_cost_min,44,argmax,malignant,0.97,0.85,accuracy,1.0,"[[0.0,1.0],[1.0,0.0]]","{""0"":0.5,""1"":0.5}",0.06764456516271818,0.06205673758865248,0.06205673758865248,,0.9326241134751773,0.0673758865248227,0.942652329749104,0.05673758865248227,0.9379432624113475,0.9379432624113475,0.9379415065689575,0.9880790704692922,0.9881453416713397,0.14618683515418973,0.09074114763465108,0.021916576311097953,,,,,,,"[[266,16],[19,263]]",0.9379432624113475,False,True,False
results/timm_dinov3_convnext_lora_test/stop4b_cost_ratio_breakhis_dinov3_convnext_lora_breakhis_balanced_costr1_timm_dinov3_convnext_lora_ce_calibrated_cost_min_seed44_04-29_01-34/metrics_20260429_013500_ce_calibrated_cost_min.json,results/timm_dinov3_convnext_lora_test/stop4b_cost_ratio_breakhis_dinov3_convnext_lora_breakhis_balanced_costr1_timm_dinov3_convnext_lora_ce_calibrated_cost_min_seed44_04-29_01-34,breakhis_balanced,timm_dinov3_convnext_lora,ce_calibrated_cost_min,44,calibrated_cost_min,malignant,0.97,0.85,accuracy,1.0,"[[0.0,1.0],[1.0,0.0]]","{""0"":0.5,""1"":0.5}",0.06764456516271818,0.06205673758865248,0.06205673758865248,,0.9326241134751773,0.0673758865248227,0.942652329749104,0.05673758865248227,0.9379432624113475,0.9379432624113475,0.9379415065689575,0.9880790704692922,0.9881453416713397,0.14774324685102347,0.08911320115275465,0.024299052665950706,1.55,,,,,,"[[266,16],[19,263]]",0.9379432624113475,False,True,False
results/timm_dinov3_convnext_lora_test/stop4b_cost_ratio_breakhis_dinov3_convnext_lora_breakhis_balanced_costr1_timm_dinov3_convnext_lora_ce_calibrated_cost_min_seed44_04-29_01-34/metrics_20260429_013500_ce_calibrated_cost_min.json,results/timm_dinov3_convnext_lora_test/stop4b_cost_ratio_breakhis_dinov3_convnext_lora_breakhis_balanced_costr1_timm_dinov3_convnext_lora_ce_calibrated_cost_min_seed44_04-29_01-34,breakhis_balanced,timm_dinov3_convnext_lora,ce_calibrated_cost_min,44,calibrated_threshold,malignant,0.97,0.85,accuracy,1.0,"[[0.0,1.0],[1.0,0.0]]","{""0"":0.5,""1"":0.5}",0.07801418439716312,0.07801418439716312,0.07801418439716312,,0.975177304964539,0.024822695035460994,0.8814102564102564,0.13120567375886524,0.9219858156028369,0.9219858156028369,0.9217644610903037,0.9880790704692922,0.9881453416713397,0.14774324685102347,0.08911320115275465,0.024299052665950706,1.55,0.25248366918179954,0.0705064827738699,0.9330855018587361,0.9349442379182156,0.06505576208178439,"[[245,37],[7,275]]",0.9219858156028369,True,True,True
results/timm_dinov3_convnext_lora_test/stop4b_cost_ratio_breakhis_dinov3_convnext_lora_breakhis_balanced_costr1_timm_dinov3_convnext_lora_nicme_logit_adjustment_seed44_04-29_01-38/metrics_20260429_013835_nicme_logit_adjustment.json,results/timm_dinov3_convnext_lora_test/stop4b_cost_ratio_breakhis_dinov3_convnext_lora_breakhis_balanced_costr1_timm_dinov3_convnext_lora_nicme_logit_adjustment_seed44_04-29_01-38,breakhis_balanced,timm_dinov3_convnext_lora,nicme_logit_adjustment,44,argmax,malignant,0.97,0.85,accuracy,1.0,"[[0.0,1.0],[1.0,0.0]]","{""0"":0.5,""1"":0.5}",0.08645549016649058,0.0726950354609929,0.0726950354609929,,0.9113475177304965,0.08865248226950355,0.9413919413919414,0.05673758865248227,0.9273049645390071,0.9273049645390071,0.9272864487524173,0.9806725013832303,0.9813653187791731,0.18632196974262577,0.11048485831021464,0.026383127937925632,,,,,,,"[[266,16],[25,257]]",0.9273049645390071,False,True,False
results/timm_dinov3_convnext_lora_test/stop4b_cost_ratio_breakhis_dinov3_convnext_lora_breakhis_balanced_costr1_timm_dinov3_convnext_lora_nicme_logit_adjustment_seed44_04-29_01-38/metrics_20260429_013835_nicme_logit_adjustment.json,results/timm_dinov3_convnext_lora_test/stop4b_cost_ratio_breakhis_dinov3_convnext_lora_breakhis_balanced_costr1_timm_dinov3_convnext_lora_nicme_logit_adjustment_seed44_04-29_01-38,breakhis_balanced,timm_dinov3_convnext_lora,nicme_logit_adjustment,44,calibrated_cost_min,malignant,0.97,0.85,accuracy,1.0,"[[0.0,1.0],[1.0,0.0]]","{""0"":0.5,""1"":0.5}",0.08645549016649058,0.0726950354609929,0.0726950354609929,,0.9113475177304965,0.08865248226950355,0.9413919413919414,0.05673758865248227,0.9273049645390071,0.9273049645390071,0.9272864487524173,0.9806725013832303,0.9813653187791731,0.18605013650955973,0.1096112977602146,0.020466768481600266,0.75,,,,,,"[[266,16],[25,257]]",0.9273049645390071,False,True,False
results/timm_dinov3_convnext_lora_test/stop4b_cost_ratio_breakhis_dinov3_convnext_lora_breakhis_balanced_costr1_timm_dinov3_convnext_lora_nicme_logit_adjustment_seed44_04-29_01-38/metrics_20260429_013835_nicme_logit_adjustment.json,results/timm_dinov3_convnext_lora_test/stop4b_cost_ratio_breakhis_dinov3_convnext_lora_breakhis_balanced_costr1_timm_dinov3_convnext_lora_nicme_logit_adjustment_seed44_04-29_01-38,breakhis_balanced,timm_dinov3_convnext_lora,nicme_logit_adjustment,44,calibrated_threshold,malignant,0.97,0.85,accuracy,1.0,"[[0.0,1.0],[1.0,0.0]]","{""0"":0.5,""1"":0.5}",0.128998118806901,0.0851063829787234,0.0851063829787234,,0.8652482269503546,0.1347517730496454,0.9606299212598425,0.03546099290780142,0.9148936170212766,0.9148936170212766,0.9146833400564744,0.9806725013832303,0.9813653187791731,0.18605013650955973,0.1096112977602146,0.020466768481600266,0.75,0.6998633392123575,0.039118580450795304,0.9479553903345725,0.9628252788104089,0.03717472118959108,"[[272,10],[38,244]]",0.9148936170212766,False,True,False
results/timm_dinov3_convnext_lora_test/stop4b_cost_ratio_breakhis_dinov3_convnext_lora_breakhis_balanced_costr1_timm_dinov3_convnext_lora_nicme_hybrid_seed44_04-29_01-41/metrics_20260429_014215_nicme_hybrid.json,results/timm_dinov3_convnext_lora_test/stop4b_cost_ratio_breakhis_dinov3_convnext_lora_breakhis_balanced_costr1_timm_dinov3_convnext_lora_nicme_hybrid_seed44_04-29_01-41,breakhis_balanced,timm_dinov3_convnext_lora,nicme_hybrid,44,argmax,malignant,0.97,0.85,accuracy,1.0,"[[0.0,1.0],[1.0,0.0]]","{""0"":0.5,""1"":0.5}",0.07636344248277249,0.0726950354609929,0.0726950354609929,,0.9397163120567376,0.06028368794326241,0.916955017301038,0.0851063829787234,0.9273049645390071,0.927304964539007,0.9272937647580388,0.9840299783713093,0.9847217682530766,0.1721400759122724,0.09950062262438364,0.0390740197601048,,,,,,,"[[258,24],[17,265]]",0.9273049645390071,False,True,False
results/timm_dinov3_convnext_lora_test/stop4b_cost_ratio_breakhis_dinov3_convnext_lora_breakhis_balanced_costr1_timm_dinov3_convnext_lora_nicme_hybrid_seed44_04-29_01-41/metrics_20260429_014215_nicme_hybrid.json,results/timm_dinov3_convnext_lora_test/stop4b_cost_ratio_breakhis_dinov3_convnext_lora_breakhis_balanced_costr1_timm_dinov3_convnext_lora_nicme_hybrid_seed44_04-29_01-41,breakhis_balanced,timm_dinov3_convnext_lora,nicme_hybrid,44,calibrated_cost_min,malignant,0.97,0.85,accuracy,1.0,"[[0.0,1.0],[1.0,0.0]]","{""0"":0.5,""1"":0.5}",0.07636344248277249,0.0726950354609929,0.0726950354609929,,0.9397163120567376,0.06028368794326241,0.916955017301038,0.0851063829787234,0.9273049645390071,0.927304964539007,0.9272937647580388,0.9840299783713093,0.9847217682530766,0.16463006361322113,0.09717619288174034,0.030837506540515626,0.65,,,,,,"[[258,24],[17,265]]",0.9273049645390071,False,True,False
results/timm_dinov3_convnext_lora_test/stop4b_cost_ratio_breakhis_dinov3_convnext_lora_breakhis_balanced_costr1_timm_dinov3_convnext_lora_nicme_hybrid_seed44_04-29_01-41/metrics_20260429_014215_nicme_hybrid.json,results/timm_dinov3_convnext_lora_test/stop4b_cost_ratio_breakhis_dinov3_convnext_lora_breakhis_balanced_costr1_timm_dinov3_convnext_lora_nicme_hybrid_seed44_04-29_01-41,breakhis_balanced,timm_dinov3_convnext_lora,nicme_hybrid,44,calibrated_threshold,malignant,0.97,0.85,accuracy,1.0,"[[0.0,1.0],[1.0,0.0]]","{""0"":0.5,""1"":0.5}",0.0735124792515467,0.06560283687943262,0.06560283687943262,,0.925531914893617,0.07446808510638298,0.9422382671480144,0.05673758865248227,0.9343971631205674,0.9343971631205674,0.9343920068160882,0.9840299783713093,0.9847217682530766,0.16463006361322113,0.09717619288174034,0.030837506540515626,0.65,0.6098381227904484,0.04109809980514365,0.9628252788104089,0.9591078066914498,0.040892193308550186,"[[266,16],[21,261]]",0.9343971631205674,False,True,False
results/timm_dinov3_convnext_lora_test/stop4b_cost_ratio_breakhis_dinov3_convnext_lora_breakhis_balanced_costr2_timm_dinov3_convnext_lora_ce_calibrated_cost_min_seed42_04-29_01-45/metrics_20260429_014520_ce_calibrated_cost_min.json,results/timm_dinov3_convnext_lora_test/stop4b_cost_ratio_breakhis_dinov3_convnext_lora_breakhis_balanced_costr2_timm_dinov3_convnext_lora_ce_calibrated_cost_min_seed42_04-29_01-45,breakhis_balanced,timm_dinov3_convnext_lora,ce_calibrated_cost_min,42,argmax,malignant,0.97,0.85,accuracy,2.0,"[[0.0,1.0],[2.0,0.0]]","{""0"":0.5,""1"":0.5}",0.07837038378351188,0.06914893617021277,0.13829787234042554,,0.9219858156028369,0.07801418439716312,0.8843537414965986,0.12056737588652482,0.900709219858156,0.9007092198581561,0.9006642512077295,0.9738569488456315,0.9739620726518585,0.208662338319882,0.13150322067404024,0.028587717853539345,,,,,,,"[[248,34],[22,260]]",0.900709219858156,False,True,False
results/timm_dinov3_convnext_lora_test/stop4b_cost_ratio_breakhis_dinov3_convnext_lora_breakhis_balanced_costr2_timm_dinov3_convnext_lora_ce_calibrated_cost_min_seed42_04-29_01-45/metrics_20260429_014520_ce_calibrated_cost_min.json,results/timm_dinov3_convnext_lora_test/stop4b_cost_ratio_breakhis_dinov3_convnext_lora_breakhis_balanced_costr2_timm_dinov3_convnext_lora_ce_calibrated_cost_min_seed42_04-29_01-45,breakhis_balanced,timm_dinov3_convnext_lora,ce_calibrated_cost_min,42,calibrated_cost_min,malignant,0.97,0.85,accuracy,2.0,"[[0.0,1.0],[2.0,0.0]]","{""0"":0.5,""1"":0.5}",0.0662600774608923,0.06471631205673758,0.12943262411347517,,0.950354609929078,0.04964539007092199,0.8562300319488818,0.1595744680851064,0.8953900709219859,0.8953900709219859,0.8950730761347692,0.9738569488456315,0.9739620726518585,0.20866233377884455,0.1315032202327671,0.028587715132330743,1.0,,,,,,"[[237,45],[14,268]]",0.8953900709219859,False,True,False
results/timm_dinov3_convnext_lora_test/stop4b_cost_ratio_breakhis_dinov3_convnext_lora_breakhis_balanced_costr2_timm_dinov3_convnext_lora_ce_calibrated_cost_min_seed42_04-29_01-45/metrics_20260429_014520_ce_calibrated_cost_min.json,results/timm_dinov3_convnext_lora_test/stop4b_cost_ratio_breakhis_dinov3_convnext_lora_breakhis_balanced_costr2_timm_dinov3_convnext_lora_ce_calibrated_cost_min_seed42_04-29_01-45,breakhis_balanced,timm_dinov3_convnext_lora,ce_calibrated_cost_min,42,calibrated_threshold,malignant,0.97,0.85,accuracy,2.0,"[[0.0,1.0],[2.0,0.0]]","{""0"":0.5,""1"":0.5}",0.09087101252452087,0.07358156028368794,0.14716312056737588,,0.9042553191489362,0.09574468085106383,0.897887323943662,0.10283687943262411,0.900709219858156,0.9007092198581561,0.9007079712787496,0.9738569488456315,0.9739620726518585,0.20866233377884455,0.1315032202327671,0.028587715132330743,1.0,0.5375125888524015,0.03552189162670499,0.9628252788104089,0.9479553903345725,0.03531598513011153,"[[253,29],[27,255]]",0.900709219858156,False,True,False
results/timm_dinov3_convnext_lora_test/stop4b_cost_ratio_breakhis_dinov3_convnext_lora_breakhis_balanced_costr2_timm_dinov3_convnext_lora_nicme_logit_adjustment_seed42_04-29_01-48/metrics_20260429_014854_nicme_logit_adjustment.json,results/timm_dinov3_convnext_lora_test/stop4b_cost_ratio_breakhis_dinov3_convnext_lora_breakhis_balanced_costr2_timm_dinov3_convnext_lora_nicme_logit_adjustment_seed42_04-29_01-48,breakhis_balanced,timm_dinov3_convnext_lora,nicme_logit_adjustment,42,argmax,malignant,0.97,0.85,accuracy,2.0,"[[0.0,1.0],[2.0,0.0]]","{""0"":0.5,""1"":0.5}",0.034574468085106384,0.034574468085106384,0.06914893617021277,,0.9716312056737588,0.028368794326241134,0.9225589225589226,0.08156028368794327,0.9450354609929078,0.9450354609929078,0.9449965552063573,0.9910593028519692,0.99112594588409,0.1363216112918421,0.077892575035496,0.02776510294870286,,,,,,,"[[259,23],[8,274]]",0.9450354609929078,True,True,True
results/timm_dinov3_convnext_lora_test/stop4b_cost_ratio_breakhis_dinov3_convnext_lora_breakhis_balanced_costr2_timm_dinov3_convnext_lora_nicme_logit_adjustment_seed42_04-29_01-48/metrics_20260429_014854_nicme_logit_adjustment.json,results/timm_dinov3_convnext_lora_test/stop4b_cost_ratio_breakhis_dinov3_convnext_lora_breakhis_balanced_costr2_timm_dinov3_convnext_lora_nicme_logit_adjustment_seed42_04-29_01-48,breakhis_balanced,timm_dinov3_convnext_lora,nicme_logit_adjustment,42,calibrated_cost_min,malignant,0.97,0.85,accuracy,2.0,"[[0.0,1.0],[2.0,0.0]]","{""0"":0.5,""1"":0.5}",0.03280141843971631,0.03280141843971631,0.06560283687943262,,0.9858156028368794,0.014184397163120567,0.9055374592833876,0.10283687943262411,0.9414893617021277,0.9414893617021276,0.9413741727590866,0.9910593028519692,0.99112594588409,0.1260395013746594,0.07664042312546532,0.017332704280952196,0.75,,,,,,"[[253,29],[4,278]]",0.9414893617021277,True,True,True
results/timm_dinov3_convnext_lora_test/stop4b_cost_ratio_breakhis_dinov3_convnext_lora_breakhis_balanced_costr2_timm_dinov3_convnext_lora_nicme_logit_adjustment_seed42_04-29_01-48/metrics_20260429_014854_nicme_logit_adjustment.json,results/timm_dinov3_convnext_lora_test/stop4b_cost_ratio_breakhis_dinov3_convnext_lora_breakhis_balanced_costr2_timm_dinov3_convnext_lora_nicme_logit_adjustment_seed42_04-29_01-48,breakhis_balanced,timm_dinov3_convnext_lora,nicme_logit_adjustment,42,calibrated_threshold,malignant,0.97,0.85,accuracy,2.0,"[[0.0,1.0],[2.0,0.0]]","{""0"":0.5,""1"":0.5}",0.03546099290780142,0.03546099290780142,0.07092198581560284,,0.975177304964539,0.024822695035460994,0.9136212624584718,0.09219858156028368,0.9414893617021277,0.9414893617021276,0.941422883849749,0.9910593028519692,0.99112594588409,0.1260395013746594,0.07664042312546532,0.017332704280952196,0.75,0.44669012642824546,0.02792885117673885,0.966542750929368,0.9609665427509294,0.027881040892193308,"[[256,26],[7,275]]",0.9414893617021277,True,True,True
results/timm_dinov3_convnext_lora_test/stop4b_cost_ratio_breakhis_dinov3_convnext_lora_breakhis_balanced_costr2_timm_dinov3_convnext_lora_nicme_hybrid_seed42_04-29_01-52/metrics_20260429_015233_nicme_hybrid.json,results/timm_dinov3_convnext_lora_test/stop4b_cost_ratio_breakhis_dinov3_convnext_lora_breakhis_balanced_costr2_timm_dinov3_convnext_lora_nicme_hybrid_seed42_04-29_01-52,breakhis_balanced,timm_dinov3_convnext_lora,nicme_hybrid,42,argmax,malignant,0.97,0.85,accuracy,2.0,"[[0.0,1.0],[2.0,0.0]]","{""0"":0.5,""1"":0.5}",0.0274822695035461,0.0274822695035461,0.0549645390070922,,0.9858156028368794,0.014184397163120567,0.9235880398671097,0.08156028368794327,0.9521276595744681,0.9521276595744681,0.95207326860434,0.9924928323524974,0.9930438202792273,0.13957915942021143,0.07926540594734503,0.031213401057195958,,,,,,,"[[259,23],[4,278]]",0.9521276595744681,True,True,True
results/timm_dinov3_convnext_lora_test/stop4b_cost_ratio_breakhis_dinov3_convnext_lora_breakhis_balanced_costr2_timm_dinov3_convnext_lora_nicme_hybrid_seed42_04-29_01-52/metrics_20260429_015233_nicme_hybrid.json,results/timm_dinov3_convnext_lora_test/stop4b_cost_ratio_breakhis_dinov3_convnext_lora_breakhis_balanced_costr2_timm_dinov3_convnext_lora_nicme_hybrid_seed42_04-29_01-52,breakhis_balanced,timm_dinov3_convnext_lora,nicme_hybrid,42,calibrated_cost_min,malignant,0.97,0.85,accuracy,2.0,"[[0.0,1.0],[2.0,0.0]]","{""0"":0.5,""1"":0.5}",0.038120567375886524,0.038120567375886524,0.07624113475177305,,0.9893617021276596,0.010638297872340425,0.8829113924050633,0.13120567375886524,0.9290780141843972,0.9290780141843972,0.9288193348898846,0.9924928323524974,0.9930438202792273,0.13153681099488265,0.07769896113792606,0.023868400208164064,0.8,,,,,,"[[245,37],[3,279]]",0.9290780141843972,True,True,True
results/timm_dinov3_convnext_lora_test/stop4b_cost_ratio_breakhis_dinov3_convnext_lora_breakhis_balanced_costr2_timm_dinov3_convnext_lora_nicme_hybrid_seed42_04-29_01-52/metrics_20260429_015233_nicme_hybrid.json,results/timm_dinov3_convnext_lora_test/stop4b_cost_ratio_breakhis_dinov3_convnext_lora_breakhis_balanced_costr2_timm_dinov3_convnext_lora_nicme_hybrid_seed42_04-29_01-52,breakhis_balanced,timm_dinov3_convnext_lora,nicme_hybrid,42,calibrated_threshold,malignant,0.97,0.85,accuracy,2.0,"[[0.0,1.0],[2.0,0.0]]","{""0"":0.5,""1"":0.5}",0.026595744680851064,0.026595744680851064,0.05319148936170213,,0.9822695035460993,0.01773049645390071,0.9326599326599326,0.07092198581560284,0.9556737588652482,0.9556737588652482,0.9556423832309333,0.9924928323524974,0.9930438202792273,0.13153681099488265,0.07769896113792606,0.023868400208164064,0.8,0.5722769030995762,0.026022304832713755,0.9851301115241635,0.9553903345724907,0.026022304832713755,"[[262,20],[5,277]]",0.9556737588652482,True,True,True
results/timm_dinov3_convnext_lora_test/stop4b_cost_ratio_breakhis_dinov3_convnext_lora_breakhis_balanced_costr2_timm_dinov3_convnext_lora_ce_calibrated_cost_min_seed43_04-29_01-55/metrics_20260429_015606_ce_calibrated_cost_min.json,results/timm_dinov3_convnext_lora_test/stop4b_cost_ratio_breakhis_dinov3_convnext_lora_breakhis_balanced_costr2_timm_dinov3_convnext_lora_ce_calibrated_cost_min_seed43_04-29_01-55,breakhis_balanced,timm_dinov3_convnext_lora,ce_calibrated_cost_min,43,argmax,malignant,0.97,0.85,accuracy,2.0,"[[0.0,1.0],[2.0,0.0]]","{""0"":0.5,""1"":0.5}",0.093817041396308,0.06826241134751773,0.13652482269503546,,0.8900709219858156,0.1099290780141844,0.943609022556391,0.05319148936170213,0.9184397163120568,0.9184397163120568,0.9183740246664989,0.9736431769025702,0.9706666883403863,0.20929302150144133,0.12101855133624746,0.023914281886520155,,,,,,,"[[267,15],[31,251]]",0.9184397163120568,False,True,False
results/timm_dinov3_convnext_lora_test/stop4b_cost_ratio_breakhis_dinov3_convnext_lora_breakhis_balanced_costr2_timm_dinov3_convnext_lora_ce_calibrated_cost_min_seed43_04-29_01-55/metrics_20260429_015606_ce_calibrated_cost_min.json,results/timm_dinov3_convnext_lora_test/stop4b_cost_ratio_breakhis_dinov3_convnext_lora_breakhis_balanced_costr2_timm_dinov3_convnext_lora_ce_calibrated_cost_min_seed43_04-29_01-55,breakhis_balanced,timm_dinov3_convnext_lora,ce_calibrated_cost_min,43,calibrated_cost_min,malignant,0.97,0.85,accuracy,2.0,"[[0.0,1.0],[2.0,0.0]]","{""0"":0.5,""1"":0.5}",0.07039166037925657,0.061170212765957445,0.12234042553191489,,0.9219858156028369,0.07801418439716312,0.9122807017543859,0.08865248226950355,0.9166666666666666,0.9166666666666667,0.9166643088211716,0.9736431769025702,0.9706666883403863,0.21430351690747795,0.12158448745866224,0.027503727575273536,0.8500000000000001,,,,,,"[[257,25],[22,260]]",0.9166666666666666,False,True,False
results/timm_dinov3_convnext_lora_test/stop4b_cost_ratio_breakhis_dinov3_convnext_lora_breakhis_balanced_costr2_timm_dinov3_convnext_lora_ce_calibrated_cost_min_seed43_04-29_01-55/metrics_20260429_015606_ce_calibrated_cost_min.json,results/timm_dinov3_convnext_lora_test/stop4b_cost_ratio_breakhis_dinov3_convnext_lora_breakhis_balanced_costr2_timm_dinov3_convnext_lora_ce_calibrated_cost_min_seed43_04-29_01-55,breakhis_balanced,timm_dinov3_convnext_lora,ce_calibrated_cost_min,43,calibrated_threshold,malignant,0.97,0.85,accuracy,2.0,"[[0.0,1.0],[2.0,0.0]]","{""0"":0.5,""1"":0.5}",0.062201931492379646,0.057624113475177305,0.11524822695035461,,0.9361702127659575,0.06382978723404255,0.9010238907849829,0.10283687943262411,0.9166666666666666,0.9166666666666667,0.9166349555782687,0.9736431769025702,0.9706666883403863,0.21430351690747795,0.12158448745866224,0.027503727575273536,0.8500000000000001,0.2852450605354908,0.028810408921933085,0.9702602230483272,0.9572490706319703,0.028810408921933085,"[[253,29],[18,264]]",0.9166666666666666,False,True,False
results/timm_dinov3_convnext_lora_test/stop4b_cost_ratio_breakhis_dinov3_convnext_lora_breakhis_balanced_costr2_timm_dinov3_convnext_lora_nicme_logit_adjustment_seed43_04-29_01-59/metrics_20260429_015945_nicme_logit_adjustment.json,results/timm_dinov3_convnext_lora_test/stop4b_cost_ratio_breakhis_dinov3_convnext_lora_breakhis_balanced_costr2_timm_dinov3_convnext_lora_nicme_logit_adjustment_seed43_04-29_01-59,breakhis_balanced,timm_dinov3_convnext_lora,nicme_logit_adjustment,43,argmax,malignant,0.97,0.85,accuracy,2.0,"[[0.0,1.0],[2.0,0.0]]","{""0"":0.5,""1"":0.5}",0.05828135405663698,0.05673758865248227,0.11347517730496454,,0.950354609929078,0.04964539007092199,0.881578947368421,0.1276595744680851,0.9113475177304965,0.9113475177304965,0.9112124227044318,0.971668930134299,0.9669685375796826,0.21974575273402813,0.12824016360124832,0.028377436577005578,,,,,,,"[[246,36],[14,268]]",0.9113475177304965,False,True,False
results/timm_dinov3_convnext_lora_test/stop4b_cost_ratio_breakhis_dinov3_convnext_lora_breakhis_balanced_costr2_timm_dinov3_convnext_lora_nicme_logit_adjustment_seed43_04-29_01-59/metrics_20260429_015945_nicme_logit_adjustment.json,results/timm_dinov3_convnext_lora_test/stop4b_cost_ratio_breakhis_dinov3_convnext_lora_breakhis_balanced_costr2_timm_dinov3_convnext_lora_nicme_logit_adjustment_seed43_04-29_01-59,breakhis_balanced,timm_dinov3_convnext_lora,nicme_logit_adjustment,43,calibrated_cost_min,malignant,0.97,0.85,accuracy,2.0,"[[0.0,1.0],[2.0,0.0]]","{""0"":0.5,""1"":0.5}",0.05941183039082541,0.05939716312056738,0.11879432624113476,,0.9680851063829787,0.031914893617021274,0.8478260869565217,0.17375886524822695,0.8971631205673759,0.8971631205673759,0.8966432435165057,0.971668930134299,0.9669685375796826,0.21996989305656522,0.1276632902582763,0.025097141410568565,0.7,,,,,,"[[233,49],[9,273]]",0.8971631205673759,False,True,False
results/timm_dinov3_convnext_lora_test/stop4b_cost_ratio_breakhis_dinov3_convnext_lora_breakhis_balanced_costr2_timm_dinov3_convnext_lora_nicme_logit_adjustment_seed43_04-29_01-59/metrics_20260429_015945_nicme_logit_adjustment.json,results/timm_dinov3_convnext_lora_test/stop4b_cost_ratio_breakhis_dinov3_convnext_lora_breakhis_balanced_costr2_timm_dinov3_convnext_lora_nicme_logit_adjustment_seed43_04-29_01-59,breakhis_balanced,timm_dinov3_convnext_lora,nicme_logit_adjustment,43,calibrated_threshold,malignant,0.97,0.85,accuracy,2.0,"[[0.0,1.0],[2.0,0.0]]","{""0"":0.5,""1"":0.5}",0.057115919722347974,0.0549645390070922,0.1099290780141844,,0.9468085106382979,0.05319148936170213,0.8929765886287625,0.11347517730496454,0.9166666666666666,0.9166666666666666,0.9165908869219368,0.971668930134299,0.9669685375796826,0.21996989305656522,0.1276632902582763,0.025097141410568565,0.7,0.5460104130053184,0.027881040892193308,0.9851301115241635,0.9516728624535316,0.027881040892193308,"[[250,32],[15,267]]",0.9166666666666666,False,True,False
results/timm_dinov3_convnext_lora_test/stop4b_cost_ratio_breakhis_dinov3_convnext_lora_breakhis_balanced_costr2_timm_dinov3_convnext_lora_nicme_hybrid_seed43_04-29_02-04/metrics_20260429_020446_nicme_hybrid.json,results/timm_dinov3_convnext_lora_test/stop4b_cost_ratio_breakhis_dinov3_convnext_lora_breakhis_balanced_costr2_timm_dinov3_convnext_lora_nicme_hybrid_seed43_04-29_02-04,breakhis_balanced,timm_dinov3_convnext_lora,nicme_hybrid,43,argmax,malignant,0.97,0.85,accuracy,2.0,"[[0.0,1.0],[2.0,0.0]]","{""0"":0.5,""1"":0.5}",0.03990828429153463,0.0398936170212766,0.0797872340425532,,0.9680851063829787,0.031914893617021274,0.91,0.09574468085106383,0.9361702127659575,0.9361702127659575,0.9361051319814206,0.9854132085911171,0.9847041906514252,0.16421109233708123,0.09516624983646417,0.02557316528144451,,,,,,,"[[255,27],[9,273]]",0.9361702127659575,False,True,False
results/timm_dinov3_convnext_lora_test/stop4b_cost_ratio_breakhis_dinov3_convnext_lora_breakhis_balanced_costr2_timm_dinov3_convnext_lora_nicme_hybrid_seed43_04-29_02-04/metrics_20260429_020446_nicme_hybrid.json,results/timm_dinov3_convnext_lora_test/stop4b_cost_ratio_breakhis_dinov3_convnext_lora_breakhis_balanced_costr2_timm_dinov3_convnext_lora_nicme_hybrid_seed43_04-29_02-04,breakhis_balanced,timm_dinov3_convnext_lora,nicme_hybrid,43,calibrated_cost_min,malignant,0.97,0.85,accuracy,2.0,"[[0.0,1.0],[2.0,0.0]]","{""0"":0.5,""1"":0.5}",0.046113958050399875,0.04609929078014184,0.09219858156028368,,0.9680851063829787,0.031914893617021274,0.8892508143322475,0.12056737588652482,0.9237588652482269,0.9237588652482269,0.9236087705648705,0.9854132085911171,0.9847041906514252,0.1608457420971319,0.09430737106957764,0.023097349318473973,1.1,,,,,,"[[248,34],[9,273]]",0.9237588652482269,False,True,False
results/timm_dinov3_convnext_lora_test/stop4b_cost_ratio_breakhis_dinov3_convnext_lora_breakhis_balanced_costr2_timm_dinov3_convnext_lora_nicme_hybrid_seed43_04-29_02-04/metrics_20260429_020446_nicme_hybrid.json,results/timm_dinov3_convnext_lora_test/stop4b_cost_ratio_breakhis_dinov3_convnext_lora_breakhis_balanced_costr2_timm_dinov3_convnext_lora_nicme_hybrid_seed43_04-29_02-04,breakhis_balanced,timm_dinov3_convnext_lora,nicme_hybrid,43,calibrated_threshold,malignant,0.97,0.85,accuracy,2.0,"[[0.0,1.0],[2.0,0.0]]","{""0"":0.5,""1"":0.5}",0.046113958050399875,0.04609929078014184,0.09219858156028368,,0.9680851063829787,0.031914893617021274,0.8892508143322475,0.12056737588652482,0.9237588652482269,0.9237588652482269,0.9236087705648705,0.9854132085911171,0.9847041906514252,0.1608457420971319,0.09430737106957764,0.023097349318473973,1.1,0.33353863596894406,0.03066914498141264,0.9814126394052045,0.9479553903345725,0.03066914498141264,"[[248,34],[9,273]]",0.9237588652482269,False,True,False
results/timm_dinov3_convnext_lora_test/stop4b_cost_ratio_breakhis_dinov3_convnext_lora_breakhis_balanced_costr2_timm_dinov3_convnext_lora_ce_calibrated_cost_min_seed44_04-29_02-09/metrics_20260429_020947_ce_calibrated_cost_min.json,results/timm_dinov3_convnext_lora_test/stop4b_cost_ratio_breakhis_dinov3_convnext_lora_breakhis_balanced_costr2_timm_dinov3_convnext_lora_ce_calibrated_cost_min_seed44_04-29_02-09,breakhis_balanced,timm_dinov3_convnext_lora,ce_calibrated_cost_min,44,argmax,malignant,0.97,0.85,accuracy,2.0,"[[0.0,1.0],[2.0,0.0]]","{""0"":0.5,""1"":0.5}",0.04941610582968663,0.047872340425531915,0.09574468085106383,,0.950354609929078,0.04964539007092199,0.9115646258503401,0.09219858156028368,0.9290780141843972,0.9290780141843972,0.9290458937198068,0.9850108143453549,0.9852730016549369,0.16463100232685743,0.10240959967293987,0.020051388030356533,,,,,,,"[[256,26],[14,268]]",0.9290780141843972,False,True,False
results/timm_dinov3_convnext_lora_test/stop4b_cost_ratio_breakhis_dinov3_convnext_lora_breakhis_balanced_costr2_timm_dinov3_convnext_lora_ce_calibrated_cost_min_seed44_04-29_02-09/metrics_20260429_020947_ce_calibrated_cost_min.json,results/timm_dinov3_convnext_lora_test/stop4b_cost_ratio_breakhis_dinov3_convnext_lora_breakhis_balanced_costr2_timm_dinov3_convnext_lora_ce_calibrated_cost_min_seed44_04-29_02-09,breakhis_balanced,timm_dinov3_convnext_lora,ce_calibrated_cost_min,44,calibrated_cost_min,malignant,0.97,0.85,accuracy,2.0,"[[0.0,1.0],[2.0,0.0]]","{""0"":0.5,""1"":0.5}",0.048773532518484985,0.04875886524822695,0.0975177304964539,,0.9680851063829787,0.031914893617021274,0.8806451612903226,0.13120567375886524,0.9184397163120568,0.9184397163120568,0.9182382008874546,0.9850108143453549,0.9852730016549369,0.16149754335402153,0.10085228496210095,0.018720128570196656,1.15,,,,,,"[[245,37],[9,273]]",0.9184397163120568,False,True,False
results/timm_dinov3_convnext_lora_test/stop4b_cost_ratio_breakhis_dinov3_convnext_lora_breakhis_balanced_costr2_timm_dinov3_convnext_lora_ce_calibrated_cost_min_seed44_04-29_02-09/metrics_20260429_020947_ce_calibrated_cost_min.json,results/timm_dinov3_convnext_lora_test/stop4b_cost_ratio_breakhis_dinov3_convnext_lora_breakhis_balanced_costr2_timm_dinov3_convnext_lora_ce_calibrated_cost_min_seed44_04-29_02-09,breakhis_balanced,timm_dinov3_convnext_lora,ce_calibrated_cost_min,44,calibrated_threshold,malignant,0.97,0.85,accuracy,2.0,"[[0.0,1.0],[2.0,0.0]]","{""0"":0.5,""1"":0.5}",0.051418439716312055,0.051418439716312055,0.10283687943262411,,0.9787234042553191,0.02127659574468085,0.8571428571428571,0.16312056737588654,0.9078014184397163,0.9078014184397163,0.9073353217734188,0.9850108143453549,0.9852730016549369,0.16149754335402153,0.10085228496210095,0.018720128570196656,1.15,0.23540556707797738,0.03438661710037175,0.9776951672862454,0.9423791821561338,0.03438661710037175,"[[236,46],[6,276]]",0.9078014184397163,True,True,True
results/timm_dinov3_convnext_lora_test/stop4b_cost_ratio_breakhis_dinov3_convnext_lora_breakhis_balanced_costr2_timm_dinov3_convnext_lora_nicme_logit_adjustment_seed44_04-29_02-13/metrics_20260429_021320_nicme_logit_adjustment.json,results/timm_dinov3_convnext_lora_test/stop4b_cost_ratio_breakhis_dinov3_convnext_lora_breakhis_balanced_costr2_timm_dinov3_convnext_lora_nicme_logit_adjustment_seed44_04-29_02-13,breakhis_balanced,timm_dinov3_convnext_lora,nicme_logit_adjustment,44,argmax,malignant,0.97,0.85,accuracy,2.0,"[[0.0,1.0],[2.0,0.0]]","{""0"":0.5,""1"":0.5}",0.06287418137920629,0.0549645390070922,0.1099290780141844,,0.925531914893617,0.07446808510638298,0.9288256227758007,0.07092198581560284,0.9273049645390071,0.927304964539007,0.927304736006539,0.9798802877118857,0.9808343838829333,0.18616296747178845,0.11100237657670524,0.019867644876453067,,,,,,,"[[262,20],[21,261]]",0.9273049645390071,False,True,False
results/timm_dinov3_convnext_lora_test/stop4b_cost_ratio_breakhis_dinov3_convnext_lora_breakhis_balanced_costr2_timm_dinov3_convnext_lora_nicme_logit_adjustment_seed44_04-29_02-13/metrics_20260429_021320_nicme_logit_adjustment.json,results/timm_dinov3_convnext_lora_test/stop4b_cost_ratio_breakhis_dinov3_convnext_lora_breakhis_balanced_costr2_timm_dinov3_convnext_lora_nicme_logit_adjustment_seed44_04-29_02-13,breakhis_balanced,timm_dinov3_convnext_lora,nicme_logit_adjustment,44,calibrated_cost_min,malignant,0.97,0.85,accuracy,2.0,"[[0.0,1.0],[2.0,0.0]]","{""0"":0.5,""1"":0.5}",0.05959718324027965,0.05673758865248227,0.11347517730496454,,0.9432624113475178,0.05673758865248227,0.8926174496644296,0.11347517730496454,0.9148936170212766,0.9148936170212766,0.9148250692172163,0.9798802877118857,0.9808343838829333,0.18474710869616084,0.11079341748768504,0.01840414570206685,0.7,,,,,,"[[250,32],[16,266]]",0.9148936170212766,False,True,False
results/timm_dinov3_convnext_lora_test/stop4b_cost_ratio_breakhis_dinov3_convnext_lora_breakhis_balanced_costr2_timm_dinov3_convnext_lora_nicme_logit_adjustment_seed44_04-29_02-13/metrics_20260429_021320_nicme_logit_adjustment.json,results/timm_dinov3_convnext_lora_test/stop4b_cost_ratio_breakhis_dinov3_convnext_lora_breakhis_balanced_costr2_timm_dinov3_convnext_lora_nicme_logit_adjustment_seed44_04-29_02-13,breakhis_balanced,timm_dinov3_convnext_lora,nicme_logit_adjustment,44,calibrated_threshold,malignant,0.97,0.85,accuracy,2.0,"[[0.0,1.0],[2.0,0.0]]","{""0"":0.5,""1"":0.5}",0.06977096725516824,0.057624113475177305,0.11524822695035461,,0.9148936170212766,0.0851063829787234,0.9381818181818182,0.06028368794326241,0.9273049645390071,0.927304964539007,0.9272937647580388,0.9798802877118857,0.9808343838829333,0.18474710869616084,0.11079341748768504,0.01840414570206685,0.7,0.5485020500382106,0.029787587236218403,0.966542750929368,0.9572490706319703,0.02973977695167286,"[[265,17],[24,258]]",0.9273049645390071,False,True,False
results/timm_dinov3_convnext_lora_test/stop4b_cost_ratio_breakhis_dinov3_convnext_lora_breakhis_balanced_costr2_timm_dinov3_convnext_lora_nicme_hybrid_seed44_04-29_02-16/metrics_20260429_021653_nicme_hybrid.json,results/timm_dinov3_convnext_lora_test/stop4b_cost_ratio_breakhis_dinov3_convnext_lora_breakhis_balanced_costr2_timm_dinov3_convnext_lora_nicme_hybrid_seed44_04-29_02-16,breakhis_balanced,timm_dinov3_convnext_lora,nicme_hybrid,44,argmax,malignant,0.97,0.85,accuracy,2.0,"[[0.0,1.0],[2.0,0.0]]","{""0"":0.5,""1"":0.5}",0.05268329560887279,0.05053191489361702,0.10106382978723404,,0.9468085106382979,0.05319148936170213,0.9081632653061225,0.09574468085106383,0.925531914893617,0.925531914893617,0.9254981884057971,0.9815653136160153,0.9830278056828509,0.19359164791909325,0.11123959187887376,0.03997988248547765,,,,,,,"[[255,27],[15,267]]",0.925531914893617,False,True,False
results/timm_dinov3_convnext_lora_test/stop4b_cost_ratio_breakhis_dinov3_convnext_lora_breakhis_balanced_costr2_timm_dinov3_convnext_lora_nicme_hybrid_seed44_04-29_02-16/metrics_20260429_021653_nicme_hybrid.json,results/timm_dinov3_convnext_lora_test/stop4b_cost_ratio_breakhis_dinov3_convnext_lora_breakhis_balanced_costr2_timm_dinov3_convnext_lora_nicme_hybrid_seed44_04-29_02-16,breakhis_balanced,timm_dinov3_convnext_lora,nicme_hybrid,44,calibrated_cost_min,malignant,0.97,0.85,accuracy,2.0,"[[0.0,1.0],[2.0,0.0]]","{""0"":0.5,""1"":0.5}",0.04609929078014184,0.04609929078014184,0.09219858156028368,,0.9716312056737588,0.028368794326241134,0.8838709677419355,0.1276595744680851,0.9219858156028369,0.9219858156028369,0.9217930617184349,0.9815653136160153,0.9830278056828509,0.17864065498978007,0.10680262224550911,0.022502429112965114,0.6,,,,,,"[[246,36],[8,274]]",0.9219858156028369,True,True,True
results/timm_dinov3_convnext_lora_test/stop4b_cost_ratio_breakhis_dinov3_convnext_lora_breakhis_balanced_costr2_timm_dinov3_convnext_lora_nicme_hybrid_seed44_04-29_02-16/metrics_20260429_021653_nicme_hybrid.json,results/timm_dinov3_convnext_lora_test/stop4b_cost_ratio_breakhis_dinov3_convnext_lora_breakhis_balanced_costr2_timm_dinov3_convnext_lora_nicme_hybrid_seed44_04-29_02-16,breakhis_balanced,timm_dinov3_convnext_lora,nicme_hybrid,44,calibrated_threshold,malignant,0.97,0.85,accuracy,2.0,"[[0.0,1.0],[2.0,0.0]]","{""0"":0.5,""1"":0.5}",0.05068213872541623,0.04964539007092199,0.09929078014184398,,0.9539007092198581,0.04609929078014184,0.8996655518394648,0.10638297872340426,0.9237588652482269,0.9237588652482269,0.9236895348434742,0.9815653136160153,0.9830278056828509,0.17864065498978007,0.10680262224550911,0.022502429112965114,0.6,0.42257803282262524,0.02973977695167286,0.9851301115241635,0.9479553903345725,0.02973977695167286,"[[252,30],[13,269]]",0.9237588652482269,False,True,False
results/timm_dinov3_convnext_lora_test/stop4b_cost_ratio_breakhis_dinov3_convnext_lora_breakhis_balanced_costr5_timm_dinov3_convnext_lora_ce_calibrated_cost_min_seed42_04-29_02-19/metrics_20260429_022001_ce_calibrated_cost_min.json,results/timm_dinov3_convnext_lora_test/stop4b_cost_ratio_breakhis_dinov3_convnext_lora_breakhis_balanced_costr5_timm_dinov3_convnext_lora_ce_calibrated_cost_min_seed42_04-29_02-19,breakhis_balanced,timm_dinov3_convnext_lora,ce_calibrated_cost_min,42,argmax,malignant,0.97,0.85,accuracy,5.0,"[[0.0,1.0],[5.0,0.0]]","{""0"":0.5,""1"":0.5}",0.06028527740053316,0.05106382978723404,0.2553191489361702,,0.9219858156028369,0.07801418439716312,0.8843537414965986,0.12056737588652482,0.900709219858156,0.9007092198581561,0.9006642512077295,0.9738569488456315,0.9739620726518585,0.208662338319882,0.13150322067404024,0.028587717853539345,,,,,,,"[[248,34],[22,260]]",0.900709219858156,False,True,False
results/timm_dinov3_convnext_lora_test/stop4b_cost_ratio_breakhis_dinov3_convnext_lora_breakhis_balanced_costr5_timm_dinov3_convnext_lora_ce_calibrated_cost_min_seed42_04-29_02-19/metrics_20260429_022001_ce_calibrated_cost_min.json,results/timm_dinov3_convnext_lora_test/stop4b_cost_ratio_breakhis_dinov3_convnext_lora_breakhis_balanced_costr5_timm_dinov3_convnext_lora_ce_calibrated_cost_min_seed42_04-29_02-19,breakhis_balanced,timm_dinov3_convnext_lora,ce_calibrated_cost_min,42,calibrated_cost_min,malignant,0.97,0.85,accuracy,5.0,"[[0.0,1.0],[5.0,0.0]]","{""0"":0.5,""1"":0.5}",0.02907801418439716,0.02907801418439716,0.1453900709219858,,0.9858156028368794,0.014184397163120567,0.8176470588235294,0.2198581560283688,0.8829787234042553,0.8829787234042553,0.8817279463162309,0.9738569488456315,0.9739620726518585,0.20866233377884455,0.1315032202327671,0.028587715132330743,1.0,,,,,,"[[220,62],[4,278]]",0.8829787234042553,True,True,True
results/timm_dinov3_convnext_lora_test/stop4b_cost_ratio_breakhis_dinov3_convnext_lora_breakhis_balanced_costr5_timm_dinov3_convnext_lora_ce_calibrated_cost_min_seed42_04-29_02-19/metrics_20260429_022001_ce_calibrated_cost_min.json,results/timm_dinov3_convnext_lora_test/stop4b_cost_ratio_breakhis_dinov3_convnext_lora_breakhis_balanced_costr5_timm_dinov3_convnext_lora_ce_calibrated_cost_min_seed42_04-29_02-19,breakhis_balanced,timm_dinov3_convnext_lora,ce_calibrated_cost_min,42,calibrated_threshold,malignant,0.97,0.85,accuracy,5.0,"[[0.0,1.0],[5.0,0.0]]","{""0"":0.5,""1"":0.5}",0.07544548060962725,0.05815602836879432,0.2907801418439716,,0.9042553191489362,0.09574468085106383,0.897887323943662,0.10283687943262411,0.900709219858156,0.9007092198581561,0.9007079712787496,0.9738569488456315,0.9739620726518585,0.20866233377884455,0.1315032202327671,0.028587715132330743,1.0,0.5375125888524015,0.025484716905515396,0.9628252788104089,0.9479553903345725,0.02527881040892193,"[[253,29],[27,255]]",0.900709219858156,False,True,False
results/timm_dinov3_convnext_lora_test/stop4b_cost_ratio_breakhis_dinov3_convnext_lora_breakhis_balanced_costr5_timm_dinov3_convnext_lora_nicme_logit_adjustment_seed42_04-29_02-23/metrics_20260429_022335_nicme_logit_adjustment.json,results/timm_dinov3_convnext_lora_test/stop4b_cost_ratio_breakhis_dinov3_convnext_lora_breakhis_balanced_costr5_timm_dinov3_convnext_lora_nicme_logit_adjustment_seed42_04-29_02-23,breakhis_balanced,timm_dinov3_convnext_lora,nicme_logit_adjustment,42,argmax,malignant,0.97,0.85,accuracy,5.0,"[[0.0,1.0],[5.0,0.0]]","{""0"":0.5,""1"":0.5}",0.017375886524822696,0.017375886524822696,0.08687943262411348,,0.9858156028368794,0.014184397163120567,0.9055374592833876,0.10283687943262411,0.9414893617021277,0.9414893617021276,0.9413741727590866,0.9903425381017052,0.990279860442693,0.14931732993570923,0.08821201423502334,0.017819445818028527,,,,,,,"[[253,29],[4,278]]",0.9414893617021277,True,True,True
results/timm_dinov3_convnext_lora_test/stop4b_cost_ratio_breakhis_dinov3_convnext_lora_breakhis_balanced_costr5_timm_dinov3_convnext_lora_nicme_logit_adjustment_seed42_04-29_02-23/metrics_20260429_022335_nicme_logit_adjustment.json,results/timm_dinov3_convnext_lora_test/stop4b_cost_ratio_breakhis_dinov3_convnext_lora_breakhis_balanced_costr5_timm_dinov3_convnext_lora_nicme_logit_adjustment_seed42_04-29_02-23,breakhis_balanced,timm_dinov3_convnext_lora,nicme_logit_adjustment,42,calibrated_cost_min,malignant,0.97,0.85,accuracy,5.0,"[[0.0,1.0],[5.0,0.0]]","{""0"":0.5,""1"":0.5}",0.02127659574468085,0.02127659574468085,0.10638297872340426,,0.9964539007092199,0.0035460992907801418,0.8363095238095238,0.1950354609929078,0.900709219858156,0.9007092198581561,0.8997905958499905,0.9903425381017052,0.990279860442693,0.14487670028346727,0.08826206678112265,0.020642471220472965,0.8,,,,,,"[[227,55],[1,281]]",0.900709219858156,True,True,True
results/timm_dinov3_convnext_lora_test/stop4b_cost_ratio_breakhis_dinov3_convnext_lora_breakhis_balanced_costr5_timm_dinov3_convnext_lora_nicme_logit_adjustment_seed42_04-29_02-23/metrics_20260429_022335_nicme_logit_adjustment.json,results/timm_dinov3_convnext_lora_test/stop4b_cost_ratio_breakhis_dinov3_convnext_lora_breakhis_balanced_costr5_timm_dinov3_convnext_lora_nicme_logit_adjustment_seed42_04-29_02-23,breakhis_balanced,timm_dinov3_convnext_lora,nicme_logit_adjustment,42,calibrated_threshold,malignant,0.97,0.85,accuracy,5.0,"[[0.0,1.0],[5.0,0.0]]","{""0"":0.5,""1"":0.5}",0.020212765957446806,0.020212765957446806,0.10106382978723404,,0.9929078014184397,0.0070921985815602835,0.8562691131498471,0.16666666666666666,0.9131205673758865,0.9131205673758865,0.9125639492392532,0.9903425381017052,0.990279860442693,0.14487670028346727,0.08826206678112265,0.020642471220472965,0.8,0.29871784601070844,0.017100371747211896,0.9888475836431226,0.9368029739776952,0.017100371747211896,"[[235,47],[2,280]]",0.9131205673758865,True,True,True
results/timm_dinov3_convnext_lora_test/stop4b_cost_ratio_breakhis_dinov3_convnext_lora_breakhis_balanced_costr5_timm_dinov3_convnext_lora_nicme_hybrid_seed42_04-29_02-26/metrics_20260429_022711_nicme_hybrid.json,results/timm_dinov3_convnext_lora_test/stop4b_cost_ratio_breakhis_dinov3_convnext_lora_breakhis_balanced_costr5_timm_dinov3_convnext_lora_nicme_hybrid_seed42_04-29_02-26,breakhis_balanced,timm_dinov3_convnext_lora,nicme_hybrid,42,argmax,malignant,0.97,0.85,accuracy,5.0,"[[0.0,1.0],[5.0,0.0]]","{""0"":0.5,""1"":0.5}",0.018085106382978725,0.018085106382978725,0.09042553191489362,,0.9787234042553191,0.02127659574468085,0.9292929292929293,0.07446808510638298,0.9521276595744681,0.9521276595744681,0.952093773889408,0.9898018208339621,0.9899519317728187,0.1637666802678495,0.08733476614906281,0.05392267222100118,,,,,,,"[[261,21],[6,276]]",0.9521276595744681,True,True,True
results/timm_dinov3_convnext_lora_test/stop4b_cost_ratio_breakhis_dinov3_convnext_lora_breakhis_balanced_costr5_timm_dinov3_convnext_lora_nicme_hybrid_seed42_04-29_02-26/metrics_20260429_022711_nicme_hybrid.json,results/timm_dinov3_convnext_lora_test/stop4b_cost_ratio_breakhis_dinov3_convnext_lora_breakhis_balanced_costr5_timm_dinov3_convnext_lora_nicme_hybrid_seed42_04-29_02-26,breakhis_balanced,timm_dinov3_convnext_lora,nicme_hybrid,42,calibrated_cost_min,malignant,0.97,0.85,accuracy,5.0,"[[0.0,1.0],[5.0,0.0]]","{""0"":0.5,""1"":0.5}",0.02127659574468085,0.02127659574468085,0.10638297872340426,,0.9929078014184397,0.0070921985815602835,0.8484848484848485,0.1773049645390071,0.9078014184397163,0.9078014184397163,0.9071287429700563,0.9898018208339621,0.9899519317728187,0.1386178364887884,0.07993530102549821,0.014496712629973197,0.65,,,,,,"[[232,50],[2,280]]",0.9078014184397163,True,True,True
results/timm_dinov3_convnext_lora_test/stop4b_cost_ratio_breakhis_dinov3_convnext_lora_breakhis_balanced_costr5_timm_dinov3_convnext_lora_nicme_hybrid_seed42_04-29_02-26/metrics_20260429_022711_nicme_hybrid.json,results/timm_dinov3_convnext_lora_test/stop4b_cost_ratio_breakhis_dinov3_convnext_lora_breakhis_balanced_costr5_timm_dinov3_convnext_lora_nicme_hybrid_seed42_04-29_02-26,breakhis_balanced,timm_dinov3_convnext_lora,nicme_hybrid,42,calibrated_threshold,malignant,0.97,0.85,accuracy,5.0,"[[0.0,1.0],[5.0,0.0]]","{""0"":0.5,""1"":0.5}",0.01702127659574468,0.01702127659574468,0.0851063829787234,,0.9858156028368794,0.014184397163120567,0.9084967320261438,0.09929078014184398,0.9432624113475178,0.9432624113475176,0.9431594860166288,0.9898018208339621,0.9899519317728187,0.1386178364887884,0.07993530102549821,0.014496712629973197,0.65,0.41830347590273936,0.015241635687732341,0.9851301115241635,0.9535315985130112,0.015241635687732341,"[[254,28],[4,278]]",0.9432624113475178,True,True,True
results/timm_dinov3_convnext_lora_test/stop4b_cost_ratio_breakhis_dinov3_convnext_lora_breakhis_balanced_costr5_timm_dinov3_convnext_lora_ce_calibrated_cost_min_seed43_04-29_02-30/metrics_20260429_023051_ce_calibrated_cost_min.json,results/timm_dinov3_convnext_lora_test/stop4b_cost_ratio_breakhis_dinov3_convnext_lora_breakhis_balanced_costr5_timm_dinov3_convnext_lora_ce_calibrated_cost_min_seed43_04-29_02-30,breakhis_balanced,timm_dinov3_convnext_lora,ce_calibrated_cost_min,43,argmax,malignant,0.97,0.85,accuracy,5.0,"[[0.0,1.0],[5.0,0.0]]","{""0"":0.5,""1"":0.5}",0.08583831799205269,0.06028368794326241,0.30141843971631205,,0.8900709219858156,0.1099290780141844,0.943609022556391,0.05319148936170213,0.9184397163120568,0.9184397163120568,0.9183740246664989,0.9736431769025702,0.9706666883403863,0.20929302150144133,0.12101855133624746,0.023914281886520155,,,,,,,"[[267,15],[31,251]]",0.9184397163120568,False,True,False
results/timm_dinov3_convnext_lora_test/stop4b_cost_ratio_breakhis_dinov3_convnext_lora_breakhis_balanced_costr5_timm_dinov3_convnext_lora_ce_calibrated_cost_min_seed43_04-29_02-30/metrics_20260429_023051_ce_calibrated_cost_min.json,results/timm_dinov3_convnext_lora_test/stop4b_cost_ratio_breakhis_dinov3_convnext_lora_breakhis_balanced_costr5_timm_dinov3_convnext_lora_ce_calibrated_cost_min_seed43_04-29_02-30,breakhis_balanced,timm_dinov3_convnext_lora,ce_calibrated_cost_min,43,calibrated_cost_min,malignant,0.97,0.85,accuracy,5.0,"[[0.0,1.0],[5.0,0.0]]","{""0"":0.5,""1"":0.5}",0.03472167396006237,0.03439716312056738,0.17198581560283688,,0.9609929078014184,0.03900709219858156,0.865814696485623,0.14893617021276595,0.9060283687943262,0.9060283687943262,0.9057436107651317,0.9736431769025702,0.9706666883403863,0.21430351690747795,0.12158448745866224,0.027503727575273536,0.8500000000000001,,,,,,"[[240,42],[11,271]]",0.9060283687943262,False,True,False
results/timm_dinov3_convnext_lora_test/stop4b_cost_ratio_breakhis_dinov3_convnext_lora_breakhis_balanced_costr5_timm_dinov3_convnext_lora_ce_calibrated_cost_min_seed43_04-29_02-30/metrics_20260429_023051_ce_calibrated_cost_min.json,results/timm_dinov3_convnext_lora_test/stop4b_cost_ratio_breakhis_dinov3_convnext_lora_breakhis_balanced_costr5_timm_dinov3_convnext_lora_ce_calibrated_cost_min_seed43_04-29_02-30,breakhis_balanced,timm_dinov3_convnext_lora,ce_calibrated_cost_min,43,calibrated_threshold,malignant,0.97,0.85,accuracy,5.0,"[[0.0,1.0],[5.0,0.0]]","{""0"":0.5,""1"":0.5}",0.03299339067451335,0.03297872340425532,0.16489361702127658,,0.9680851063829787,0.031914893617021274,0.8504672897196262,0.1702127659574468,0.898936170212766,0.898936170212766,0.8984506041222459,0.9736431769025702,0.9706666883403863,0.21430351690747795,0.12158448745866224,0.027503727575273536,0.8500000000000001,0.11176443095030641,0.01970260223048327,0.9814126394052045,0.9386617100371747,0.01970260223048327,"[[234,48],[9,273]]",0.898936170212766,False,True,False
results/timm_dinov3_convnext_lora_test/stop4b_cost_ratio_breakhis_dinov3_convnext_lora_breakhis_balanced_costr5_timm_dinov3_convnext_lora_nicme_logit_adjustment_seed43_04-29_02-35/metrics_20260429_023526_nicme_logit_adjustment.json,results/timm_dinov3_convnext_lora_test/stop4b_cost_ratio_breakhis_dinov3_convnext_lora_breakhis_balanced_costr5_timm_dinov3_convnext_lora_nicme_logit_adjustment_seed43_04-29_02-35,breakhis_balanced,timm_dinov3_convnext_lora,nicme_logit_adjustment,43,argmax,malignant,0.97,0.85,accuracy,5.0,"[[0.0,1.0],[5.0,0.0]]","{""0"":0.5,""1"":0.5}",0.031175574669282228,0.030851063829787233,0.15425531914893617,,0.9609929078014184,0.03900709219858156,0.8943894389438944,0.11347517730496454,0.9237588652482269,0.9237588652482269,0.9236530197856164,0.976774307127408,0.9734435425394637,0.19703963023682805,0.11642703914990633,0.01463862365864693,,,,,,,"[[250,32],[11,271]]",0.9237588652482269,False,True,False
results/timm_dinov3_convnext_lora_test/stop4b_cost_ratio_breakhis_dinov3_convnext_lora_breakhis_balanced_costr5_timm_dinov3_convnext_lora_nicme_logit_adjustment_seed43_04-29_02-35/metrics_20260429_023526_nicme_logit_adjustment.json,results/timm_dinov3_convnext_lora_test/stop4b_cost_ratio_breakhis_dinov3_convnext_lora_breakhis_balanced_costr5_timm_dinov3_convnext_lora_nicme_logit_adjustment_seed43_04-29_02-35,breakhis_balanced,timm_dinov3_convnext_lora,nicme_logit_adjustment,43,calibrated_cost_min,malignant,0.97,0.85,accuracy,5.0,"[[0.0,1.0],[5.0,0.0]]","{""0"":0.5,""1"":0.5}",0.03404255319148936,0.03404255319148936,0.1702127659574468,,0.975177304964539,0.024822695035460994,0.8184523809523809,0.21631205673758866,0.8794326241134752,0.8794326241134751,0.8783171521035599,0.976774307127408,0.9734435425394637,0.1997476663635926,0.11699570558887225,0.025008872539961265,0.8,,,,,,"[[221,61],[7,275]]",0.8794326241134752,True,True,True
results/timm_dinov3_convnext_lora_test/stop4b_cost_ratio_breakhis_dinov3_convnext_lora_breakhis_balanced_costr5_timm_dinov3_convnext_lora_nicme_logit_adjustment_seed43_04-29_02-35/metrics_20260429_023526_nicme_logit_adjustment.json,results/timm_dinov3_convnext_lora_test/stop4b_cost_ratio_breakhis_dinov3_convnext_lora_breakhis_balanced_costr5_timm_dinov3_convnext_lora_nicme_logit_adjustment_seed43_04-29_02-35,breakhis_balanced,timm_dinov3_convnext_lora,nicme_logit_adjustment,43,calibrated_threshold,malignant,0.97,0.85,accuracy,5.0,"[[0.0,1.0],[5.0,0.0]]","{""0"":0.5,""1"":0.5}",0.03404255319148936,0.03404255319148936,0.1702127659574468,,0.975177304964539,0.024822695035460994,0.8184523809523809,0.21631205673758866,0.8794326241134752,0.8794326241134751,0.8783171521035599,0.976774307127408,0.9734435425394637,0.1997476663635926,0.11699570558887225,0.025008872539961265,0.8,0.16546649240706457,0.021933085501858737,0.9888475836431226,0.912639405204461,0.021933085501858737,"[[221,61],[7,275]]",0.8794326241134752,True,True,True
results/timm_dinov3_convnext_lora_test/stop4b_cost_ratio_breakhis_dinov3_convnext_lora_breakhis_balanced_costr5_timm_dinov3_convnext_lora_nicme_hybrid_seed43_04-29_02-41/metrics_20260429_024124_nicme_hybrid.json,results/timm_dinov3_convnext_lora_test/stop4b_cost_ratio_breakhis_dinov3_convnext_lora_breakhis_balanced_costr5_timm_dinov3_convnext_lora_nicme_hybrid_seed43_04-29_02-41,breakhis_balanced,timm_dinov3_convnext_lora,nicme_hybrid,43,argmax,malignant,0.97,0.85,accuracy,5.0,"[[0.0,1.0],[5.0,0.0]]","{""0"":0.5,""1"":0.5}",0.031205673758865248,0.031205673758865248,0.15602836879432624,,0.975177304964539,0.024822695035460994,0.8384146341463414,0.1879432624113475,0.8936170212765957,0.8936170212765957,0.8929046142160897,0.9764599366229063,0.9739220851449195,0.2443056435194994,0.14426714357922957,0.051691607169225724,,,,,,,"[[229,53],[7,275]]",0.8936170212765957,True,True,True
results/timm_dinov3_convnext_lora_test/stop4b_cost_ratio_breakhis_dinov3_convnext_lora_breakhis_balanced_costr5_timm_dinov3_convnext_lora_nicme_hybrid_seed43_04-29_02-41/metrics_20260429_024124_nicme_hybrid.json,results/timm_dinov3_convnext_lora_test/stop4b_cost_ratio_breakhis_dinov3_convnext_lora_breakhis_balanced_costr5_timm_dinov3_convnext_lora_nicme_hybrid_seed43_04-29_02-41,breakhis_balanced,timm_dinov3_convnext_lora,nicme_hybrid,43,calibrated_cost_min,malignant,0.97,0.85,accuracy,5.0,"[[0.0,1.0],[5.0,0.0]]","{""0"":0.5,""1"":0.5}",0.031560283687943266,0.031560283687943266,0.15780141843971632,,0.9929078014184397,0.0070921985815602835,0.7799442896935933,0.2801418439716312,0.8563829787234043,0.8563829787234043,0.8536552550397705,0.9764599366229063,0.9739220851449195,0.23614281011344807,0.14190763540413953,0.04177274484420622,1.1,,,,,,"[[203,79],[2,280]]",0.8563829787234043,True,True,True
results/timm_dinov3_convnext_lora_test/stop4b_cost_ratio_breakhis_dinov3_convnext_lora_breakhis_balanced_costr5_timm_dinov3_convnext_lora_nicme_hybrid_seed43_04-29_02-41/metrics_20260429_024124_nicme_hybrid.json,results/timm_dinov3_convnext_lora_test/stop4b_cost_ratio_breakhis_dinov3_convnext_lora_breakhis_balanced_costr5_timm_dinov3_convnext_lora_nicme_hybrid_seed43_04-29_02-41,breakhis_balanced,timm_dinov3_convnext_lora,nicme_hybrid,43,calibrated_threshold,malignant,0.97,0.85,accuracy,5.0,"[[0.0,1.0],[5.0,0.0]]","{""0"":0.5,""1"":0.5}",0.03191489361702128,0.03191489361702128,0.1595744680851064,,0.975177304964539,0.024822695035460994,0.8333333333333334,0.1950354609929078,0.8900709219858156,0.8900709219858156,0.8892688858489133,0.9764599366229063,0.9739220851449195,0.23614281011344807,0.14190763540413953,0.04177274484420622,1.1,0.4547340707717434,0.023048327137546468,0.9776951672862454,0.929368029739777,0.023048327137546468,"[[227,55],[7,275]]",0.8900709219858156,True,True,True
results/timm_dinov3_convnext_lora_test/stop4b_cost_ratio_breakhis_dinov3_convnext_lora_breakhis_balanced_costr5_timm_dinov3_convnext_lora_ce_calibrated_cost_min_seed44_04-29_02-46/metrics_20260429_024619_ce_calibrated_cost_min.json,results/timm_dinov3_convnext_lora_test/stop4b_cost_ratio_breakhis_dinov3_convnext_lora_breakhis_balanced_costr5_timm_dinov3_convnext_lora_ce_calibrated_cost_min_seed44_04-29_02-46,breakhis_balanced,timm_dinov3_convnext_lora,ce_calibrated_cost_min,44,argmax,malignant,0.97,0.85,accuracy,5.0,"[[0.0,1.0],[5.0,0.0]]","{""0"":0.5,""1"":0.5}",0.035586318595644074,0.03404255319148936,0.1702127659574468,,0.950354609929078,0.04964539007092199,0.9115646258503401,0.09219858156028368,0.9290780141843972,0.9290780141843972,0.9290458937198068,0.9850108143453549,0.9852730016549369,0.16463100232685743,0.10240959967293987,0.020051388030356533,,,,,,,"[[256,26],[14,268]]",0.9290780141843972,False,True,False
results/timm_dinov3_convnext_lora_test/stop4b_cost_ratio_breakhis_dinov3_convnext_lora_breakhis_balanced_costr5_timm_dinov3_convnext_lora_ce_calibrated_cost_min_seed44_04-29_02-46/metrics_20260429_024619_ce_calibrated_cost_min.json,results/timm_dinov3_convnext_lora_test/stop4b_cost_ratio_breakhis_dinov3_convnext_lora_breakhis_balanced_costr5_timm_dinov3_convnext_lora_ce_calibrated_cost_min_seed44_04-29_02-46,breakhis_balanced,timm_dinov3_convnext_lora,ce_calibrated_cost_min,44,calibrated_cost_min,malignant,0.97,0.85,accuracy,5.0,"[[0.0,1.0],[5.0,0.0]]","{""0"":0.5,""1"":0.5}",0.022695035460992906,0.022695035460992906,0.11347517730496454,,0.9929078014184397,0.0070921985815602835,0.8383233532934131,0.19148936170212766,0.900709219858156,0.900709219858156,0.8998579545454544,0.9850108143453549,0.9852730016549369,0.16149754335402153,0.10085228496210095,0.018720128570196656,1.15,,,,,,"[[228,54],[2,280]]",0.900709219858156,True,True,True
results/timm_dinov3_convnext_lora_test/stop4b_cost_ratio_breakhis_dinov3_convnext_lora_breakhis_balanced_costr5_timm_dinov3_convnext_lora_ce_calibrated_cost_min_seed44_04-29_02-46/metrics_20260429_024619_ce_calibrated_cost_min.json,results/timm_dinov3_convnext_lora_test/stop4b_cost_ratio_breakhis_dinov3_convnext_lora_breakhis_balanced_costr5_timm_dinov3_convnext_lora_ce_calibrated_cost_min_seed44_04-29_02-46,breakhis_balanced,timm_dinov3_convnext_lora,ce_calibrated_cost_min,44,calibrated_threshold,malignant,0.97,0.85,accuracy,5.0,"[[0.0,1.0],[5.0,0.0]]","{""0"":0.5,""1"":0.5}",0.02198581560283688,0.02198581560283688,0.1099290780141844,,0.9929078014184397,0.0070921985815602835,0.8433734939759037,0.18439716312056736,0.9042553191489362,0.9042553191489362,0.9034968757525443,0.9850108143453549,0.9852730016549369,0.16149754335402153,0.10085228496210095,0.018720128570196656,1.15,0.17540449269219846,0.018587360594795536,0.9888475836431226,0.929368029739777,0.018587360594795536,"[[230,52],[2,280]]",0.9042553191489362,True,True,True
results/timm_dinov3_convnext_lora_test/stop4b_cost_ratio_breakhis_dinov3_convnext_lora_breakhis_balanced_costr5_timm_dinov3_convnext_lora_nicme_logit_adjustment_seed44_04-29_02-49/metrics_20260429_024959_nicme_logit_adjustment.json,results/timm_dinov3_convnext_lora_test/stop4b_cost_ratio_breakhis_dinov3_convnext_lora_breakhis_balanced_costr5_timm_dinov3_convnext_lora_nicme_logit_adjustment_seed44_04-29_02-49,breakhis_balanced,timm_dinov3_convnext_lora,nicme_logit_adjustment,44,argmax,malignant,0.97,0.85,accuracy,5.0,"[[0.0,1.0],[5.0,0.0]]","{""0"":0.5,""1"":0.5}",0.03366086212967155,0.03262411347517731,0.16312056737588654,,0.9539007092198581,0.04609929078014184,0.9087837837837838,0.09574468085106383,0.9290780141843972,0.9290780141843972,0.9290342875117962,0.9818293848397968,0.9823920684314608,0.18464048718731038,0.10939001549049607,0.036453895217983395,,,,,,,"[[255,27],[13,269]]",0.9290780141843972,False,True,False
results/timm_dinov3_convnext_lora_test/stop4b_cost_ratio_breakhis_dinov3_convnext_lora_breakhis_balanced_costr5_timm_dinov3_convnext_lora_nicme_logit_adjustment_seed44_04-29_02-49/metrics_20260429_024959_nicme_logit_adjustment.json,results/timm_dinov3_convnext_lora_test/stop4b_cost_ratio_breakhis_dinov3_convnext_lora_breakhis_balanced_costr5_timm_dinov3_convnext_lora_nicme_logit_adjustment_seed44_04-29_02-49,breakhis_balanced,timm_dinov3_convnext_lora,nicme_logit_adjustment,44,calibrated_cost_min,malignant,0.97,0.85,accuracy,5.0,"[[0.0,1.0],[5.0,0.0]]","{""0"":0.5,""1"":0.5}",0.031205673758865248,0.031205673758865248,0.15602836879432624,,0.9822695035460993,0.01773049645390071,0.8147058823529412,0.22340425531914893,0.8794326241134752,0.8794326241134751,0.8781439446894501,0.9818293848397968,0.9823920684314608,0.1788800080585897,0.10889138956138557,0.030710581413133424,0.75,,,,,,"[[219,63],[5,277]]",0.8794326241134752,True,True,True
results/timm_dinov3_convnext_lora_test/stop4b_cost_ratio_breakhis_dinov3_convnext_lora_breakhis_balanced_costr5_timm_dinov3_convnext_lora_nicme_logit_adjustment_seed44_04-29_02-49/metrics_20260429_024959_nicme_logit_adjustment.json,results/timm_dinov3_convnext_lora_test/stop4b_cost_ratio_breakhis_dinov3_convnext_lora_breakhis_balanced_costr5_timm_dinov3_convnext_lora_nicme_logit_adjustment_seed44_04-29_02-49,breakhis_balanced,timm_dinov3_convnext_lora,nicme_logit_adjustment,44,calibrated_threshold,malignant,0.97,0.85,accuracy,5.0,"[[0.0,1.0],[5.0,0.0]]","{""0"":0.5,""1"":0.5}",0.0350274935868417,0.03439716312056738,0.17198581560283688,,0.9574468085106383,0.0425531914893617,0.8794788273615635,0.13120567375886524,0.9131205673758865,0.9131205673758865,0.9129495292483407,0.9818293848397968,0.9823920684314608,0.1788800080585897,0.10889138956138557,0.030710581413133424,0.75,0.4211141715986533,0.017100371747211896,0.9851301115241635,0.9442379182156134,0.017100371747211896,"[[245,37],[12,270]]",0.9131205673758865,False,True,False
results/timm_dinov3_convnext_lora_test/stop4b_cost_ratio_breakhis_dinov3_convnext_lora_breakhis_balanced_costr5_timm_dinov3_convnext_lora_nicme_hybrid_seed44_04-29_02-53/metrics_20260429_025335_nicme_hybrid.json,results/timm_dinov3_convnext_lora_test/stop4b_cost_ratio_breakhis_dinov3_convnext_lora_breakhis_balanced_costr5_timm_dinov3_convnext_lora_nicme_hybrid_seed44_04-29_02-53,breakhis_balanced,timm_dinov3_convnext_lora,nicme_hybrid,44,argmax,malignant,0.97,0.85,accuracy,5.0,"[[0.0,1.0],[5.0,0.0]]","{""0"":0.5,""1"":0.5}",0.0366441124691917,0.036524822695035465,0.18262411347517732,,0.9645390070921985,0.03546099290780142,0.8369230769230769,0.1879432624113475,0.8882978723404256,0.8882978723404256,0.8876447839821404,0.9763593380614657,0.9777380807683459,0.2521031518090472,0.15352274042572947,0.03156139041092382,,,,,,,"[[229,53],[10,272]]",0.8882978723404256,False,True,False
results/timm_dinov3_convnext_lora_test/stop4b_cost_ratio_breakhis_dinov3_convnext_lora_breakhis_balanced_costr5_timm_dinov3_convnext_lora_nicme_hybrid_seed44_04-29_02-53/metrics_20260429_025335_nicme_hybrid.json,results/timm_dinov3_convnext_lora_test/stop4b_cost_ratio_breakhis_dinov3_convnext_lora_breakhis_balanced_costr5_timm_dinov3_convnext_lora_nicme_hybrid_seed44_04-29_02-53,breakhis_balanced,timm_dinov3_convnext_lora,nicme_hybrid,44,calibrated_cost_min,malignant,0.97,0.85,accuracy,5.0,"[[0.0,1.0],[5.0,0.0]]","{""0"":0.5,""1"":0.5}",0.04652230773099944,0.043617021276595745,0.21808510638297873,,0.9929078014184397,0.0070921985815602835,0.712468193384224,0.40070921985815605,0.7960992907801419,0.7960992907801419,0.7878832474858966,0.9763593380614657,0.9777380807683459,0.24746366411889784,0.1530688083399259,0.025584549392091288,0.8500000000000001,,,,,,"[[169,113],[2,280]]",0.7960992907801419,True,False,False
results/timm_dinov3_convnext_lora_test/stop4b_cost_ratio_breakhis_dinov3_convnext_lora_breakhis_balanced_costr5_timm_dinov3_convnext_lora_nicme_hybrid_seed44_04-29_02-53/metrics_20260429_025335_nicme_hybrid.json,results/timm_dinov3_convnext_lora_test/stop4b_cost_ratio_breakhis_dinov3_convnext_lora_breakhis_balanced_costr5_timm_dinov3_convnext_lora_nicme_hybrid_seed44_04-29_02-53,breakhis_balanced,timm_dinov3_convnext_lora,nicme_hybrid,44,calibrated_threshold,malignant,0.97,0.85,accuracy,5.0,"[[0.0,1.0],[5.0,0.0]]","{""0"":0.5,""1"":0.5}",0.035580282681957655,0.03546099290780142,0.1773049645390071,,0.9645390070921985,0.03546099290780142,0.84472049689441,0.1773049645390071,0.8936170212765957,0.8936170212765957,0.8930792174308679,0.9763593380614657,0.9777380807683459,0.24746366411889784,0.1530688083399259,0.025584549392091288,0.8500000000000001,0.5459704980603624,0.020817843866171006,0.9925650557620818,0.9107806691449815,0.020817843866171006,"[[232,50],[10,272]]",0.8936170212765957,False,True,False
results/timm_dinov3_convnext_lora_test/stop4b_cost_ratio_breakhis_dinov3_convnext_lora_breakhis_balanced_costr10_timm_dinov3_convnext_lora_ce_calibrated_cost_min_seed42_04-29_02-56/metrics_20260429_025641_ce_calibrated_cost_min.json,results/timm_dinov3_convnext_lora_test/stop4b_cost_ratio_breakhis_dinov3_convnext_lora_breakhis_balanced_costr10_timm_dinov3_convnext_lora_ce_calibrated_cost_min_seed42_04-29_02-56,breakhis_balanced,timm_dinov3_convnext_lora,ce_calibrated_cost_min,42,argmax,malignant,0.97,0.85,accuracy,10.0,"[[0.0,1.0],[10.0,0.0]]","{""0"":0.5,""1"":0.5}",0.05425690860620692,0.0450354609929078,0.450354609929078,,0.9219858156028369,0.07801418439716312,0.8843537414965986,0.12056737588652482,0.900709219858156,0.9007092198581561,0.9006642512077295,0.9738569488456315,0.9739620726518585,0.208662338319882,0.13150322067404024,0.028587717853539345,,,,,,,"[[248,34],[22,260]]",0.900709219858156,False,True,False
results/timm_dinov3_convnext_lora_test/stop4b_cost_ratio_breakhis_dinov3_convnext_lora_breakhis_balanced_costr10_timm_dinov3_convnext_lora_ce_calibrated_cost_min_seed42_04-29_02-56/metrics_20260429_025641_ce_calibrated_cost_min.json,results/timm_dinov3_convnext_lora_test/stop4b_cost_ratio_breakhis_dinov3_convnext_lora_breakhis_balanced_costr10_timm_dinov3_convnext_lora_ce_calibrated_cost_min_seed42_04-29_02-56,breakhis_balanced,timm_dinov3_convnext_lora,ce_calibrated_cost_min,42,calibrated_cost_min,malignant,0.97,0.85,accuracy,10.0,"[[0.0,1.0],[10.0,0.0]]","{""0"":0.5,""1"":0.5}",0.01685013329309391,0.016843971631205674,0.16843971631205673,,0.9964539007092199,0.0035460992907801418,0.76775956284153,0.30141843971631205,0.8475177304964538,0.8475177304964538,0.8440586419753087,0.9738569488456315,0.9739620726518585,0.20866233377884455,0.1315032202327671,0.028587715132330743,1.0,,,,,,"[[197,85],[1,281]]",0.8475177304964538,True,False,False
results/timm_dinov3_convnext_lora_test/stop4b_cost_ratio_breakhis_dinov3_convnext_lora_breakhis_balanced_costr10_timm_dinov3_convnext_lora_ce_calibrated_cost_min_seed42_04-29_02-56/metrics_20260429_025641_ce_calibrated_cost_min.json,results/timm_dinov3_convnext_lora_test/stop4b_cost_ratio_breakhis_dinov3_convnext_lora_breakhis_balanced_costr10_timm_dinov3_convnext_lora_ce_calibrated_cost_min_seed42_04-29_02-56,breakhis_balanced,timm_dinov3_convnext_lora,ce_calibrated_cost_min,42,calibrated_threshold,malignant,0.97,0.85,accuracy,10.0,"[[0.0,1.0],[10.0,0.0]]","{""0"":0.5,""1"":0.5}",0.018617021276595744,0.018617021276595744,0.18617021276595744,,0.9858156028368794,0.014184397163120567,0.8104956268221575,0.23049645390070922,0.8776595744680851,0.8776595744680851,0.8762115308151093,0.9738569488456315,0.9739620726518585,0.20866233377884455,0.1315032202327671,0.028587715132330743,1.0,0.15088028631962455,0.01747211895910781,0.9888475836431226,0.8754646840148699,0.01747211895910781,"[[217,65],[4,278]]",0.8776595744680851,True,True,True
results/timm_dinov3_convnext_lora_test/stop4b_cost_ratio_breakhis_dinov3_convnext_lora_breakhis_balanced_costr10_timm_dinov3_convnext_lora_nicme_logit_adjustment_seed42_04-29_02-59/metrics_20260429_030012_nicme_logit_adjustment.json,results/timm_dinov3_convnext_lora_test/stop4b_cost_ratio_breakhis_dinov3_convnext_lora_breakhis_balanced_costr10_timm_dinov3_convnext_lora_nicme_logit_adjustment_seed42_04-29_02-59,breakhis_balanced,timm_dinov3_convnext_lora,nicme_logit_adjustment,42,argmax,malignant,0.97,0.85,accuracy,10.0,"[[0.0,1.0],[10.0,0.0]]","{""0"":0.5,""1"":0.5}",0.01276595744680851,0.01276595744680851,0.1276595744680851,,0.9858156028368794,0.014184397163120567,0.896774193548387,0.11347517730496454,0.9361702127659575,0.9361702127659575,0.9360125050423558,0.991386248176651,0.9915502423455066,0.1614694005989664,0.09345051988869024,0.026353383846316795,,,,,,,"[[250,32],[4,278]]",0.9361702127659575,True,True,True
results/timm_dinov3_convnext_lora_test/stop4b_cost_ratio_breakhis_dinov3_convnext_lora_breakhis_balanced_costr10_timm_dinov3_convnext_lora_nicme_logit_adjustment_seed42_04-29_02-59/metrics_20260429_030012_nicme_logit_adjustment.json,results/timm_dinov3_convnext_lora_test/stop4b_cost_ratio_breakhis_dinov3_convnext_lora_breakhis_balanced_costr10_timm_dinov3_convnext_lora_nicme_logit_adjustment_seed42_04-29_02-59,breakhis_balanced,timm_dinov3_convnext_lora,nicme_logit_adjustment,42,calibrated_cost_min,malignant,0.97,0.85,accuracy,10.0,"[[0.0,1.0],[10.0,0.0]]","{""0"":0.5,""1"":0.5}",0.013829787234042554,0.013829787234042554,0.13829787234042554,,1.0,0.0,0.7833333333333333,0.2765957446808511,0.8617021276595744,0.8617021276595744,0.8590054228683512,0.991386248176651,0.9915502423455066,0.15318291284894603,0.09309024577471493,0.016169988147490735,0.7,,,,,,"[[204,78],[0,282]]",0.8617021276595744,True,True,True
results/timm_dinov3_convnext_lora_test/stop4b_cost_ratio_breakhis_dinov3_convnext_lora_breakhis_balanced_costr10_timm_dinov3_convnext_lora_nicme_logit_adjustment_seed42_04-29_02-59/metrics_20260429_030012_nicme_logit_adjustment.json,results/timm_dinov3_convnext_lora_test/stop4b_cost_ratio_breakhis_dinov3_convnext_lora_breakhis_balanced_costr10_timm_dinov3_convnext_lora_nicme_logit_adjustment_seed42_04-29_02-59,breakhis_balanced,timm_dinov3_convnext_lora,nicme_logit_adjustment,42,calibrated_threshold,malignant,0.97,0.85,accuracy,10.0,"[[0.0,1.0],[10.0,0.0]]","{""0"":0.5,""1"":0.5}",0.013297872340425532,0.013297872340425532,0.13297872340425532,,0.9964539007092199,0.0035460992907801418,0.8121387283236994,0.23049645390070922,0.8829787234042553,0.8829787234042553,0.8814522292993631,0.991386248176651,0.9915502423455066,0.15318291284894603,0.09309024577471493,0.016169988147490735,0.7,0.15393037211933774,0.009479553903345725,1.0,0.9052044609665427,0.009479553903345725,"[[217,65],[1,281]]",0.8829787234042553,True,True,True
results/timm_dinov3_convnext_lora_test/stop4b_cost_ratio_breakhis_dinov3_convnext_lora_breakhis_balanced_costr10_timm_dinov3_convnext_lora_nicme_hybrid_seed42_04-29_03-03/metrics_20260429_030319_nicme_hybrid.json,results/timm_dinov3_convnext_lora_test/stop4b_cost_ratio_breakhis_dinov3_convnext_lora_breakhis_balanced_costr10_timm_dinov3_convnext_lora_nicme_hybrid_seed42_04-29_03-03,breakhis_balanced,timm_dinov3_convnext_lora,nicme_hybrid,42,argmax,malignant,0.97,0.85,accuracy,10.0,"[[0.0,1.0],[10.0,0.0]]","{""0"":0.5,""1"":0.5}",0.014716312056737587,0.014716312056737587,0.14716312056737588,,0.9929078014184397,0.0070921985815602835,0.8163265306122449,0.22340425531914893,0.8847517730496454,0.8847517730496454,0.8833876739562623,0.9740581459685127,0.9734083894489248,0.38835332449551,0.23269155358057514,0.15887307571181164,,,,,,,"[[219,63],[2,280]]",0.8847517730496454,True,True,True
results/timm_dinov3_convnext_lora_test/stop4b_cost_ratio_breakhis_dinov3_convnext_lora_breakhis_balanced_costr10_timm_dinov3_convnext_lora_nicme_hybrid_seed42_04-29_03-03/metrics_20260429_030319_nicme_hybrid.json,results/timm_dinov3_convnext_lora_test/stop4b_cost_ratio_breakhis_dinov3_convnext_lora_breakhis_balanced_costr10_timm_dinov3_convnext_lora_nicme_hybrid_seed42_04-29_03-03,breakhis_balanced,timm_dinov3_convnext_lora,nicme_hybrid,42,calibrated_cost_min,malignant,0.97,0.85,accuracy,10.0,"[[0.0,1.0],[10.0,0.0]]","{""0"":0.5,""1"":0.5}",0.11962853981188071,0.04273049645390071,0.42730496453900707,,1.0,0.0,0.5391969407265774,0.8546099290780141,0.5726950354609929,0.5726950354609929,0.47724554352633497,0.9740581459685127,0.9734083894489248,0.3031456730882326,0.18349854220008124,0.051671322012371824,0.5,,,,,,"[[41,241],[0,282]]",0.5726950354609929,True,False,False
results/timm_dinov3_convnext_lora_test/stop4b_cost_ratio_breakhis_dinov3_convnext_lora_breakhis_balanced_costr10_timm_dinov3_convnext_lora_nicme_hybrid_seed42_04-29_03-03/metrics_20260429_030319_nicme_hybrid.json,results/timm_dinov3_convnext_lora_test/stop4b_cost_ratio_breakhis_dinov3_convnext_lora_breakhis_balanced_costr10_timm_dinov3_convnext_lora_nicme_hybrid_seed42_04-29_03-03,breakhis_balanced,timm_dinov3_convnext_lora,nicme_hybrid,42,calibrated_threshold,malignant,0.97,0.85,accuracy,10.0,"[[0.0,1.0],[10.0,0.0]]","{""0"":0.5,""1"":0.5}",0.02056737588652482,0.02056737588652482,0.20567375886524822,,0.975177304964539,0.024822695035460994,0.8566978193146417,0.16312056737588654,0.9060283687943262,0.9060283687943262,0.905576877517176,0.9740581459685127,0.9734083894489248,0.3031456730882326,0.18349854220008124,0.051671322012371824,0.5,0.5974768395709531,0.010223048327137546,0.9888475836431226,0.9479553903345725,0.010223048327137546,"[[236,46],[7,275]]",0.9060283687943262,True,True,True
results/timm_dinov3_convnext_lora_test/stop4b_cost_ratio_breakhis_dinov3_convnext_lora_breakhis_balanced_costr10_timm_dinov3_convnext_lora_ce_calibrated_cost_min_seed43_04-29_03-08/metrics_20260429_030910_ce_calibrated_cost_min.json,results/timm_dinov3_convnext_lora_test/stop4b_cost_ratio_breakhis_dinov3_convnext_lora_breakhis_balanced_costr10_timm_dinov3_convnext_lora_ce_calibrated_cost_min_seed43_04-29_03-08,breakhis_balanced,timm_dinov3_convnext_lora,ce_calibrated_cost_min,43,argmax,malignant,0.97,0.85,accuracy,10.0,"[[0.0,1.0],[10.0,0.0]]","{""0"":0.5,""1"":0.5}",0.02304964539007092,0.02304964539007092,0.23049645390070922,,0.975177304964539,0.024822695035460994,0.8208955223880597,0.2127659574468085,0.8812056737588653,0.8812056737588653,0.8801472943698916,0.9781072380664956,0.9794776153202325,0.35019890539710197,0.192450122111816,0.08452283015065157,,,,,,,"[[222,60],[7,275]]",0.8812056737588653,True,True,True
results/timm_dinov3_convnext_lora_test/stop4b_cost_ratio_breakhis_dinov3_convnext_lora_breakhis_balanced_costr10_timm_dinov3_convnext_lora_ce_calibrated_cost_min_seed43_04-29_03-08/metrics_20260429_030910_ce_calibrated_cost_min.json,results/timm_dinov3_convnext_lora_test/stop4b_cost_ratio_breakhis_dinov3_convnext_lora_breakhis_balanced_costr10_timm_dinov3_convnext_lora_ce_calibrated_cost_min_seed43_04-29_03-08,breakhis_balanced,timm_dinov3_convnext_lora,ce_calibrated_cost_min,43,calibrated_cost_min,malignant,0.97,0.85,accuracy,10.0,"[[0.0,1.0],[10.0,0.0]]","{""0"":0.5,""1"":0.5}",0.02366694331271062,0.02056737588652482,0.20567375886524822,,1.0,0.0,0.7085427135678392,0.41134751773049644,0.7943262411347518,0.7943262411347518,0.7852415966386554,0.9781072380664956,0.9794776153202325,0.27101083045882435,0.1727162619297526,0.05209669337877147,1.6500000000000001,,,,,,"[[166,116],[0,282]]",0.7943262411347518,True,False,False
results/timm_dinov3_convnext_lora_test/stop4b_cost_ratio_breakhis_dinov3_convnext_lora_breakhis_balanced_costr10_timm_dinov3_convnext_lora_ce_calibrated_cost_min_seed43_04-29_03-08/metrics_20260429_030910_ce_calibrated_cost_min.json,results/timm_dinov3_convnext_lora_test/stop4b_cost_ratio_breakhis_dinov3_convnext_lora_breakhis_balanced_costr10_timm_dinov3_convnext_lora_ce_calibrated_cost_min_seed43_04-29_03-08,breakhis_balanced,timm_dinov3_convnext_lora,ce_calibrated_cost_min,43,calibrated_threshold,malignant,0.97,0.85,accuracy,10.0,"[[0.0,1.0],[10.0,0.0]]","{""0"":0.5,""1"":0.5}",0.02198581560283688,0.02198581560283688,0.2198581560283688,,0.9716312056737588,0.028368794326241134,0.8616352201257862,0.15602836879432624,0.9078014184397163,0.9078014184397163,0.9074242424242425,0.9781072380664956,0.9794776153202325,0.27101083045882435,0.1727162619297526,0.05209669337877147,1.6500000000000001,0.6828332916586617,0.017100371747211896,0.9739776951672863,0.9460966542750929,0.017100371747211896,"[[238,44],[8,274]]",0.9078014184397163,True,True,True
results/timm_dinov3_convnext_lora_test/stop4b_cost_ratio_breakhis_dinov3_convnext_lora_breakhis_balanced_costr10_timm_dinov3_convnext_lora_nicme_logit_adjustment_seed43_04-29_03-13/metrics_20260429_031346_nicme_logit_adjustment.json,results/timm_dinov3_convnext_lora_test/stop4b_cost_ratio_breakhis_dinov3_convnext_lora_breakhis_balanced_costr10_timm_dinov3_convnext_lora_nicme_logit_adjustment_seed43_04-29_03-13,breakhis_balanced,timm_dinov3_convnext_lora,nicme_logit_adjustment,43,argmax,malignant,0.97,0.85,accuracy,10.0,"[[0.0,1.0],[10.0,0.0]]","{""0"":0.5,""1"":0.5}",0.019858156028368795,0.019858156028368795,0.19858156028368795,,0.9787234042553191,0.02127659574468085,0.8414634146341463,0.18439716312056736,0.8971631205673759,0.8971631205673758,0.8964744604088866,0.9733162315778885,0.9711831041957574,0.24781324429409943,0.15112106099827222,0.03699615893634496,,,,,,,"[[230,52],[6,276]]",0.8971631205673759,True,True,True
results/timm_dinov3_convnext_lora_test/stop4b_cost_ratio_breakhis_dinov3_convnext_lora_breakhis_balanced_costr10_timm_dinov3_convnext_lora_nicme_logit_adjustment_seed43_04-29_03-13/metrics_20260429_031346_nicme_logit_adjustment.json,results/timm_dinov3_convnext_lora_test/stop4b_cost_ratio_breakhis_dinov3_convnext_lora_breakhis_balanced_costr10_timm_dinov3_convnext_lora_nicme_logit_adjustment_seed43_04-29_03-13,breakhis_balanced,timm_dinov3_convnext_lora,nicme_logit_adjustment,43,calibrated_cost_min,malignant,0.97,0.85,accuracy,10.0,"[[0.0,1.0],[10.0,0.0]]","{""0"":0.5,""1"":0.5}",0.019326744127558974,0.018262411347517733,0.18262411347517732,,1.0,0.0,0.7324675324675325,0.36524822695035464,0.8173758865248227,0.8173758865248226,0.8110749397535506,0.9733162315778885,0.9711831041957574,0.24781324640790375,0.1511210613380049,0.03699615781843926,1.0,,,,,,"[[179,103],[0,282]]",0.8173758865248227,True,False,False
results/timm_dinov3_convnext_lora_test/stop4b_cost_ratio_breakhis_dinov3_convnext_lora_breakhis_balanced_costr10_timm_dinov3_convnext_lora_nicme_logit_adjustment_seed43_04-29_03-13/metrics_20260429_031346_nicme_logit_adjustment.json,results/timm_dinov3_convnext_lora_test/stop4b_cost_ratio_breakhis_dinov3_convnext_lora_breakhis_balanced_costr10_timm_dinov3_convnext_lora_nicme_logit_adjustment_seed43_04-29_03-13,breakhis_balanced,timm_dinov3_convnext_lora,nicme_logit_adjustment,43,calibrated_threshold,malignant,0.97,0.85,accuracy,10.0,"[[0.0,1.0],[10.0,0.0]]","{""0"":0.5,""1"":0.5}",0.013652482269503547,0.013652482269503547,0.13652482269503546,,1.0,0.0,0.7855153203342619,0.2730496453900709,0.8634751773049646,0.8634751773049645,0.8608821560254607,0.9733162315778885,0.9711831041957574,0.24781324640790375,0.1511210613380049,0.03699615781843926,1.0,0.2418741985566168,0.014869888475836432,0.9962825278810409,0.8680297397769516,0.014869888475836432,"[[205,77],[0,282]]",0.8634751773049646,True,True,True
results/timm_dinov3_convnext_lora_test/stop4b_cost_ratio_breakhis_dinov3_convnext_lora_breakhis_balanced_costr10_timm_dinov3_convnext_lora_nicme_hybrid_seed43_04-29_03-17/metrics_20260429_031718_nicme_hybrid.json,results/timm_dinov3_convnext_lora_test/stop4b_cost_ratio_breakhis_dinov3_convnext_lora_breakhis_balanced_costr10_timm_dinov3_convnext_lora_nicme_hybrid_seed43_04-29_03-17,breakhis_balanced,timm_dinov3_convnext_lora,nicme_hybrid,43,argmax,malignant,0.97,0.85,accuracy,10.0,"[[0.0,1.0],[10.0,0.0]]","{""0"":0.5,""1"":0.5}",0.03930670489412001,0.03563829787234042,0.35638297872340424,,0.9397163120567376,0.06028368794326241,0.8952702702702703,0.1099290780141844,0.9148936170212766,0.9148936170212766,0.9148411450141554,0.97536592726724,0.9707115227227103,0.3119923618386412,0.170555379942465,0.1580514850768637,,,,,,,"[[251,31],[17,265]]",0.9148936170212766,False,True,False
results/timm_dinov3_convnext_lora_test/stop4b_cost_ratio_breakhis_dinov3_convnext_lora_breakhis_balanced_costr10_timm_dinov3_convnext_lora_nicme_hybrid_seed43_04-29_03-17/metrics_20260429_031718_nicme_hybrid.json,results/timm_dinov3_convnext_lora_test/stop4b_cost_ratio_breakhis_dinov3_convnext_lora_breakhis_balanced_costr10_timm_dinov3_convnext_lora_nicme_hybrid_seed43_04-29_03-17,breakhis_balanced,timm_dinov3_convnext_lora,nicme_hybrid,43,calibrated_cost_min,malignant,0.97,0.85,accuracy,10.0,"[[0.0,1.0],[10.0,0.0]]","{""0"":0.5,""1"":0.5}",0.030920099592575828,0.02553191489361702,0.2553191489361702,,0.9929078014184397,0.0070921985815602835,0.693069306930693,0.4397163120567376,0.776595744680851,0.7765957446808511,0.7656293286545388,0.97536592726724,0.9707115227227103,0.21589140963225717,0.12060995379168378,0.05947906820061583,0.5,,,,,,"[[158,124],[2,280]]",0.776595744680851,True,False,False
results/timm_dinov3_convnext_lora_test/stop4b_cost_ratio_breakhis_dinov3_convnext_lora_breakhis_balanced_costr10_timm_dinov3_convnext_lora_nicme_hybrid_seed43_04-29_03-17/metrics_20260429_031718_nicme_hybrid.json,results/timm_dinov3_convnext_lora_test/stop4b_cost_ratio_breakhis_dinov3_convnext_lora_breakhis_balanced_costr10_timm_dinov3_convnext_lora_nicme_hybrid_seed43_04-29_03-17,breakhis_balanced,timm_dinov3_convnext_lora,nicme_hybrid,43,calibrated_threshold,malignant,0.97,0.85,accuracy,10.0,"[[0.0,1.0],[10.0,0.0]]","{""0"":0.5,""1"":0.5}",0.041457250641315814,0.03687943262411347,0.36879432624113473,,0.9361702127659575,0.06382978723404255,0.9041095890410958,0.09929078014184398,0.9184397163120568,0.9184397163120568,0.9184140681014855,0.97536592726724,0.9707115227227103,0.21589140963225717,0.12060995379168378,0.05947906820061583,0.5,0.5172282773569381,0.012081784386617101,0.9851301115241635,0.9460966542750929,0.012081784386617101,"[[254,28],[18,264]]",0.9184397163120568,False,True,False
results/timm_dinov3_convnext_lora_test/stop4b_cost_ratio_breakhis_dinov3_convnext_lora_breakhis_balanced_costr10_timm_dinov3_convnext_lora_ce_calibrated_cost_min_seed44_04-29_03-21/metrics_20260429_032214_ce_calibrated_cost_min.json,results/timm_dinov3_convnext_lora_test/stop4b_cost_ratio_breakhis_dinov3_convnext_lora_breakhis_balanced_costr10_timm_dinov3_convnext_lora_ce_calibrated_cost_min_seed44_04-29_03-21,breakhis_balanced,timm_dinov3_convnext_lora,ce_calibrated_cost_min,44,argmax,malignant,0.97,0.85,accuracy,10.0,"[[0.0,1.0],[10.0,0.0]]","{""0"":0.5,""1"":0.5}",0.030976389517629883,0.029432624113475175,0.29432624113475175,,0.950354609929078,0.04964539007092199,0.9115646258503401,0.09219858156028368,0.9290780141843972,0.9290780141843972,0.9290458937198068,0.9850108143453549,0.9852730016549369,0.16463100232685743,0.10240959967293987,0.020051388030356533,,,,,,,"[[256,26],[14,268]]",0.9290780141843972,False,True,False
results/timm_dinov3_convnext_lora_test/stop4b_cost_ratio_breakhis_dinov3_convnext_lora_breakhis_balanced_costr10_timm_dinov3_convnext_lora_ce_calibrated_cost_min_seed44_04-29_03-21/metrics_20260429_032214_ce_calibrated_cost_min.json,results/timm_dinov3_convnext_lora_test/stop4b_cost_ratio_breakhis_dinov3_convnext_lora_breakhis_balanced_costr10_timm_dinov3_convnext_lora_ce_calibrated_cost_min_seed44_04-29_03-21,breakhis_balanced,timm_dinov3_convnext_lora,ce_calibrated_cost_min,44,calibrated_cost_min,malignant,0.97,0.85,accuracy,10.0,"[[0.0,1.0],[10.0,0.0]]","{""0"":0.5,""1"":0.5}",0.01347517730496454,0.01347517730496454,0.1347517730496454,,0.9964539007092199,0.0035460992907801418,0.8097982708933718,0.23404255319148937,0.8812056737588653,0.8812056737588653,0.8796065899684904,0.9850108143453549,0.9852730016549369,0.16149754335402153,0.10085228496210095,0.018720128570196656,1.15,,,,,,"[[216,66],[1,281]]",0.8812056737588653,True,True,True
results/timm_dinov3_convnext_lora_test/stop4b_cost_ratio_breakhis_dinov3_convnext_lora_breakhis_balanced_costr10_timm_dinov3_convnext_lora_ce_calibrated_cost_min_seed44_04-29_03-21/metrics_20260429_032214_ce_calibrated_cost_min.json,results/timm_dinov3_convnext_lora_test/stop4b_cost_ratio_breakhis_dinov3_convnext_lora_breakhis_balanced_costr10_timm_dinov3_convnext_lora_ce_calibrated_cost_min_seed44_04-29_03-21,breakhis_balanced,timm_dinov3_convnext_lora,ce_calibrated_cost_min,44,calibrated_threshold,malignant,0.97,0.85,accuracy,10.0,"[[0.0,1.0],[10.0,0.0]]","{""0"":0.5,""1"":0.5}",0.01648936170212766,0.01648936170212766,0.16489361702127658,,0.9964539007092199,0.0035460992907801418,0.771978021978022,0.29432624113475175,0.851063829787234,0.851063829787234,0.8478475906632581,0.9850108143453549,0.9852730016549369,0.16149754335402153,0.10085228496210095,0.018720128570196656,1.15,0.047310867366692926,0.011895910780669145,1.0,0.8810408921933085,0.011895910780669145,"[[199,83],[1,281]]",0.851063829787234,True,True,True
results/timm_dinov3_convnext_lora_test/stop4b_cost_ratio_breakhis_dinov3_convnext_lora_breakhis_balanced_costr10_timm_dinov3_convnext_lora_nicme_logit_adjustment_seed44_04-29_03-27/metrics_20260429_032744_nicme_logit_adjustment.json,results/timm_dinov3_convnext_lora_test/stop4b_cost_ratio_breakhis_dinov3_convnext_lora_breakhis_balanced_costr10_timm_dinov3_convnext_lora_nicme_logit_adjustment_seed44_04-29_03-27,breakhis_balanced,timm_dinov3_convnext_lora,nicme_logit_adjustment,44,argmax,malignant,0.97,0.85,accuracy,10.0,"[[0.0,1.0],[10.0,0.0]]","{""0"":0.5,""1"":0.5}",0.018617021276595744,0.018617021276595744,0.18617021276595744,,0.975177304964539,0.024822695035460994,0.8870967741935484,0.12411347517730496,0.925531914893617,0.925531914893617,0.9253479225494151,0.9869347618329058,0.9871664907780016,0.1681235555488074,0.10297972956076003,0.02229688903118701,,,,,,,"[[247,35],[7,275]]",0.925531914893617,True,True,True
results/timm_dinov3_convnext_lora_test/stop4b_cost_ratio_breakhis_dinov3_convnext_lora_breakhis_balanced_costr10_timm_dinov3_convnext_lora_nicme_logit_adjustment_seed44_04-29_03-27/metrics_20260429_032744_nicme_logit_adjustment.json,results/timm_dinov3_convnext_lora_test/stop4b_cost_ratio_breakhis_dinov3_convnext_lora_breakhis_balanced_costr10_timm_dinov3_convnext_lora_nicme_logit_adjustment_seed44_04-29_03-27,breakhis_balanced,timm_dinov3_convnext_lora,nicme_logit_adjustment,44,calibrated_cost_min,malignant,0.97,0.85,accuracy,10.0,"[[0.0,1.0],[10.0,0.0]]","{""0"":0.5,""1"":0.5}",0.01702127659574468,0.01702127659574468,0.1702127659574468,,0.9929078014184397,0.0070921985815602835,0.7865168539325843,0.2695035460992908,0.8617021276595744,0.8617021276595744,0.8592796366195381,0.9869347618329058,0.9871664907780016,0.16479784725632987,0.10158793209855684,0.020872532425616097,1.15,,,,,,"[[206,76],[2,280]]",0.8617021276595744,True,True,True
results/timm_dinov3_convnext_lora_test/stop4b_cost_ratio_breakhis_dinov3_convnext_lora_breakhis_balanced_costr10_timm_dinov3_convnext_lora_nicme_logit_adjustment_seed44_04-29_03-27/metrics_20260429_032744_nicme_logit_adjustment.json,results/timm_dinov3_convnext_lora_test/stop4b_cost_ratio_breakhis_dinov3_convnext_lora_breakhis_balanced_costr10_timm_dinov3_convnext_lora_nicme_logit_adjustment_seed44_04-29_03-27,breakhis_balanced,timm_dinov3_convnext_lora,nicme_logit_adjustment,44,calibrated_threshold,malignant,0.97,0.85,accuracy,10.0,"[[0.0,1.0],[10.0,0.0]]","{""0"":0.5,""1"":0.5}",0.01648936170212766,0.01648936170212766,0.16489361702127658,,0.9929078014184397,0.0070921985815602835,0.7932011331444759,0.25886524822695034,0.8670212765957447,0.8670212765957447,0.8648799731676543,0.9869347618329058,0.9871664907780016,0.16479784725632987,0.10158793209855684,0.020872532425616097,1.15,0.10548076116368393,0.012081784386617101,0.9962825278810409,0.895910780669145,0.012081784386617101,"[[209,73],[2,280]]",0.8670212765957447,True,True,True
results/timm_dinov3_convnext_lora_test/stop4b_cost_ratio_breakhis_dinov3_convnext_lora_breakhis_balanced_costr10_timm_dinov3_convnext_lora_nicme_hybrid_seed44_04-29_03-31/metrics_20260429_033124_nicme_hybrid.json,results/timm_dinov3_convnext_lora_test/stop4b_cost_ratio_breakhis_dinov3_convnext_lora_breakhis_balanced_costr10_timm_dinov3_convnext_lora_nicme_hybrid_seed44_04-29_03-31,breakhis_balanced,timm_dinov3_convnext_lora,nicme_hybrid,44,argmax,malignant,0.97,0.85,accuracy,10.0,"[[0.0,1.0],[10.0,0.0]]","{""0"":0.5,""1"":0.5}",0.10905545998692218,0.06808510638297872,0.6808510638297872,,0.8687943262411347,0.13120567375886524,0.9459459459459459,0.04964539007092199,0.9095744680851063,0.9095744680851063,0.9094238381192001,0.9701222272521502,0.9683548996868256,0.2945520574145532,0.16610710214240934,0.11054176071011432,,,,,,,"[[268,14],[37,245]]",0.9095744680851063,False,True,False
results/timm_dinov3_convnext_lora_test/stop4b_cost_ratio_breakhis_dinov3_convnext_lora_breakhis_balanced_costr10_timm_dinov3_convnext_lora_nicme_hybrid_seed44_04-29_03-31/metrics_20260429_033124_nicme_hybrid.json,results/timm_dinov3_convnext_lora_test/stop4b_cost_ratio_breakhis_dinov3_convnext_lora_breakhis_balanced_costr10_timm_dinov3_convnext_lora_nicme_hybrid_seed44_04-29_03-31,breakhis_balanced,timm_dinov3_convnext_lora,nicme_hybrid,44,calibrated_cost_min,malignant,0.97,0.85,accuracy,10.0,"[[0.0,1.0],[10.0,0.0]]","{""0"":0.5,""1"":0.5}",0.01879432624113475,0.01879432624113475,0.1879432624113475,,0.9893617021276596,0.010638297872340425,0.7859154929577464,0.2695035460992908,0.8599290780141844,0.8599290780141844,0.8575425156746076,0.9701222272521502,0.9683548996868256,0.23338623852634485,0.13790097227151524,0.026261799994230225,0.5,,,,,,"[[206,76],[3,279]]",0.8599290780141844,True,True,True
results/timm_dinov3_convnext_lora_test/stop4b_cost_ratio_breakhis_dinov3_convnext_lora_breakhis_balanced_costr10_timm_dinov3_convnext_lora_nicme_hybrid_seed44_04-29_03-31/metrics_20260429_033124_nicme_hybrid.json,results/timm_dinov3_convnext_lora_test/stop4b_cost_ratio_breakhis_dinov3_convnext_lora_breakhis_balanced_costr10_timm_dinov3_convnext_lora_nicme_hybrid_seed44_04-29_03-31,breakhis_balanced,timm_dinov3_convnext_lora,nicme_hybrid,44,calibrated_threshold,malignant,0.97,0.85,accuracy,10.0,"[[0.0,1.0],[10.0,0.0]]","{""0"":0.5,""1"":0.5}",0.016666666666666666,0.016666666666666666,0.16666666666666666,,0.9893617021276596,0.010638297872340425,0.8134110787172012,0.22695035460992907,0.8812056737588653,0.8812056737588653,0.8797996023856859,0.9701222272521502,0.9683548996868256,0.23338623852634485,0.13790097227151524,0.026261799994230225,0.5,0.10983815045161473,0.010594795539033457,0.9962825278810409,0.9107806691449815,0.010594795539033457,"[[218,64],[3,279]]",0.8812056737588653,True,True,True
results/timm_dinov3_convnext_lora_test/stop4b_cost_ratio_breakhis_dinov3_convnext_lora_breakhis_balanced_costr20_timm_dinov3_convnext_lora_ce_calibrated_cost_min_seed42_04-29_03-34/metrics_20260429_033434_ce_calibrated_cost_min.json,results/timm_dinov3_convnext_lora_test/stop4b_cost_ratio_breakhis_dinov3_convnext_lora_breakhis_balanced_costr20_timm_dinov3_convnext_lora_ce_calibrated_cost_min_seed42_04-29_03-34,breakhis_balanced,timm_dinov3_convnext_lora,ce_calibrated_cost_min,42,argmax,malignant,0.97,0.85,accuracy,20.0,"[[0.0,1.0],[20.0,0.0]]","{""0"":0.5,""1"":0.5}",0.051242724209043806,0.042021276595744686,0.8404255319148937,,0.9219858156028369,0.07801418439716312,0.8843537414965986,0.12056737588652482,0.900709219858156,0.9007092198581561,0.9006642512077295,0.9738569488456315,0.9739620726518585,0.208662338319882,0.13150322067404024,0.028587717853539345,,,,,,,"[[248,34],[22,260]]",0.900709219858156,False,True,False
results/timm_dinov3_convnext_lora_test/stop4b_cost_ratio_breakhis_dinov3_convnext_lora_breakhis_balanced_costr20_timm_dinov3_convnext_lora_ce_calibrated_cost_min_seed42_04-29_03-34/metrics_20260429_033434_ce_calibrated_cost_min.json,results/timm_dinov3_convnext_lora_test/stop4b_cost_ratio_breakhis_dinov3_convnext_lora_breakhis_balanced_costr20_timm_dinov3_convnext_lora_ce_calibrated_cost_min_seed42_04-29_03-34,breakhis_balanced,timm_dinov3_convnext_lora,ce_calibrated_cost_min,42,calibrated_cost_min,malignant,0.97,0.85,accuracy,20.0,"[[0.0,1.0],[20.0,0.0]]","{""0"":0.5,""1"":0.5}",0.011295206478547357,0.010549645390070922,0.21099290780141844,,0.9964539007092199,0.0035460992907801418,0.7394736842105263,0.35106382978723405,0.8226950354609929,0.822695035460993,0.8171751617545998,0.9738569488456315,0.9739620726518585,0.20866233377884455,0.1315032202327671,0.028587715132330743,1.0,,,,,,"[[183,99],[1,281]]",0.8226950354609929,True,False,False
results/timm_dinov3_convnext_lora_test/stop4b_cost_ratio_breakhis_dinov3_convnext_lora_breakhis_balanced_costr20_timm_dinov3_convnext_lora_ce_calibrated_cost_min_seed42_04-29_03-34/metrics_20260429_033434_ce_calibrated_cost_min.json,results/timm_dinov3_convnext_lora_test/stop4b_cost_ratio_breakhis_dinov3_convnext_lora_breakhis_balanced_costr20_timm_dinov3_convnext_lora_ce_calibrated_cost_min_seed42_04-29_03-34,breakhis_balanced,timm_dinov3_convnext_lora,ce_calibrated_cost_min,42,calibrated_threshold,malignant,0.97,0.85,accuracy,20.0,"[[0.0,1.0],[20.0,0.0]]","{""0"":0.5,""1"":0.5}",0.011295206478547357,0.010549645390070922,0.21099290780141844,,0.9964539007092199,0.0035460992907801418,0.7394736842105263,0.35106382978723405,0.8226950354609929,0.822695035460993,0.8171751617545998,0.9738569488456315,0.9739620726518585,0.20866233377884455,0.1315032202327671,0.028587715132330743,1.0,0.04780655848878576,0.011290577797432318,1.0,0.8085501858736059,0.009572490706319704,"[[183,99],[1,281]]",0.8226950354609929,True,False,False
results/timm_dinov3_convnext_lora_test/stop4b_cost_ratio_breakhis_dinov3_convnext_lora_breakhis_balanced_costr20_timm_dinov3_convnext_lora_nicme_logit_adjustment_seed42_04-29_03-37/metrics_20260429_033721_nicme_logit_adjustment.json,results/timm_dinov3_convnext_lora_test/stop4b_cost_ratio_breakhis_dinov3_convnext_lora_breakhis_balanced_costr20_timm_dinov3_convnext_lora_nicme_logit_adjustment_seed42_04-29_03-37,breakhis_balanced,timm_dinov3_convnext_lora,nicme_logit_adjustment,42,argmax,malignant,0.97,0.85,accuracy,20.0,"[[0.0,1.0],[20.0,0.0]]","{""0"":0.5,""1"":0.5}",0.04243293093908756,0.03785460992907801,0.7570921985815603,,0.9361702127659575,0.06382978723404255,0.797583081570997,0.2375886524822695,0.849290780141844,0.849290780141844,0.848144569917167,0.9513228710829434,0.9571363095550496,0.49801374351182837,0.31811199168227755,0.21097475480526054,,,,,,,"[[215,67],[18,264]]",0.849290780141844,False,False,False
results/timm_dinov3_convnext_lora_test/stop4b_cost_ratio_breakhis_dinov3_convnext_lora_breakhis_balanced_costr20_timm_dinov3_convnext_lora_nicme_logit_adjustment_seed42_04-29_03-37/metrics_20260429_033721_nicme_logit_adjustment.json,results/timm_dinov3_convnext_lora_test/stop4b_cost_ratio_breakhis_dinov3_convnext_lora_breakhis_balanced_costr20_timm_dinov3_convnext_lora_nicme_logit_adjustment_seed42_04-29_03-37,breakhis_balanced,timm_dinov3_convnext_lora,nicme_logit_adjustment,42,calibrated_cost_min,malignant,0.97,0.85,accuracy,20.0,"[[0.0,1.0],[20.0,0.0]]","{""0"":0.5,""1"":0.5}",0.1475,0.025,0.5,,1.0,0.0,0.5,1.0,0.5,0.5,0.3333333333333333,0.9513228710829434,0.9571363095550496,0.40530465327960646,0.2524899980421047,0.11699942170088863,0.5,,,,,,"[[0,282],[0,282]]",0.5,True,False,False
results/timm_dinov3_convnext_lora_test/stop4b_cost_ratio_breakhis_dinov3_convnext_lora_breakhis_balanced_costr20_timm_dinov3_convnext_lora_nicme_logit_adjustment_seed42_04-29_03-37/metrics_20260429_033721_nicme_logit_adjustment.json,results/timm_dinov3_convnext_lora_test/stop4b_cost_ratio_breakhis_dinov3_convnext_lora_breakhis_balanced_costr20_timm_dinov3_convnext_lora_nicme_logit_adjustment_seed42_04-29_03-37,breakhis_balanced,timm_dinov3_convnext_lora,nicme_logit_adjustment,42,calibrated_threshold,malignant,0.97,0.85,accuracy,20.0,"[[0.0,1.0],[20.0,0.0]]","{""0"":0.5,""1"":0.5}",0.04975361400331976,0.04184397163120567,0.8368794326241135,,0.925531914893617,0.07446808510638298,0.8338658146964856,0.18439716312056736,0.8705673758865248,0.8705673758865248,0.8701751619972566,0.9513228710829434,0.9571363095550496,0.40530465327960646,0.2524899980421047,0.11699942170088863,0.5,0.5482731275908621,0.009479553903345725,0.9925650557620818,0.8810408921933085,0.009479553903345725,"[[230,52],[21,261]]",0.8705673758865248,False,True,False
results/timm_dinov3_convnext_lora_test/stop4b_cost_ratio_breakhis_dinov3_convnext_lora_breakhis_balanced_costr20_timm_dinov3_convnext_lora_nicme_hybrid_seed42_04-29_03-41/metrics_20260429_034126_nicme_hybrid.json,results/timm_dinov3_convnext_lora_test/stop4b_cost_ratio_breakhis_dinov3_convnext_lora_breakhis_balanced_costr20_timm_dinov3_convnext_lora_nicme_hybrid_seed42_04-29_03-41,breakhis_balanced,timm_dinov3_convnext_lora,nicme_hybrid,42,argmax,malignant,0.97,0.85,accuracy,20.0,"[[0.0,1.0],[20.0,0.0]]","{""0"":0.5,""1"":0.5}",0.01152482269503546,0.01152482269503546,0.23049645390070922,,0.9893617021276596,0.010638297872340425,0.7994269340974212,0.24822695035460993,0.8705673758865248,0.8705673758865249,0.8687146651701014,0.9652180473819224,0.9643904547071905,0.30740976574842477,0.19136686224372007,0.030708406833892192,,,,,,,"[[212,70],[3,279]]",0.8705673758865248,True,True,True
results/timm_dinov3_convnext_lora_test/stop4b_cost_ratio_breakhis_dinov3_convnext_lora_breakhis_balanced_costr20_timm_dinov3_convnext_lora_nicme_hybrid_seed42_04-29_03-41/metrics_20260429_034126_nicme_hybrid.json,results/timm_dinov3_convnext_lora_test/stop4b_cost_ratio_breakhis_dinov3_convnext_lora_breakhis_balanced_costr20_timm_dinov3_convnext_lora_nicme_hybrid_seed42_04-29_03-41,breakhis_balanced,timm_dinov3_convnext_lora,nicme_hybrid,42,calibrated_cost_min,malignant,0.97,0.85,accuracy,20.0,"[[0.0,1.0],[20.0,0.0]]","{""0"":0.5,""1"":0.5}",0.03554637593682411,0.014716312056737587,0.29432624113475175,,1.0,0.0,0.6294642857142857,0.5886524822695035,0.7056737588652482,0.7056737588652482,0.6777586562951745,0.9652180473819224,0.9643904547071905,0.31903058353318536,0.19768928754192044,0.04850301295706394,0.65,,,,,,"[[116,166],[0,282]]",0.7056737588652482,True,False,False
results/timm_dinov3_convnext_lora_test/stop4b_cost_ratio_breakhis_dinov3_convnext_lora_breakhis_balanced_costr20_timm_dinov3_convnext_lora_nicme_hybrid_seed42_04-29_03-41/metrics_20260429_034126_nicme_hybrid.json,results/timm_dinov3_convnext_lora_test/stop4b_cost_ratio_breakhis_dinov3_convnext_lora_breakhis_balanced_costr20_timm_dinov3_convnext_lora_nicme_hybrid_seed42_04-29_03-41,breakhis_balanced,timm_dinov3_convnext_lora,nicme_hybrid,42,calibrated_threshold,malignant,0.97,0.85,accuracy,20.0,"[[0.0,1.0],[20.0,0.0]]","{""0"":0.5,""1"":0.5}",0.008953900709219859,0.008953900709219859,0.17907801418439717,,0.9964539007092199,0.0035460992907801418,0.7762430939226519,0.2872340425531915,0.8546099290780141,0.8546099290780143,0.8516246599250552,0.9652180473819224,0.9643904547071905,0.31903058353318536,0.19768928754192044,0.04850301295706394,0.65,0.42060747914729324,0.011245353159851302,0.9888475836431226,0.8810408921933085,0.011245353159851302,"[[201,81],[1,281]]",0.8546099290780141,True,True,True
results/timm_dinov3_convnext_lora_test/stop4b_cost_ratio_breakhis_dinov3_convnext_lora_breakhis_balanced_costr20_timm_dinov3_convnext_lora_ce_calibrated_cost_min_seed43_04-29_03-47/metrics_20260429_034724_ce_calibrated_cost_min.json,results/timm_dinov3_convnext_lora_test/stop4b_cost_ratio_breakhis_dinov3_convnext_lora_breakhis_balanced_costr20_timm_dinov3_convnext_lora_ce_calibrated_cost_min_seed43_04-29_03-47,breakhis_balanced,timm_dinov3_convnext_lora,ce_calibrated_cost_min,43,argmax,malignant,0.97,0.85,accuracy,20.0,"[[0.0,1.0],[20.0,0.0]]","{""0"":0.5,""1"":0.5}",0.01773049645390071,0.01773049645390071,0.3546099290780142,,0.975177304964539,0.024822695035460994,0.8208955223880597,0.2127659574468085,0.8812056737588653,0.8812056737588653,0.8801472943698916,0.9781072380664956,0.9794776153202325,0.35019890539710197,0.192450122111816,0.08452283015065157,,,,,,,"[[222,60],[7,275]]",0.8812056737588653,True,True,True
results/timm_dinov3_convnext_lora_test/stop4b_cost_ratio_breakhis_dinov3_convnext_lora_breakhis_balanced_costr20_timm_dinov3_convnext_lora_ce_calibrated_cost_min_seed43_04-29_03-47/metrics_20260429_034724_ce_calibrated_cost_min.json,results/timm_dinov3_convnext_lora_test/stop4b_cost_ratio_breakhis_dinov3_convnext_lora_breakhis_balanced_costr20_timm_dinov3_convnext_lora_ce_calibrated_cost_min_seed43_04-29_03-47,breakhis_balanced,timm_dinov3_convnext_lora,ce_calibrated_cost_min,43,calibrated_cost_min,malignant,0.97,0.85,accuracy,20.0,"[[0.0,1.0],[20.0,0.0]]","{""0"":0.5,""1"":0.5}",0.01955120466777324,0.011879432624113475,0.2375886524822695,,1.0,0.0,0.6778846153846154,0.475177304964539,0.7624113475177305,0.7624113475177305,0.7481975078296794,0.9781072380664956,0.9794776153202325,0.27101083045882435,0.1727162619297526,0.05209669337877147,1.6500000000000001,,,,,,"[[148,134],[0,282]]",0.7624113475177305,True,False,False
results/timm_dinov3_convnext_lora_test/stop4b_cost_ratio_breakhis_dinov3_convnext_lora_breakhis_balanced_costr20_timm_dinov3_convnext_lora_ce_calibrated_cost_min_seed43_04-29_03-47/metrics_20260429_034724_ce_calibrated_cost_min.json,results/timm_dinov3_convnext_lora_test/stop4b_cost_ratio_breakhis_dinov3_convnext_lora_breakhis_balanced_costr20_timm_dinov3_convnext_lora_ce_calibrated_cost_min_seed43_04-29_03-47,breakhis_balanced,timm_dinov3_convnext_lora,ce_calibrated_cost_min,43,calibrated_threshold,malignant,0.97,0.85,accuracy,20.0,"[[0.0,1.0],[20.0,0.0]]","{""0"":0.5,""1"":0.5}",0.013918439716312056,0.013918439716312056,0.2783687943262411,,0.9858156028368794,0.014184397163120567,0.7830985915492957,0.2730496453900709,0.8563829787234043,0.8563829787234043,0.8539359970840913,0.9781072380664956,0.9794776153202325,0.27101083045882435,0.1727162619297526,0.05209669337877147,1.6500000000000001,0.3386176966430448,0.011988847583643122,0.9888475836431226,0.8661710037174721,0.011988847583643122,"[[205,77],[4,278]]",0.8563829787234043,True,True,True
results/timm_dinov3_convnext_lora_test/stop4b_cost_ratio_breakhis_dinov3_convnext_lora_breakhis_balanced_costr20_timm_dinov3_convnext_lora_nicme_logit_adjustment_seed43_04-29_03-52/metrics_20260429_035253_nicme_logit_adjustment.json,results/timm_dinov3_convnext_lora_test/stop4b_cost_ratio_breakhis_dinov3_convnext_lora_breakhis_balanced_costr20_timm_dinov3_convnext_lora_nicme_logit_adjustment_seed43_04-29_03-52,breakhis_balanced,timm_dinov3_convnext_lora,nicme_logit_adjustment,43,argmax,malignant,0.97,0.85,accuracy,20.0,"[[0.0,1.0],[20.0,0.0]]","{""0"":0.5,""1"":0.5}",0.03549464815653136,0.03182624113475177,0.6365248226950354,,0.9397163120567376,0.06028368794326241,0.9330985915492958,0.0673758865248227,0.9361702127659575,0.9361702127659575,0.9361694101077676,0.9793395704441427,0.9755964812294652,0.18228200734798353,0.10735257253760629,0.023673867397274503,,,,,,,"[[263,19],[17,265]]",0.9361702127659575,False,True,False
results/timm_dinov3_convnext_lora_test/stop4b_cost_ratio_breakhis_dinov3_convnext_lora_breakhis_balanced_costr20_timm_dinov3_convnext_lora_nicme_logit_adjustment_seed43_04-29_03-52/metrics_20260429_035253_nicme_logit_adjustment.json,results/timm_dinov3_convnext_lora_test/stop4b_cost_ratio_breakhis_dinov3_convnext_lora_breakhis_balanced_costr20_timm_dinov3_convnext_lora_nicme_logit_adjustment_seed43_04-29_03-52,breakhis_balanced,timm_dinov3_convnext_lora,nicme_logit_adjustment,43,calibrated_cost_min,malignant,0.97,0.85,accuracy,20.0,"[[0.0,1.0],[20.0,0.0]]","{""0"":0.5,""1"":0.5}",0.0056737588652482265,0.0056737588652482265,0.11347517730496454,,1.0,0.0,0.815028901734104,0.22695035460992907,0.8865248226950354,0.8865248226950355,0.8850445859872611,0.9793395704441427,0.9755953702961034,0.181211667018137,0.10667802895620664,0.02508600095150537,0.9,,,,,,"[[218,64],[0,282]]",0.8865248226950354,True,True,True
results/timm_dinov3_convnext_lora_test/stop4b_cost_ratio_breakhis_dinov3_convnext_lora_breakhis_balanced_costr20_timm_dinov3_convnext_lora_nicme_logit_adjustment_seed43_04-29_03-52/metrics_20260429_035253_nicme_logit_adjustment.json,results/timm_dinov3_convnext_lora_test/stop4b_cost_ratio_breakhis_dinov3_convnext_lora_breakhis_balanced_costr20_timm_dinov3_convnext_lora_nicme_logit_adjustment_seed43_04-29_03-52,breakhis_balanced,timm_dinov3_convnext_lora,nicme_logit_adjustment,43,calibrated_threshold,malignant,0.97,0.85,accuracy,20.0,"[[0.0,1.0],[20.0,0.0]]","{""0"":0.5,""1"":0.5}",0.0059397163120567375,0.0059397163120567375,0.11879432624113476,,1.0,0.0,0.8080229226361032,0.2375886524822695,0.8812056737588653,0.8812056737588653,0.8795052406355726,0.9793395704441427,0.9755953702961034,0.181211667018137,0.10667802895620664,0.02508600095150537,0.9,0.04371310562665779,0.007063197026022305,0.9962825278810409,0.8940520446096655,0.007063197026022305,"[[215,67],[0,282]]",0.8812056737588653,True,True,True
results/timm_dinov3_convnext_lora_test/stop4b_cost_ratio_breakhis_dinov3_convnext_lora_breakhis_balanced_costr20_timm_dinov3_convnext_lora_nicme_hybrid_seed43_04-29_03-55/metrics_20260429_035600_nicme_hybrid.json,results/timm_dinov3_convnext_lora_test/stop4b_cost_ratio_breakhis_dinov3_convnext_lora_breakhis_balanced_costr20_timm_dinov3_convnext_lora_nicme_hybrid_seed43_04-29_03-55,breakhis_balanced,timm_dinov3_convnext_lora,nicme_hybrid,43,argmax,malignant,0.97,0.85,accuracy,20.0,"[[0.0,1.0],[20.0,0.0]]","{""0"":0.5,""1"":0.5}",0.025590468286303507,0.025265957446808512,0.5053191489361702,,0.9609929078014184,0.03900709219858156,0.8065476190476191,0.23049645390070922,0.8652482269503546,0.8652482269503545,0.8640015229392728,0.9727629394899654,0.9747346756594942,0.5674806990252738,0.37671468159401633,0.287671444158182,,,,,,,"[[217,65],[11,271]]",0.8652482269503546,False,True,False
results/timm_dinov3_convnext_lora_test/stop4b_cost_ratio_breakhis_dinov3_convnext_lora_breakhis_balanced_costr20_timm_dinov3_convnext_lora_nicme_hybrid_seed43_04-29_03-55/metrics_20260429_035600_nicme_hybrid.json,results/timm_dinov3_convnext_lora_test/stop4b_cost_ratio_breakhis_dinov3_convnext_lora_breakhis_balanced_costr20_timm_dinov3_convnext_lora_nicme_hybrid_seed43_04-29_03-55,breakhis_balanced,timm_dinov3_convnext_lora,nicme_hybrid,43,calibrated_cost_min,malignant,0.97,0.85,accuracy,20.0,"[[0.0,1.0],[20.0,0.0]]","{""0"":0.5,""1"":0.5}",0.1475,0.025,0.5,,1.0,0.0,0.5,1.0,0.5,0.5,0.3333333333333333,0.9727629394899654,0.9747346756594942,0.47453794019389006,0.29416034214209663,0.22942550688116725,0.5,,,,,,"[[0,282],[0,282]]",0.5,True,False,False
results/timm_dinov3_convnext_lora_test/stop4b_cost_ratio_breakhis_dinov3_convnext_lora_breakhis_balanced_costr20_timm_dinov3_convnext_lora_nicme_hybrid_seed43_04-29_03-55/metrics_20260429_035600_nicme_hybrid.json,results/timm_dinov3_convnext_lora_test/stop4b_cost_ratio_breakhis_dinov3_convnext_lora_breakhis_balanced_costr20_timm_dinov3_convnext_lora_nicme_hybrid_seed43_04-29_03-55,breakhis_balanced,timm_dinov3_convnext_lora,nicme_hybrid,43,calibrated_threshold,malignant,0.97,0.85,accuracy,20.0,"[[0.0,1.0],[20.0,0.0]]","{""0"":0.5,""1"":0.5}",0.0276324933353453,0.026595744680851064,0.5319148936170213,,0.9539007092198581,0.04609929078014184,0.8705501618122977,0.14184397163120568,0.9060283687943262,0.9060283687943262,0.9058125135883692,0.9727629394899654,0.9747346756594942,0.47453794019389006,0.29416034214209663,0.22942550688116725,0.5,0.5315141454048333,0.006598513011152417,0.9962825278810409,0.9033457249070632,0.006598513011152417,"[[242,40],[13,269]]",0.9060283687943262,False,True,False
results/timm_dinov3_convnext_lora_test/stop4b_cost_ratio_breakhis_dinov3_convnext_lora_breakhis_balanced_costr20_timm_dinov3_convnext_lora_ce_calibrated_cost_min_seed44_04-29_04-00/metrics_20260429_040057_ce_calibrated_cost_min.json,results/timm_dinov3_convnext_lora_test/stop4b_cost_ratio_breakhis_dinov3_convnext_lora_breakhis_balanced_costr20_timm_dinov3_convnext_lora_ce_calibrated_cost_min_seed44_04-29_04-00,breakhis_balanced,timm_dinov3_convnext_lora,ce_calibrated_cost_min,44,argmax,malignant,0.97,0.85,accuracy,20.0,"[[0.0,1.0],[20.0,0.0]]","{""0"":0.5,""1"":0.5}",0.02867142497862279,0.027127659574468083,0.5425531914893617,,0.950354609929078,0.04964539007092199,0.9115646258503401,0.09219858156028368,0.9290780141843972,0.9290780141843972,0.9290458937198068,0.9850108143453549,0.9852730016549369,0.16463100232685743,0.10240959967293987,0.020051388030356533,,,,,,,"[[256,26],[14,268]]",0.9290780141843972,False,True,False
results/timm_dinov3_convnext_lora_test/stop4b_cost_ratio_breakhis_dinov3_convnext_lora_breakhis_balanced_costr20_timm_dinov3_convnext_lora_ce_calibrated_cost_min_seed44_04-29_04-00/metrics_20260429_040057_ce_calibrated_cost_min.json,results/timm_dinov3_convnext_lora_test/stop4b_cost_ratio_breakhis_dinov3_convnext_lora_breakhis_balanced_costr20_timm_dinov3_convnext_lora_ce_calibrated_cost_min_seed44_04-29_04-00,breakhis_balanced,timm_dinov3_convnext_lora,ce_calibrated_cost_min,44,calibrated_cost_min,malignant,0.97,0.85,accuracy,20.0,"[[0.0,1.0],[20.0,0.0]]","{""0"":0.5,""1"":0.5}",0.009131205673758866,0.009131205673758866,0.18262411347517732,,0.9964539007092199,0.0035460992907801418,0.771978021978022,0.29432624113475175,0.851063829787234,0.851063829787234,0.8478475906632581,0.9850108143453549,0.9852730016549369,0.16149754335402153,0.10085228496210095,0.018720128570196656,1.15,,,,,,"[[199,83],[1,281]]",0.851063829787234,True,True,True
results/timm_dinov3_convnext_lora_test/stop4b_cost_ratio_breakhis_dinov3_convnext_lora_breakhis_balanced_costr20_timm_dinov3_convnext_lora_ce_calibrated_cost_min_seed44_04-29_04-00/metrics_20260429_040057_ce_calibrated_cost_min.json,results/timm_dinov3_convnext_lora_test/stop4b_cost_ratio_breakhis_dinov3_convnext_lora_breakhis_balanced_costr20_timm_dinov3_convnext_lora_ce_calibrated_cost_min_seed44_04-29_04-00,breakhis_balanced,timm_dinov3_convnext_lora,ce_calibrated_cost_min,44,calibrated_threshold,malignant,0.97,0.85,accuracy,20.0,"[[0.0,1.0],[20.0,0.0]]","{""0"":0.5,""1"":0.5}",0.009131205673758866,0.009131205673758866,0.18262411347517732,,0.9964539007092199,0.0035460992907801418,0.771978021978022,0.29432624113475175,0.851063829787234,0.851063829787234,0.8478475906632581,0.9850108143453549,0.9852730016549369,0.16149754335402153,0.10085228496210095,0.018720128570196656,1.15,0.047310867366692926,0.005947955390334572,1.0,0.8810408921933085,0.005947955390334572,"[[199,83],[1,281]]",0.851063829787234,True,True,True
results/timm_dinov3_convnext_lora_test/stop4b_cost_ratio_breakhis_dinov3_convnext_lora_breakhis_balanced_costr20_timm_dinov3_convnext_lora_nicme_logit_adjustment_seed44_04-29_04-04/metrics_20260429_040430_nicme_logit_adjustment.json,results/timm_dinov3_convnext_lora_test/stop4b_cost_ratio_breakhis_dinov3_convnext_lora_breakhis_balanced_costr20_timm_dinov3_convnext_lora_nicme_logit_adjustment_seed44_04-29_04-04,breakhis_balanced,timm_dinov3_convnext_lora,nicme_logit_adjustment,44,argmax,malignant,0.97,0.85,accuracy,20.0,"[[0.0,1.0],[20.0,0.0]]","{""0"":0.5,""1"":0.5}",0.029203339872239817,0.027659574468085108,0.5531914893617021,,0.950354609929078,0.04964539007092199,0.8933333333333333,0.11347517730496454,0.9184397163120568,0.9184397163120568,0.9183565575318152,0.9774910718776721,0.9779017256701831,0.21540652779604605,0.12474401187764785,0.042412185605536126,,,,,,,"[[250,32],[14,268]]",0.9184397163120568,False,True,False
results/timm_dinov3_convnext_lora_test/stop4b_cost_ratio_breakhis_dinov3_convnext_lora_breakhis_balanced_costr20_timm_dinov3_convnext_lora_nicme_logit_adjustment_seed44_04-29_04-04/metrics_20260429_040430_nicme_logit_adjustment.json,results/timm_dinov3_convnext_lora_test/stop4b_cost_ratio_breakhis_dinov3_convnext_lora_breakhis_balanced_costr20_timm_dinov3_convnext_lora_nicme_logit_adjustment_seed44_04-29_04-04,breakhis_balanced,timm_dinov3_convnext_lora,nicme_logit_adjustment,44,calibrated_cost_min,malignant,0.97,0.85,accuracy,20.0,"[[0.0,1.0],[20.0,0.0]]","{""0"":0.5,""1"":0.5}",0.012621221266535886,0.012056737588652482,0.24113475177304963,,0.9929078014184397,0.0070921985815602835,0.7446808510638298,0.3404255319148936,0.8262411347517731,0.8262411347517731,0.8212765957446808,0.9774910718776721,0.9779017256701831,0.2006266424090208,0.11992304752266499,0.020996651774479035,0.6,,,,,,"[[186,96],[2,280]]",0.8262411347517731,True,False,False
results/timm_dinov3_convnext_lora_test/stop4b_cost_ratio_breakhis_dinov3_convnext_lora_breakhis_balanced_costr20_timm_dinov3_convnext_lora_nicme_logit_adjustment_seed44_04-29_04-04/metrics_20260429_040430_nicme_logit_adjustment.json,results/timm_dinov3_convnext_lora_test/stop4b_cost_ratio_breakhis_dinov3_convnext_lora_breakhis_balanced_costr20_timm_dinov3_convnext_lora_nicme_logit_adjustment_seed44_04-29_04-04,breakhis_balanced,timm_dinov3_convnext_lora,nicme_logit_adjustment,44,calibrated_threshold,malignant,0.97,0.85,accuracy,20.0,"[[0.0,1.0],[20.0,0.0]]","{""0"":0.5,""1"":0.5}",0.014095744680851063,0.014095744680851063,0.28191489361702127,,0.9822695035460993,0.01773049645390071,0.8244047619047619,0.20921985815602837,0.8865248226950354,0.8865248226950355,0.8854749666857034,0.9774910718776721,0.9779017256701831,0.2006266424090208,0.11992304752266499,0.020996651774479035,0.6,0.232727956073213,0.00362453531598513,1.0,0.9275092936802974,0.00362453531598513,"[[223,59],[5,277]]",0.8865248226950354,True,True,True
results/timm_dinov3_convnext_lora_test/stop4b_cost_ratio_breakhis_dinov3_convnext_lora_breakhis_balanced_costr20_timm_dinov3_convnext_lora_nicme_hybrid_seed44_04-29_04-07/metrics_20260429_040806_nicme_hybrid.json,results/timm_dinov3_convnext_lora_test/stop4b_cost_ratio_breakhis_dinov3_convnext_lora_breakhis_balanced_costr20_timm_dinov3_convnext_lora_nicme_hybrid_seed44_04-29_04-07,breakhis_balanced,timm_dinov3_convnext_lora,nicme_hybrid,44,argmax,malignant,0.97,0.85,accuracy,20.0,"[[0.0,1.0],[20.0,0.0]]","{""0"":0.5,""1"":0.5}",0.012588652482269503,0.012588652482269503,0.25177304964539005,,0.9858156028368794,0.014184397163120567,0.8176470588235294,0.2198581560283688,0.8829787234042553,0.8829787234042553,0.8817279463162309,0.9789371761983805,0.9772094052916223,0.3210307325230952,0.1851726152359033,0.10577778740132106,,,,,,,"[[220,62],[4,278]]",0.8829787234042553,True,True,True
results/timm_dinov3_convnext_lora_test/stop4b_cost_ratio_breakhis_dinov3_convnext_lora_breakhis_balanced_costr20_timm_dinov3_convnext_lora_nicme_hybrid_seed44_04-29_04-07/metrics_20260429_040806_nicme_hybrid.json,results/timm_dinov3_convnext_lora_test/stop4b_cost_ratio_breakhis_dinov3_convnext_lora_breakhis_balanced_costr20_timm_dinov3_convnext_lora_nicme_hybrid_seed44_04-29_04-07,breakhis_balanced,timm_dinov3_convnext_lora,nicme_hybrid,44,calibrated_cost_min,malignant,0.97,0.85,accuracy,20.0,"[[0.0,1.0],[20.0,0.0]]","{""0"":0.5,""1"":0.5}",0.06544929832503393,0.018351063829787233,0.3670212765957447,,1.0,0.0,0.5766871165644172,0.7340425531914894,0.6329787234042553,0.6329787234042553,0.5758427884772586,0.9789371761983805,0.9772094052916223,0.25983531849964764,0.157867468396084,0.02592939285347362,0.5,,,,,,"[[75,207],[0,282]]",0.6329787234042553,True,False,False
results/timm_dinov3_convnext_lora_test/stop4b_cost_ratio_breakhis_dinov3_convnext_lora_breakhis_balanced_costr20_timm_dinov3_convnext_lora_nicme_hybrid_seed44_04-29_04-07/metrics_20260429_040806_nicme_hybrid.json,results/timm_dinov3_convnext_lora_test/stop4b_cost_ratio_breakhis_dinov3_convnext_lora_breakhis_balanced_costr20_timm_dinov3_convnext_lora_nicme_hybrid_seed44_04-29_04-07,breakhis_balanced,timm_dinov3_convnext_lora,nicme_hybrid,44,calibrated_threshold,malignant,0.97,0.85,accuracy,20.0,"[[0.0,1.0],[20.0,0.0]]","{""0"":0.5,""1"":0.5}",0.01446846235098838,0.014450354609929078,0.28900709219858156,,0.9858156028368794,0.014184397163120567,0.7700831024930748,0.29432624113475175,0.8457446808510638,0.8457446808510638,0.8426576453800644,0.9789371761983805,0.9772094052916223,0.25983531849964764,0.157867468396084,0.02592939285347362,0.5,0.3746250776018949,0.008271375464684014,0.9962825278810409,0.8698884758364313,0.008271375464684014,"[[199,83],[4,278]]",0.8457446808510638,True,False,False
