metrics_file,run_dir,dataset,model,method,seed,mode,target_class,target_recall_floor,accuracy_floor,selection_accuracy_metric,cost_ratio,cost_matrix,test_class_prevalence,selection_score,normalized_atc,atc,crr,target_recall,target_fnr,target_precision,target_fpr,accuracy,balanced_accuracy,macro_f1,auroc,auprc,nll,brier,ece,temperature,threshold,calibration_selection_score,calibration_target_recall,calibration_accuracy,calibration_normalized_atc,confusion_matrix,selected_accuracy,recall_floor_met,accuracy_floor_met,all_floors_met
results/vit_test/stop3b_imbalance_decoupling_spider_target_minority_vit_ce_seed42_04-28_16-08/metrics_20260428_160821_ce.json,results/vit_test/stop3b_imbalance_decoupling_spider_target_minority_vit_ce_seed42_04-28_16-08,spider_target_minority,vit,ce,42,argmax,black_widow,0.95,0.75,balanced_accuracy,,"[[0.0,10.0],[1.0,0.0]]","{""0"":0.25,""1"":0.75}",0.018,0.018,0.18,,0.96,0.04,0.75,0.10666666666666667,0.91,0.9266666666666666,0.8895841001104159,0.9682666666666666,0.9883949660751372,0.23999327729337566,0.13718890439869366,0.06445191383361816,,,,,,,"[[48,2],[16,134]]",0.9266666666666666,True,True,True
results/vit_test/stop3b_imbalance_decoupling_spider_target_minority_vit_ce_seed42_04-28_16-08/metrics_20260428_160821_ce.json,results/vit_test/stop3b_imbalance_decoupling_spider_target_minority_vit_ce_seed42_04-28_16-08,spider_target_minority,vit,ce,42,calibrated_cost_min,black_widow,0.95,0.75,balanced_accuracy,,"[[0.0,10.0],[1.0,0.0]]","{""0"":0.25,""1"":0.75}",0.018,0.018,0.18,,0.98,0.02,0.6533333333333333,0.17333333333333334,0.865,0.9033333333333333,0.8429090909090908,0.9682666666666666,0.9883949660751369,0.21065715560022547,0.12733528714695214,0.04386215138011779,0.6,,,,,,"[[49,1],[26,124]]",0.9033333333333333,True,True,True
results/vit_test/stop3b_imbalance_decoupling_spider_target_minority_vit_ce_seed42_04-28_16-08/metrics_20260428_160821_ce.json,results/vit_test/stop3b_imbalance_decoupling_spider_target_minority_vit_ce_seed42_04-28_16-08,spider_target_minority,vit,ce,42,calibrated_threshold,black_widow,0.95,0.75,balanced_accuracy,,"[[0.0,10.0],[1.0,0.0]]","{""0"":0.25,""1"":0.75}",0.018,0.018,0.18,,0.96,0.04,0.75,0.10666666666666667,0.91,0.9266666666666666,0.8895841001104159,0.9682666666666666,0.9883949660751369,0.21065715560022547,0.12733528714695214,0.04386215138011779,0.6,0.47415960056111844,0.015,0.96,0.9466666666666667,0.015,"[[48,2],[16,134]]",0.9266666666666666,True,True,True
results/vit_test/stop3b_imbalance_decoupling_spider_target_minority_vit_ce_calibrated_cost_min_seed42_04-28_16-09/metrics_20260428_160932_ce_calibrated_cost_min.json,results/vit_test/stop3b_imbalance_decoupling_spider_target_minority_vit_ce_calibrated_cost_min_seed42_04-28_16-09,spider_target_minority,vit,ce_calibrated_cost_min,42,argmax,black_widow,0.95,0.75,balanced_accuracy,,"[[0.0,10.0],[1.0,0.0]]","{""0"":0.25,""1"":0.75}",0.09339999999999998,0.045,0.45,,0.84,0.16,0.8076923076923077,0.06666666666666667,0.91,0.8866666666666667,0.8815633636004737,0.9681333333333333,0.9900601358692094,0.21461005070579206,0.12661511006428222,0.051993768811225874,,,,,,,"[[42,8],[10,140]]",0.8866666666666667,False,True,False
results/vit_test/stop3b_imbalance_decoupling_spider_target_minority_vit_ce_calibrated_cost_min_seed42_04-28_16-09/metrics_20260428_160932_ce_calibrated_cost_min.json,results/vit_test/stop3b_imbalance_decoupling_spider_target_minority_vit_ce_calibrated_cost_min_seed42_04-28_16-09,spider_target_minority,vit,ce_calibrated_cost_min,42,calibrated_cost_min,black_widow,0.95,0.75,balanced_accuracy,,"[[0.0,10.0],[1.0,0.0]]","{""0"":0.25,""1"":0.75}",0.018,0.018,0.18,,0.98,0.02,0.6533333333333333,0.17333333333333334,0.865,0.9033333333333333,0.8429090909090908,0.9681333333333333,0.9900601358692094,0.20993354775062378,0.126955737195274,0.03530038927861085,0.9,,,,,,"[[49,1],[26,124]]",0.9033333333333333,True,True,True
results/vit_test/stop3b_imbalance_decoupling_spider_target_minority_vit_ce_calibrated_cost_min_seed42_04-28_16-09/metrics_20260428_160932_ce_calibrated_cost_min.json,results/vit_test/stop3b_imbalance_decoupling_spider_target_minority_vit_ce_calibrated_cost_min_seed42_04-28_16-09,spider_target_minority,vit,ce_calibrated_cost_min,42,calibrated_threshold,black_widow,0.95,0.75,balanced_accuracy,,"[[0.0,10.0],[1.0,0.0]]","{""0"":0.25,""1"":0.75}",0.022,0.022,0.22,,1.0,0.0,0.5319148936170213,0.29333333333333333,0.78,0.8533333333333333,0.7612847222222222,0.9681333333333333,0.9900601358692094,0.20993354775062378,0.126955737195274,0.03530038927861085,0.9,0.039775936278876003,0.026000000000000002,0.98,0.85,0.026000000000000002,"[[50,0],[44,106]]",0.8533333333333333,True,True,True
results/vit_test/stop3b_imbalance_decoupling_spider_target_minority_vit_menon_logit_adjusted_seed42_04-28_16-10/metrics_20260428_161043_menon_logit_adjusted.json,results/vit_test/stop3b_imbalance_decoupling_spider_target_minority_vit_menon_logit_adjusted_seed42_04-28_16-10,spider_target_minority,vit,menon_logit_adjusted,42,argmax,black_widow,0.95,0.75,balanced_accuracy,,"[[0.0,10.0],[1.0,0.0]]","{""0"":0.25,""1"":0.75}",0.03009999999999998,0.026500000000000003,0.265,,0.92,0.08,0.7796610169491526,0.08666666666666667,0.915,0.9166666666666667,0.8928087266307261,0.9762666666666668,0.9925025342390816,0.25609708743141774,0.13725147909461602,0.04507769882678984,,,,,,,"[[46,4],[13,137]]",0.9166666666666667,False,True,False
results/vit_test/stop3b_imbalance_decoupling_spider_target_minority_vit_menon_logit_adjusted_seed42_04-28_16-10/metrics_20260428_161043_menon_logit_adjusted.json,results/vit_test/stop3b_imbalance_decoupling_spider_target_minority_vit_menon_logit_adjusted_seed42_04-28_16-10,spider_target_minority,vit,menon_logit_adjusted,42,calibrated_cost_min,black_widow,0.95,0.75,balanced_accuracy,,"[[0.0,10.0],[1.0,0.0]]","{""0"":0.25,""1"":0.75}",0.020999999999999998,0.020999999999999998,0.21,,1.0,0.0,0.5434782608695652,0.28,0.79,0.86,0.7707173272191287,0.9762666666666668,0.9925025342390816,0.2554280108427162,0.13743129837347098,0.043675327633659715,1.05,,,,,,"[[50,0],[42,108]]",0.86,True,True,True
results/vit_test/stop3b_imbalance_decoupling_spider_target_minority_vit_menon_logit_adjusted_seed42_04-28_16-10/metrics_20260428_161043_menon_logit_adjusted.json,results/vit_test/stop3b_imbalance_decoupling_spider_target_minority_vit_menon_logit_adjusted_seed42_04-28_16-10,spider_target_minority,vit,menon_logit_adjusted,42,calibrated_threshold,black_widow,0.95,0.75,balanced_accuracy,,"[[0.0,10.0],[1.0,0.0]]","{""0"":0.25,""1"":0.75}",0.011,0.011,0.11,,1.0,0.0,0.6944444444444444,0.14666666666666667,0.89,0.9266666666666667,0.8702677202500295,0.9762666666666668,0.9925025342390816,0.2554280108427162,0.13743129837347098,0.043675327633659715,1.05,0.23396623830158841,0.0095,1.0,0.9366666666666666,0.0095,"[[50,0],[22,128]]",0.9266666666666667,True,True,True
results/vit_test/stop3b_imbalance_decoupling_spider_target_minority_vit_cs_regularized_ce_seed42_04-28_16-11/metrics_20260428_161154_cs_regularized_ce.json,results/vit_test/stop3b_imbalance_decoupling_spider_target_minority_vit_cs_regularized_ce_seed42_04-28_16-11,spider_target_minority,vit,cs_regularized_ce,42,argmax,black_widow,0.95,0.75,balanced_accuracy,,"[[0.0,10.0],[1.0,0.0]]","{""0"":0.25,""1"":0.75}",0.09339999999999998,0.045,0.45,,0.84,0.16,0.8076923076923077,0.06666666666666667,0.91,0.8866666666666667,0.8815633636004737,0.9684,0.9900075683891821,0.22651622085690967,0.13697616056841994,0.05625817507505419,,,,,,,"[[42,8],[10,140]]",0.8866666666666667,False,True,False
results/vit_test/stop3b_imbalance_decoupling_spider_target_minority_vit_cs_regularized_ce_seed42_04-28_16-11/metrics_20260428_161154_cs_regularized_ce.json,results/vit_test/stop3b_imbalance_decoupling_spider_target_minority_vit_cs_regularized_ce_seed42_04-28_16-11,spider_target_minority,vit,cs_regularized_ce,42,calibrated_cost_min,black_widow,0.95,0.75,balanced_accuracy,,"[[0.0,10.0],[1.0,0.0]]","{""0"":0.25,""1"":0.75}",0.016,0.016,0.16,,0.98,0.02,0.6901408450704225,0.14666666666666667,0.885,0.9166666666666667,0.8637400396931189,0.9684,0.9900075683891821,0.22613993870956733,0.1390739098091663,0.07042182405528101,0.9,,,,,,"[[49,1],[22,128]]",0.9166666666666667,True,True,True
results/vit_test/stop3b_imbalance_decoupling_spider_target_minority_vit_cs_regularized_ce_seed42_04-28_16-11/metrics_20260428_161154_cs_regularized_ce.json,results/vit_test/stop3b_imbalance_decoupling_spider_target_minority_vit_cs_regularized_ce_seed42_04-28_16-11,spider_target_minority,vit,cs_regularized_ce,42,calibrated_threshold,black_widow,0.95,0.75,balanced_accuracy,,"[[0.0,10.0],[1.0,0.0]]","{""0"":0.25,""1"":0.75}",0.017499999999999998,0.017499999999999998,0.175,,1.0,0.0,0.5882352941176471,0.23333333333333334,0.825,0.8833333333333333,0.8043326345213138,0.9684,0.9900075683891821,0.22613993870956733,0.1390739098091663,0.07042182405528101,0.9,0.04490586087998391,0.0165,1.0,0.89,0.0165,"[[50,0],[35,115]]",0.8833333333333333,True,True,True
results/vit_test/stop3b_imbalance_decoupling_spider_target_minority_vit_nicme_logit_adjustment_seed42_04-28_16-12/metrics_20260428_161256_nicme_logit_adjustment.json,results/vit_test/stop3b_imbalance_decoupling_spider_target_minority_vit_nicme_logit_adjustment_seed42_04-28_16-12,spider_target_minority,vit,nicme_logit_adjustment,42,argmax,black_widow,0.95,0.75,balanced_accuracy,,"[[0.0,10.0],[1.0,0.0]]","{""0"":0.25,""1"":0.75}",0.013500000000000002,0.013500000000000002,0.135,,0.98,0.02,0.7424242424242424,0.11333333333333333,0.91,0.9333333333333333,0.8907236522583779,0.9790666666666666,0.9933695928941904,0.31582547196927924,0.17403073409534697,0.14765872687101364,,,,,,,"[[49,1],[17,133]]",0.9333333333333333,True,True,True
results/vit_test/stop3b_imbalance_decoupling_spider_target_minority_vit_nicme_logit_adjustment_seed42_04-28_16-12/metrics_20260428_161256_nicme_logit_adjustment.json,results/vit_test/stop3b_imbalance_decoupling_spider_target_minority_vit_nicme_logit_adjustment_seed42_04-28_16-12,spider_target_minority,vit,nicme_logit_adjustment,42,calibrated_cost_min,black_widow,0.95,0.75,balanced_accuracy,,"[[0.0,10.0],[1.0,0.0]]","{""0"":0.25,""1"":0.75}",0.028000000000000004,0.028000000000000004,0.28,,1.0,0.0,0.4716981132075472,0.37333333333333335,0.72,0.8133333333333334,0.7057587221521648,0.9790666666666666,0.9933695928941904,0.22346272673229758,0.1309332033794667,0.05429855204512284,0.5,,,,,,"[[50,0],[56,94]]",0.8133333333333334,True,True,True
results/vit_test/stop3b_imbalance_decoupling_spider_target_minority_vit_nicme_logit_adjustment_seed42_04-28_16-12/metrics_20260428_161256_nicme_logit_adjustment.json,results/vit_test/stop3b_imbalance_decoupling_spider_target_minority_vit_nicme_logit_adjustment_seed42_04-28_16-12,spider_target_minority,vit,nicme_logit_adjustment,42,calibrated_threshold,black_widow,0.95,0.75,balanced_accuracy,,"[[0.0,10.0],[1.0,0.0]]","{""0"":0.25,""1"":0.75}",0.017,0.017,0.17,,0.98,0.02,0.6712328767123288,0.16,0.875,0.9099999999999999,0.8532476299492238,0.9790666666666666,0.9933695928941904,0.22346272673229758,0.1309332033794667,0.05429855204512284,0.5,0.3677515064166704,0.017499999999999998,0.98,0.9066666666666667,0.017499999999999998,"[[49,1],[24,126]]",0.9099999999999999,True,True,True
results/vit_test/stop3b_imbalance_decoupling_spider_target_minority_vit_nicme_hybrid_seed42_04-28_16-14/metrics_20260428_161407_nicme_hybrid.json,results/vit_test/stop3b_imbalance_decoupling_spider_target_minority_vit_nicme_hybrid_seed42_04-28_16-14,spider_target_minority,vit,nicme_hybrid,42,argmax,black_widow,0.95,0.75,balanced_accuracy,,"[[0.0,10.0],[1.0,0.0]]","{""0"":0.25,""1"":0.75}",0.025900000000000003,0.025500000000000002,0.255,,0.94,0.06,0.6911764705882353,0.14,0.88,0.8999999999999999,0.855751893256401,0.9663999999999999,0.9889410942750918,0.30430290985931435,0.17840116385259008,0.08752120405435561,,,,,,,"[[47,3],[21,129]]",0.8999999999999999,False,True,False
results/vit_test/stop3b_imbalance_decoupling_spider_target_minority_vit_nicme_hybrid_seed42_04-28_16-14/metrics_20260428_161407_nicme_hybrid.json,results/vit_test/stop3b_imbalance_decoupling_spider_target_minority_vit_nicme_hybrid_seed42_04-28_16-14,spider_target_minority,vit,nicme_hybrid,42,calibrated_cost_min,black_widow,0.95,0.75,balanced_accuracy,,"[[0.0,10.0],[1.0,0.0]]","{""0"":0.25,""1"":0.75}",0.027500000000000004,0.027500000000000004,0.275,,1.0,0.0,0.47619047619047616,0.36666666666666664,0.725,0.8166666666666667,0.7103357472021066,0.9663999999999999,0.9889410942750918,0.2525247307853227,0.1618974353752235,0.04277683343708525,0.55,,,,,,"[[50,0],[55,95]]",0.8166666666666667,True,True,True
results/vit_test/stop3b_imbalance_decoupling_spider_target_minority_vit_nicme_hybrid_seed42_04-28_16-14/metrics_20260428_161407_nicme_hybrid.json,results/vit_test/stop3b_imbalance_decoupling_spider_target_minority_vit_nicme_hybrid_seed42_04-28_16-14,spider_target_minority,vit,nicme_hybrid,42,calibrated_threshold,black_widow,0.95,0.75,balanced_accuracy,,"[[0.0,10.0],[1.0,0.0]]","{""0"":0.25,""1"":0.75}",0.028000000000000004,0.028000000000000004,0.28,,1.0,0.0,0.4716981132075472,0.37333333333333335,0.72,0.8133333333333334,0.7057587221521648,0.9663999999999999,0.9889410942750918,0.2525247307853227,0.1618974353752235,0.04277683343708525,0.55,0.0892685008995233,0.0225,1.0,0.85,0.0225,"[[50,0],[56,94]]",0.8133333333333334,True,True,True
results/vit_test/stop3b_imbalance_decoupling_spider_target_minority_vit_ce_seed43_04-28_16-15/metrics_20260428_161527_ce.json,results/vit_test/stop3b_imbalance_decoupling_spider_target_minority_vit_ce_seed43_04-28_16-15,spider_target_minority,vit,ce,43,argmax,black_widow,0.95,0.75,balanced_accuracy,,"[[0.0,10.0],[1.0,0.0]]","{""0"":0.25,""1"":0.75}",0.24489999999999995,0.0685,0.685,,0.74,0.26,0.8409090909090909,0.04666666666666667,0.9,0.8466666666666667,0.8609372827145043,0.9640000000000001,0.9879259296937988,0.24115669038735443,0.14493698628644347,0.042874352931976334,,,,,,,"[[37,13],[7,143]]",0.8466666666666667,False,True,False
results/vit_test/stop3b_imbalance_decoupling_spider_target_minority_vit_ce_seed43_04-28_16-15/metrics_20260428_161527_ce.json,results/vit_test/stop3b_imbalance_decoupling_spider_target_minority_vit_ce_seed43_04-28_16-15,spider_target_minority,vit,ce,43,calibrated_cost_min,black_widow,0.95,0.75,balanced_accuracy,,"[[0.0,10.0],[1.0,0.0]]","{""0"":0.25,""1"":0.75}",0.032599999999999976,0.028999999999999998,0.29,,0.92,0.08,0.71875,0.12,0.89,0.9,0.8650472334682862,0.9640000000000001,0.9879259296937988,0.24115669054865954,0.1449369847378643,0.04287434941479352,1.0,,,,,,"[[46,4],[18,132]]",0.9,False,True,False
results/vit_test/stop3b_imbalance_decoupling_spider_target_minority_vit_ce_seed43_04-28_16-15/metrics_20260428_161527_ce.json,results/vit_test/stop3b_imbalance_decoupling_spider_target_minority_vit_ce_seed43_04-28_16-15,spider_target_minority,vit,ce,43,calibrated_threshold,black_widow,0.95,0.75,balanced_accuracy,,"[[0.0,10.0],[1.0,0.0]]","{""0"":0.25,""1"":0.75}",0.026500000000000003,0.026500000000000003,0.265,,0.96,0.04,0.5925925925925926,0.22,0.825,0.87,0.8013564516586736,0.9640000000000001,0.9879259296937988,0.24115669054865954,0.1449369847378643,0.04287434941479352,1.0,0.04989544214430312,0.016,0.98,0.9166666666666667,0.016,"[[48,2],[33,117]]",0.87,True,True,True
results/vit_test/stop3b_imbalance_decoupling_spider_target_minority_vit_ce_calibrated_cost_min_seed43_04-28_16-16/metrics_20260428_161637_ce_calibrated_cost_min.json,results/vit_test/stop3b_imbalance_decoupling_spider_target_minority_vit_ce_calibrated_cost_min_seed43_04-28_16-16,spider_target_minority,vit,ce_calibrated_cost_min,43,argmax,black_widow,0.95,0.75,balanced_accuracy,,"[[0.0,10.0],[1.0,0.0]]","{""0"":0.25,""1"":0.75}",0.09489999999999998,0.0465,0.465,,0.84,0.16,0.7636363636363637,0.08666666666666667,0.895,0.8766666666666667,0.864406779661017,0.9596,0.9864352564920206,0.2434272540166183,0.1447281336136842,0.05112318247556684,,,,,,,"[[42,8],[13,137]]",0.8766666666666667,False,True,False
results/vit_test/stop3b_imbalance_decoupling_spider_target_minority_vit_ce_calibrated_cost_min_seed43_04-28_16-16/metrics_20260428_161637_ce_calibrated_cost_min.json,results/vit_test/stop3b_imbalance_decoupling_spider_target_minority_vit_ce_calibrated_cost_min_seed43_04-28_16-16,spider_target_minority,vit,ce_calibrated_cost_min,43,calibrated_cost_min,black_widow,0.95,0.75,balanced_accuracy,,"[[0.0,10.0],[1.0,0.0]]","{""0"":0.25,""1"":0.75}",0.0294,0.028999999999999998,0.29,,0.94,0.06,0.6266666666666667,0.18666666666666668,0.845,0.8766666666666667,0.8196363636363636,0.9596,0.9864352564920206,0.2378262591558009,0.14616979883189254,0.0320201131427225,0.8,,,,,,"[[47,3],[28,122]]",0.8766666666666667,False,True,False
results/vit_test/stop3b_imbalance_decoupling_spider_target_minority_vit_ce_calibrated_cost_min_seed43_04-28_16-16/metrics_20260428_161637_ce_calibrated_cost_min.json,results/vit_test/stop3b_imbalance_decoupling_spider_target_minority_vit_ce_calibrated_cost_min_seed43_04-28_16-16,spider_target_minority,vit,ce_calibrated_cost_min,43,calibrated_threshold,black_widow,0.95,0.75,balanced_accuracy,,"[[0.0,10.0],[1.0,0.0]]","{""0"":0.25,""1"":0.75}",0.020499999999999997,0.020499999999999997,0.205,,1.0,0.0,0.5494505494505495,0.2733333333333333,0.795,0.8633333333333333,0.7754593499274351,0.9596,0.9864352564920206,0.2378262591558009,0.14616979883189254,0.0320201131427225,0.8,0.04970453803232761,0.022,0.98,0.8766666666666667,0.022,"[[50,0],[41,109]]",0.8633333333333333,True,True,True
results/vit_test/stop3b_imbalance_decoupling_spider_target_minority_vit_menon_logit_adjusted_seed43_04-28_16-17/metrics_20260428_161756_menon_logit_adjusted.json,results/vit_test/stop3b_imbalance_decoupling_spider_target_minority_vit_menon_logit_adjusted_seed43_04-28_16-17,spider_target_minority,vit,menon_logit_adjusted,43,argmax,black_widow,0.95,0.75,balanced_accuracy,,"[[0.0,10.0],[1.0,0.0]]","{""0"":0.25,""1"":0.75}",0.07289999999999998,0.0405,0.405,,0.86,0.14,0.7962962962962963,0.07333333333333333,0.91,0.8933333333333333,0.8830561330561331,0.9648,0.988613002599999,0.25784304017842885,0.1451663415655705,0.03695830255746841,,,,,,,"[[43,7],[11,139]]",0.8933333333333333,False,True,False
results/vit_test/stop3b_imbalance_decoupling_spider_target_minority_vit_menon_logit_adjusted_seed43_04-28_16-17/metrics_20260428_161756_menon_logit_adjusted.json,results/vit_test/stop3b_imbalance_decoupling_spider_target_minority_vit_menon_logit_adjusted_seed43_04-28_16-17,spider_target_minority,vit,menon_logit_adjusted,43,calibrated_cost_min,black_widow,0.95,0.75,balanced_accuracy,,"[[0.0,10.0],[1.0,0.0]]","{""0"":0.25,""1"":0.75}",0.0225,0.0225,0.225,,0.96,0.04,0.6575342465753424,0.16666666666666666,0.865,0.8966666666666667,0.8415074403451616,0.9648,0.988613002599999,0.2609465229542201,0.14616154644147572,0.050433283843251034,0.95,,,,,,"[[48,2],[25,125]]",0.8966666666666667,True,True,True
results/vit_test/stop3b_imbalance_decoupling_spider_target_minority_vit_menon_logit_adjusted_seed43_04-28_16-17/metrics_20260428_161756_menon_logit_adjusted.json,results/vit_test/stop3b_imbalance_decoupling_spider_target_minority_vit_menon_logit_adjusted_seed43_04-28_16-17,spider_target_minority,vit,menon_logit_adjusted,43,calibrated_threshold,black_widow,0.95,0.75,balanced_accuracy,,"[[0.0,10.0],[1.0,0.0]]","{""0"":0.25,""1"":0.75}",0.024,0.024,0.24,,0.96,0.04,0.631578947368421,0.18666666666666668,0.85,0.8866666666666667,0.8262078554049357,0.9648,0.988613002599999,0.2609465229542201,0.14616154644147572,0.050433283843251034,0.95,0.08167065206590834,0.0115,1.0,0.9233333333333333,0.0115,"[[48,2],[28,122]]",0.8866666666666667,True,True,True
results/vit_test/stop3b_imbalance_decoupling_spider_target_minority_vit_cs_regularized_ce_seed43_04-28_16-18/metrics_20260428_161858_cs_regularized_ce.json,results/vit_test/stop3b_imbalance_decoupling_spider_target_minority_vit_cs_regularized_ce_seed43_04-28_16-18,spider_target_minority,vit,cs_regularized_ce,43,argmax,black_widow,0.95,0.75,balanced_accuracy,,"[[0.0,10.0],[1.0,0.0]]","{""0"":0.25,""1"":0.75}",0.023,0.023,0.23,,0.96,0.04,0.6486486486486487,0.17333333333333334,0.86,0.8933333333333333,0.8363721365123888,0.9594666666666667,0.9869209552631003,0.2940545573218525,0.18378158616600157,0.08528996050357816,,,,,,,"[[48,2],[26,124]]",0.8933333333333333,True,True,True
results/vit_test/stop3b_imbalance_decoupling_spider_target_minority_vit_cs_regularized_ce_seed43_04-28_16-18/metrics_20260428_161858_cs_regularized_ce.json,results/vit_test/stop3b_imbalance_decoupling_spider_target_minority_vit_cs_regularized_ce_seed43_04-28_16-18,spider_target_minority,vit,cs_regularized_ce,43,calibrated_cost_min,black_widow,0.95,0.75,balanced_accuracy,,"[[0.0,10.0],[1.0,0.0]]","{""0"":0.25,""1"":0.75}",0.020999999999999998,0.020999999999999998,0.21,,1.0,0.0,0.5434782608695652,0.28,0.79,0.86,0.7707173272191287,0.9594666666666667,0.9869209552631003,0.28041384743960174,0.18558594651978713,0.06640098844070219,0.75,,,,,,"[[50,0],[42,108]]",0.86,True,True,True
results/vit_test/stop3b_imbalance_decoupling_spider_target_minority_vit_cs_regularized_ce_seed43_04-28_16-18/metrics_20260428_161858_cs_regularized_ce.json,results/vit_test/stop3b_imbalance_decoupling_spider_target_minority_vit_cs_regularized_ce_seed43_04-28_16-18,spider_target_minority,vit,cs_regularized_ce,43,calibrated_threshold,black_widow,0.95,0.75,balanced_accuracy,,"[[0.0,10.0],[1.0,0.0]]","{""0"":0.25,""1"":0.75}",0.0245,0.0245,0.245,,1.0,0.0,0.5050505050505051,0.32666666666666666,0.755,0.8366666666666667,0.7379609080456697,0.9594666666666667,0.9869209552631003,0.28041384743960174,0.18558594651978713,0.06640098844070219,0.75,0.06260194850592424,0.019,1.0,0.8733333333333333,0.019,"[[50,0],[49,101]]",0.8366666666666667,True,True,True
results/vit_test/stop3b_imbalance_decoupling_spider_target_minority_vit_nicme_logit_adjustment_seed43_04-28_16-19/metrics_20260428_162000_nicme_logit_adjustment.json,results/vit_test/stop3b_imbalance_decoupling_spider_target_minority_vit_nicme_logit_adjustment_seed43_04-28_16-19,spider_target_minority,vit,nicme_logit_adjustment,43,argmax,black_widow,0.95,0.75,balanced_accuracy,,"[[0.0,10.0],[1.0,0.0]]","{""0"":0.25,""1"":0.75}",0.03659999999999998,0.033,0.33,,0.92,0.08,0.6388888888888888,0.17333333333333334,0.85,0.8733333333333333,0.8230923457954947,0.9565333333333333,0.9845513064887368,0.3513791193281432,0.21030770224487683,0.1245974612236023,,,,,,,"[[46,4],[26,124]]",0.8733333333333333,False,True,False
results/vit_test/stop3b_imbalance_decoupling_spider_target_minority_vit_nicme_logit_adjustment_seed43_04-28_16-19/metrics_20260428_162000_nicme_logit_adjustment.json,results/vit_test/stop3b_imbalance_decoupling_spider_target_minority_vit_nicme_logit_adjustment_seed43_04-28_16-19,spider_target_minority,vit,nicme_logit_adjustment,43,calibrated_cost_min,black_widow,0.95,0.75,balanced_accuracy,,"[[0.0,10.0],[1.0,0.0]]","{""0"":0.25,""1"":0.75}",0.031,0.031,0.31,,0.98,0.02,0.48514851485148514,0.3466666666666667,0.735,0.8166666666666667,0.7180776084470331,0.9565333333333333,0.9845513064887368,0.2855825257988127,0.18429979499029364,0.07608818287083506,0.5,,,,,,"[[49,1],[52,98]]",0.8166666666666667,True,True,True
results/vit_test/stop3b_imbalance_decoupling_spider_target_minority_vit_nicme_logit_adjustment_seed43_04-28_16-19/metrics_20260428_162000_nicme_logit_adjustment.json,results/vit_test/stop3b_imbalance_decoupling_spider_target_minority_vit_nicme_logit_adjustment_seed43_04-28_16-19,spider_target_minority,vit,nicme_logit_adjustment,43,calibrated_threshold,black_widow,0.95,0.75,balanced_accuracy,,"[[0.0,10.0],[1.0,0.0]]","{""0"":0.25,""1"":0.75}",0.028499999999999998,0.028499999999999998,0.285,,0.98,0.02,0.5104166666666666,0.31333333333333335,0.76,0.8333333333333333,0.7411282493797864,0.9565333333333333,0.9845513064887368,0.2855825257988127,0.18429979499029364,0.07608818287083506,0.5,0.15341102511892452,0.03,0.96,0.8466666666666667,0.03,"[[49,1],[47,103]]",0.8333333333333333,True,True,True
results/vit_test/stop3b_imbalance_decoupling_spider_target_minority_vit_nicme_hybrid_seed43_04-28_16-21/metrics_20260428_162140_nicme_hybrid.json,results/vit_test/stop3b_imbalance_decoupling_spider_target_minority_vit_nicme_hybrid_seed43_04-28_16-21,spider_target_minority,vit,nicme_hybrid,43,argmax,black_widow,0.95,0.75,balanced_accuracy,,"[[0.0,10.0],[1.0,0.0]]","{""0"":0.25,""1"":0.75}",0.041999999999999975,0.032,0.32,,0.9,0.1,0.7627118644067796,0.09333333333333334,0.905,0.9033333333333333,0.8801979885872819,0.9692,0.9902026559458998,0.23245108269153886,0.13952421732369644,0.058112497925758386,,,,,,,"[[45,5],[14,136]]",0.9033333333333333,False,True,False
results/vit_test/stop3b_imbalance_decoupling_spider_target_minority_vit_nicme_hybrid_seed43_04-28_16-21/metrics_20260428_162140_nicme_hybrid.json,results/vit_test/stop3b_imbalance_decoupling_spider_target_minority_vit_nicme_hybrid_seed43_04-28_16-21,spider_target_minority,vit,nicme_hybrid,43,calibrated_cost_min,black_widow,0.95,0.75,balanced_accuracy,,"[[0.0,10.0],[1.0,0.0]]","{""0"":0.25,""1"":0.75}",0.0155,0.0155,0.155,,1.0,0.0,0.6172839506172839,0.20666666666666667,0.845,0.8966666666666667,0.8240585714691109,0.9692,0.9902026559458998,0.23051670713004388,0.14067028786132424,0.06149146724777978,0.9,,,,,,"[[50,0],[31,119]]",0.8966666666666667,True,True,True
results/vit_test/stop3b_imbalance_decoupling_spider_target_minority_vit_nicme_hybrid_seed43_04-28_16-21/metrics_20260428_162140_nicme_hybrid.json,results/vit_test/stop3b_imbalance_decoupling_spider_target_minority_vit_nicme_hybrid_seed43_04-28_16-21,spider_target_minority,vit,nicme_hybrid,43,calibrated_threshold,black_widow,0.95,0.75,balanced_accuracy,,"[[0.0,10.0],[1.0,0.0]]","{""0"":0.25,""1"":0.75}",0.0155,0.0155,0.155,,1.0,0.0,0.6172839506172839,0.20666666666666667,0.845,0.8966666666666667,0.8240585714691109,0.9692,0.9902026559458998,0.23051670713004388,0.14067028786132424,0.06149146724777978,0.9,0.08645539559106527,0.013000000000000001,1.0,0.9133333333333333,0.013000000000000001,"[[50,0],[31,119]]",0.8966666666666667,True,True,True
results/vit_test/stop3b_imbalance_decoupling_spider_target_minority_vit_ce_seed44_04-28_16-22/metrics_20260428_162304_ce.json,results/vit_test/stop3b_imbalance_decoupling_spider_target_minority_vit_ce_seed44_04-28_16-22,spider_target_minority,vit,ce,44,argmax,black_widow,0.95,0.75,balanced_accuracy,,"[[0.0,10.0],[1.0,0.0]]","{""0"":0.25,""1"":0.75}",0.07539999999999997,0.043,0.43,,0.86,0.14,0.7288135593220338,0.10666666666666667,0.885,0.8766666666666667,0.8549765125003941,0.9618666666666666,0.9870504738924692,0.2889717448448762,0.1779212046249573,0.06916353553533552,,,,,,,"[[43,7],[16,134]]",0.8766666666666667,False,True,False
results/vit_test/stop3b_imbalance_decoupling_spider_target_minority_vit_ce_seed44_04-28_16-22/metrics_20260428_162304_ce.json,results/vit_test/stop3b_imbalance_decoupling_spider_target_minority_vit_ce_seed44_04-28_16-22,spider_target_minority,vit,ce,44,calibrated_cost_min,black_widow,0.95,0.75,balanced_accuracy,,"[[0.0,10.0],[1.0,0.0]]","{""0"":0.25,""1"":0.75}",0.0294,0.028999999999999998,0.29,,0.94,0.06,0.6266666666666667,0.18666666666666668,0.845,0.8766666666666667,0.8196363636363636,0.9618666666666666,0.9870504738924692,0.2853041245938229,0.1759687712739977,0.06714986925524777,1.05,,,,,,"[[47,3],[28,122]]",0.8766666666666667,False,True,False
results/vit_test/stop3b_imbalance_decoupling_spider_target_minority_vit_ce_seed44_04-28_16-22/metrics_20260428_162304_ce.json,results/vit_test/stop3b_imbalance_decoupling_spider_target_minority_vit_ce_seed44_04-28_16-22,spider_target_minority,vit,ce,44,calibrated_threshold,black_widow,0.95,0.75,balanced_accuracy,,"[[0.0,10.0],[1.0,0.0]]","{""0"":0.25,""1"":0.75}",0.04749999999999997,0.0375,0.375,,0.9,0.1,0.6428571428571429,0.16666666666666666,0.85,0.8666666666666667,0.8214285714285714,0.9618666666666666,0.9870504738924692,0.2853041245938229,0.1759687712739977,0.06714986925524777,1.05,0.14076822186181545,0.0165,0.98,0.9133333333333333,0.0165,"[[45,5],[25,125]]",0.8666666666666667,False,True,False
results/vit_test/stop3b_imbalance_decoupling_spider_target_minority_vit_ce_calibrated_cost_min_seed44_04-28_16-24/metrics_20260428_162409_ce_calibrated_cost_min.json,results/vit_test/stop3b_imbalance_decoupling_spider_target_minority_vit_ce_calibrated_cost_min_seed44_04-28_16-24,spider_target_minority,vit,ce_calibrated_cost_min,44,argmax,black_widow,0.95,0.75,balanced_accuracy,,"[[0.0,10.0],[1.0,0.0]]","{""0"":0.25,""1"":0.75}",0.04599999999999997,0.036,0.36,,0.9,0.1,0.6716417910447762,0.14666666666666667,0.865,0.8766666666666667,0.8369122044033706,0.9382666666666667,0.9764480174621607,0.3187485187829557,0.1963216887106332,0.08287934273481369,,,,,,,"[[45,5],[22,128]]",0.8766666666666667,False,True,False
results/vit_test/stop3b_imbalance_decoupling_spider_target_minority_vit_ce_calibrated_cost_min_seed44_04-28_16-24/metrics_20260428_162409_ce_calibrated_cost_min.json,results/vit_test/stop3b_imbalance_decoupling_spider_target_minority_vit_ce_calibrated_cost_min_seed44_04-28_16-24,spider_target_minority,vit,ce_calibrated_cost_min,44,calibrated_cost_min,black_widow,0.95,0.75,balanced_accuracy,,"[[0.0,10.0],[1.0,0.0]]","{""0"":0.25,""1"":0.75}",0.0389,0.0385,0.385,,0.94,0.06,0.5,0.31333333333333335,0.75,0.8133333333333332,0.7287326388888888,0.9382666666666667,0.9764480174621607,0.3156034503210446,0.19812642010863768,0.047002487657791726,0.8,,,,,,"[[47,3],[47,103]]",0.8133333333333332,False,True,False
results/vit_test/stop3b_imbalance_decoupling_spider_target_minority_vit_ce_calibrated_cost_min_seed44_04-28_16-24/metrics_20260428_162409_ce_calibrated_cost_min.json,results/vit_test/stop3b_imbalance_decoupling_spider_target_minority_vit_ce_calibrated_cost_min_seed44_04-28_16-24,spider_target_minority,vit,ce_calibrated_cost_min,44,calibrated_threshold,black_widow,0.95,0.75,balanced_accuracy,,"[[0.0,10.0],[1.0,0.0]]","{""0"":0.25,""1"":0.75}",0.039099999999999975,0.0355,0.355,,0.92,0.08,0.5974025974025974,0.20666666666666667,0.825,0.8566666666666667,0.7981021603068847,0.9382666666666667,0.9764480174621607,0.3156034503210446,0.19812642010863768,0.047002487657791726,0.8,0.25835349669406865,0.025500000000000002,0.96,0.8766666666666667,0.025500000000000002,"[[46,4],[31,119]]",0.8566666666666667,False,True,False
results/vit_test/stop3b_imbalance_decoupling_spider_target_minority_vit_menon_logit_adjusted_seed44_04-28_16-25/metrics_20260428_162530_menon_logit_adjusted.json,results/vit_test/stop3b_imbalance_decoupling_spider_target_minority_vit_menon_logit_adjusted_seed44_04-28_16-25,spider_target_minority,vit,menon_logit_adjusted,44,argmax,black_widow,0.95,0.75,balanced_accuracy,,"[[0.0,10.0],[1.0,0.0]]","{""0"":0.25,""1"":0.75}",0.032099999999999976,0.028499999999999998,0.285,,0.92,0.08,0.7301587301587301,0.11333333333333333,0.895,0.9033333333333333,0.8704942801640406,0.9732,0.9915902055801064,0.26811625682092016,0.1541938162248574,0.03162895023822784,,,,,,,"[[46,4],[17,133]]",0.9033333333333333,False,True,False
results/vit_test/stop3b_imbalance_decoupling_spider_target_minority_vit_menon_logit_adjusted_seed44_04-28_16-25/metrics_20260428_162530_menon_logit_adjusted.json,results/vit_test/stop3b_imbalance_decoupling_spider_target_minority_vit_menon_logit_adjusted_seed44_04-28_16-25,spider_target_minority,vit,menon_logit_adjusted,44,calibrated_cost_min,black_widow,0.95,0.75,balanced_accuracy,,"[[0.0,10.0],[1.0,0.0]]","{""0"":0.25,""1"":0.75}",0.0155,0.0155,0.155,,1.0,0.0,0.6172839506172839,0.20666666666666667,0.845,0.8966666666666667,0.8240585714691109,0.9732,0.9915902055801064,0.2756028264970825,0.15668044275467,0.04356159252716135,0.9,,,,,,"[[50,0],[31,119]]",0.8966666666666667,True,True,True
results/vit_test/stop3b_imbalance_decoupling_spider_target_minority_vit_menon_logit_adjusted_seed44_04-28_16-25/metrics_20260428_162530_menon_logit_adjusted.json,results/vit_test/stop3b_imbalance_decoupling_spider_target_minority_vit_menon_logit_adjusted_seed44_04-28_16-25,spider_target_minority,vit,menon_logit_adjusted,44,calibrated_threshold,black_widow,0.95,0.75,balanced_accuracy,,"[[0.0,10.0],[1.0,0.0]]","{""0"":0.25,""1"":0.75}",0.010499999999999999,0.010499999999999999,0.105,,1.0,0.0,0.704225352112676,0.14,0.895,0.9299999999999999,0.8755887318937172,0.9732,0.9915902055801064,0.2756028264970825,0.15668044275467,0.04356159252716135,0.9,0.2052092076904136,0.0095,1.0,0.9366666666666666,0.0095,"[[50,0],[21,129]]",0.9299999999999999,True,True,True
results/vit_test/stop3b_imbalance_decoupling_spider_target_minority_vit_cs_regularized_ce_seed44_04-28_16-26/metrics_20260428_162637_cs_regularized_ce.json,results/vit_test/stop3b_imbalance_decoupling_spider_target_minority_vit_cs_regularized_ce_seed44_04-28_16-26,spider_target_minority,vit,cs_regularized_ce,44,argmax,black_widow,0.95,0.75,balanced_accuracy,,"[[0.0,10.0],[1.0,0.0]]","{""0"":0.25,""1"":0.75}",0.1479999999999999,0.057999999999999996,0.58,,0.8,0.2,0.7142857142857143,0.10666666666666667,0.87,0.8466666666666667,0.8331408034912079,0.9381333333333333,0.9775146265932712,0.2972818025027722,0.18186908785251166,0.05499297261238095,,,,,,,"[[40,10],[16,134]]",0.8466666666666667,False,True,False
results/vit_test/stop3b_imbalance_decoupling_spider_target_minority_vit_cs_regularized_ce_seed44_04-28_16-26/metrics_20260428_162637_cs_regularized_ce.json,results/vit_test/stop3b_imbalance_decoupling_spider_target_minority_vit_cs_regularized_ce_seed44_04-28_16-26,spider_target_minority,vit,cs_regularized_ce,44,calibrated_cost_min,black_widow,0.95,0.75,balanced_accuracy,,"[[0.0,10.0],[1.0,0.0]]","{""0"":0.25,""1"":0.75}",0.04799999999999997,0.038,0.38,,0.9,0.1,0.6338028169014085,0.17333333333333334,0.845,0.8633333333333333,0.8163452708907255,0.9381333333333334,0.9775146265932708,0.30211797749289676,0.1876179783752411,0.0536120997651623,0.75,,,,,,"[[45,5],[26,124]]",0.8633333333333333,False,True,False
results/vit_test/stop3b_imbalance_decoupling_spider_target_minority_vit_cs_regularized_ce_seed44_04-28_16-26/metrics_20260428_162637_cs_regularized_ce.json,results/vit_test/stop3b_imbalance_decoupling_spider_target_minority_vit_cs_regularized_ce_seed44_04-28_16-26,spider_target_minority,vit,cs_regularized_ce,44,calibrated_threshold,black_widow,0.95,0.75,balanced_accuracy,,"[[0.0,10.0],[1.0,0.0]]","{""0"":0.25,""1"":0.75}",0.04799999999999997,0.038,0.38,,0.9,0.1,0.6338028169014085,0.17333333333333334,0.845,0.8633333333333333,0.8163452708907255,0.9381333333333334,0.9775146265932708,0.30211797749289676,0.1876179783752411,0.0536120997651623,0.75,0.09356190759109004,0.025500000000000002,0.96,0.8766666666666667,0.025500000000000002,"[[45,5],[26,124]]",0.8633333333333333,False,True,False
results/vit_test/stop3b_imbalance_decoupling_spider_target_minority_vit_nicme_logit_adjustment_seed44_04-28_16-27/metrics_20260428_162746_nicme_logit_adjustment.json,results/vit_test/stop3b_imbalance_decoupling_spider_target_minority_vit_nicme_logit_adjustment_seed44_04-28_16-27,spider_target_minority,vit,nicme_logit_adjustment,44,argmax,black_widow,0.95,0.75,balanced_accuracy,,"[[0.0,10.0],[1.0,0.0]]","{""0"":0.25,""1"":0.75}",0.0214,0.020999999999999998,0.21,,0.94,0.06,0.7966101694915254,0.08,0.925,0.9299999999999999,0.90541946467417,0.9677333333333334,0.9899277148391672,0.2521211029152583,0.13946060058348614,0.08239114731550218,,,,,,,"[[47,3],[12,138]]",0.9299999999999999,False,True,False
results/vit_test/stop3b_imbalance_decoupling_spider_target_minority_vit_nicme_logit_adjustment_seed44_04-28_16-27/metrics_20260428_162746_nicme_logit_adjustment.json,results/vit_test/stop3b_imbalance_decoupling_spider_target_minority_vit_nicme_logit_adjustment_seed44_04-28_16-27,spider_target_minority,vit,nicme_logit_adjustment,44,calibrated_cost_min,black_widow,0.95,0.75,balanced_accuracy,,"[[0.0,10.0],[1.0,0.0]]","{""0"":0.25,""1"":0.75}",0.02,0.02,0.2,,1.0,0.0,0.5555555555555556,0.26666666666666666,0.8,0.8666666666666667,0.7802197802197801,0.9677333333333334,0.9899277148391672,0.21487310772536475,0.12790264983590668,0.035028953399638456,0.6,,,,,,"[[50,0],[40,110]]",0.8666666666666667,True,True,True
results/vit_test/stop3b_imbalance_decoupling_spider_target_minority_vit_nicme_logit_adjustment_seed44_04-28_16-27/metrics_20260428_162746_nicme_logit_adjustment.json,results/vit_test/stop3b_imbalance_decoupling_spider_target_minority_vit_nicme_logit_adjustment_seed44_04-28_16-27,spider_target_minority,vit,nicme_logit_adjustment,44,calibrated_threshold,black_widow,0.95,0.75,balanced_accuracy,,"[[0.0,10.0],[1.0,0.0]]","{""0"":0.25,""1"":0.75}",0.020499999999999997,0.020499999999999997,0.205,,1.0,0.0,0.5494505494505495,0.2733333333333333,0.795,0.8633333333333333,0.7754593499274351,0.9677333333333334,0.9899277148391672,0.21487310772536475,0.12790264983590668,0.035028953399638456,0.6,0.07285650476069411,0.0155,1.0,0.8966666666666667,0.0155,"[[50,0],[41,109]]",0.8633333333333333,True,True,True
results/vit_test/stop3b_imbalance_decoupling_spider_target_minority_vit_nicme_hybrid_seed44_04-28_16-28/metrics_20260428_162840_nicme_hybrid.json,results/vit_test/stop3b_imbalance_decoupling_spider_target_minority_vit_nicme_hybrid_seed44_04-28_16-28,spider_target_minority,vit,nicme_hybrid,44,argmax,black_widow,0.95,0.75,balanced_accuracy,,"[[0.0,10.0],[1.0,0.0]]","{""0"":0.25,""1"":0.75}",0.03509999999999998,0.0315,0.315,,0.92,0.08,0.6666666666666666,0.15333333333333332,0.865,0.8833333333333333,0.8385119172224049,0.9556,0.9850888053119781,0.5457210914877928,0.3568718182348135,0.2726220637559891,,,,,,,"[[46,4],[23,127]]",0.8833333333333333,False,True,False
results/vit_test/stop3b_imbalance_decoupling_spider_target_minority_vit_nicme_hybrid_seed44_04-28_16-28/metrics_20260428_162840_nicme_hybrid.json,results/vit_test/stop3b_imbalance_decoupling_spider_target_minority_vit_nicme_hybrid_seed44_04-28_16-28,spider_target_minority,vit,nicme_hybrid,44,calibrated_cost_min,black_widow,0.95,0.75,balanced_accuracy,,"[[0.0,10.0],[1.0,0.0]]","{""0"":0.25,""1"":0.75}",0.13321111111111109,0.074,0.74,,1.0,0.0,0.25252525252525254,0.9866666666666667,0.26,0.5066666666666667,0.21477079796264859,0.9556,0.9850888053119781,0.4458616483986562,0.27315994109974673,0.1947273843806462,0.5,,,,,,"[[50,0],[148,2]]",0.5066666666666667,True,False,False
results/vit_test/stop3b_imbalance_decoupling_spider_target_minority_vit_nicme_hybrid_seed44_04-28_16-28/metrics_20260428_162840_nicme_hybrid.json,results/vit_test/stop3b_imbalance_decoupling_spider_target_minority_vit_nicme_hybrid_seed44_04-28_16-28,spider_target_minority,vit,nicme_hybrid,44,calibrated_threshold,black_widow,0.95,0.75,balanced_accuracy,,"[[0.0,10.0],[1.0,0.0]]","{""0"":0.25,""1"":0.75}",0.025500000000000002,0.025500000000000002,0.255,,0.98,0.02,0.5444444444444444,0.2733333333333333,0.79,0.8533333333333333,0.7692307692307692,0.9556,0.9850888053119781,0.4458616483986562,0.27315994109974673,0.1947273843806462,0.5,0.41917722825661835,0.0324,0.94,0.8566666666666667,0.032,"[[49,1],[41,109]]",0.8533333333333333,True,True,True
results/timm_dinov3_vit_lora_test/stop3b_imbalance_decoupling_spider_target_minority_timm_dinov3_vit_lora_ce_seed42_04-28_16-29/metrics_20260428_162920_ce.json,results/timm_dinov3_vit_lora_test/stop3b_imbalance_decoupling_spider_target_minority_timm_dinov3_vit_lora_ce_seed42_04-28_16-29,spider_target_minority,timm_dinov3_vit_lora,ce,42,argmax,black_widow,0.95,0.75,balanced_accuracy,,"[[0.0,10.0],[1.0,0.0]]","{""0"":0.25,""1"":0.75}",3.9225,0.25,2.5,,0.0,1.0,0.0,0.0,0.75,0.5,0.42857142857142855,0.7018666666666667,0.8782662904715559,0.6591415866656465,0.46605352511854903,0.21671783864498134,,,,,,,"[[0,50],[0,150]]",0.5,False,False,False
results/timm_dinov3_vit_lora_test/stop3b_imbalance_decoupling_spider_target_minority_timm_dinov3_vit_lora_ce_seed42_04-28_16-29/metrics_20260428_162920_ce.json,results/timm_dinov3_vit_lora_test/stop3b_imbalance_decoupling_spider_target_minority_timm_dinov3_vit_lora_ce_seed42_04-28_16-29,spider_target_minority,timm_dinov3_vit_lora,ce,42,calibrated_cost_min,black_widow,0.95,0.75,balanced_accuracy,,"[[0.0,10.0],[1.0,0.0]]","{""0"":0.25,""1"":0.75}",0.1375,0.075,0.75,,1.0,0.0,0.25,1.0,0.25,0.5,0.2,0.7018666666666667,0.8782662904715559,0.6296642031791285,0.4369425770436166,0.18375006691077211,0.5,,,,,,"[[50,0],[150,0]]",0.5,True,False,False
results/timm_dinov3_vit_lora_test/stop3b_imbalance_decoupling_spider_target_minority_timm_dinov3_vit_lora_ce_seed42_04-28_16-29/metrics_20260428_162920_ce.json,results/timm_dinov3_vit_lora_test/stop3b_imbalance_decoupling_spider_target_minority_timm_dinov3_vit_lora_ce_seed42_04-28_16-29,spider_target_minority,timm_dinov3_vit_lora,ce,42,calibrated_threshold,black_widow,0.95,0.75,balanced_accuracy,,"[[0.0,10.0],[1.0,0.0]]","{""0"":0.25,""1"":0.75}",0.07211111111111111,0.058499999999999996,0.585,,0.98,0.02,0.3141025641025641,0.7133333333333334,0.46,0.6333333333333333,0.4595135622059854,0.7018666666666667,0.8782662904715559,0.6296642031791285,0.4369425770436166,0.18375006691077211,0.5,0.4248963112393884,0.10611111111111113,0.94,0.5733333333333333,0.0745,"[[49,1],[107,43]]",0.6333333333333333,True,False,False
results/timm_dinov3_vit_lora_test/stop3b_imbalance_decoupling_spider_target_minority_timm_dinov3_vit_lora_ce_calibrated_cost_min_seed42_04-28_16-29/metrics_20260428_163001_ce_calibrated_cost_min.json,results/timm_dinov3_vit_lora_test/stop3b_imbalance_decoupling_spider_target_minority_timm_dinov3_vit_lora_ce_calibrated_cost_min_seed42_04-28_16-29,spider_target_minority,timm_dinov3_vit_lora,ce_calibrated_cost_min,42,argmax,black_widow,0.95,0.75,balanced_accuracy,,"[[0.0,10.0],[1.0,0.0]]","{""0"":0.25,""1"":0.75}",3.9225,0.25,2.5,,0.0,1.0,0.0,0.0,0.75,0.5,0.42857142857142855,0.7018666666666667,0.8782662904715559,0.6591415866656465,0.46605352511854903,0.21671783864498134,,,,,,,"[[0,50],[0,150]]",0.5,False,False,False
results/timm_dinov3_vit_lora_test/stop3b_imbalance_decoupling_spider_target_minority_timm_dinov3_vit_lora_ce_calibrated_cost_min_seed42_04-28_16-29/metrics_20260428_163001_ce_calibrated_cost_min.json,results/timm_dinov3_vit_lora_test/stop3b_imbalance_decoupling_spider_target_minority_timm_dinov3_vit_lora_ce_calibrated_cost_min_seed42_04-28_16-29,spider_target_minority,timm_dinov3_vit_lora,ce_calibrated_cost_min,42,calibrated_cost_min,black_widow,0.95,0.75,balanced_accuracy,,"[[0.0,10.0],[1.0,0.0]]","{""0"":0.25,""1"":0.75}",0.1375,0.075,0.75,,1.0,0.0,0.25,1.0,0.25,0.5,0.2,0.7018666666666667,0.8782662904715559,0.6296642031791285,0.4369425770436166,0.18375006691077211,0.5,,,,,,"[[50,0],[150,0]]",0.5,True,False,False
results/timm_dinov3_vit_lora_test/stop3b_imbalance_decoupling_spider_target_minority_timm_dinov3_vit_lora_ce_calibrated_cost_min_seed42_04-28_16-29/metrics_20260428_163001_ce_calibrated_cost_min.json,results/timm_dinov3_vit_lora_test/stop3b_imbalance_decoupling_spider_target_minority_timm_dinov3_vit_lora_ce_calibrated_cost_min_seed42_04-28_16-29,spider_target_minority,timm_dinov3_vit_lora,ce_calibrated_cost_min,42,calibrated_threshold,black_widow,0.95,0.75,balanced_accuracy,,"[[0.0,10.0],[1.0,0.0]]","{""0"":0.25,""1"":0.75}",0.07211111111111111,0.058499999999999996,0.585,,0.98,0.02,0.3141025641025641,0.7133333333333334,0.46,0.6333333333333333,0.4595135622059854,0.7018666666666667,0.8782662904715559,0.6296642031791285,0.4369425770436166,0.18375006691077211,0.5,0.4248963112393884,0.10611111111111113,0.94,0.5733333333333333,0.0745,"[[49,1],[107,43]]",0.6333333333333333,True,False,False
results/timm_dinov3_vit_lora_test/stop3b_imbalance_decoupling_spider_target_minority_timm_dinov3_vit_lora_menon_logit_adjusted_seed42_04-28_16-30/metrics_20260428_163055_menon_logit_adjusted.json,results/timm_dinov3_vit_lora_test/stop3b_imbalance_decoupling_spider_target_minority_timm_dinov3_vit_lora_menon_logit_adjusted_seed42_04-28_16-30,spider_target_minority,timm_dinov3_vit_lora,menon_logit_adjusted,42,argmax,black_widow,0.95,0.75,balanced_accuracy,,"[[0.0,10.0],[1.0,0.0]]","{""0"":0.25,""1"":0.75}",0.26699999999999996,0.089,0.89,,0.74,0.26,0.43529411764705883,0.32,0.695,0.71,0.6589797344514325,0.8056000000000001,0.9252560744254092,0.6739053076656859,0.48078186488630203,0.17752720832824703,,,,,,,"[[37,13],[48,102]]",0.71,False,False,False
results/timm_dinov3_vit_lora_test/stop3b_imbalance_decoupling_spider_target_minority_timm_dinov3_vit_lora_menon_logit_adjusted_seed42_04-28_16-30/metrics_20260428_163055_menon_logit_adjusted.json,results/timm_dinov3_vit_lora_test/stop3b_imbalance_decoupling_spider_target_minority_timm_dinov3_vit_lora_menon_logit_adjusted_seed42_04-28_16-30,spider_target_minority,timm_dinov3_vit_lora,menon_logit_adjusted,42,calibrated_cost_min,black_widow,0.95,0.75,balanced_accuracy,,"[[0.0,10.0],[1.0,0.0]]","{""0"":0.25,""1"":0.75}",0.1375,0.075,0.75,,1.0,0.0,0.25,1.0,0.25,0.5,0.2,0.8056000000000001,0.9252560744254092,0.6564154829291979,0.4634437879671563,0.16015734821324717,0.5,,,,,,"[[50,0],[150,0]]",0.5,True,False,False
results/timm_dinov3_vit_lora_test/stop3b_imbalance_decoupling_spider_target_minority_timm_dinov3_vit_lora_menon_logit_adjusted_seed42_04-28_16-30/metrics_20260428_163055_menon_logit_adjusted.json,results/timm_dinov3_vit_lora_test/stop3b_imbalance_decoupling_spider_target_minority_timm_dinov3_vit_lora_menon_logit_adjusted_seed42_04-28_16-30,spider_target_minority,timm_dinov3_vit_lora,menon_logit_adjusted,42,calibrated_threshold,black_widow,0.95,0.75,balanced_accuracy,,"[[0.0,10.0],[1.0,0.0]]","{""0"":0.25,""1"":0.75}",0.06484444444444445,0.05550000000000001,0.555,,0.98,0.02,0.32666666666666666,0.6733333333333333,0.49,0.6533333333333333,0.49,0.8056000000000001,0.9252560744254092,0.6564154829291979,0.4634437879671563,0.16015734821324717,0.5,0.46188942226691576,0.077,0.94,0.64,0.0645,"[[49,1],[101,49]]",0.6533333333333333,True,False,False
results/timm_dinov3_vit_lora_test/stop3b_imbalance_decoupling_spider_target_minority_timm_dinov3_vit_lora_cs_regularized_ce_seed42_04-28_16-31/metrics_20260428_163134_cs_regularized_ce.json,results/timm_dinov3_vit_lora_test/stop3b_imbalance_decoupling_spider_target_minority_timm_dinov3_vit_lora_cs_regularized_ce_seed42_04-28_16-31,spider_target_minority,timm_dinov3_vit_lora,cs_regularized_ce,42,argmax,black_widow,0.95,0.75,balanced_accuracy,,"[[0.0,10.0],[1.0,0.0]]","{""0"":0.25,""1"":0.75}",3.9225,0.25,2.5,,0.0,1.0,0.0,0.0,0.75,0.5,0.42857142857142855,0.7033333333333334,0.8790379618050732,0.6591861914018387,0.4660978569107397,0.2168179932236671,,,,,,,"[[0,50],[0,150]]",0.5,False,False,False
results/timm_dinov3_vit_lora_test/stop3b_imbalance_decoupling_spider_target_minority_timm_dinov3_vit_lora_cs_regularized_ce_seed42_04-28_16-31/metrics_20260428_163134_cs_regularized_ce.json,results/timm_dinov3_vit_lora_test/stop3b_imbalance_decoupling_spider_target_minority_timm_dinov3_vit_lora_cs_regularized_ce_seed42_04-28_16-31,spider_target_minority,timm_dinov3_vit_lora,cs_regularized_ce,42,calibrated_cost_min,black_widow,0.95,0.75,balanced_accuracy,,"[[0.0,10.0],[1.0,0.0]]","{""0"":0.25,""1"":0.75}",0.1375,0.075,0.75,,1.0,0.0,0.25,1.0,0.25,0.5,0.2,0.7033333333333334,0.8790379618050732,0.6297278832708685,0.43700455208097255,0.1839478603094129,0.5,,,,,,"[[50,0],[150,0]]",0.5,True,False,False
results/timm_dinov3_vit_lora_test/stop3b_imbalance_decoupling_spider_target_minority_timm_dinov3_vit_lora_cs_regularized_ce_seed42_04-28_16-31/metrics_20260428_163134_cs_regularized_ce.json,results/timm_dinov3_vit_lora_test/stop3b_imbalance_decoupling_spider_target_minority_timm_dinov3_vit_lora_cs_regularized_ce_seed42_04-28_16-31,spider_target_minority,timm_dinov3_vit_lora,cs_regularized_ce,42,calibrated_threshold,black_widow,0.95,0.75,balanced_accuracy,,"[[0.0,10.0],[1.0,0.0]]","{""0"":0.25,""1"":0.75}",0.09149999999999997,0.071,0.71,,0.92,0.08,0.3108108108108108,0.68,0.47,0.62,0.46994699469946993,0.7033333333333334,0.8790379618050732,0.6297278832708685,0.43700455208097255,0.1839478603094129,0.5,0.42595505412241036,0.10469999999999995,0.92,0.5900000000000001,0.0755,"[[46,4],[102,48]]",0.62,False,False,False
results/timm_dinov3_vit_lora_test/stop3b_imbalance_decoupling_spider_target_minority_timm_dinov3_vit_lora_nicme_logit_adjustment_seed42_04-28_16-33/metrics_20260428_163347_nicme_logit_adjustment.json,results/timm_dinov3_vit_lora_test/stop3b_imbalance_decoupling_spider_target_minority_timm_dinov3_vit_lora_nicme_logit_adjustment_seed42_04-28_16-33,spider_target_minority,timm_dinov3_vit_lora,nicme_logit_adjustment,42,argmax,black_widow,0.95,0.75,balanced_accuracy,,"[[0.0,10.0],[1.0,0.0]]","{""0"":0.25,""1"":0.75}",0.11660000000000001,0.049,0.49,,0.82,0.18,0.8367346938775511,0.05333333333333334,0.915,0.8833333333333333,0.8859022114836068,0.9729333333333333,0.9909904956983697,0.3879499078230434,0.22121747807523584,0.21533662647008892,,,,,,,"[[41,9],[8,142]]",0.8833333333333333,False,True,False
results/timm_dinov3_vit_lora_test/stop3b_imbalance_decoupling_spider_target_minority_timm_dinov3_vit_lora_nicme_logit_adjustment_seed42_04-28_16-33/metrics_20260428_163347_nicme_logit_adjustment.json,results/timm_dinov3_vit_lora_test/stop3b_imbalance_decoupling_spider_target_minority_timm_dinov3_vit_lora_nicme_logit_adjustment_seed42_04-28_16-33,spider_target_minority,timm_dinov3_vit_lora,nicme_logit_adjustment,42,calibrated_cost_min,black_widow,0.95,0.75,balanced_accuracy,,"[[0.0,10.0],[1.0,0.0]]","{""0"":0.25,""1"":0.75}",0.04667777777777777,0.0445,0.445,,1.0,0.0,0.3597122302158273,0.5933333333333334,0.555,0.7033333333333334,0.5536497906166152,0.9729333333333333,0.9909904956983697,0.2591392603592719,0.14300775424683923,0.10023629515257958,0.5,,,,,,"[[50,0],[89,61]]",0.7033333333333334,True,False,False
results/timm_dinov3_vit_lora_test/stop3b_imbalance_decoupling_spider_target_minority_timm_dinov3_vit_lora_nicme_logit_adjustment_seed42_04-28_16-33/metrics_20260428_163347_nicme_logit_adjustment.json,results/timm_dinov3_vit_lora_test/stop3b_imbalance_decoupling_spider_target_minority_timm_dinov3_vit_lora_nicme_logit_adjustment_seed42_04-28_16-33,spider_target_minority,timm_dinov3_vit_lora,nicme_logit_adjustment,42,calibrated_threshold,black_widow,0.95,0.75,balanced_accuracy,,"[[0.0,10.0],[1.0,0.0]]","{""0"":0.25,""1"":0.75}",0.038544444444444444,0.0385,0.385,,1.0,0.0,0.3937007874015748,0.5133333333333333,0.615,0.7433333333333334,0.6098401357959008,0.9729333333333333,0.9909904956983697,0.2591392603592719,0.14300775424683923,0.10023629515257958,0.5,0.11428001659653446,0.034499999999999996,1.0,0.77,0.034499999999999996,"[[50,0],[77,73]]",0.7433333333333334,True,False,False
results/timm_dinov3_vit_lora_test/stop3b_imbalance_decoupling_spider_target_minority_timm_dinov3_vit_lora_nicme_hybrid_seed42_04-28_16-34/metrics_20260428_163439_nicme_hybrid.json,results/timm_dinov3_vit_lora_test/stop3b_imbalance_decoupling_spider_target_minority_timm_dinov3_vit_lora_nicme_hybrid_seed42_04-28_16-34,spider_target_minority,timm_dinov3_vit_lora,nicme_hybrid,42,argmax,black_widow,0.95,0.75,balanced_accuracy,,"[[0.0,10.0],[1.0,0.0]]","{""0"":0.25,""1"":0.75}",0.1840999999999999,0.0685,0.685,,0.78,0.22,0.5909090909090909,0.18,0.81,0.8,0.7693054881010198,0.8856,0.9544930411259915,0.6798533171050721,0.4867102272539766,0.30188854664564135,,,,,,,"[[39,11],[27,123]]",0.8,False,True,False
results/timm_dinov3_vit_lora_test/stop3b_imbalance_decoupling_spider_target_minority_timm_dinov3_vit_lora_nicme_hybrid_seed42_04-28_16-34/metrics_20260428_163439_nicme_hybrid.json,results/timm_dinov3_vit_lora_test/stop3b_imbalance_decoupling_spider_target_minority_timm_dinov3_vit_lora_nicme_hybrid_seed42_04-28_16-34,spider_target_minority,timm_dinov3_vit_lora,nicme_hybrid,42,calibrated_cost_min,black_widow,0.95,0.75,balanced_accuracy,,"[[0.0,10.0],[1.0,0.0]]","{""0"":0.25,""1"":0.75}",0.1375,0.075,0.75,,1.0,0.0,0.25,1.0,0.25,0.5,0.2,0.8856,0.9544930411259915,0.6669749062222704,0.4738594978148874,0.29379023874119814,0.5,,,,,,"[[50,0],[150,0]]",0.5,True,False,False
results/timm_dinov3_vit_lora_test/stop3b_imbalance_decoupling_spider_target_minority_timm_dinov3_vit_lora_nicme_hybrid_seed42_04-28_16-34/metrics_20260428_163439_nicme_hybrid.json,results/timm_dinov3_vit_lora_test/stop3b_imbalance_decoupling_spider_target_minority_timm_dinov3_vit_lora_nicme_hybrid_seed42_04-28_16-34,spider_target_minority,timm_dinov3_vit_lora,nicme_hybrid,42,calibrated_threshold,black_widow,0.95,0.75,balanced_accuracy,,"[[0.0,10.0],[1.0,0.0]]","{""0"":0.25,""1"":0.75}",0.053677777777777776,0.051500000000000004,0.515,,0.96,0.04,0.366412213740458,0.5533333333333333,0.575,0.7033333333333334,0.5711294432251066,0.8856,0.9544930411259915,0.6669749062222704,0.4738594978148874,0.29379023874119814,0.5,0.4859034417631139,0.05117777777777778,0.94,0.7333333333333333,0.0505,"[[48,2],[83,67]]",0.7033333333333334,True,False,False
results/timm_dinov3_vit_lora_test/stop3b_imbalance_decoupling_spider_target_minority_timm_dinov3_vit_lora_ce_seed43_04-28_16-35/metrics_20260428_163522_ce.json,results/timm_dinov3_vit_lora_test/stop3b_imbalance_decoupling_spider_target_minority_timm_dinov3_vit_lora_ce_seed43_04-28_16-35,spider_target_minority,timm_dinov3_vit_lora,ce,43,argmax,black_widow,0.95,0.75,balanced_accuracy,,"[[0.0,10.0],[1.0,0.0]]","{""0"":0.25,""1"":0.75}",3.9225,0.25,2.5,,0.0,1.0,0.0,0.0,0.75,0.5,0.42857142857142855,0.7001333333333334,0.8774536712561428,0.6590351120344451,0.4659476668925878,0.21656711757183078,,,,,,,"[[0,50],[0,150]]",0.5,False,False,False
results/timm_dinov3_vit_lora_test/stop3b_imbalance_decoupling_spider_target_minority_timm_dinov3_vit_lora_ce_seed43_04-28_16-35/metrics_20260428_163522_ce.json,results/timm_dinov3_vit_lora_test/stop3b_imbalance_decoupling_spider_target_minority_timm_dinov3_vit_lora_ce_seed43_04-28_16-35,spider_target_minority,timm_dinov3_vit_lora,ce,43,calibrated_cost_min,black_widow,0.95,0.75,balanced_accuracy,,"[[0.0,10.0],[1.0,0.0]]","{""0"":0.25,""1"":0.75}",0.1375,0.075,0.75,,1.0,0.0,0.25,1.0,0.25,0.5,0.2,0.7001333333333334,0.8774536712561428,0.629491525514399,0.4367740012585998,0.1834527638817346,0.5,,,,,,"[[50,0],[150,0]]",0.5,True,False,False
results/timm_dinov3_vit_lora_test/stop3b_imbalance_decoupling_spider_target_minority_timm_dinov3_vit_lora_ce_seed43_04-28_16-35/metrics_20260428_163522_ce.json,results/timm_dinov3_vit_lora_test/stop3b_imbalance_decoupling_spider_target_minority_timm_dinov3_vit_lora_ce_seed43_04-28_16-35,spider_target_minority,timm_dinov3_vit_lora,ce,43,calibrated_threshold,black_widow,0.95,0.75,balanced_accuracy,,"[[0.0,10.0],[1.0,0.0]]","{""0"":0.25,""1"":0.75}",0.08617777777777777,0.068,0.68,,0.94,0.06,0.30718954248366015,0.7066666666666667,0.455,0.6166666666666667,0.4548773474031657,0.7001333333333334,0.8774536712561428,0.629491525514399,0.4367740012585998,0.1834527638817346,0.5,0.42481089330870847,0.10444444444444444,0.94,0.5766666666666667,0.074,"[[47,3],[106,44]]",0.6166666666666667,False,False,False
results/timm_dinov3_vit_lora_test/stop3b_imbalance_decoupling_spider_target_minority_timm_dinov3_vit_lora_ce_calibrated_cost_min_seed43_04-28_16-35/metrics_20260428_163603_ce_calibrated_cost_min.json,results/timm_dinov3_vit_lora_test/stop3b_imbalance_decoupling_spider_target_minority_timm_dinov3_vit_lora_ce_calibrated_cost_min_seed43_04-28_16-35,spider_target_minority,timm_dinov3_vit_lora,ce_calibrated_cost_min,43,argmax,black_widow,0.95,0.75,balanced_accuracy,,"[[0.0,10.0],[1.0,0.0]]","{""0"":0.25,""1"":0.75}",3.9225,0.25,2.5,,0.0,1.0,0.0,0.0,0.75,0.5,0.42857142857142855,0.7001333333333334,0.8774536712561428,0.6590351120344451,0.4659476668925878,0.21656711757183078,,,,,,,"[[0,50],[0,150]]",0.5,False,False,False
results/timm_dinov3_vit_lora_test/stop3b_imbalance_decoupling_spider_target_minority_timm_dinov3_vit_lora_ce_calibrated_cost_min_seed43_04-28_16-35/metrics_20260428_163603_ce_calibrated_cost_min.json,results/timm_dinov3_vit_lora_test/stop3b_imbalance_decoupling_spider_target_minority_timm_dinov3_vit_lora_ce_calibrated_cost_min_seed43_04-28_16-35,spider_target_minority,timm_dinov3_vit_lora,ce_calibrated_cost_min,43,calibrated_cost_min,black_widow,0.95,0.75,balanced_accuracy,,"[[0.0,10.0],[1.0,0.0]]","{""0"":0.25,""1"":0.75}",0.1375,0.075,0.75,,1.0,0.0,0.25,1.0,0.25,0.5,0.2,0.7001333333333334,0.8774536712561428,0.629491525514399,0.4367740012585998,0.1834527638817346,0.5,,,,,,"[[50,0],[150,0]]",0.5,True,False,False
results/timm_dinov3_vit_lora_test/stop3b_imbalance_decoupling_spider_target_minority_timm_dinov3_vit_lora_ce_calibrated_cost_min_seed43_04-28_16-35/metrics_20260428_163603_ce_calibrated_cost_min.json,results/timm_dinov3_vit_lora_test/stop3b_imbalance_decoupling_spider_target_minority_timm_dinov3_vit_lora_ce_calibrated_cost_min_seed43_04-28_16-35,spider_target_minority,timm_dinov3_vit_lora,ce_calibrated_cost_min,43,calibrated_threshold,black_widow,0.95,0.75,balanced_accuracy,,"[[0.0,10.0],[1.0,0.0]]","{""0"":0.25,""1"":0.75}",0.08617777777777777,0.068,0.68,,0.94,0.06,0.30718954248366015,0.7066666666666667,0.455,0.6166666666666667,0.4548773474031657,0.7001333333333334,0.8774536712561428,0.629491525514399,0.4367740012585998,0.1834527638817346,0.5,0.42481089330870847,0.10444444444444444,0.94,0.5766666666666667,0.074,"[[47,3],[106,44]]",0.6166666666666667,False,False,False
results/timm_dinov3_vit_lora_test/stop3b_imbalance_decoupling_spider_target_minority_timm_dinov3_vit_lora_menon_logit_adjusted_seed43_04-28_16-36/metrics_20260428_163654_menon_logit_adjusted.json,results/timm_dinov3_vit_lora_test/stop3b_imbalance_decoupling_spider_target_minority_timm_dinov3_vit_lora_menon_logit_adjusted_seed43_04-28_16-36,spider_target_minority,timm_dinov3_vit_lora,menon_logit_adjusted,43,argmax,black_widow,0.95,0.75,balanced_accuracy,,"[[0.0,10.0],[1.0,0.0]]","{""0"":0.25,""1"":0.75}",0.26699999999999996,0.089,0.89,,0.74,0.26,0.43529411764705883,0.32,0.695,0.71,0.6589797344514325,0.8045333333333333,0.9246489469121821,0.6736382584578717,0.4805154706370704,0.1774637398123741,,,,,,,"[[37,13],[48,102]]",0.71,False,False,False
results/timm_dinov3_vit_lora_test/stop3b_imbalance_decoupling_spider_target_minority_timm_dinov3_vit_lora_menon_logit_adjusted_seed43_04-28_16-36/metrics_20260428_163654_menon_logit_adjusted.json,results/timm_dinov3_vit_lora_test/stop3b_imbalance_decoupling_spider_target_minority_timm_dinov3_vit_lora_menon_logit_adjusted_seed43_04-28_16-36,spider_target_minority,timm_dinov3_vit_lora,menon_logit_adjusted,43,calibrated_cost_min,black_widow,0.95,0.75,balanced_accuracy,,"[[0.0,10.0],[1.0,0.0]]","{""0"":0.25,""1"":0.75}",0.1375,0.075,0.75,,1.0,0.0,0.25,1.0,0.25,0.5,0.2,0.8045333333333333,0.9246489469121821,0.6558959038725871,0.46292919170062097,0.1600316993748701,0.5,,,,,,"[[50,0],[150,0]]",0.5,True,False,False
results/timm_dinov3_vit_lora_test/stop3b_imbalance_decoupling_spider_target_minority_timm_dinov3_vit_lora_menon_logit_adjusted_seed43_04-28_16-36/metrics_20260428_163654_menon_logit_adjusted.json,results/timm_dinov3_vit_lora_test/stop3b_imbalance_decoupling_spider_target_minority_timm_dinov3_vit_lora_menon_logit_adjusted_seed43_04-28_16-36,spider_target_minority,timm_dinov3_vit_lora,menon_logit_adjusted,43,calibrated_threshold,black_widow,0.95,0.75,balanced_accuracy,,"[[0.0,10.0],[1.0,0.0]]","{""0"":0.25,""1"":0.75}",0.066,0.05600000000000001,0.56,,0.98,0.02,0.32450331125827814,0.68,0.485,0.65,0.4849871246781169,0.8045333333333333,0.9246489469121821,0.6558959038725871,0.46292919170062097,0.1600316993748701,0.5,0.4608619349028517,0.077,0.94,0.64,0.0645,"[[49,1],[102,48]]",0.65,True,False,False
results/timm_dinov3_vit_lora_test/stop3b_imbalance_decoupling_spider_target_minority_timm_dinov3_vit_lora_cs_regularized_ce_seed43_04-28_16-37/metrics_20260428_163733_cs_regularized_ce.json,results/timm_dinov3_vit_lora_test/stop3b_imbalance_decoupling_spider_target_minority_timm_dinov3_vit_lora_cs_regularized_ce_seed43_04-28_16-37,spider_target_minority,timm_dinov3_vit_lora,cs_regularized_ce,43,argmax,black_widow,0.95,0.75,balanced_accuracy,,"[[0.0,10.0],[1.0,0.0]]","{""0"":0.25,""1"":0.75}",3.9225,0.25,2.5,,0.0,1.0,0.0,0.0,0.75,0.5,0.42857142857142855,0.7022666666666667,0.8781950068216708,0.6590797900041051,0.4659920699236531,0.21666742146015167,,,,,,,"[[0,50],[0,150]]",0.5,False,False,False
results/timm_dinov3_vit_lora_test/stop3b_imbalance_decoupling_spider_target_minority_timm_dinov3_vit_lora_cs_regularized_ce_seed43_04-28_16-37/metrics_20260428_163733_cs_regularized_ce.json,results/timm_dinov3_vit_lora_test/stop3b_imbalance_decoupling_spider_target_minority_timm_dinov3_vit_lora_cs_regularized_ce_seed43_04-28_16-37,spider_target_minority,timm_dinov3_vit_lora,cs_regularized_ce,43,calibrated_cost_min,black_widow,0.95,0.75,balanced_accuracy,,"[[0.0,10.0],[1.0,0.0]]","{""0"":0.25,""1"":0.75}",0.1375,0.075,0.75,,1.0,0.0,0.25,1.0,0.25,0.5,0.2,0.7022666666666667,0.8781950068216708,0.6295551860300315,0.4368359484197553,0.18365083580500519,0.5,,,,,,"[[50,0],[150,0]]",0.5,True,False,False
results/timm_dinov3_vit_lora_test/stop3b_imbalance_decoupling_spider_target_minority_timm_dinov3_vit_lora_cs_regularized_ce_seed43_04-28_16-37/metrics_20260428_163733_cs_regularized_ce.json,results/timm_dinov3_vit_lora_test/stop3b_imbalance_decoupling_spider_target_minority_timm_dinov3_vit_lora_cs_regularized_ce_seed43_04-28_16-37,spider_target_minority,timm_dinov3_vit_lora,cs_regularized_ce,43,calibrated_threshold,black_widow,0.95,0.75,balanced_accuracy,,"[[0.0,10.0],[1.0,0.0]]","{""0"":0.25,""1"":0.75}",0.08617777777777777,0.068,0.68,,0.94,0.06,0.30718954248366015,0.7066666666666667,0.455,0.6166666666666667,0.4548773474031657,0.7022666666666667,0.8781950068216708,0.6295551860300315,0.4368359484197553,0.18365083580500519,0.5,0.4249791987018213,0.10444444444444444,0.94,0.5766666666666667,0.074,"[[47,3],[106,44]]",0.6166666666666667,False,False,False
results/timm_dinov3_vit_lora_test/stop3b_imbalance_decoupling_spider_target_minority_timm_dinov3_vit_lora_nicme_logit_adjustment_seed43_04-28_16-39/metrics_20260428_163937_nicme_logit_adjustment.json,results/timm_dinov3_vit_lora_test/stop3b_imbalance_decoupling_spider_target_minority_timm_dinov3_vit_lora_nicme_logit_adjustment_seed43_04-28_16-39,spider_target_minority,timm_dinov3_vit_lora,nicme_logit_adjustment,43,argmax,black_widow,0.95,0.75,balanced_accuracy,,"[[0.0,10.0],[1.0,0.0]]","{""0"":0.25,""1"":0.75}",0.1434999999999999,0.053500000000000006,0.535,,0.8,0.2,0.851063829787234,0.04666666666666667,0.915,0.8766666666666667,0.8843183287400905,0.9726666666666667,0.9909684754782291,0.38478498975231135,0.21816828440446975,0.22047932863235475,,,,,,,"[[40,10],[7,143]]",0.8766666666666667,False,True,False
results/timm_dinov3_vit_lora_test/stop3b_imbalance_decoupling_spider_target_minority_timm_dinov3_vit_lora_nicme_logit_adjustment_seed43_04-28_16-39/metrics_20260428_163937_nicme_logit_adjustment.json,results/timm_dinov3_vit_lora_test/stop3b_imbalance_decoupling_spider_target_minority_timm_dinov3_vit_lora_nicme_logit_adjustment_seed43_04-28_16-39,spider_target_minority,timm_dinov3_vit_lora,nicme_logit_adjustment,43,calibrated_cost_min,black_widow,0.95,0.75,balanced_accuracy,,"[[0.0,10.0],[1.0,0.0]]","{""0"":0.25,""1"":0.75}",0.044344444444444436,0.043,0.43,,1.0,0.0,0.36764705882352944,0.5733333333333334,0.57,0.7133333333333334,0.567882624861823,0.9726666666666667,0.9909684754782291,0.25394964855427743,0.13837720974595072,0.11813385928261294,0.5,,,,,,"[[50,0],[86,64]]",0.7133333333333334,True,False,False
results/timm_dinov3_vit_lora_test/stop3b_imbalance_decoupling_spider_target_minority_timm_dinov3_vit_lora_nicme_logit_adjustment_seed43_04-28_16-39/metrics_20260428_163937_nicme_logit_adjustment.json,results/timm_dinov3_vit_lora_test/stop3b_imbalance_decoupling_spider_target_minority_timm_dinov3_vit_lora_nicme_logit_adjustment_seed43_04-28_16-39,spider_target_minority,timm_dinov3_vit_lora,nicme_logit_adjustment,43,calibrated_threshold,black_widow,0.95,0.75,balanced_accuracy,,"[[0.0,10.0],[1.0,0.0]]","{""0"":0.25,""1"":0.75}",0.024,0.024,0.24,,1.0,0.0,0.5102040816326531,0.32,0.76,0.8400000000000001,0.7425997425997426,0.9726666666666667,0.9909684754782291,0.25394964855427743,0.13837720974595072,0.11813385928261294,0.5,0.19664452597102305,0.0335,0.96,0.8233333333333333,0.0335,"[[50,0],[48,102]]",0.8400000000000001,True,True,True
results/timm_dinov3_vit_lora_test/stop3b_imbalance_decoupling_spider_target_minority_timm_dinov3_vit_lora_nicme_hybrid_seed43_04-28_16-40/metrics_20260428_164030_nicme_hybrid.json,results/timm_dinov3_vit_lora_test/stop3b_imbalance_decoupling_spider_target_minority_timm_dinov3_vit_lora_nicme_hybrid_seed43_04-28_16-40,spider_target_minority,timm_dinov3_vit_lora,nicme_hybrid,43,argmax,black_widow,0.95,0.75,balanced_accuracy,,"[[0.0,10.0],[1.0,0.0]]","{""0"":0.25,""1"":0.75}",0.15449999999999992,0.0645,0.645,,0.8,0.2,0.5797101449275363,0.19333333333333333,0.805,0.8033333333333333,0.7667394359879183,0.8902666666666667,0.9561098114493944,0.679806708902057,0.48666388384033354,0.29680565178394325,,,,,,,"[[40,10],[29,121]]",0.8033333333333333,False,True,False
results/timm_dinov3_vit_lora_test/stop3b_imbalance_decoupling_spider_target_minority_timm_dinov3_vit_lora_nicme_hybrid_seed43_04-28_16-40/metrics_20260428_164030_nicme_hybrid.json,results/timm_dinov3_vit_lora_test/stop3b_imbalance_decoupling_spider_target_minority_timm_dinov3_vit_lora_nicme_hybrid_seed43_04-28_16-40,spider_target_minority,timm_dinov3_vit_lora,nicme_hybrid,43,calibrated_cost_min,black_widow,0.95,0.75,balanced_accuracy,,"[[0.0,10.0],[1.0,0.0]]","{""0"":0.25,""1"":0.75}",0.1375,0.075,0.75,,1.0,0.0,0.25,1.0,0.25,0.5,0.2,0.8902666666666667,0.9561098114493944,0.6668971894898487,0.4737837427294424,0.2886253516877907,0.5,,,,,,"[[50,0],[150,0]]",0.5,True,False,False
results/timm_dinov3_vit_lora_test/stop3b_imbalance_decoupling_spider_target_minority_timm_dinov3_vit_lora_nicme_hybrid_seed43_04-28_16-40/metrics_20260428_164030_nicme_hybrid.json,results/timm_dinov3_vit_lora_test/stop3b_imbalance_decoupling_spider_target_minority_timm_dinov3_vit_lora_nicme_hybrid_seed43_04-28_16-40,spider_target_minority,timm_dinov3_vit_lora,nicme_hybrid,43,calibrated_threshold,black_widow,0.95,0.75,balanced_accuracy,,"[[0.0,10.0],[1.0,0.0]]","{""0"":0.25,""1"":0.75}",0.05840000000000001,0.05550000000000001,0.555,,0.94,0.06,0.3671875,0.54,0.58,0.7,0.5748557546310356,0.8902666666666667,0.9561098114493944,0.6668971894898487,0.4737837427294424,0.2886253516877907,0.5,0.48722282565238473,0.049444444444444444,0.94,0.7433333333333333,0.049,"[[47,3],[81,69]]",0.7,False,False,False
results/timm_dinov3_vit_lora_test/stop3b_imbalance_decoupling_spider_target_minority_timm_dinov3_vit_lora_ce_seed44_04-28_16-41/metrics_20260428_164110_ce.json,results/timm_dinov3_vit_lora_test/stop3b_imbalance_decoupling_spider_target_minority_timm_dinov3_vit_lora_ce_seed44_04-28_16-41,spider_target_minority,timm_dinov3_vit_lora,ce,44,argmax,black_widow,0.95,0.75,balanced_accuracy,,"[[0.0,10.0],[1.0,0.0]]","{""0"":0.25,""1"":0.75}",3.9225,0.25,2.5,,0.0,1.0,0.0,0.0,0.75,0.5,0.42857142857142855,0.7014666666666667,0.8774523269242549,0.659075535611145,0.465987823218951,0.21665637284517283,,,,,,,"[[0,50],[0,150]]",0.5,False,False,False
results/timm_dinov3_vit_lora_test/stop3b_imbalance_decoupling_spider_target_minority_timm_dinov3_vit_lora_ce_seed44_04-28_16-41/metrics_20260428_164110_ce.json,results/timm_dinov3_vit_lora_test/stop3b_imbalance_decoupling_spider_target_minority_timm_dinov3_vit_lora_ce_seed44_04-28_16-41,spider_target_minority,timm_dinov3_vit_lora,ce,44,calibrated_cost_min,black_widow,0.95,0.75,balanced_accuracy,,"[[0.0,10.0],[1.0,0.0]]","{""0"":0.25,""1"":0.75}",0.1375,0.075,0.75,,1.0,0.0,0.25,1.0,0.25,0.5,0.2,0.7014666666666667,0.8774523269242549,0.6295486578777818,0.43682947275189904,0.18362885518101624,0.5,,,,,,"[[50,0],[150,0]]",0.5,True,False,False
results/timm_dinov3_vit_lora_test/stop3b_imbalance_decoupling_spider_target_minority_timm_dinov3_vit_lora_ce_seed44_04-28_16-41/metrics_20260428_164110_ce.json,results/timm_dinov3_vit_lora_test/stop3b_imbalance_decoupling_spider_target_minority_timm_dinov3_vit_lora_ce_seed44_04-28_16-41,spider_target_minority,timm_dinov3_vit_lora,ce,44,calibrated_threshold,black_widow,0.95,0.75,balanced_accuracy,,"[[0.0,10.0],[1.0,0.0]]","{""0"":0.25,""1"":0.75}",0.08617777777777777,0.068,0.68,,0.94,0.06,0.30718954248366015,0.7066666666666667,0.455,0.6166666666666667,0.4548773474031657,0.7014666666666667,0.8774523269242549,0.6295486578777818,0.43682947275189904,0.18362885518101624,0.5,0.4250534099615151,0.10444444444444444,0.94,0.5766666666666667,0.074,"[[47,3],[106,44]]",0.6166666666666667,False,False,False
results/timm_dinov3_vit_lora_test/stop3b_imbalance_decoupling_spider_target_minority_timm_dinov3_vit_lora_ce_calibrated_cost_min_seed44_04-28_16-41/metrics_20260428_164149_ce_calibrated_cost_min.json,results/timm_dinov3_vit_lora_test/stop3b_imbalance_decoupling_spider_target_minority_timm_dinov3_vit_lora_ce_calibrated_cost_min_seed44_04-28_16-41,spider_target_minority,timm_dinov3_vit_lora,ce_calibrated_cost_min,44,argmax,black_widow,0.95,0.75,balanced_accuracy,,"[[0.0,10.0],[1.0,0.0]]","{""0"":0.25,""1"":0.75}",3.9225,0.25,2.5,,0.0,1.0,0.0,0.0,0.75,0.5,0.42857142857142855,0.7014666666666667,0.8774523269242549,0.659075535611145,0.465987823218951,0.21665637284517283,,,,,,,"[[0,50],[0,150]]",0.5,False,False,False
results/timm_dinov3_vit_lora_test/stop3b_imbalance_decoupling_spider_target_minority_timm_dinov3_vit_lora_ce_calibrated_cost_min_seed44_04-28_16-41/metrics_20260428_164149_ce_calibrated_cost_min.json,results/timm_dinov3_vit_lora_test/stop3b_imbalance_decoupling_spider_target_minority_timm_dinov3_vit_lora_ce_calibrated_cost_min_seed44_04-28_16-41,spider_target_minority,timm_dinov3_vit_lora,ce_calibrated_cost_min,44,calibrated_cost_min,black_widow,0.95,0.75,balanced_accuracy,,"[[0.0,10.0],[1.0,0.0]]","{""0"":0.25,""1"":0.75}",0.1375,0.075,0.75,,1.0,0.0,0.25,1.0,0.25,0.5,0.2,0.7014666666666667,0.8774523269242549,0.6295486578777818,0.43682947275189904,0.18362885518101624,0.5,,,,,,"[[50,0],[150,0]]",0.5,True,False,False
results/timm_dinov3_vit_lora_test/stop3b_imbalance_decoupling_spider_target_minority_timm_dinov3_vit_lora_ce_calibrated_cost_min_seed44_04-28_16-41/metrics_20260428_164149_ce_calibrated_cost_min.json,results/timm_dinov3_vit_lora_test/stop3b_imbalance_decoupling_spider_target_minority_timm_dinov3_vit_lora_ce_calibrated_cost_min_seed44_04-28_16-41,spider_target_minority,timm_dinov3_vit_lora,ce_calibrated_cost_min,44,calibrated_threshold,black_widow,0.95,0.75,balanced_accuracy,,"[[0.0,10.0],[1.0,0.0]]","{""0"":0.25,""1"":0.75}",0.08617777777777777,0.068,0.68,,0.94,0.06,0.30718954248366015,0.7066666666666667,0.455,0.6166666666666667,0.4548773474031657,0.7014666666666667,0.8774523269242549,0.6295486578777818,0.43682947275189904,0.18362885518101624,0.5,0.4250534099615151,0.10444444444444444,0.94,0.5766666666666667,0.074,"[[47,3],[106,44]]",0.6166666666666667,False,False,False
results/timm_dinov3_vit_lora_test/stop3b_imbalance_decoupling_spider_target_minority_timm_dinov3_vit_lora_menon_logit_adjusted_seed44_04-28_16-44/metrics_20260428_164415_menon_logit_adjusted.json,results/timm_dinov3_vit_lora_test/stop3b_imbalance_decoupling_spider_target_minority_timm_dinov3_vit_lora_menon_logit_adjusted_seed44_04-28_16-44,spider_target_minority,timm_dinov3_vit_lora,menon_logit_adjusted,44,argmax,black_widow,0.95,0.75,balanced_accuracy,,"[[0.0,10.0],[1.0,0.0]]","{""0"":0.25,""1"":0.75}",0.09889999999999999,0.0505,0.505,,0.84,0.16,0.6666666666666666,0.14,0.855,0.85,0.8211587678455798,0.9298666666666666,0.9720930382714253,0.37010784973493766,0.22663869045931734,0.07939589709043506,,,,,,,"[[42,8],[21,129]]",0.85,False,True,False
results/timm_dinov3_vit_lora_test/stop3b_imbalance_decoupling_spider_target_minority_timm_dinov3_vit_lora_menon_logit_adjusted_seed44_04-28_16-44/metrics_20260428_164415_menon_logit_adjusted.json,results/timm_dinov3_vit_lora_test/stop3b_imbalance_decoupling_spider_target_minority_timm_dinov3_vit_lora_menon_logit_adjusted_seed44_04-28_16-44,spider_target_minority,timm_dinov3_vit_lora,menon_logit_adjusted,44,calibrated_cost_min,black_widow,0.95,0.75,balanced_accuracy,,"[[0.0,10.0],[1.0,0.0]]","{""0"":0.25,""1"":0.75}",0.05387777777777778,0.0485,0.485,,1.0,0.0,0.3401360544217687,0.6466666666666666,0.515,0.6766666666666666,0.5148908504413493,0.9298666666666666,0.9720930382714253,0.35847799555665655,0.22165902756991623,0.08792133565958876,0.8500000000000001,,,,,,"[[50,0],[97,53]]",0.6766666666666666,True,False,False
results/timm_dinov3_vit_lora_test/stop3b_imbalance_decoupling_spider_target_minority_timm_dinov3_vit_lora_menon_logit_adjusted_seed44_04-28_16-44/metrics_20260428_164415_menon_logit_adjusted.json,results/timm_dinov3_vit_lora_test/stop3b_imbalance_decoupling_spider_target_minority_timm_dinov3_vit_lora_menon_logit_adjusted_seed44_04-28_16-44,spider_target_minority,timm_dinov3_vit_lora,menon_logit_adjusted,44,calibrated_threshold,black_widow,0.95,0.75,balanced_accuracy,,"[[0.0,10.0],[1.0,0.0]]","{""0"":0.25,""1"":0.75}",0.05450000000000001,0.052000000000000005,0.52,,0.96,0.04,0.36363636363636365,0.56,0.57,0.7,0.5664885573142453,0.9298666666666666,0.9720930382714253,0.35847799555665655,0.22165902756991623,0.08792133565958876,0.8500000000000001,0.14252551704913746,0.05,0.94,0.74,0.0495,"[[48,2],[84,66]]",0.7,True,False,False
results/timm_dinov3_vit_lora_test/stop3b_imbalance_decoupling_spider_target_minority_timm_dinov3_vit_lora_cs_regularized_ce_seed44_04-28_16-44/metrics_20260428_164456_cs_regularized_ce.json,results/timm_dinov3_vit_lora_test/stop3b_imbalance_decoupling_spider_target_minority_timm_dinov3_vit_lora_cs_regularized_ce_seed44_04-28_16-44,spider_target_minority,timm_dinov3_vit_lora,cs_regularized_ce,44,argmax,black_widow,0.95,0.75,balanced_accuracy,,"[[0.0,10.0],[1.0,0.0]]","{""0"":0.25,""1"":0.75}",3.9225,0.25,2.5,,0.0,1.0,0.0,0.0,0.75,0.5,0.42857142857142855,0.7028,0.8784554379378499,0.6591201310357347,0.46603214263041326,0.21675664424896243,,,,,,,"[[0,50],[0,150]]",0.5,False,False,False
results/timm_dinov3_vit_lora_test/stop3b_imbalance_decoupling_spider_target_minority_timm_dinov3_vit_lora_cs_regularized_ce_seed44_04-28_16-44/metrics_20260428_164456_cs_regularized_ce.json,results/timm_dinov3_vit_lora_test/stop3b_imbalance_decoupling_spider_target_minority_timm_dinov3_vit_lora_cs_regularized_ce_seed44_04-28_16-44,spider_target_minority,timm_dinov3_vit_lora,cs_regularized_ce,44,calibrated_cost_min,black_widow,0.95,0.75,balanced_accuracy,,"[[0.0,10.0],[1.0,0.0]]","{""0"":0.25,""1"":0.75}",0.1375,0.075,0.75,,1.0,0.0,0.25,1.0,0.25,0.5,0.2,0.7028,0.8784554379378499,0.6296122331562967,0.436891339271244,0.18382687804644315,0.5,,,,,,"[[50,0],[150,0]]",0.5,True,False,False
results/timm_dinov3_vit_lora_test/stop3b_imbalance_decoupling_spider_target_minority_timm_dinov3_vit_lora_cs_regularized_ce_seed44_04-28_16-44/metrics_20260428_164456_cs_regularized_ce.json,results/timm_dinov3_vit_lora_test/stop3b_imbalance_decoupling_spider_target_minority_timm_dinov3_vit_lora_cs_regularized_ce_seed44_04-28_16-44,spider_target_minority,timm_dinov3_vit_lora,cs_regularized_ce,44,calibrated_threshold,black_widow,0.95,0.75,balanced_accuracy,,"[[0.0,10.0],[1.0,0.0]]","{""0"":0.25,""1"":0.75}",0.0782111111111111,0.063,0.63,,0.96,0.04,0.3116883116883117,0.7066666666666667,0.46,0.6266666666666667,0.4597839135654262,0.7028,0.8784554379378499,0.6296122331562967,0.436891339271244,0.18382687804644315,0.5,0.42521400730237446,0.10444444444444444,0.94,0.5766666666666667,0.074,"[[48,2],[106,44]]",0.6266666666666667,True,False,False
results/timm_dinov3_vit_lora_test/stop3b_imbalance_decoupling_spider_target_minority_timm_dinov3_vit_lora_nicme_logit_adjustment_seed44_04-28_16-47/metrics_20260428_164714_nicme_logit_adjustment.json,results/timm_dinov3_vit_lora_test/stop3b_imbalance_decoupling_spider_target_minority_timm_dinov3_vit_lora_nicme_logit_adjustment_seed44_04-28_16-47,spider_target_minority,timm_dinov3_vit_lora,nicme_logit_adjustment,44,argmax,black_widow,0.95,0.75,balanced_accuracy,,"[[0.0,10.0],[1.0,0.0]]","{""0"":0.25,""1"":0.75}",0.11460000000000001,0.047,0.47,,0.82,0.18,0.9111111111111111,0.02666666666666667,0.935,0.8966666666666667,0.910267471958585,0.9770666666666666,0.9923528728722839,0.36845089043931895,0.20546906932702413,0.22241041690111157,,,,,,,"[[41,9],[4,146]]",0.8966666666666667,False,True,False
results/timm_dinov3_vit_lora_test/stop3b_imbalance_decoupling_spider_target_minority_timm_dinov3_vit_lora_nicme_logit_adjustment_seed44_04-28_16-47/metrics_20260428_164714_nicme_logit_adjustment.json,results/timm_dinov3_vit_lora_test/stop3b_imbalance_decoupling_spider_target_minority_timm_dinov3_vit_lora_nicme_logit_adjustment_seed44_04-28_16-47,spider_target_minority,timm_dinov3_vit_lora,nicme_logit_adjustment,44,calibrated_cost_min,black_widow,0.95,0.75,balanced_accuracy,,"[[0.0,10.0],[1.0,0.0]]","{""0"":0.25,""1"":0.75}",0.038544444444444444,0.0385,0.385,,1.0,0.0,0.3937007874015748,0.5133333333333333,0.615,0.7433333333333334,0.6098401357959008,0.9770666666666666,0.9923528728722839,0.23751882938300992,0.12785819363831671,0.10981405915591186,0.5,,,,,,"[[50,0],[77,73]]",0.7433333333333334,True,False,False
results/timm_dinov3_vit_lora_test/stop3b_imbalance_decoupling_spider_target_minority_timm_dinov3_vit_lora_nicme_logit_adjustment_seed44_04-28_16-47/metrics_20260428_164714_nicme_logit_adjustment.json,results/timm_dinov3_vit_lora_test/stop3b_imbalance_decoupling_spider_target_minority_timm_dinov3_vit_lora_nicme_logit_adjustment_seed44_04-28_16-47,spider_target_minority,timm_dinov3_vit_lora,nicme_logit_adjustment,44,calibrated_threshold,black_widow,0.95,0.75,balanced_accuracy,,"[[0.0,10.0],[1.0,0.0]]","{""0"":0.25,""1"":0.75}",0.026000000000000002,0.026000000000000002,0.26,,1.0,0.0,0.49019607843137253,0.3466666666666667,0.74,0.8266666666666667,0.7241086587436332,0.9770666666666666,0.9923528728722839,0.23751882938300992,0.12785819363831671,0.10981405915591186,0.5,0.16038922037421213,0.0335,0.96,0.8233333333333333,0.0335,"[[50,0],[52,98]]",0.8266666666666667,True,True,True
results/timm_dinov3_vit_lora_test/stop3b_imbalance_decoupling_spider_target_minority_timm_dinov3_vit_lora_nicme_hybrid_seed44_04-28_16-48/metrics_20260428_164808_nicme_hybrid.json,results/timm_dinov3_vit_lora_test/stop3b_imbalance_decoupling_spider_target_minority_timm_dinov3_vit_lora_nicme_hybrid_seed44_04-28_16-48,spider_target_minority,timm_dinov3_vit_lora,nicme_hybrid,44,argmax,black_widow,0.95,0.75,balanced_accuracy,,"[[0.0,10.0],[1.0,0.0]]","{""0"":0.25,""1"":0.75}",0.1830999999999999,0.0675,0.675,,0.78,0.22,0.609375,0.16666666666666666,0.82,0.8066666666666666,0.7791682002208318,0.889,0.9560681610172919,0.6794483164377536,0.48630558929483425,0.31167142242193213,,,,,,,"[[39,11],[25,125]]",0.8066666666666666,False,True,False
results/timm_dinov3_vit_lora_test/stop3b_imbalance_decoupling_spider_target_minority_timm_dinov3_vit_lora_nicme_hybrid_seed44_04-28_16-48/metrics_20260428_164808_nicme_hybrid.json,results/timm_dinov3_vit_lora_test/stop3b_imbalance_decoupling_spider_target_minority_timm_dinov3_vit_lora_nicme_hybrid_seed44_04-28_16-48,spider_target_minority,timm_dinov3_vit_lora,nicme_hybrid,44,calibrated_cost_min,black_widow,0.95,0.75,balanced_accuracy,,"[[0.0,10.0],[1.0,0.0]]","{""0"":0.25,""1"":0.75}",0.1375,0.075,0.75,,1.0,0.0,0.25,1.0,0.25,0.5,0.2,0.8889333333333334,0.9560681610172916,0.6661888343803605,0.47307615625790717,0.30335716209533,0.5,,,,,,"[[50,0],[150,0]]",0.5,True,False,False
results/timm_dinov3_vit_lora_test/stop3b_imbalance_decoupling_spider_target_minority_timm_dinov3_vit_lora_nicme_hybrid_seed44_04-28_16-48/metrics_20260428_164808_nicme_hybrid.json,results/timm_dinov3_vit_lora_test/stop3b_imbalance_decoupling_spider_target_minority_timm_dinov3_vit_lora_nicme_hybrid_seed44_04-28_16-48,spider_target_minority,timm_dinov3_vit_lora,nicme_hybrid,44,calibrated_threshold,black_widow,0.95,0.75,balanced_accuracy,,"[[0.0,10.0],[1.0,0.0]]","{""0"":0.25,""1"":0.75}",0.04711111111111111,0.046,0.46,,0.98,0.02,0.37404580152671757,0.5466666666666666,0.585,0.7166666666666667,0.5812205151492217,0.8889333333333334,0.9560681610172916,0.6661888343803605,0.47307615625790717,0.30335716209533,0.5,0.4854828157413028,0.05117777777777778,0.94,0.7333333333333333,0.0505,"[[49,1],[82,68]]",0.7166666666666667,True,False,False
results/vit_test/stop3b_imbalance_decoupling_spider_target_majority_vit_ce_seed42_04-28_16-49/metrics_20260428_164941_ce.json,results/vit_test/stop3b_imbalance_decoupling_spider_target_majority_vit_ce_seed42_04-28_16-49,spider_target_majority,vit,ce,42,argmax,black_widow,0.95,0.75,balanced_accuracy,,"[[0.0,10.0],[1.0,0.0]]","{""0"":0.75,""1"":0.25}",0.021377777777777777,0.0195,0.195,,0.9933333333333333,0.006666666666666667,0.8370786516853933,0.58,0.85,0.7066666666666667,0.7459349593495935,0.9176,0.8365934687914078,0.42270404521980853,0.23831310816187348,0.1004687488079071,,,,,,,"[[149,1],[29,21]]",0.7066666666666667,True,False,False
results/vit_test/stop3b_imbalance_decoupling_spider_target_majority_vit_ce_seed42_04-28_16-49/metrics_20260428_164941_ce.json,results/vit_test/stop3b_imbalance_decoupling_spider_target_majority_vit_ce_seed42_04-28_16-49,spider_target_majority,vit,ce,42,calibrated_cost_min,black_widow,0.95,0.75,balanced_accuracy,,"[[0.0,10.0],[1.0,0.0]]","{""0"":0.75,""1"":0.25}",0.04610000000000001,0.020499999999999997,0.205,,1.0,0.0,0.7853403141361257,0.82,0.795,0.59,0.59242507082857,0.9176,0.8365934687914078,0.3837561331820609,0.22900877295810051,0.07732680082591173,1.2000000000000002,,,,,,"[[150,0],[41,9]]",0.59,True,False,False
results/vit_test/stop3b_imbalance_decoupling_spider_target_majority_vit_ce_seed42_04-28_16-49/metrics_20260428_164941_ce.json,results/vit_test/stop3b_imbalance_decoupling_spider_target_majority_vit_ce_seed42_04-28_16-49,spider_target_majority,vit,ce,42,calibrated_threshold,black_widow,0.95,0.75,balanced_accuracy,,"[[0.0,10.0],[1.0,0.0]]","{""0"":0.75,""1"":0.25}",0.02090000000000001,0.016,0.16,,1.0,0.0,0.8241758241758241,0.64,0.84,0.6799999999999999,0.7165131112686038,0.9176,0.8365934687914078,0.3837561331820609,0.22900877295810051,0.07732680082591173,1.2000000000000002,0.20216295009562824,0.011,1.0,0.78,0.011,"[[150,0],[32,18]]",0.6799999999999999,True,False,False
results/vit_test/stop3b_imbalance_decoupling_spider_target_majority_vit_ce_calibrated_cost_min_seed42_04-28_16-51/metrics_20260428_165113_ce_calibrated_cost_min.json,results/vit_test/stop3b_imbalance_decoupling_spider_target_majority_vit_ce_calibrated_cost_min_seed42_04-28_16-51,spider_target_majority,vit,ce_calibrated_cost_min,42,argmax,black_widow,0.95,0.75,balanced_accuracy,,"[[0.0,10.0],[1.0,0.0]]","{""0"":0.75,""1"":0.25}",0.017,0.017,0.17,,0.9866666666666667,0.013333333333333334,0.9135802469135802,0.28,0.92,0.8533333333333333,0.8834498834498834,0.9598666666666666,0.9209594032376747,0.23324490369922768,0.13054215519459456,0.04273967027664191,,,,,,,"[[148,2],[14,36]]",0.8533333333333333,True,True,True
results/vit_test/stop3b_imbalance_decoupling_spider_target_majority_vit_ce_calibrated_cost_min_seed42_04-28_16-51/metrics_20260428_165113_ce_calibrated_cost_min.json,results/vit_test/stop3b_imbalance_decoupling_spider_target_majority_vit_ce_calibrated_cost_min_seed42_04-28_16-51,spider_target_majority,vit,ce_calibrated_cost_min,42,calibrated_cost_min,black_widow,0.95,0.75,balanced_accuracy,,"[[0.0,10.0],[1.0,0.0]]","{""0"":0.75,""1"":0.25}",0.0125,0.0125,0.125,,1.0,0.0,0.8571428571428571,0.5,0.875,0.75,0.7948717948717948,0.9598666666666666,0.9209594032376747,0.2332449068393696,0.13054215492299673,0.0427396675941593,1.0,,,,,,"[[150,0],[25,25]]",0.75,True,True,True
results/vit_test/stop3b_imbalance_decoupling_spider_target_majority_vit_ce_calibrated_cost_min_seed42_04-28_16-51/metrics_20260428_165113_ce_calibrated_cost_min.json,results/vit_test/stop3b_imbalance_decoupling_spider_target_majority_vit_ce_calibrated_cost_min_seed42_04-28_16-51,spider_target_majority,vit,ce_calibrated_cost_min,42,calibrated_threshold,black_widow,0.95,0.75,balanced_accuracy,,"[[0.0,10.0],[1.0,0.0]]","{""0"":0.75,""1"":0.25}",0.016100000000000003,0.014499999999999999,0.145,,1.0,0.0,0.8379888268156425,0.58,0.855,0.71,0.7517016995590564,0.9598666666666666,0.9209594032376747,0.2332449068393696,0.13054215492299673,0.0427396675941593,1.0,0.048736179115530236,0.012,1.0,0.76,0.012,"[[150,0],[29,21]]",0.71,True,False,False
results/vit_test/stop3b_imbalance_decoupling_spider_target_majority_vit_menon_logit_adjusted_seed42_04-28_16-52/metrics_20260428_165241_menon_logit_adjusted.json,results/vit_test/stop3b_imbalance_decoupling_spider_target_majority_vit_menon_logit_adjusted_seed42_04-28_16-52,spider_target_majority,vit,menon_logit_adjusted,42,argmax,black_widow,0.95,0.75,balanced_accuracy,,"[[0.0,10.0],[1.0,0.0]]","{""0"":0.75,""1"":0.25}",0.022,0.022,0.22,,0.98,0.02,0.9130434782608695,0.28,0.915,0.85,0.8771631923118609,0.9476000000000001,0.9020529886227895,0.2347044075529962,0.13381233194666725,0.029435072243213692,,,,,,,"[[147,3],[14,36]]",0.85,True,True,True
results/vit_test/stop3b_imbalance_decoupling_spider_target_majority_vit_menon_logit_adjusted_seed42_04-28_16-52/metrics_20260428_165241_menon_logit_adjusted.json,results/vit_test/stop3b_imbalance_decoupling_spider_target_majority_vit_menon_logit_adjusted_seed42_04-28_16-52,spider_target_majority,vit,menon_logit_adjusted,42,calibrated_cost_min,black_widow,0.95,0.75,balanced_accuracy,,"[[0.0,10.0],[1.0,0.0]]","{""0"":0.75,""1"":0.25}",0.017,0.017,0.17,,0.9933333333333333,0.006666666666666667,0.861271676300578,0.48,0.875,0.7566666666666666,0.7989626472598609,0.9476000000000001,0.9020529886227895,0.24329196768149153,0.13537823134420998,0.04717526567039972,0.8,,,,,,"[[149,1],[24,26]]",0.7566666666666666,True,True,True
results/vit_test/stop3b_imbalance_decoupling_spider_target_majority_vit_menon_logit_adjusted_seed42_04-28_16-52/metrics_20260428_165241_menon_logit_adjusted.json,results/vit_test/stop3b_imbalance_decoupling_spider_target_majority_vit_menon_logit_adjusted_seed42_04-28_16-52,spider_target_majority,vit,menon_logit_adjusted,42,calibrated_threshold,black_widow,0.95,0.75,balanced_accuracy,,"[[0.0,10.0],[1.0,0.0]]","{""0"":0.75,""1"":0.25}",0.019,0.019,0.19,,0.9866666666666667,0.013333333333333334,0.891566265060241,0.36,0.9,0.8133333333333334,0.8493068113321278,0.9476000000000001,0.9020529886227895,0.24329196768149153,0.13537823134420998,0.04717526567039972,0.8,0.18607092696601202,0.011,0.9933333333333333,0.8766666666666667,0.011,"[[148,2],[18,32]]",0.8133333333333334,True,True,True
results/vit_test/stop3b_imbalance_decoupling_spider_target_majority_vit_cs_regularized_ce_seed42_04-28_16-54/metrics_20260428_165429_cs_regularized_ce.json,results/vit_test/stop3b_imbalance_decoupling_spider_target_majority_vit_cs_regularized_ce_seed42_04-28_16-54,spider_target_majority,vit,cs_regularized_ce,42,argmax,black_widow,0.95,0.75,balanced_accuracy,,"[[0.0,10.0],[1.0,0.0]]","{""0"":0.75,""1"":0.25}",0.027500000000000004,0.027500000000000004,0.275,,0.9733333333333334,0.02666666666666667,0.906832298136646,0.3,0.905,0.8366666666666667,0.86271180317208,0.9385333333333333,0.8907788129482559,0.3019662373378571,0.1585100112943396,0.06422965705394745,,,,,,,"[[146,4],[15,35]]",0.8366666666666667,True,True,True
results/vit_test/stop3b_imbalance_decoupling_spider_target_majority_vit_cs_regularized_ce_seed42_04-28_16-54/metrics_20260428_165429_cs_regularized_ce.json,results/vit_test/stop3b_imbalance_decoupling_spider_target_majority_vit_cs_regularized_ce_seed42_04-28_16-54,spider_target_majority,vit,cs_regularized_ce,42,calibrated_cost_min,black_widow,0.95,0.75,balanced_accuracy,,"[[0.0,10.0],[1.0,0.0]]","{""0"":0.75,""1"":0.25}",0.0115,0.0115,0.115,,1.0,0.0,0.8670520231213873,0.46,0.885,0.77,0.815045635479072,0.9385333333333333,0.8907788129482559,0.272025468220412,0.15205941859819025,0.040404391660485914,1.25,,,,,,"[[150,0],[23,27]]",0.77,True,True,True
results/vit_test/stop3b_imbalance_decoupling_spider_target_majority_vit_cs_regularized_ce_seed42_04-28_16-54/metrics_20260428_165429_cs_regularized_ce.json,results/vit_test/stop3b_imbalance_decoupling_spider_target_majority_vit_cs_regularized_ce_seed42_04-28_16-54,spider_target_majority,vit,cs_regularized_ce,42,calibrated_threshold,black_widow,0.95,0.75,balanced_accuracy,,"[[0.0,10.0],[1.0,0.0]]","{""0"":0.75,""1"":0.25}",0.019100000000000006,0.0155,0.155,,1.0,0.0,0.8287292817679558,0.62,0.845,0.69,0.7285345242786462,0.9385333333333333,0.8907788129482559,0.272025468220412,0.15205941859819025,0.040404391660485914,1.25,0.062333541871247344,0.0095,1.0,0.81,0.0095,"[[150,0],[31,19]]",0.69,True,False,False
results/vit_test/stop3b_imbalance_decoupling_spider_target_majority_vit_nicme_logit_adjustment_seed42_04-28_16-55/metrics_20260428_165547_nicme_logit_adjustment.json,results/vit_test/stop3b_imbalance_decoupling_spider_target_majority_vit_nicme_logit_adjustment_seed42_04-28_16-55,spider_target_majority,vit,nicme_logit_adjustment,42,argmax,black_widow,0.95,0.75,balanced_accuracy,,"[[0.0,10.0],[1.0,0.0]]","{""0"":0.75,""1"":0.25}",0.039,0.039,0.39,,0.9533333333333334,0.04666666666666667,0.9470198675496688,0.16,0.925,0.8966666666666667,0.8993254807208295,0.9617333333333333,0.9275183725672416,0.21891389408520218,0.12067949310284412,0.051044597625732456,,,,,,,"[[143,7],[8,42]]",0.8966666666666667,True,True,True
results/vit_test/stop3b_imbalance_decoupling_spider_target_majority_vit_nicme_logit_adjustment_seed42_04-28_16-55/metrics_20260428_165547_nicme_logit_adjustment.json,results/vit_test/stop3b_imbalance_decoupling_spider_target_majority_vit_nicme_logit_adjustment_seed42_04-28_16-55,spider_target_majority,vit,nicme_logit_adjustment,42,calibrated_cost_min,black_widow,0.95,0.75,balanced_accuracy,,"[[0.0,10.0],[1.0,0.0]]","{""0"":0.75,""1"":0.25}",0.01,0.01,0.1,,1.0,0.0,0.8823529411764706,0.4,0.9,0.8,0.84375,0.9617333333333333,0.9275183725672416,0.21831657885248176,0.11573607459438502,0.037573071186243465,0.6,,,,,,"[[150,0],[20,30]]",0.8,True,True,True
results/vit_test/stop3b_imbalance_decoupling_spider_target_majority_vit_nicme_logit_adjustment_seed42_04-28_16-55/metrics_20260428_165547_nicme_logit_adjustment.json,results/vit_test/stop3b_imbalance_decoupling_spider_target_majority_vit_nicme_logit_adjustment_seed42_04-28_16-55,spider_target_majority,vit,nicme_logit_adjustment,42,calibrated_threshold,black_widow,0.95,0.75,balanced_accuracy,,"[[0.0,10.0],[1.0,0.0]]","{""0"":0.75,""1"":0.25}",0.017500000000000005,0.015,0.15,,1.0,0.0,0.8333333333333334,0.6,0.85,0.7,0.7402597402597403,0.9617333333333333,0.9275183725672416,0.21831657885248176,0.11573607459438502,0.037573071186243465,0.6,0.038501580594240276,0.0125,1.0,0.75,0.0125,"[[150,0],[30,20]]",0.7,True,False,False
results/vit_test/stop3b_imbalance_decoupling_spider_target_majority_vit_nicme_hybrid_seed42_04-28_16-57/metrics_20260428_165725_nicme_hybrid.json,results/vit_test/stop3b_imbalance_decoupling_spider_target_majority_vit_nicme_hybrid_seed42_04-28_16-57,spider_target_majority,vit,nicme_hybrid,42,argmax,black_widow,0.95,0.75,balanced_accuracy,,"[[0.0,10.0],[1.0,0.0]]","{""0"":0.75,""1"":0.25}",0.028000000000000004,0.028000000000000004,0.28,,0.9733333333333334,0.02666666666666667,0.9012345679012346,0.32,0.9,0.8266666666666667,0.8543123543123543,0.9569333333333333,0.8908415745146059,0.25140539899409275,0.15200536016017607,0.04302411049604417,,,,,,,"[[146,4],[16,34]]",0.8266666666666667,True,True,True
results/vit_test/stop3b_imbalance_decoupling_spider_target_majority_vit_nicme_hybrid_seed42_04-28_16-57/metrics_20260428_165725_nicme_hybrid.json,results/vit_test/stop3b_imbalance_decoupling_spider_target_majority_vit_nicme_hybrid_seed42_04-28_16-57,spider_target_majority,vit,nicme_hybrid,42,calibrated_cost_min,black_widow,0.95,0.75,balanced_accuracy,,"[[0.0,10.0],[1.0,0.0]]","{""0"":0.75,""1"":0.25}",0.024511111111111112,0.020499999999999997,0.205,,0.9933333333333333,0.006666666666666667,0.8277777777777777,0.62,0.84,0.6866666666666666,0.7229437229437228,0.9569333333333333,0.8908415745146059,0.2603708733868693,0.15496848230258511,0.05297681773773116,0.8500000000000001,,,,,,"[[149,1],[31,19]]",0.6866666666666666,True,False,False
results/vit_test/stop3b_imbalance_decoupling_spider_target_majority_vit_nicme_hybrid_seed42_04-28_16-57/metrics_20260428_165725_nicme_hybrid.json,results/vit_test/stop3b_imbalance_decoupling_spider_target_majority_vit_nicme_hybrid_seed42_04-28_16-57,spider_target_majority,vit,nicme_hybrid,42,calibrated_threshold,black_widow,0.95,0.75,balanced_accuracy,,"[[0.0,10.0],[1.0,0.0]]","{""0"":0.75,""1"":0.25}",0.024511111111111112,0.020499999999999997,0.205,,0.9933333333333333,0.006666666666666667,0.8277777777777777,0.62,0.84,0.6866666666666666,0.7229437229437228,0.9569333333333333,0.8908415745146059,0.2603708733868693,0.15496848230258511,0.05297681773773116,0.8500000000000001,0.08407541939128971,0.009,1.0,0.8200000000000001,0.009,"[[149,1],[31,19]]",0.6866666666666666,True,False,False
results/vit_test/stop3b_imbalance_decoupling_spider_target_majority_vit_ce_seed43_04-28_16-58/metrics_20260428_165853_ce.json,results/vit_test/stop3b_imbalance_decoupling_spider_target_majority_vit_ce_seed43_04-28_16-58,spider_target_majority,vit,ce,43,argmax,black_widow,0.95,0.75,balanced_accuracy,,"[[0.0,10.0],[1.0,0.0]]","{""0"":0.75,""1"":0.25}",0.020999999999999998,0.020999999999999998,0.21,,0.98,0.02,0.9245283018867925,0.24,0.925,0.87,0.8933105729222234,0.9551999999999999,0.9180112683747789,0.22773304170312966,0.12943455762251502,0.03294632762670512,,,,,,,"[[147,3],[12,38]]",0.87,True,True,True
results/vit_test/stop3b_imbalance_decoupling_spider_target_majority_vit_ce_seed43_04-28_16-58/metrics_20260428_165853_ce.json,results/vit_test/stop3b_imbalance_decoupling_spider_target_majority_vit_ce_seed43_04-28_16-58,spider_target_majority,vit,ce,43,calibrated_cost_min,black_widow,0.95,0.75,balanced_accuracy,,"[[0.0,10.0],[1.0,0.0]]","{""0"":0.75,""1"":0.25}",0.0131,0.013000000000000001,0.13,,1.0,0.0,0.8522727272727273,0.52,0.87,0.74,0.7844470237108274,0.9551999999999999,0.9180112683747789,0.2324988455543882,0.1310248423573352,0.0453701143094368,0.9,,,,,,"[[150,0],[26,24]]",0.74,True,False,False
results/vit_test/stop3b_imbalance_decoupling_spider_target_majority_vit_ce_seed43_04-28_16-58/metrics_20260428_165853_ce.json,results/vit_test/stop3b_imbalance_decoupling_spider_target_majority_vit_ce_seed43_04-28_16-58,spider_target_majority,vit,ce,43,calibrated_threshold,black_widow,0.95,0.75,balanced_accuracy,,"[[0.0,10.0],[1.0,0.0]]","{""0"":0.75,""1"":0.25}",0.0391,0.0195,0.195,,1.0,0.0,0.7936507936507936,0.78,0.805,0.61,0.6228057449586537,0.9551999999999999,0.9180112683747789,0.2324988455543882,0.1310248423573352,0.0453701143094368,0.9,0.0409662974031694,0.013900000000000003,1.0,0.73,0.013500000000000002,"[[150,0],[39,11]]",0.61,True,False,False
results/vit_test/stop3b_imbalance_decoupling_spider_target_majority_vit_ce_calibrated_cost_min_seed43_04-28_17-00/metrics_20260428_170026_ce_calibrated_cost_min.json,results/vit_test/stop3b_imbalance_decoupling_spider_target_majority_vit_ce_calibrated_cost_min_seed43_04-28_17-00,spider_target_majority,vit,ce_calibrated_cost_min,43,argmax,black_widow,0.95,0.75,balanced_accuracy,,"[[0.0,10.0],[1.0,0.0]]","{""0"":0.75,""1"":0.25}",0.0325,0.0325,0.325,,0.9666666666666667,0.03333333333333333,0.90625,0.3,0.9,0.8333333333333333,0.8566308243727598,0.9349333333333334,0.8683150171089873,0.2864217230596775,0.16472896816658444,0.04129837870597844,,,,,,,"[[145,5],[15,35]]",0.8333333333333333,True,True,True
results/vit_test/stop3b_imbalance_decoupling_spider_target_majority_vit_ce_calibrated_cost_min_seed43_04-28_17-00/metrics_20260428_170026_ce_calibrated_cost_min.json,results/vit_test/stop3b_imbalance_decoupling_spider_target_majority_vit_ce_calibrated_cost_min_seed43_04-28_17-00,spider_target_majority,vit,ce_calibrated_cost_min,43,calibrated_cost_min,black_widow,0.95,0.75,balanced_accuracy,,"[[0.0,10.0],[1.0,0.0]]","{""0"":0.75,""1"":0.25}",0.023277777777777776,0.023,0.23,,0.9866666666666667,0.013333333333333334,0.8505747126436781,0.52,0.86,0.7333333333333334,0.7725795971410007,0.9349333333333334,0.8683150171089873,0.32522534152705196,0.17050223598461062,0.06689018578294513,0.75,,,,,,"[[148,2],[26,24]]",0.7333333333333334,True,False,False
results/vit_test/stop3b_imbalance_decoupling_spider_target_majority_vit_ce_calibrated_cost_min_seed43_04-28_17-00/metrics_20260428_170026_ce_calibrated_cost_min.json,results/vit_test/stop3b_imbalance_decoupling_spider_target_majority_vit_ce_calibrated_cost_min_seed43_04-28_17-00,spider_target_majority,vit,ce_calibrated_cost_min,43,calibrated_threshold,black_widow,0.95,0.75,balanced_accuracy,,"[[0.0,10.0],[1.0,0.0]]","{""0"":0.75,""1"":0.25}",0.033,0.033,0.33,,0.9666666666666667,0.03333333333333333,0.9006211180124224,0.32,0.895,0.8233333333333334,0.8482604140322989,0.9349333333333334,0.8683150171089873,0.32522534152705196,0.17050223598461062,0.06689018578294513,0.75,0.43259229505707436,0.017499999999999998,0.98,0.94,0.017499999999999998,"[[145,5],[16,34]]",0.8233333333333334,True,True,True
results/vit_test/stop3b_imbalance_decoupling_spider_target_majority_vit_menon_logit_adjusted_seed43_04-28_17-02/metrics_20260428_170222_menon_logit_adjusted.json,results/vit_test/stop3b_imbalance_decoupling_spider_target_majority_vit_menon_logit_adjusted_seed43_04-28_17-02,spider_target_majority,vit,menon_logit_adjusted,43,argmax,black_widow,0.95,0.75,balanced_accuracy,,"[[0.0,10.0],[1.0,0.0]]","{""0"":0.75,""1"":0.25}",0.027000000000000003,0.027000000000000003,0.27,,0.9733333333333334,0.02666666666666667,0.9125,0.28,0.91,0.8466666666666667,0.8709677419354839,0.944,0.9017256846156523,0.25969344796481664,0.14469178396986832,0.04492921382188793,,,,,,,"[[146,4],[14,36]]",0.8466666666666667,True,True,True
results/vit_test/stop3b_imbalance_decoupling_spider_target_majority_vit_menon_logit_adjusted_seed43_04-28_17-02/metrics_20260428_170222_menon_logit_adjusted.json,results/vit_test/stop3b_imbalance_decoupling_spider_target_majority_vit_menon_logit_adjusted_seed43_04-28_17-02,spider_target_majority,vit,menon_logit_adjusted,43,calibrated_cost_min,black_widow,0.95,0.75,balanced_accuracy,,"[[0.0,10.0],[1.0,0.0]]","{""0"":0.75,""1"":0.25}",0.016,0.016,0.16,,0.9933333333333333,0.006666666666666667,0.8713450292397661,0.44,0.885,0.7766666666666666,0.8186048345754959,0.944,0.9017256846156523,0.24457025315278205,0.139672044318879,0.023837078999881255,1.25,,,,,,"[[149,1],[22,28]]",0.7766666666666666,True,True,True
results/vit_test/stop3b_imbalance_decoupling_spider_target_majority_vit_menon_logit_adjusted_seed43_04-28_17-02/metrics_20260428_170222_menon_logit_adjusted.json,results/vit_test/stop3b_imbalance_decoupling_spider_target_majority_vit_menon_logit_adjusted_seed43_04-28_17-02,spider_target_majority,vit,menon_logit_adjusted,43,calibrated_threshold,black_widow,0.95,0.75,balanced_accuracy,,"[[0.0,10.0],[1.0,0.0]]","{""0"":0.75,""1"":0.25}",0.019100000000000006,0.0155,0.155,,1.0,0.0,0.8287292817679558,0.62,0.845,0.69,0.7285345242786462,0.944,0.9017256846156523,0.24457025315278205,0.139672044318879,0.023837078999881255,1.25,0.026856885697550965,0.0131,1.0,0.74,0.013000000000000001,"[[150,0],[31,19]]",0.69,True,False,False
results/vit_test/stop3b_imbalance_decoupling_spider_target_majority_vit_cs_regularized_ce_seed43_04-28_17-03/metrics_20260428_170350_cs_regularized_ce.json,results/vit_test/stop3b_imbalance_decoupling_spider_target_majority_vit_cs_regularized_ce_seed43_04-28_17-03,spider_target_majority,vit,cs_regularized_ce,43,argmax,black_widow,0.95,0.75,balanced_accuracy,,"[[0.0,10.0],[1.0,0.0]]","{""0"":0.75,""1"":0.25}",0.034999999999999996,0.034999999999999996,0.35,,0.96,0.04,0.935064935064935,0.2,0.92,0.88,0.8903508771929824,0.9626666666666667,0.9277258380722536,0.19779662187056282,0.11476849367998648,0.054312269985675767,,,,,,,"[[144,6],[10,40]]",0.88,True,True,True
results/vit_test/stop3b_imbalance_decoupling_spider_target_majority_vit_cs_regularized_ce_seed43_04-28_17-03/metrics_20260428_170350_cs_regularized_ce.json,results/vit_test/stop3b_imbalance_decoupling_spider_target_majority_vit_cs_regularized_ce_seed43_04-28_17-03,spider_target_majority,vit,cs_regularized_ce,43,calibrated_cost_min,black_widow,0.95,0.75,balanced_accuracy,,"[[0.0,10.0],[1.0,0.0]]","{""0"":0.75,""1"":0.25}",0.015,0.015,0.15,,0.9933333333333333,0.006666666666666667,0.8816568047337278,0.4,0.895,0.7966666666666666,0.837455009868803,0.9626666666666667,0.9277258380722536,0.19846170524250947,0.11628775250270378,0.041324425090625394,0.9,,,,,,"[[149,1],[20,30]]",0.7966666666666666,True,True,True
results/vit_test/stop3b_imbalance_decoupling_spider_target_majority_vit_cs_regularized_ce_seed43_04-28_17-03/metrics_20260428_170350_cs_regularized_ce.json,results/vit_test/stop3b_imbalance_decoupling_spider_target_majority_vit_cs_regularized_ce_seed43_04-28_17-03,spider_target_majority,vit,cs_regularized_ce,43,calibrated_threshold,black_widow,0.95,0.75,balanced_accuracy,,"[[0.0,10.0],[1.0,0.0]]","{""0"":0.75,""1"":0.25}",0.027499999999999993,0.017499999999999998,0.175,,1.0,0.0,0.8108108108108109,0.7,0.825,0.65,0.6785304247990814,0.9626666666666667,0.9277258380722536,0.19846170524250947,0.11628775250270378,0.041324425090625394,0.9,0.031832026282058355,0.010499999999999999,1.0,0.79,0.010499999999999999,"[[150,0],[35,15]]",0.65,True,False,False
results/vit_test/stop3b_imbalance_decoupling_spider_target_majority_vit_nicme_logit_adjustment_seed43_04-28_17-04/metrics_20260428_170451_nicme_logit_adjustment.json,results/vit_test/stop3b_imbalance_decoupling_spider_target_majority_vit_nicme_logit_adjustment_seed43_04-28_17-04,spider_target_majority,vit,nicme_logit_adjustment,43,argmax,black_widow,0.95,0.75,balanced_accuracy,,"[[0.0,10.0],[1.0,0.0]]","{""0"":0.75,""1"":0.25}",0.0125,0.0125,0.125,,1.0,0.0,0.8571428571428571,0.5,0.875,0.75,0.7948717948717948,0.9470666666666666,0.9056630446421088,0.31284993594497207,0.19013166251190694,0.0570531749725342,,,,,,,"[[150,0],[25,25]]",0.75,True,True,True
results/vit_test/stop3b_imbalance_decoupling_spider_target_majority_vit_nicme_logit_adjustment_seed43_04-28_17-04/metrics_20260428_170451_nicme_logit_adjustment.json,results/vit_test/stop3b_imbalance_decoupling_spider_target_majority_vit_nicme_logit_adjustment_seed43_04-28_17-04,spider_target_majority,vit,nicme_logit_adjustment,43,calibrated_cost_min,black_widow,0.95,0.75,balanced_accuracy,,"[[0.0,10.0],[1.0,0.0]]","{""0"":0.75,""1"":0.25}",0.0875,0.025,0.25,,1.0,0.0,0.75,1.0,0.75,0.5,0.42857142857142855,0.9470666666666666,0.9056630446421088,0.3478430708880314,0.19343096002658428,0.055911856153819314,0.5,,,,,,"[[150,0],[50,0]]",0.5,True,False,False
results/vit_test/stop3b_imbalance_decoupling_spider_target_majority_vit_nicme_logit_adjustment_seed43_04-28_17-04/metrics_20260428_170451_nicme_logit_adjustment.json,results/vit_test/stop3b_imbalance_decoupling_spider_target_majority_vit_nicme_logit_adjustment_seed43_04-28_17-04,spider_target_majority,vit,nicme_logit_adjustment,43,calibrated_threshold,black_widow,0.95,0.75,balanced_accuracy,,"[[0.0,10.0],[1.0,0.0]]","{""0"":0.75,""1"":0.25}",0.022,0.022,0.22,,0.98,0.02,0.9130434782608695,0.28,0.915,0.85,0.8771631923118609,0.9470666666666666,0.9056630446421088,0.3478430708880314,0.19343096002658428,0.055911856153819314,0.5,0.6354526547951797,0.013500000000000002,0.9866666666666667,0.9233333333333333,0.013500000000000002,"[[147,3],[14,36]]",0.85,True,True,True
results/vit_test/stop3b_imbalance_decoupling_spider_target_majority_vit_nicme_hybrid_seed43_04-28_17-05/metrics_20260428_170551_nicme_hybrid.json,results/vit_test/stop3b_imbalance_decoupling_spider_target_majority_vit_nicme_hybrid_seed43_04-28_17-05,spider_target_majority,vit,nicme_hybrid,43,argmax,black_widow,0.95,0.75,balanced_accuracy,,"[[0.0,10.0],[1.0,0.0]]","{""0"":0.75,""1"":0.25}",0.016100000000000003,0.014499999999999999,0.145,,1.0,0.0,0.8379888268156425,0.58,0.855,0.71,0.7517016995590564,0.9321333333333333,0.8602656560678744,0.348086965229756,0.21454230833174104,0.07363803297281268,,,,,,,"[[150,0],[29,21]]",0.71,True,False,False
results/vit_test/stop3b_imbalance_decoupling_spider_target_majority_vit_nicme_hybrid_seed43_04-28_17-05/metrics_20260428_170551_nicme_hybrid.json,results/vit_test/stop3b_imbalance_decoupling_spider_target_majority_vit_nicme_hybrid_seed43_04-28_17-05,spider_target_majority,vit,nicme_hybrid,43,calibrated_cost_min,black_widow,0.95,0.75,balanced_accuracy,,"[[0.0,10.0],[1.0,0.0]]","{""0"":0.75,""1"":0.25}",0.0875,0.025,0.25,,1.0,0.0,0.75,1.0,0.75,0.5,0.42857142857142855,0.9321333333333333,0.8602656560678744,0.35130446987212116,0.21782726950224995,0.07622563868620483,0.5,,,,,,"[[150,0],[50,0]]",0.5,True,False,False
results/vit_test/stop3b_imbalance_decoupling_spider_target_majority_vit_nicme_hybrid_seed43_04-28_17-05/metrics_20260428_170551_nicme_hybrid.json,results/vit_test/stop3b_imbalance_decoupling_spider_target_majority_vit_nicme_hybrid_seed43_04-28_17-05,spider_target_majority,vit,nicme_hybrid,43,calibrated_threshold,black_widow,0.95,0.75,balanced_accuracy,,"[[0.0,10.0],[1.0,0.0]]","{""0"":0.75,""1"":0.25}",0.016100000000000003,0.014499999999999999,0.145,,1.0,0.0,0.8379888268156425,0.58,0.855,0.71,0.7517016995590564,0.9321333333333333,0.8602656560678744,0.35130446987212116,0.21782726950224995,0.07622563868620483,0.5,0.4996017512801285,0.0125,0.9933333333333333,0.8466666666666667,0.0125,"[[150,0],[29,21]]",0.71,True,False,False
results/vit_test/stop3b_imbalance_decoupling_spider_target_majority_vit_ce_seed44_04-28_17-06/metrics_20260428_170651_ce.json,results/vit_test/stop3b_imbalance_decoupling_spider_target_majority_vit_ce_seed44_04-28_17-06,spider_target_majority,vit,ce,44,argmax,black_widow,0.95,0.75,balanced_accuracy,,"[[0.0,10.0],[1.0,0.0]]","{""0"":0.75,""1"":0.25}",0.06959999999999998,0.066,0.66,,0.92,0.08,0.92,0.24,0.88,0.8400000000000001,0.8400000000000001,0.9339999999999999,0.8706708354699667,0.29135252912760984,0.1707081633845664,0.05872354924678804,,,,,,,"[[138,12],[12,38]]",0.8400000000000001,False,True,False
results/vit_test/stop3b_imbalance_decoupling_spider_target_majority_vit_ce_seed44_04-28_17-06/metrics_20260428_170651_ce.json,results/vit_test/stop3b_imbalance_decoupling_spider_target_majority_vit_ce_seed44_04-28_17-06,spider_target_majority,vit,ce,44,calibrated_cost_min,black_widow,0.95,0.75,balanced_accuracy,,"[[0.0,10.0],[1.0,0.0]]","{""0"":0.75,""1"":0.25}",0.022899999999999993,0.0165,0.165,,1.0,0.0,0.819672131147541,0.66,0.835,0.67,0.7041817937340326,0.9339999999999999,0.8706708354699667,0.3249299531221218,0.17877567152780055,0.06398429725140006,0.6,,,,,,"[[150,0],[33,17]]",0.67,True,False,False
results/vit_test/stop3b_imbalance_decoupling_spider_target_majority_vit_ce_seed44_04-28_17-06/metrics_20260428_170651_ce.json,results/vit_test/stop3b_imbalance_decoupling_spider_target_majority_vit_ce_seed44_04-28_17-06,spider_target_majority,vit,ce,44,calibrated_threshold,black_widow,0.95,0.75,balanced_accuracy,,"[[0.0,10.0],[1.0,0.0]]","{""0"":0.75,""1"":0.25}",0.016100000000000003,0.014499999999999999,0.145,,1.0,0.0,0.8379888268156425,0.58,0.855,0.71,0.7517016995590564,0.9339999999999999,0.8706708354699667,0.3249299531221218,0.17877567152780055,0.06398429725140006,0.6,0.10728293412971487,0.0085,1.0,0.8300000000000001,0.0085,"[[150,0],[29,21]]",0.71,True,False,False
results/vit_test/stop3b_imbalance_decoupling_spider_target_majority_vit_ce_calibrated_cost_min_seed44_04-28_17-07/metrics_20260428_170750_ce_calibrated_cost_min.json,results/vit_test/stop3b_imbalance_decoupling_spider_target_majority_vit_ce_calibrated_cost_min_seed44_04-28_17-07,spider_target_majority,vit,ce_calibrated_cost_min,44,argmax,black_widow,0.95,0.75,balanced_accuracy,,"[[0.0,10.0],[1.0,0.0]]","{""0"":0.75,""1"":0.25}",0.05711111111111111,0.05600000000000001,0.56,,0.9333333333333333,0.06666666666666667,0.9210526315789473,0.24,0.89,0.8466666666666667,0.8513312609812136,0.9403999999999999,0.8779049209338239,0.28512089698646453,0.16730935373471836,0.07072117120027542,,,,,,,"[[140,10],[12,38]]",0.8466666666666667,False,True,False
results/vit_test/stop3b_imbalance_decoupling_spider_target_majority_vit_ce_calibrated_cost_min_seed44_04-28_17-07/metrics_20260428_170750_ce_calibrated_cost_min.json,results/vit_test/stop3b_imbalance_decoupling_spider_target_majority_vit_ce_calibrated_cost_min_seed44_04-28_17-07,spider_target_majority,vit,ce_calibrated_cost_min,44,calibrated_cost_min,black_widow,0.95,0.75,balanced_accuracy,,"[[0.0,10.0],[1.0,0.0]]","{""0"":0.75,""1"":0.25}",0.030099999999999995,0.018,0.18,,1.0,0.0,0.8064516129032258,0.72,0.82,0.64,0.6651785714285714,0.9403999999999999,0.8779049209338239,0.31758367096729506,0.17417056785268037,0.07402845401674418,0.6,,,,,,"[[150,0],[36,14]]",0.64,True,False,False
results/vit_test/stop3b_imbalance_decoupling_spider_target_majority_vit_ce_calibrated_cost_min_seed44_04-28_17-07/metrics_20260428_170750_ce_calibrated_cost_min.json,results/vit_test/stop3b_imbalance_decoupling_spider_target_majority_vit_ce_calibrated_cost_min_seed44_04-28_17-07,spider_target_majority,vit,ce_calibrated_cost_min,44,calibrated_threshold,black_widow,0.95,0.75,balanced_accuracy,,"[[0.0,10.0],[1.0,0.0]]","{""0"":0.75,""1"":0.25}",0.0165,0.0165,0.165,,0.9933333333333333,0.006666666666666667,0.8662790697674418,0.46,0.88,0.7666666666666666,0.8088867654085046,0.9403999999999999,0.8779049209338239,0.31758367096729506,0.17417056785268037,0.07402845401674418,0.6,0.125878012113537,0.0085,1.0,0.8300000000000001,0.0085,"[[149,1],[23,27]]",0.7666666666666666,True,True,True
results/vit_test/stop3b_imbalance_decoupling_spider_target_majority_vit_menon_logit_adjusted_seed44_04-28_17-08/metrics_20260428_170853_menon_logit_adjusted.json,results/vit_test/stop3b_imbalance_decoupling_spider_target_majority_vit_menon_logit_adjusted_seed44_04-28_17-08,spider_target_majority,vit,menon_logit_adjusted,44,argmax,black_widow,0.95,0.75,balanced_accuracy,,"[[0.0,10.0],[1.0,0.0]]","{""0"":0.75,""1"":0.25}",0.027500000000000004,0.027500000000000004,0.275,,0.9733333333333334,0.02666666666666667,0.906832298136646,0.3,0.905,0.8366666666666667,0.86271180317208,0.9382666666666666,0.879611741092463,0.27340619711750747,0.15306567265436832,0.04466540098190306,,,,,,,"[[146,4],[15,35]]",0.8366666666666667,True,True,True
results/vit_test/stop3b_imbalance_decoupling_spider_target_majority_vit_menon_logit_adjusted_seed44_04-28_17-08/metrics_20260428_170853_menon_logit_adjusted.json,results/vit_test/stop3b_imbalance_decoupling_spider_target_majority_vit_menon_logit_adjusted_seed44_04-28_17-08,spider_target_majority,vit,menon_logit_adjusted,44,calibrated_cost_min,black_widow,0.95,0.75,balanced_accuracy,,"[[0.0,10.0],[1.0,0.0]]","{""0"":0.75,""1"":0.25}",0.013900000000000003,0.013500000000000002,0.135,,1.0,0.0,0.847457627118644,0.54,0.865,0.73,0.7737840894809602,0.9382666666666666,0.879611741092463,0.26487656384698705,0.15296497573658502,0.031940169726270146,0.7,,,,,,"[[150,0],[27,23]]",0.73,True,False,False
results/vit_test/stop3b_imbalance_decoupling_spider_target_majority_vit_menon_logit_adjusted_seed44_04-28_17-08/metrics_20260428_170853_menon_logit_adjusted.json,results/vit_test/stop3b_imbalance_decoupling_spider_target_majority_vit_menon_logit_adjusted_seed44_04-28_17-08,spider_target_majority,vit,menon_logit_adjusted,44,calibrated_threshold,black_widow,0.95,0.75,balanced_accuracy,,"[[0.0,10.0],[1.0,0.0]]","{""0"":0.75,""1"":0.25}",0.027499999999999993,0.017499999999999998,0.175,,1.0,0.0,0.8108108108108109,0.7,0.825,0.65,0.6785304247990814,0.9382666666666666,0.879611741092463,0.26487656384698705,0.15296497573658502,0.031940169726270146,0.7,0.027342438922321872,0.012,1.0,0.76,0.012,"[[150,0],[35,15]]",0.65,True,False,False
results/vit_test/stop3b_imbalance_decoupling_spider_target_majority_vit_cs_regularized_ce_seed44_04-28_17-09/metrics_20260428_170954_cs_regularized_ce.json,results/vit_test/stop3b_imbalance_decoupling_spider_target_majority_vit_cs_regularized_ce_seed44_04-28_17-09,spider_target_majority,vit,cs_regularized_ce,44,argmax,black_widow,0.95,0.75,balanced_accuracy,,"[[0.0,10.0],[1.0,0.0]]","{""0"":0.75,""1"":0.25}",0.08999999999999997,0.08,0.8,,0.9,0.1,0.9310344827586207,0.2,0.875,0.8500000000000001,0.8385794995964488,0.9462666666666666,0.8655458674045103,0.28244855658878515,0.17301581839705055,0.05141203999519351,,,,,,,"[[135,15],[10,40]]",0.8500000000000001,False,True,False
results/vit_test/stop3b_imbalance_decoupling_spider_target_majority_vit_cs_regularized_ce_seed44_04-28_17-09/metrics_20260428_170954_cs_regularized_ce.json,results/vit_test/stop3b_imbalance_decoupling_spider_target_majority_vit_cs_regularized_ce_seed44_04-28_17-09,spider_target_majority,vit,cs_regularized_ce,44,calibrated_cost_min,black_widow,0.95,0.75,balanced_accuracy,,"[[0.0,10.0],[1.0,0.0]]","{""0"":0.75,""1"":0.25}",0.027499999999999993,0.017499999999999998,0.175,,1.0,0.0,0.8108108108108109,0.7,0.825,0.65,0.6785304247990814,0.9462666666666666,0.8655458674045103,0.3029209742152512,0.18469943594593835,0.06523490232578555,0.6,,,,,,"[[150,0],[35,15]]",0.65,True,False,False
results/vit_test/stop3b_imbalance_decoupling_spider_target_majority_vit_cs_regularized_ce_seed44_04-28_17-09/metrics_20260428_170954_cs_regularized_ce.json,results/vit_test/stop3b_imbalance_decoupling_spider_target_majority_vit_cs_regularized_ce_seed44_04-28_17-09,spider_target_majority,vit,cs_regularized_ce,44,calibrated_threshold,black_widow,0.95,0.75,balanced_accuracy,,"[[0.0,10.0],[1.0,0.0]]","{""0"":0.75,""1"":0.25}",0.022544444444444443,0.0225,0.225,,0.9866666666666667,0.013333333333333334,0.8554913294797688,0.5,0.865,0.7433333333333334,0.7828796590406498,0.9462666666666666,0.8655458674045103,0.3029209742152512,0.18469943594593835,0.06523490232578555,0.6,0.10930313705416167,0.0085,1.0,0.8300000000000001,0.0085,"[[148,2],[25,25]]",0.7433333333333334,True,False,False
results/vit_test/stop3b_imbalance_decoupling_spider_target_majority_vit_nicme_logit_adjustment_seed44_04-28_17-10/metrics_20260428_171055_nicme_logit_adjustment.json,results/vit_test/stop3b_imbalance_decoupling_spider_target_majority_vit_nicme_logit_adjustment_seed44_04-28_17-10,spider_target_majority,vit,nicme_logit_adjustment,44,argmax,black_widow,0.95,0.75,balanced_accuracy,,"[[0.0,10.0],[1.0,0.0]]","{""0"":0.75,""1"":0.25}",0.0245,0.0245,0.245,,0.98,0.02,0.8855421686746988,0.38,0.89,0.8,0.8342374924653406,0.9625333333333334,0.9153280204870624,0.280091147431597,0.16564949274288884,0.08974073678255083,,,,,,,"[[147,3],[19,31]]",0.8,True,True,True
results/vit_test/stop3b_imbalance_decoupling_spider_target_majority_vit_nicme_logit_adjustment_seed44_04-28_17-10/metrics_20260428_171055_nicme_logit_adjustment.json,results/vit_test/stop3b_imbalance_decoupling_spider_target_majority_vit_nicme_logit_adjustment_seed44_04-28_17-10,spider_target_majority,vit,nicme_logit_adjustment,44,calibrated_cost_min,black_widow,0.95,0.75,balanced_accuracy,,"[[0.0,10.0],[1.0,0.0]]","{""0"":0.75,""1"":0.25}",0.0875,0.025,0.25,,1.0,0.0,0.75,1.0,0.75,0.5,0.42857142857142855,0.9625333333333334,0.9153280204870624,0.2616591563896878,0.15439903051032042,0.05437524665358684,0.5,,,,,,"[[150,0],[50,0]]",0.5,True,False,False
results/vit_test/stop3b_imbalance_decoupling_spider_target_majority_vit_nicme_logit_adjustment_seed44_04-28_17-10/metrics_20260428_171055_nicme_logit_adjustment.json,results/vit_test/stop3b_imbalance_decoupling_spider_target_majority_vit_nicme_logit_adjustment_seed44_04-28_17-10,spider_target_majority,vit,nicme_logit_adjustment,44,calibrated_threshold,black_widow,0.95,0.75,balanced_accuracy,,"[[0.0,10.0],[1.0,0.0]]","{""0"":0.75,""1"":0.25}",0.0115,0.0115,0.115,,1.0,0.0,0.8670520231213873,0.46,0.885,0.77,0.815045635479072,0.9625333333333334,0.9153280204870624,0.2616591563896878,0.15439903051032042,0.05437524665358684,0.5,0.3145674349351564,0.0115,1.0,0.77,0.0115,"[[150,0],[23,27]]",0.77,True,True,True
results/vit_test/stop3b_imbalance_decoupling_spider_target_majority_vit_nicme_hybrid_seed44_04-28_17-12/metrics_20260428_171215_nicme_hybrid.json,results/vit_test/stop3b_imbalance_decoupling_spider_target_majority_vit_nicme_hybrid_seed44_04-28_17-12,spider_target_majority,vit,nicme_hybrid,44,argmax,black_widow,0.95,0.75,balanced_accuracy,,"[[0.0,10.0],[1.0,0.0]]","{""0"":0.75,""1"":0.25}",0.0185,0.0185,0.185,,0.9866666666666667,0.013333333333333334,0.896969696969697,0.34,0.905,0.8233333333333334,0.858076563958917,0.958,0.905034716698234,0.26716566608272174,0.16033253495480315,0.07103808790445323,,,,,,,"[[148,2],[17,33]]",0.8233333333333334,True,True,True
results/vit_test/stop3b_imbalance_decoupling_spider_target_majority_vit_nicme_hybrid_seed44_04-28_17-12/metrics_20260428_171215_nicme_hybrid.json,results/vit_test/stop3b_imbalance_decoupling_spider_target_majority_vit_nicme_hybrid_seed44_04-28_17-12,spider_target_majority,vit,nicme_hybrid,44,calibrated_cost_min,black_widow,0.95,0.75,balanced_accuracy,,"[[0.0,10.0],[1.0,0.0]]","{""0"":0.75,""1"":0.25}",0.05809999999999998,0.022,0.22,,1.0,0.0,0.7731958762886598,0.88,0.78,0.56,0.5431893687707642,0.958,0.905034716698234,0.27463633105743246,0.1527343504263223,0.04525086775201107,0.5,,,,,,"[[150,0],[44,6]]",0.56,True,False,False
results/vit_test/stop3b_imbalance_decoupling_spider_target_majority_vit_nicme_hybrid_seed44_04-28_17-12/metrics_20260428_171215_nicme_hybrid.json,results/vit_test/stop3b_imbalance_decoupling_spider_target_majority_vit_nicme_hybrid_seed44_04-28_17-12,spider_target_majority,vit,nicme_hybrid,44,calibrated_threshold,black_widow,0.95,0.75,balanced_accuracy,,"[[0.0,10.0],[1.0,0.0]]","{""0"":0.75,""1"":0.25}",0.02090000000000001,0.016,0.16,,1.0,0.0,0.8241758241758241,0.64,0.84,0.6799999999999999,0.7165131112686038,0.958,0.905034716698234,0.27463633105743246,0.1527343504263223,0.04525086775201107,0.5,0.20654032624157212,0.0125,1.0,0.75,0.0125,"[[150,0],[32,18]]",0.6799999999999999,True,False,False
results/timm_dinov3_vit_lora_test/stop3b_imbalance_decoupling_spider_target_majority_timm_dinov3_vit_lora_ce_seed42_04-28_17-12/metrics_20260428_171300_ce.json,results/timm_dinov3_vit_lora_test/stop3b_imbalance_decoupling_spider_target_majority_timm_dinov3_vit_lora_ce_seed42_04-28_17-12,spider_target_majority,timm_dinov3_vit_lora,ce,42,argmax,black_widow,0.95,0.75,balanced_accuracy,,"[[0.0,10.0],[1.0,0.0]]","{""0"":0.75,""1"":0.25}",0.0875,0.025,0.25,,1.0,0.0,0.75,1.0,0.75,0.5,0.42857142857142855,0.5622666666666666,0.2776321291674986,0.6623537851186445,0.469252263835913,0.21752587825059894,,,,,,,"[[150,0],[50,0]]",0.5,True,False,False
results/timm_dinov3_vit_lora_test/stop3b_imbalance_decoupling_spider_target_majority_timm_dinov3_vit_lora_ce_seed42_04-28_17-12/metrics_20260428_171300_ce.json,results/timm_dinov3_vit_lora_test/stop3b_imbalance_decoupling_spider_target_majority_timm_dinov3_vit_lora_ce_seed42_04-28_17-12,spider_target_majority,timm_dinov3_vit_lora,ce,42,calibrated_cost_min,black_widow,0.95,0.75,balanced_accuracy,,"[[0.0,10.0],[1.0,0.0]]","{""0"":0.75,""1"":0.25}",0.0875,0.025,0.25,,1.0,0.0,0.75,1.0,0.75,0.5,0.42857142857142855,0.5622666666666666,0.2776321291674986,0.6358473325772445,0.44302435215193553,0.18533917923803944,0.5,,,,,,"[[150,0],[50,0]]",0.5,True,False,False
results/timm_dinov3_vit_lora_test/stop3b_imbalance_decoupling_spider_target_majority_timm_dinov3_vit_lora_ce_seed42_04-28_17-12/metrics_20260428_171300_ce.json,results/timm_dinov3_vit_lora_test/stop3b_imbalance_decoupling_spider_target_majority_timm_dinov3_vit_lora_ce_seed42_04-28_17-12,spider_target_majority,timm_dinov3_vit_lora,ce,42,calibrated_threshold,black_widow,0.95,0.75,balanced_accuracy,,"[[0.0,10.0],[1.0,0.0]]","{""0"":0.75,""1"":0.25}",0.0875,0.025,0.25,,1.0,0.0,0.75,1.0,0.75,0.5,0.42857142857142855,0.5622666666666666,0.2776321291674986,0.6358473325772445,0.44302435215193553,0.18533917923803944,0.5,0.0,0.0875,1.0,0.5,0.025,"[[150,0],[50,0]]",0.5,True,False,False
results/timm_dinov3_vit_lora_test/stop3b_imbalance_decoupling_spider_target_majority_timm_dinov3_vit_lora_ce_calibrated_cost_min_seed42_04-28_17-13/metrics_20260428_171342_ce_calibrated_cost_min.json,results/timm_dinov3_vit_lora_test/stop3b_imbalance_decoupling_spider_target_majority_timm_dinov3_vit_lora_ce_calibrated_cost_min_seed42_04-28_17-13,spider_target_majority,timm_dinov3_vit_lora,ce_calibrated_cost_min,42,argmax,black_widow,0.95,0.75,balanced_accuracy,,"[[0.0,10.0],[1.0,0.0]]","{""0"":0.75,""1"":0.25}",0.0875,0.025,0.25,,1.0,0.0,0.75,1.0,0.75,0.5,0.42857142857142855,0.5622666666666666,0.2776321291674986,0.6623537851186445,0.469252263835913,0.21752587825059894,,,,,,,"[[150,0],[50,0]]",0.5,True,False,False
results/timm_dinov3_vit_lora_test/stop3b_imbalance_decoupling_spider_target_majority_timm_dinov3_vit_lora_ce_calibrated_cost_min_seed42_04-28_17-13/metrics_20260428_171342_ce_calibrated_cost_min.json,results/timm_dinov3_vit_lora_test/stop3b_imbalance_decoupling_spider_target_majority_timm_dinov3_vit_lora_ce_calibrated_cost_min_seed42_04-28_17-13,spider_target_majority,timm_dinov3_vit_lora,ce_calibrated_cost_min,42,calibrated_cost_min,black_widow,0.95,0.75,balanced_accuracy,,"[[0.0,10.0],[1.0,0.0]]","{""0"":0.75,""1"":0.25}",0.0875,0.025,0.25,,1.0,0.0,0.75,1.0,0.75,0.5,0.42857142857142855,0.5622666666666666,0.2776321291674986,0.6358473325772445,0.44302435215193553,0.18533917923803944,0.5,,,,,,"[[150,0],[50,0]]",0.5,True,False,False
results/timm_dinov3_vit_lora_test/stop3b_imbalance_decoupling_spider_target_majority_timm_dinov3_vit_lora_ce_calibrated_cost_min_seed42_04-28_17-13/metrics_20260428_171342_ce_calibrated_cost_min.json,results/timm_dinov3_vit_lora_test/stop3b_imbalance_decoupling_spider_target_majority_timm_dinov3_vit_lora_ce_calibrated_cost_min_seed42_04-28_17-13,spider_target_majority,timm_dinov3_vit_lora,ce_calibrated_cost_min,42,calibrated_threshold,black_widow,0.95,0.75,balanced_accuracy,,"[[0.0,10.0],[1.0,0.0]]","{""0"":0.75,""1"":0.25}",0.0875,0.025,0.25,,1.0,0.0,0.75,1.0,0.75,0.5,0.42857142857142855,0.5622666666666666,0.2776321291674986,0.6358473325772445,0.44302435215193553,0.18533917923803944,0.5,0.0,0.0875,1.0,0.5,0.025,"[[150,0],[50,0]]",0.5,True,False,False
results/timm_dinov3_vit_lora_test/stop3b_imbalance_decoupling_spider_target_majority_timm_dinov3_vit_lora_menon_logit_adjusted_seed42_04-28_17-14/metrics_20260428_171423_menon_logit_adjusted.json,results/timm_dinov3_vit_lora_test/stop3b_imbalance_decoupling_spider_target_majority_timm_dinov3_vit_lora_menon_logit_adjusted_seed42_04-28_17-14,spider_target_majority,timm_dinov3_vit_lora,menon_logit_adjusted,42,argmax,black_widow,0.95,0.75,balanced_accuracy,,"[[0.0,10.0],[1.0,0.0]]","{""0"":0.75,""1"":0.25}",0.37739999999999996,0.20099999999999998,2.01,,0.74,0.26,0.9024390243902439,0.24,0.745,0.75,0.7058060050186035,0.8006666666666666,0.6161994825820125,0.6864886643214657,0.4933422853811277,0.2398377624154091,,,,,,,"[[111,39],[12,38]]",0.75,False,True,False
results/timm_dinov3_vit_lora_test/stop3b_imbalance_decoupling_spider_target_majority_timm_dinov3_vit_lora_menon_logit_adjusted_seed42_04-28_17-14/metrics_20260428_171423_menon_logit_adjusted.json,results/timm_dinov3_vit_lora_test/stop3b_imbalance_decoupling_spider_target_majority_timm_dinov3_vit_lora_menon_logit_adjusted_seed42_04-28_17-14,spider_target_majority,timm_dinov3_vit_lora,menon_logit_adjusted,42,calibrated_cost_min,black_widow,0.95,0.75,balanced_accuracy,,"[[0.0,10.0],[1.0,0.0]]","{""0"":0.75,""1"":0.25}",0.0875,0.025,0.25,,1.0,0.0,0.75,1.0,0.75,0.5,0.42857142857142855,0.8006666666666666,0.6161994825820125,0.6799879534919324,0.4868470750095092,0.23467843023654067,0.5,,,,,,"[[150,0],[50,0]]",0.5,True,False,False
results/timm_dinov3_vit_lora_test/stop3b_imbalance_decoupling_spider_target_majority_timm_dinov3_vit_lora_menon_logit_adjusted_seed42_04-28_17-14/metrics_20260428_171423_menon_logit_adjusted.json,results/timm_dinov3_vit_lora_test/stop3b_imbalance_decoupling_spider_target_majority_timm_dinov3_vit_lora_menon_logit_adjusted_seed42_04-28_17-14,spider_target_majority,timm_dinov3_vit_lora,menon_logit_adjusted,42,calibrated_threshold,black_widow,0.95,0.75,balanced_accuracy,,"[[0.0,10.0],[1.0,0.0]]","{""0"":0.75,""1"":0.25}",0.06904444444444444,0.0445,0.445,,0.9666666666666667,0.03333333333333333,0.7880434782608695,0.78,0.78,0.5933333333333334,0.6007984031936128,0.8006666666666666,0.6161994825820125,0.6799879534919324,0.4868470750095092,0.23467843023654067,0.5,0.4880676818667083,0.0532111111111111,0.9733333333333334,0.6266666666666667,0.038,"[[145,5],[39,11]]",0.5933333333333334,True,False,False
results/timm_dinov3_vit_lora_test/stop3b_imbalance_decoupling_spider_target_majority_timm_dinov3_vit_lora_cs_regularized_ce_seed42_04-28_17-15/metrics_20260428_171507_cs_regularized_ce.json,results/timm_dinov3_vit_lora_test/stop3b_imbalance_decoupling_spider_target_majority_timm_dinov3_vit_lora_cs_regularized_ce_seed42_04-28_17-15,spider_target_majority,timm_dinov3_vit_lora,cs_regularized_ce,42,argmax,black_widow,0.95,0.75,balanced_accuracy,,"[[0.0,10.0],[1.0,0.0]]","{""0"":0.75,""1"":0.25}",0.0875,0.025,0.25,,1.0,0.0,0.75,1.0,0.75,0.5,0.42857142857142855,0.5593333333333333,0.27596346882200684,0.662317022169374,0.4692156663450946,0.21743091851472857,,,,,,,"[[150,0],[50,0]]",0.5,True,False,False
results/timm_dinov3_vit_lora_test/stop3b_imbalance_decoupling_spider_target_majority_timm_dinov3_vit_lora_cs_regularized_ce_seed42_04-28_17-15/metrics_20260428_171507_cs_regularized_ce.json,results/timm_dinov3_vit_lora_test/stop3b_imbalance_decoupling_spider_target_majority_timm_dinov3_vit_lora_cs_regularized_ce_seed42_04-28_17-15,spider_target_majority,timm_dinov3_vit_lora,cs_regularized_ce,42,calibrated_cost_min,black_widow,0.95,0.75,balanced_accuracy,,"[[0.0,10.0],[1.0,0.0]]","{""0"":0.75,""1"":0.25}",0.0875,0.025,0.25,,1.0,0.0,0.75,1.0,0.75,0.5,0.42857142857142855,0.5593333333333333,0.27596346882200684,0.6357981391139229,0.44297609360559465,0.18515163436475834,0.5,,,,,,"[[150,0],[50,0]]",0.5,True,False,False
results/timm_dinov3_vit_lora_test/stop3b_imbalance_decoupling_spider_target_majority_timm_dinov3_vit_lora_cs_regularized_ce_seed42_04-28_17-15/metrics_20260428_171507_cs_regularized_ce.json,results/timm_dinov3_vit_lora_test/stop3b_imbalance_decoupling_spider_target_majority_timm_dinov3_vit_lora_cs_regularized_ce_seed42_04-28_17-15,spider_target_majority,timm_dinov3_vit_lora,cs_regularized_ce,42,calibrated_threshold,black_widow,0.95,0.75,balanced_accuracy,,"[[0.0,10.0],[1.0,0.0]]","{""0"":0.75,""1"":0.25}",0.0875,0.025,0.25,,1.0,0.0,0.75,1.0,0.75,0.5,0.42857142857142855,0.5593333333333333,0.27596346882200684,0.6357981391139229,0.44297609360559465,0.18515163436475834,0.5,0.0,0.0875,1.0,0.5,0.025,"[[150,0],[50,0]]",0.5,True,False,False
results/timm_dinov3_vit_lora_test/stop3b_imbalance_decoupling_spider_target_majority_timm_dinov3_vit_lora_nicme_logit_adjustment_seed42_04-28_17-15/metrics_20260428_171546_nicme_logit_adjustment.json,results/timm_dinov3_vit_lora_test/stop3b_imbalance_decoupling_spider_target_majority_timm_dinov3_vit_lora_nicme_logit_adjustment_seed42_04-28_17-15,spider_target_majority,timm_dinov3_vit_lora,nicme_logit_adjustment,42,argmax,black_widow,0.95,0.75,balanced_accuracy,,"[[0.0,10.0],[1.0,0.0]]","{""0"":0.75,""1"":0.25}",0.0875,0.025,0.25,,1.0,0.0,0.75,1.0,0.75,0.5,0.42857142857142855,0.6544,0.3405521095654419,0.6644671316053489,0.4713564916937033,0.22132062107324607,,,,,,,"[[150,0],[50,0]]",0.5,True,False,False
results/timm_dinov3_vit_lora_test/stop3b_imbalance_decoupling_spider_target_majority_timm_dinov3_vit_lora_nicme_logit_adjustment_seed42_04-28_17-15/metrics_20260428_171546_nicme_logit_adjustment.json,results/timm_dinov3_vit_lora_test/stop3b_imbalance_decoupling_spider_target_majority_timm_dinov3_vit_lora_nicme_logit_adjustment_seed42_04-28_17-15,spider_target_majority,timm_dinov3_vit_lora,nicme_logit_adjustment,42,calibrated_cost_min,black_widow,0.95,0.75,balanced_accuracy,,"[[0.0,10.0],[1.0,0.0]]","{""0"":0.75,""1"":0.25}",0.0875,0.025,0.25,,1.0,0.0,0.75,1.0,0.75,0.5,0.42857142857142855,0.6544,0.3405521095654419,0.6391590050501424,0.44627789999483114,0.1928439956276997,0.5,,,,,,"[[150,0],[50,0]]",0.5,True,False,False
results/timm_dinov3_vit_lora_test/stop3b_imbalance_decoupling_spider_target_majority_timm_dinov3_vit_lora_nicme_logit_adjustment_seed42_04-28_17-15/metrics_20260428_171546_nicme_logit_adjustment.json,results/timm_dinov3_vit_lora_test/stop3b_imbalance_decoupling_spider_target_majority_timm_dinov3_vit_lora_nicme_logit_adjustment_seed42_04-28_17-15,spider_target_majority,timm_dinov3_vit_lora,nicme_logit_adjustment,42,calibrated_threshold,black_widow,0.95,0.75,balanced_accuracy,,"[[0.0,10.0],[1.0,0.0]]","{""0"":0.75,""1"":0.25}",0.0875,0.025,0.25,,1.0,0.0,0.75,1.0,0.75,0.5,0.42857142857142855,0.6544,0.3405521095654419,0.6391590050501424,0.44627789999483114,0.1928439956276997,0.5,0.0,0.0875,1.0,0.5,0.025,"[[150,0],[50,0]]",0.5,True,False,False
results/timm_dinov3_vit_lora_test/stop3b_imbalance_decoupling_spider_target_majority_timm_dinov3_vit_lora_nicme_hybrid_seed42_04-28_17-16/metrics_20260428_171626_nicme_hybrid.json,results/timm_dinov3_vit_lora_test/stop3b_imbalance_decoupling_spider_target_majority_timm_dinov3_vit_lora_nicme_hybrid_seed42_04-28_17-16,spider_target_majority,timm_dinov3_vit_lora,nicme_hybrid,42,argmax,black_widow,0.95,0.75,balanced_accuracy,,"[[0.0,10.0],[1.0,0.0]]","{""0"":0.75,""1"":0.25}",0.0875,0.025,0.25,,1.0,0.0,0.75,1.0,0.75,0.5,0.42857142857142855,0.7158666666666667,0.4262019547936967,0.6687604293592939,0.47563536541695095,0.22740515261888505,,,,,,,"[[150,0],[50,0]]",0.5,True,False,False
results/timm_dinov3_vit_lora_test/stop3b_imbalance_decoupling_spider_target_majority_timm_dinov3_vit_lora_nicme_hybrid_seed42_04-28_17-16/metrics_20260428_171626_nicme_hybrid.json,results/timm_dinov3_vit_lora_test/stop3b_imbalance_decoupling_spider_target_majority_timm_dinov3_vit_lora_nicme_hybrid_seed42_04-28_17-16,spider_target_majority,timm_dinov3_vit_lora,nicme_hybrid,42,calibrated_cost_min,black_widow,0.95,0.75,balanced_accuracy,,"[[0.0,10.0],[1.0,0.0]]","{""0"":0.75,""1"":0.25}",0.0875,0.025,0.25,,1.0,0.0,0.75,1.0,0.75,0.5,0.42857142857142855,0.7158666666666667,0.4262019547936967,0.6465172231044649,0.45353553739666863,0.20491623554147956,0.5,,,,,,"[[150,0],[50,0]]",0.5,True,False,False
results/timm_dinov3_vit_lora_test/stop3b_imbalance_decoupling_spider_target_majority_timm_dinov3_vit_lora_nicme_hybrid_seed42_04-28_17-16/metrics_20260428_171626_nicme_hybrid.json,results/timm_dinov3_vit_lora_test/stop3b_imbalance_decoupling_spider_target_majority_timm_dinov3_vit_lora_nicme_hybrid_seed42_04-28_17-16,spider_target_majority,timm_dinov3_vit_lora,nicme_hybrid,42,calibrated_threshold,black_widow,0.95,0.75,balanced_accuracy,,"[[0.0,10.0],[1.0,0.0]]","{""0"":0.75,""1"":0.25}",0.11202222222222222,0.075,0.75,,0.9266666666666666,0.07333333333333333,0.776536312849162,0.8,0.745,0.5633333333333334,0.5633374716383407,0.7158666666666667,0.4262019547936967,0.6465172231044649,0.45353553739666863,0.20491623554147956,0.5,0.5308505825809601,0.06810000000000001,0.96,0.61,0.0485,"[[139,11],[40,10]]",0.5633333333333334,False,False,False
results/timm_dinov3_vit_lora_test/stop3b_imbalance_decoupling_spider_target_majority_timm_dinov3_vit_lora_ce_seed43_04-28_17-16/metrics_20260428_171705_ce.json,results/timm_dinov3_vit_lora_test/stop3b_imbalance_decoupling_spider_target_majority_timm_dinov3_vit_lora_ce_seed43_04-28_17-16,spider_target_majority,timm_dinov3_vit_lora,ce,43,argmax,black_widow,0.95,0.75,balanced_accuracy,,"[[0.0,10.0],[1.0,0.0]]","{""0"":0.75,""1"":0.25}",0.0875,0.025,0.25,,1.0,0.0,0.75,1.0,0.75,0.5,0.42857142857142855,0.5608,0.2771270295674207,0.6623209149359606,0.46921953480833495,0.21746788233518605,,,,,,,"[[150,0],[50,0]]",0.5,True,False,False
results/timm_dinov3_vit_lora_test/stop3b_imbalance_decoupling_spider_target_majority_timm_dinov3_vit_lora_ce_seed43_04-28_17-16/metrics_20260428_171705_ce.json,results/timm_dinov3_vit_lora_test/stop3b_imbalance_decoupling_spider_target_majority_timm_dinov3_vit_lora_ce_seed43_04-28_17-16,spider_target_majority,timm_dinov3_vit_lora,ce,43,calibrated_cost_min,black_widow,0.95,0.75,balanced_accuracy,,"[[0.0,10.0],[1.0,0.0]]","{""0"":0.75,""1"":0.25}",0.0875,0.025,0.25,,1.0,0.0,0.75,1.0,0.75,0.5,0.42857142857142855,0.5608,0.2771270295674207,0.6357963649952915,0.44297427510247944,0.18522462259677064,0.5,,,,,,"[[150,0],[50,0]]",0.5,True,False,False
results/timm_dinov3_vit_lora_test/stop3b_imbalance_decoupling_spider_target_majority_timm_dinov3_vit_lora_ce_seed43_04-28_17-16/metrics_20260428_171705_ce.json,results/timm_dinov3_vit_lora_test/stop3b_imbalance_decoupling_spider_target_majority_timm_dinov3_vit_lora_ce_seed43_04-28_17-16,spider_target_majority,timm_dinov3_vit_lora,ce,43,calibrated_threshold,black_widow,0.95,0.75,balanced_accuracy,,"[[0.0,10.0],[1.0,0.0]]","{""0"":0.75,""1"":0.25}",0.0875,0.025,0.25,,1.0,0.0,0.75,1.0,0.75,0.5,0.42857142857142855,0.5608,0.2771270295674207,0.6357963649952915,0.44297427510247944,0.18522462259677064,0.5,0.0,0.0875,1.0,0.5,0.025,"[[150,0],[50,0]]",0.5,True,False,False
results/timm_dinov3_vit_lora_test/stop3b_imbalance_decoupling_spider_target_majority_timm_dinov3_vit_lora_ce_calibrated_cost_min_seed43_04-28_17-17/metrics_20260428_171747_ce_calibrated_cost_min.json,results/timm_dinov3_vit_lora_test/stop3b_imbalance_decoupling_spider_target_majority_timm_dinov3_vit_lora_ce_calibrated_cost_min_seed43_04-28_17-17,spider_target_majority,timm_dinov3_vit_lora,ce_calibrated_cost_min,43,argmax,black_widow,0.95,0.75,balanced_accuracy,,"[[0.0,10.0],[1.0,0.0]]","{""0"":0.75,""1"":0.25}",0.0875,0.025,0.25,,1.0,0.0,0.75,1.0,0.75,0.5,0.42857142857142855,0.5608,0.2771270295674207,0.6623209149359606,0.46921953480833495,0.21746788233518605,,,,,,,"[[150,0],[50,0]]",0.5,True,False,False
results/timm_dinov3_vit_lora_test/stop3b_imbalance_decoupling_spider_target_majority_timm_dinov3_vit_lora_ce_calibrated_cost_min_seed43_04-28_17-17/metrics_20260428_171747_ce_calibrated_cost_min.json,results/timm_dinov3_vit_lora_test/stop3b_imbalance_decoupling_spider_target_majority_timm_dinov3_vit_lora_ce_calibrated_cost_min_seed43_04-28_17-17,spider_target_majority,timm_dinov3_vit_lora,ce_calibrated_cost_min,43,calibrated_cost_min,black_widow,0.95,0.75,balanced_accuracy,,"[[0.0,10.0],[1.0,0.0]]","{""0"":0.75,""1"":0.25}",0.0875,0.025,0.25,,1.0,0.0,0.75,1.0,0.75,0.5,0.42857142857142855,0.5608,0.2771270295674207,0.6357963649952915,0.44297427510247944,0.18522462259677064,0.5,,,,,,"[[150,0],[50,0]]",0.5,True,False,False
results/timm_dinov3_vit_lora_test/stop3b_imbalance_decoupling_spider_target_majority_timm_dinov3_vit_lora_ce_calibrated_cost_min_seed43_04-28_17-17/metrics_20260428_171747_ce_calibrated_cost_min.json,results/timm_dinov3_vit_lora_test/stop3b_imbalance_decoupling_spider_target_majority_timm_dinov3_vit_lora_ce_calibrated_cost_min_seed43_04-28_17-17,spider_target_majority,timm_dinov3_vit_lora,ce_calibrated_cost_min,43,calibrated_threshold,black_widow,0.95,0.75,balanced_accuracy,,"[[0.0,10.0],[1.0,0.0]]","{""0"":0.75,""1"":0.25}",0.0875,0.025,0.25,,1.0,0.0,0.75,1.0,0.75,0.5,0.42857142857142855,0.5608,0.2771270295674207,0.6357963649952915,0.44297427510247944,0.18522462259677064,0.5,0.0,0.0875,1.0,0.5,0.025,"[[150,0],[50,0]]",0.5,True,False,False
results/timm_dinov3_vit_lora_test/stop3b_imbalance_decoupling_spider_target_majority_timm_dinov3_vit_lora_menon_logit_adjusted_seed43_04-28_17-18/metrics_20260428_171829_menon_logit_adjusted.json,results/timm_dinov3_vit_lora_test/stop3b_imbalance_decoupling_spider_target_majority_timm_dinov3_vit_lora_menon_logit_adjusted_seed43_04-28_17-18,spider_target_majority,timm_dinov3_vit_lora,menon_logit_adjusted,43,argmax,black_widow,0.95,0.75,balanced_accuracy,,"[[0.0,10.0],[1.0,0.0]]","{""0"":0.75,""1"":0.25}",0.3937888888888889,0.20600000000000002,2.06,,0.7333333333333333,0.26666666666666666,0.9016393442622951,0.24,0.74,0.7466666666666666,0.7012867647058824,0.8013333333333333,0.6188288008462791,0.6865389771813686,0.49339258993552093,0.23486072361469268,,,,,,,"[[110,40],[12,38]]",0.7466666666666666,False,False,False
results/timm_dinov3_vit_lora_test/stop3b_imbalance_decoupling_spider_target_majority_timm_dinov3_vit_lora_menon_logit_adjusted_seed43_04-28_17-18/metrics_20260428_171829_menon_logit_adjusted.json,results/timm_dinov3_vit_lora_test/stop3b_imbalance_decoupling_spider_target_majority_timm_dinov3_vit_lora_menon_logit_adjusted_seed43_04-28_17-18,spider_target_majority,timm_dinov3_vit_lora,menon_logit_adjusted,43,calibrated_cost_min,black_widow,0.95,0.75,balanced_accuracy,,"[[0.0,10.0],[1.0,0.0]]","{""0"":0.75,""1"":0.25}",0.0875,0.025,0.25,,1.0,0.0,0.75,1.0,0.75,0.5,0.42857142857142855,0.8013333333333333,0.6188288008462791,0.6800872450837868,0.4869462702963227,0.22972432078194782,0.5,,,,,,"[[150,0],[50,0]]",0.5,True,False,False
results/timm_dinov3_vit_lora_test/stop3b_imbalance_decoupling_spider_target_majority_timm_dinov3_vit_lora_menon_logit_adjusted_seed43_04-28_17-18/metrics_20260428_171829_menon_logit_adjusted.json,results/timm_dinov3_vit_lora_test/stop3b_imbalance_decoupling_spider_target_majority_timm_dinov3_vit_lora_menon_logit_adjusted_seed43_04-28_17-18,spider_target_majority,timm_dinov3_vit_lora,menon_logit_adjusted,43,calibrated_threshold,black_widow,0.95,0.75,balanced_accuracy,,"[[0.0,10.0],[1.0,0.0]]","{""0"":0.75,""1"":0.25}",0.0630111111111111,0.0395,0.395,,0.9733333333333334,0.02666666666666667,0.7891891891891892,0.78,0.785,0.5966666666666667,0.6050516647531573,0.8013333333333333,0.6188288008462791,0.6800872450837868,0.4869462702963227,0.22972432078194782,0.5,0.4878319413182207,0.057,0.98,0.6,0.034499999999999996,"[[146,4],[39,11]]",0.5966666666666667,True,False,False
results/timm_dinov3_vit_lora_test/stop3b_imbalance_decoupling_spider_target_majority_timm_dinov3_vit_lora_cs_regularized_ce_seed43_04-28_17-19/metrics_20260428_171910_cs_regularized_ce.json,results/timm_dinov3_vit_lora_test/stop3b_imbalance_decoupling_spider_target_majority_timm_dinov3_vit_lora_cs_regularized_ce_seed43_04-28_17-19,spider_target_majority,timm_dinov3_vit_lora,cs_regularized_ce,43,argmax,black_widow,0.95,0.75,balanced_accuracy,,"[[0.0,10.0],[1.0,0.0]]","{""0"":0.75,""1"":0.25}",0.0875,0.025,0.25,,1.0,0.0,0.75,1.0,0.75,0.5,0.42857142857142855,0.5571999999999999,0.2748259039142064,0.6622839247985263,0.469182721253709,0.21737266629934315,,,,,,,"[[150,0],[50,0]]",0.5,True,False,False
results/timm_dinov3_vit_lora_test/stop3b_imbalance_decoupling_spider_target_majority_timm_dinov3_vit_lora_cs_regularized_ce_seed43_04-28_17-19/metrics_20260428_171910_cs_regularized_ce.json,results/timm_dinov3_vit_lora_test/stop3b_imbalance_decoupling_spider_target_majority_timm_dinov3_vit_lora_cs_regularized_ce_seed43_04-28_17-19,spider_target_majority,timm_dinov3_vit_lora,cs_regularized_ce,43,calibrated_cost_min,black_widow,0.95,0.75,balanced_accuracy,,"[[0.0,10.0],[1.0,0.0]]","{""0"":0.75,""1"":0.25}",0.0875,0.025,0.25,,1.0,0.0,0.75,1.0,0.75,0.5,0.42857142857142855,0.5571999999999999,0.2748259039142064,0.6357468882805624,0.44292574341941376,0.18503660527344312,0.5,,,,,,"[[150,0],[50,0]]",0.5,True,False,False
results/timm_dinov3_vit_lora_test/stop3b_imbalance_decoupling_spider_target_majority_timm_dinov3_vit_lora_cs_regularized_ce_seed43_04-28_17-19/metrics_20260428_171910_cs_regularized_ce.json,results/timm_dinov3_vit_lora_test/stop3b_imbalance_decoupling_spider_target_majority_timm_dinov3_vit_lora_cs_regularized_ce_seed43_04-28_17-19,spider_target_majority,timm_dinov3_vit_lora,cs_regularized_ce,43,calibrated_threshold,black_widow,0.95,0.75,balanced_accuracy,,"[[0.0,10.0],[1.0,0.0]]","{""0"":0.75,""1"":0.25}",0.0875,0.025,0.25,,1.0,0.0,0.75,1.0,0.75,0.5,0.42857142857142855,0.5571999999999999,0.2748259039142064,0.6357468882805624,0.44292574341941376,0.18503660527344312,0.5,0.0,0.0875,1.0,0.5,0.025,"[[150,0],[50,0]]",0.5,True,False,False
results/timm_dinov3_vit_lora_test/stop3b_imbalance_decoupling_spider_target_majority_timm_dinov3_vit_lora_nicme_logit_adjustment_seed43_04-28_17-19/metrics_20260428_171949_nicme_logit_adjustment.json,results/timm_dinov3_vit_lora_test/stop3b_imbalance_decoupling_spider_target_majority_timm_dinov3_vit_lora_nicme_logit_adjustment_seed43_04-28_17-19,spider_target_majority,timm_dinov3_vit_lora,nicme_logit_adjustment,43,argmax,black_widow,0.95,0.75,balanced_accuracy,,"[[0.0,10.0],[1.0,0.0]]","{""0"":0.75,""1"":0.25}",0.0875,0.025,0.25,,1.0,0.0,0.75,1.0,0.75,0.5,0.42857142857142855,0.6525333333333333,0.33878262482947574,0.6643545843073068,0.4712443886536785,0.2211741915345192,,,,,,,"[[150,0],[50,0]]",0.5,True,False,False
results/timm_dinov3_vit_lora_test/stop3b_imbalance_decoupling_spider_target_majority_timm_dinov3_vit_lora_nicme_logit_adjustment_seed43_04-28_17-19/metrics_20260428_171949_nicme_logit_adjustment.json,results/timm_dinov3_vit_lora_test/stop3b_imbalance_decoupling_spider_target_majority_timm_dinov3_vit_lora_nicme_logit_adjustment_seed43_04-28_17-19,spider_target_majority,timm_dinov3_vit_lora,nicme_logit_adjustment,43,calibrated_cost_min,black_widow,0.95,0.75,balanced_accuracy,,"[[0.0,10.0],[1.0,0.0]]","{""0"":0.75,""1"":0.25}",0.0875,0.025,0.25,,1.0,0.0,0.75,1.0,0.75,0.5,0.42857142857142855,0.6525333333333333,0.33878262482947574,0.6389672275837421,0.446089171013127,0.19255405225138178,0.5,,,,,,"[[150,0],[50,0]]",0.5,True,False,False
results/timm_dinov3_vit_lora_test/stop3b_imbalance_decoupling_spider_target_majority_timm_dinov3_vit_lora_nicme_logit_adjustment_seed43_04-28_17-19/metrics_20260428_171949_nicme_logit_adjustment.json,results/timm_dinov3_vit_lora_test/stop3b_imbalance_decoupling_spider_target_majority_timm_dinov3_vit_lora_nicme_logit_adjustment_seed43_04-28_17-19,spider_target_majority,timm_dinov3_vit_lora,nicme_logit_adjustment,43,calibrated_threshold,black_widow,0.95,0.75,balanced_accuracy,,"[[0.0,10.0],[1.0,0.0]]","{""0"":0.75,""1"":0.25}",0.0875,0.025,0.25,,1.0,0.0,0.75,1.0,0.75,0.5,0.42857142857142855,0.6525333333333333,0.33878262482947574,0.6389672275837421,0.446089171013127,0.19255405225138178,0.5,0.0,0.0875,1.0,0.5,0.025,"[[150,0],[50,0]]",0.5,True,False,False
results/timm_dinov3_vit_lora_test/stop3b_imbalance_decoupling_spider_target_majority_timm_dinov3_vit_lora_nicme_hybrid_seed43_04-28_17-20/metrics_20260428_172029_nicme_hybrid.json,results/timm_dinov3_vit_lora_test/stop3b_imbalance_decoupling_spider_target_majority_timm_dinov3_vit_lora_nicme_hybrid_seed43_04-28_17-20,spider_target_majority,timm_dinov3_vit_lora,nicme_hybrid,43,argmax,black_widow,0.95,0.75,balanced_accuracy,,"[[0.0,10.0],[1.0,0.0]]","{""0"":0.75,""1"":0.25}",0.0875,0.025,0.25,,1.0,0.0,0.75,1.0,0.75,0.5,0.42857142857142855,0.7158666666666667,0.4201449218500688,0.6686711712796856,0.4755463560364261,0.22728556096553798,,,,,,,"[[150,0],[50,0]]",0.5,True,False,False
results/timm_dinov3_vit_lora_test/stop3b_imbalance_decoupling_spider_target_majority_timm_dinov3_vit_lora_nicme_hybrid_seed43_04-28_17-20/metrics_20260428_172029_nicme_hybrid.json,results/timm_dinov3_vit_lora_test/stop3b_imbalance_decoupling_spider_target_majority_timm_dinov3_vit_lora_nicme_hybrid_seed43_04-28_17-20,spider_target_majority,timm_dinov3_vit_lora,nicme_hybrid,43,calibrated_cost_min,black_widow,0.95,0.75,balanced_accuracy,,"[[0.0,10.0],[1.0,0.0]]","{""0"":0.75,""1"":0.25}",0.0875,0.025,0.25,,1.0,0.0,0.75,1.0,0.75,0.5,0.42857142857142855,0.7158666666666667,0.4201449218500688,0.6463593413622434,0.4533794403689504,0.2046784560185396,0.5,,,,,,"[[150,0],[50,0]]",0.5,True,False,False
results/timm_dinov3_vit_lora_test/stop3b_imbalance_decoupling_spider_target_majority_timm_dinov3_vit_lora_nicme_hybrid_seed43_04-28_17-20/metrics_20260428_172029_nicme_hybrid.json,results/timm_dinov3_vit_lora_test/stop3b_imbalance_decoupling_spider_target_majority_timm_dinov3_vit_lora_nicme_hybrid_seed43_04-28_17-20,spider_target_majority,timm_dinov3_vit_lora,nicme_hybrid,43,calibrated_threshold,black_widow,0.95,0.75,balanced_accuracy,,"[[0.0,10.0],[1.0,0.0]]","{""0"":0.75,""1"":0.25}",0.11969999999999996,0.08,0.8,,0.92,0.08,0.7752808988764045,0.8,0.74,0.56,0.559620596205962,0.7158666666666667,0.4201449218500688,0.6463593413622434,0.4533794403689504,0.2046784560185396,0.5,0.5314158247738923,0.0649,0.96,0.62,0.048,"[[138,12],[40,10]]",0.56,False,False,False
results/timm_dinov3_vit_lora_test/stop3b_imbalance_decoupling_spider_target_majority_timm_dinov3_vit_lora_ce_seed44_04-28_17-21/metrics_20260428_172109_ce.json,results/timm_dinov3_vit_lora_test/stop3b_imbalance_decoupling_spider_target_majority_timm_dinov3_vit_lora_ce_seed44_04-28_17-21,spider_target_majority,timm_dinov3_vit_lora,ce,44,argmax,black_widow,0.95,0.75,balanced_accuracy,,"[[0.0,10.0],[1.0,0.0]]","{""0"":0.75,""1"":0.25}",0.0875,0.025,0.25,,1.0,0.0,0.75,1.0,0.75,0.5,0.42857142857142855,0.562,0.27746971318606184,0.6624333151097158,0.4693314341720159,0.217599649131298,,,,,,,"[[150,0],[50,0]]",0.5,True,False,False
results/timm_dinov3_vit_lora_test/stop3b_imbalance_decoupling_spider_target_majority_timm_dinov3_vit_lora_ce_seed44_04-28_17-21/metrics_20260428_172109_ce.json,results/timm_dinov3_vit_lora_test/stop3b_imbalance_decoupling_spider_target_majority_timm_dinov3_vit_lora_ce_seed44_04-28_17-21,spider_target_majority,timm_dinov3_vit_lora,ce,44,calibrated_cost_min,black_widow,0.95,0.75,balanced_accuracy,,"[[0.0,10.0],[1.0,0.0]]","{""0"":0.75,""1"":0.25}",0.0875,0.025,0.25,,1.0,0.0,0.75,1.0,0.75,0.5,0.42857142857142855,0.562,0.27746971318606184,0.6359867885832127,0.44316133094149307,0.1854847320012426,0.5,,,,,,"[[150,0],[50,0]]",0.5,True,False,False
results/timm_dinov3_vit_lora_test/stop3b_imbalance_decoupling_spider_target_majority_timm_dinov3_vit_lora_ce_seed44_04-28_17-21/metrics_20260428_172109_ce.json,results/timm_dinov3_vit_lora_test/stop3b_imbalance_decoupling_spider_target_majority_timm_dinov3_vit_lora_ce_seed44_04-28_17-21,spider_target_majority,timm_dinov3_vit_lora,ce,44,calibrated_threshold,black_widow,0.95,0.75,balanced_accuracy,,"[[0.0,10.0],[1.0,0.0]]","{""0"":0.75,""1"":0.25}",0.0875,0.025,0.25,,1.0,0.0,0.75,1.0,0.75,0.5,0.42857142857142855,0.562,0.27746971318606184,0.6359867885832127,0.44316133094149307,0.1854847320012426,0.5,0.0,0.0875,1.0,0.5,0.025,"[[150,0],[50,0]]",0.5,True,False,False
results/timm_dinov3_vit_lora_test/stop3b_imbalance_decoupling_spider_target_majority_timm_dinov3_vit_lora_ce_calibrated_cost_min_seed44_04-28_17-21/metrics_20260428_172151_ce_calibrated_cost_min.json,results/timm_dinov3_vit_lora_test/stop3b_imbalance_decoupling_spider_target_majority_timm_dinov3_vit_lora_ce_calibrated_cost_min_seed44_04-28_17-21,spider_target_majority,timm_dinov3_vit_lora,ce_calibrated_cost_min,44,argmax,black_widow,0.95,0.75,balanced_accuracy,,"[[0.0,10.0],[1.0,0.0]]","{""0"":0.75,""1"":0.25}",0.0875,0.025,0.25,,1.0,0.0,0.75,1.0,0.75,0.5,0.42857142857142855,0.562,0.27746971318606184,0.6624333151097158,0.4693314341720159,0.217599649131298,,,,,,,"[[150,0],[50,0]]",0.5,True,False,False
results/timm_dinov3_vit_lora_test/stop3b_imbalance_decoupling_spider_target_majority_timm_dinov3_vit_lora_ce_calibrated_cost_min_seed44_04-28_17-21/metrics_20260428_172151_ce_calibrated_cost_min.json,results/timm_dinov3_vit_lora_test/stop3b_imbalance_decoupling_spider_target_majority_timm_dinov3_vit_lora_ce_calibrated_cost_min_seed44_04-28_17-21,spider_target_majority,timm_dinov3_vit_lora,ce_calibrated_cost_min,44,calibrated_cost_min,black_widow,0.95,0.75,balanced_accuracy,,"[[0.0,10.0],[1.0,0.0]]","{""0"":0.75,""1"":0.25}",0.0875,0.025,0.25,,1.0,0.0,0.75,1.0,0.75,0.5,0.42857142857142855,0.562,0.27746971318606184,0.6359867885832127,0.44316133094149307,0.1854847320012426,0.5,,,,,,"[[150,0],[50,0]]",0.5,True,False,False
results/timm_dinov3_vit_lora_test/stop3b_imbalance_decoupling_spider_target_majority_timm_dinov3_vit_lora_ce_calibrated_cost_min_seed44_04-28_17-21/metrics_20260428_172151_ce_calibrated_cost_min.json,results/timm_dinov3_vit_lora_test/stop3b_imbalance_decoupling_spider_target_majority_timm_dinov3_vit_lora_ce_calibrated_cost_min_seed44_04-28_17-21,spider_target_majority,timm_dinov3_vit_lora,ce_calibrated_cost_min,44,calibrated_threshold,black_widow,0.95,0.75,balanced_accuracy,,"[[0.0,10.0],[1.0,0.0]]","{""0"":0.75,""1"":0.25}",0.0875,0.025,0.25,,1.0,0.0,0.75,1.0,0.75,0.5,0.42857142857142855,0.562,0.27746971318606184,0.6359867885832127,0.44316133094149307,0.1854847320012426,0.5,0.0,0.0875,1.0,0.5,0.025,"[[150,0],[50,0]]",0.5,True,False,False
results/timm_dinov3_vit_lora_test/stop3b_imbalance_decoupling_spider_target_majority_timm_dinov3_vit_lora_menon_logit_adjusted_seed44_04-28_17-22/metrics_20260428_172232_menon_logit_adjusted.json,results/timm_dinov3_vit_lora_test/stop3b_imbalance_decoupling_spider_target_majority_timm_dinov3_vit_lora_menon_logit_adjusted_seed44_04-28_17-22,spider_target_majority,timm_dinov3_vit_lora,menon_logit_adjusted,44,argmax,black_widow,0.95,0.75,balanced_accuracy,,"[[0.0,10.0],[1.0,0.0]]","{""0"":0.75,""1"":0.25}",0.37739999999999996,0.20099999999999998,2.01,,0.74,0.26,0.9024390243902439,0.24,0.745,0.75,0.7058060050186035,0.8014666666666667,0.6209641368130182,0.6865606313631014,0.49341423859185524,0.23985881149768828,,,,,,,"[[111,39],[12,38]]",0.75,False,True,False
results/timm_dinov3_vit_lora_test/stop3b_imbalance_decoupling_spider_target_majority_timm_dinov3_vit_lora_menon_logit_adjusted_seed44_04-28_17-22/metrics_20260428_172232_menon_logit_adjusted.json,results/timm_dinov3_vit_lora_test/stop3b_imbalance_decoupling_spider_target_majority_timm_dinov3_vit_lora_menon_logit_adjusted_seed44_04-28_17-22,spider_target_majority,timm_dinov3_vit_lora,menon_logit_adjusted,44,calibrated_cost_min,black_widow,0.95,0.75,balanced_accuracy,,"[[0.0,10.0],[1.0,0.0]]","{""0"":0.75,""1"":0.25}",0.0875,0.025,0.25,,1.0,0.0,0.75,1.0,0.75,0.5,0.42857142857142855,0.8014666666666667,0.6209641368130182,0.6801305515930788,0.4869895566437281,0.23472048940814927,0.5,,,,,,"[[150,0],[50,0]]",0.5,True,False,False
results/timm_dinov3_vit_lora_test/stop3b_imbalance_decoupling_spider_target_majority_timm_dinov3_vit_lora_menon_logit_adjusted_seed44_04-28_17-22/metrics_20260428_172232_menon_logit_adjusted.json,results/timm_dinov3_vit_lora_test/stop3b_imbalance_decoupling_spider_target_majority_timm_dinov3_vit_lora_menon_logit_adjusted_seed44_04-28_17-22,spider_target_majority,timm_dinov3_vit_lora,menon_logit_adjusted,44,calibrated_threshold,black_widow,0.95,0.75,balanced_accuracy,,"[[0.0,10.0],[1.0,0.0]]","{""0"":0.75,""1"":0.25}",0.0630111111111111,0.0395,0.395,,0.9733333333333334,0.02666666666666667,0.7891891891891892,0.78,0.785,0.5966666666666667,0.6050516647531573,0.8014666666666667,0.6209641368130182,0.6801305515930788,0.4869895566437281,0.23472048940814927,0.5,0.4878552601816466,0.0532111111111111,0.9733333333333334,0.6266666666666667,0.038,"[[146,4],[39,11]]",0.5966666666666667,True,False,False
results/timm_dinov3_vit_lora_test/stop3b_imbalance_decoupling_spider_target_majority_timm_dinov3_vit_lora_cs_regularized_ce_seed44_04-28_17-23/metrics_20260428_172312_cs_regularized_ce.json,results/timm_dinov3_vit_lora_test/stop3b_imbalance_decoupling_spider_target_majority_timm_dinov3_vit_lora_cs_regularized_ce_seed44_04-28_17-23,spider_target_majority,timm_dinov3_vit_lora,cs_regularized_ce,44,argmax,black_widow,0.95,0.75,balanced_accuracy,,"[[0.0,10.0],[1.0,0.0]]","{""0"":0.75,""1"":0.25}",0.0875,0.025,0.25,,1.0,0.0,0.75,1.0,0.75,0.5,0.42857142857142855,0.5576,0.2747851823766996,0.6623966506923974,0.46929494170743324,0.21750460147857664,,,,,,,"[[150,0],[50,0]]",0.5,True,False,False
results/timm_dinov3_vit_lora_test/stop3b_imbalance_decoupling_spider_target_majority_timm_dinov3_vit_lora_cs_regularized_ce_seed44_04-28_17-23/metrics_20260428_172312_cs_regularized_ce.json,results/timm_dinov3_vit_lora_test/stop3b_imbalance_decoupling_spider_target_majority_timm_dinov3_vit_lora_cs_regularized_ce_seed44_04-28_17-23,spider_target_majority,timm_dinov3_vit_lora,cs_regularized_ce,44,calibrated_cost_min,black_widow,0.95,0.75,balanced_accuracy,,"[[0.0,10.0],[1.0,0.0]]","{""0"":0.75,""1"":0.25}",0.0875,0.025,0.25,,1.0,0.0,0.75,1.0,0.75,0.5,0.42857142857142855,0.5576,0.2747851823766996,0.6359377799924332,0.44311324921756634,0.18529701549246358,0.5,,,,,,"[[150,0],[50,0]]",0.5,True,False,False
results/timm_dinov3_vit_lora_test/stop3b_imbalance_decoupling_spider_target_majority_timm_dinov3_vit_lora_cs_regularized_ce_seed44_04-28_17-23/metrics_20260428_172312_cs_regularized_ce.json,results/timm_dinov3_vit_lora_test/stop3b_imbalance_decoupling_spider_target_majority_timm_dinov3_vit_lora_cs_regularized_ce_seed44_04-28_17-23,spider_target_majority,timm_dinov3_vit_lora,cs_regularized_ce,44,calibrated_threshold,black_widow,0.95,0.75,balanced_accuracy,,"[[0.0,10.0],[1.0,0.0]]","{""0"":0.75,""1"":0.25}",0.0875,0.025,0.25,,1.0,0.0,0.75,1.0,0.75,0.5,0.42857142857142855,0.5576,0.2747851823766996,0.6359377799924332,0.44311324921756634,0.18529701549246358,0.5,0.0,0.0875,1.0,0.5,0.025,"[[150,0],[50,0]]",0.5,True,False,False
results/timm_dinov3_vit_lora_test/stop3b_imbalance_decoupling_spider_target_majority_timm_dinov3_vit_lora_nicme_logit_adjustment_seed44_04-28_17-23/metrics_20260428_172353_nicme_logit_adjustment.json,results/timm_dinov3_vit_lora_test/stop3b_imbalance_decoupling_spider_target_majority_timm_dinov3_vit_lora_nicme_logit_adjustment_seed44_04-28_17-23,spider_target_majority,timm_dinov3_vit_lora,nicme_logit_adjustment,44,argmax,black_widow,0.95,0.75,balanced_accuracy,,"[[0.0,10.0],[1.0,0.0]]","{""0"":0.75,""1"":0.25}",0.0875,0.025,0.25,,1.0,0.0,0.75,1.0,0.75,0.5,0.42857142857142855,0.6512,0.3375134754031305,0.6644507590334954,0.47134018971845504,0.22125013113021857,,,,,,,"[[150,0],[50,0]]",0.5,True,False,False
results/timm_dinov3_vit_lora_test/stop3b_imbalance_decoupling_spider_target_majority_timm_dinov3_vit_lora_nicme_logit_adjustment_seed44_04-28_17-23/metrics_20260428_172353_nicme_logit_adjustment.json,results/timm_dinov3_vit_lora_test/stop3b_imbalance_decoupling_spider_target_majority_timm_dinov3_vit_lora_nicme_logit_adjustment_seed44_04-28_17-23,spider_target_majority,timm_dinov3_vit_lora,nicme_logit_adjustment,44,calibrated_cost_min,black_widow,0.95,0.75,balanced_accuracy,,"[[0.0,10.0],[1.0,0.0]]","{""0"":0.75,""1"":0.25}",0.0875,0.025,0.25,,1.0,0.0,0.75,1.0,0.75,0.5,0.42857142857142855,0.6512,0.3375134754031305,0.6391410910389491,0.446260384190426,0.19270420584745349,0.5,,,,,,"[[150,0],[50,0]]",0.5,True,False,False
results/timm_dinov3_vit_lora_test/stop3b_imbalance_decoupling_spider_target_majority_timm_dinov3_vit_lora_nicme_logit_adjustment_seed44_04-28_17-23/metrics_20260428_172353_nicme_logit_adjustment.json,results/timm_dinov3_vit_lora_test/stop3b_imbalance_decoupling_spider_target_majority_timm_dinov3_vit_lora_nicme_logit_adjustment_seed44_04-28_17-23,spider_target_majority,timm_dinov3_vit_lora,nicme_logit_adjustment,44,calibrated_threshold,black_widow,0.95,0.75,balanced_accuracy,,"[[0.0,10.0],[1.0,0.0]]","{""0"":0.75,""1"":0.25}",0.0875,0.025,0.25,,1.0,0.0,0.75,1.0,0.75,0.5,0.42857142857142855,0.6512,0.3375134754031305,0.6391410910389491,0.446260384190426,0.19270420584745349,0.5,0.0,0.0875,1.0,0.5,0.025,"[[150,0],[50,0]]",0.5,True,False,False
results/timm_dinov3_vit_lora_test/stop3b_imbalance_decoupling_spider_target_majority_timm_dinov3_vit_lora_nicme_hybrid_seed44_04-28_17-24/metrics_20260428_172434_nicme_hybrid.json,results/timm_dinov3_vit_lora_test/stop3b_imbalance_decoupling_spider_target_majority_timm_dinov3_vit_lora_nicme_hybrid_seed44_04-28_17-24,spider_target_majority,timm_dinov3_vit_lora,nicme_hybrid,44,argmax,black_widow,0.95,0.75,balanced_accuracy,,"[[0.0,10.0],[1.0,0.0]]","{""0"":0.75,""1"":0.25}",0.0875,0.025,0.25,,1.0,0.0,0.75,1.0,0.75,0.5,0.42857142857142855,0.7152,0.4166123744106364,0.6687374929185981,0.47561248285078905,0.227323189675808,,,,,,,"[[150,0],[50,0]]",0.5,True,False,False
results/timm_dinov3_vit_lora_test/stop3b_imbalance_decoupling_spider_target_majority_timm_dinov3_vit_lora_nicme_hybrid_seed44_04-28_17-24/metrics_20260428_172434_nicme_hybrid.json,results/timm_dinov3_vit_lora_test/stop3b_imbalance_decoupling_spider_target_majority_timm_dinov3_vit_lora_nicme_hybrid_seed44_04-28_17-24,spider_target_majority,timm_dinov3_vit_lora,nicme_hybrid,44,calibrated_cost_min,black_widow,0.95,0.75,balanced_accuracy,,"[[0.0,10.0],[1.0,0.0]]","{""0"":0.75,""1"":0.25}",0.0875,0.025,0.25,,1.0,0.0,0.75,1.0,0.75,0.5,0.42857142857142855,0.7152,0.4166123744106364,0.6464834600437719,0.4535021289693165,0.20475298667492542,0.5,,,,,,"[[150,0],[50,0]]",0.5,True,False,False
results/timm_dinov3_vit_lora_test/stop3b_imbalance_decoupling_spider_target_majority_timm_dinov3_vit_lora_nicme_hybrid_seed44_04-28_17-24/metrics_20260428_172434_nicme_hybrid.json,results/timm_dinov3_vit_lora_test/stop3b_imbalance_decoupling_spider_target_majority_timm_dinov3_vit_lora_nicme_hybrid_seed44_04-28_17-24,spider_target_majority,timm_dinov3_vit_lora,nicme_hybrid,44,calibrated_threshold,black_widow,0.95,0.75,balanced_accuracy,,"[[0.0,10.0],[1.0,0.0]]","{""0"":0.75,""1"":0.25}",0.11969999999999996,0.08,0.8,,0.92,0.08,0.7752808988764045,0.8,0.74,0.56,0.559620596205962,0.7152,0.4166123744106364,0.6464834600437719,0.4535021289693165,0.20475298667492542,0.5,0.5315139194341552,0.0649,0.96,0.62,0.048,"[[138,12],[40,10]]",0.56,False,False,False
