phase,dataset,model_family,model_checkpoint,method,decision_mode,nicme_logit_cost_scale,cs_lambda,target_class,class_names,cost_matrix_C_true_pred,target_recall_floor,accuracy_floor,accuracy_floor_metric,floor_accuracy_value,target_recall_floor_met,accuracy_floor_met,all_floors_met,normalized_atc,atc,target_recall,target_fnr,target_precision,target_fpr,accuracy,balanced_accuracy,macro_f1,selection_score,auroc,auprc,nll,brier,ece,temperature,confusion_matrix,run,metrics_file,config_file,elapsed_seconds,best_val_selection_score,best_val_normalized_atc,best_val_target_recall,best_val_target_fnr,best_val_accuracy,best_val_balanced_accuracy,best_val_epoch,last_val_selection_score,last_val_normalized_atc,last_val_target_recall,last_val_accuracy
stop2a_nicme_tuning,breakhis_balanced_prototype,convnext,facebook/convnext-tiny-224,nicme_hybrid,argmax,0.025,0.1,malignant,"[""benign"", ""malignant""]","[[0.0, 1.0], [10.0, 0.0]]",0.97,0.85,accuracy,0.796875,False,False,False,0.0484375,0.484375,0.9375,0.0625,0.7317073170731707,0.34375,0.796875,0.796875,0.7927770859277707,0.055484765624999995,0.923828125,0.9398330733594319,0.6091516100877505,0.4172123911203928,0.23843221925199032,,"[[21, 11], [2, 30]]",stop2a_tune_breakhis_balanced_prototype_convnext_hybrid_s0.025_l0.1_04-28_06-48,results/convnext_test/stop2a_tune_breakhis_balanced_prototype_convnext_hybrid_s0.025_l0.1_04-28_06-48/metrics_20260428_064845_nicme_hybrid.json,results/stop2a_nicme_tuning/configs/043_stop2a_tune_breakhis_balanced_prototype_convnext_hybrid_s0.025_l0.1.json,45.4021430015564,0.01767,0.01719,1.0,0.0,0.8281,0.8281,5.0,0.01767,0.01719,1.0,0.8281
stop2a_nicme_tuning,breakhis_balanced_prototype,convnext,facebook/convnext-tiny-224,nicme_hybrid,calibrated_cost_min,0.025,0.1,malignant,"[""benign"", ""malignant""]","[[0.0, 1.0], [10.0, 0.0]]",0.97,0.85,accuracy,0.5,True,False,False,0.05,0.5,1.0,0.0,0.5,1.0,0.5,0.5,0.3333333333333333,0.1725,0.923828125,0.9398330733594319,0.5452143164708607,0.35904450750460853,0.18421766474242313,0.5,"[[0, 32], [0, 32]]",stop2a_tune_breakhis_balanced_prototype_convnext_hybrid_s0.025_l0.1_04-28_06-48,results/convnext_test/stop2a_tune_breakhis_balanced_prototype_convnext_hybrid_s0.025_l0.1_04-28_06-48/metrics_20260428_064845_nicme_hybrid.json,results/stop2a_nicme_tuning/configs/043_stop2a_tune_breakhis_balanced_prototype_convnext_hybrid_s0.025_l0.1.json,45.4021430015564,0.01767,0.01719,1.0,0.0,0.8281,0.8281,5.0,0.01767,0.01719,1.0,0.8281
stop2a_nicme_tuning,breakhis_balanced_prototype,convnext,facebook/convnext-tiny-224,nicme_hybrid,argmax,0.05,0.1,malignant,"[""benign"", ""malignant""]","[[0.0, 1.0], [10.0, 0.0]]",0.97,0.85,accuracy,0.796875,False,False,False,0.0484375,0.484375,0.9375,0.0625,0.7317073170731707,0.34375,0.796875,0.796875,0.7927770859277707,0.055484765624999995,0.923828125,0.9398330733594319,0.6091535381514492,0.41721427879409173,0.238432920537889,,"[[21, 11], [2, 30]]",stop2a_tune_breakhis_balanced_prototype_convnext_hybrid_s0.05_l0.1_04-28_06-49,results/convnext_test/stop2a_tune_breakhis_balanced_prototype_convnext_hybrid_s0.05_l0.1_04-28_06-49/metrics_20260428_064929_nicme_hybrid.json,results/stop2a_nicme_tuning/configs/044_stop2a_tune_breakhis_balanced_prototype_convnext_hybrid_s0.05_l0.1.json,43.71217441558838,0.01767,0.01719,1.0,0.0,0.8281,0.8281,5.0,0.01767,0.01719,1.0,0.8281
stop2a_nicme_tuning,breakhis_balanced_prototype,convnext,facebook/convnext-tiny-224,nicme_hybrid,calibrated_cost_min,0.05,0.1,malignant,"[""benign"", ""malignant""]","[[0.0, 1.0], [10.0, 0.0]]",0.97,0.85,accuracy,0.5,True,False,False,0.05,0.5,1.0,0.0,0.5,1.0,0.5,0.5,0.3333333333333333,0.1725,0.923828125,0.9398330733594319,0.5452176416808214,0.35904757092902273,0.18421895132711755,0.5,"[[0, 32], [0, 32]]",stop2a_tune_breakhis_balanced_prototype_convnext_hybrid_s0.05_l0.1_04-28_06-49,results/convnext_test/stop2a_tune_breakhis_balanced_prototype_convnext_hybrid_s0.05_l0.1_04-28_06-49/metrics_20260428_064929_nicme_hybrid.json,results/stop2a_nicme_tuning/configs/044_stop2a_tune_breakhis_balanced_prototype_convnext_hybrid_s0.05_l0.1.json,43.71217441558838,0.01767,0.01719,1.0,0.0,0.8281,0.8281,5.0,0.01767,0.01719,1.0,0.8281
stop2a_nicme_tuning,breakhis_balanced_prototype,convnext,facebook/convnext-tiny-224,nicme_hybrid,argmax,0.05,0.25,malignant,"[""benign"", ""malignant""]","[[0.0, 1.0], [10.0, 0.0]]",0.97,0.85,accuracy,0.765625,False,False,False,0.0375,0.375,0.96875,0.03125,0.6888888888888889,0.4375,0.765625,0.765625,0.7555385790679908,0.044625390625,0.927734375,0.9347875251165723,0.6133943688172133,0.4214544764982722,0.20601382106542585,,"[[18, 14], [1, 31]]",stop2a_tune_breakhis_balanced_prototype_convnext_hybrid_s0.05_l0.25_04-28_06-50,results/convnext_test/stop2a_tune_breakhis_balanced_prototype_convnext_hybrid_s0.05_l0.25_04-28_06-50/metrics_20260428_065013_nicme_hybrid.json,results/stop2a_nicme_tuning/configs/045_stop2a_tune_breakhis_balanced_prototype_convnext_hybrid_s0.05_l0.25.json,44.68574666976929,0.01767,0.01719,1.0,0.0,0.8281,0.8281,5.0,0.01767,0.01719,1.0,0.8281
stop2a_nicme_tuning,breakhis_balanced_prototype,convnext,facebook/convnext-tiny-224,nicme_hybrid,calibrated_cost_min,0.05,0.25,malignant,"[""benign"", ""malignant""]","[[0.0, 1.0], [10.0, 0.0]]",0.97,0.85,accuracy,0.5,True,False,False,0.05,0.5,1.0,0.0,0.5,1.0,0.5,0.5,0.3333333333333333,0.1725,0.927734375,0.9347875251165723,0.5543926744386611,0.36810294493452006,0.15080237535240604,0.5,"[[0, 32], [0, 32]]",stop2a_tune_breakhis_balanced_prototype_convnext_hybrid_s0.05_l0.25_04-28_06-50,results/convnext_test/stop2a_tune_breakhis_balanced_prototype_convnext_hybrid_s0.05_l0.25_04-28_06-50/metrics_20260428_065013_nicme_hybrid.json,results/stop2a_nicme_tuning/configs/045_stop2a_tune_breakhis_balanced_prototype_convnext_hybrid_s0.05_l0.25.json,44.68574666976929,0.01767,0.01719,1.0,0.0,0.8281,0.8281,5.0,0.01767,0.01719,1.0,0.8281
stop2a_nicme_tuning,breakhis_balanced_prototype,convnext,facebook/convnext-tiny-224,nicme_hybrid,argmax,0.1,0.1,malignant,"[""benign"", ""malignant""]","[[0.0, 1.0], [10.0, 0.0]]",0.97,0.85,accuracy,0.796875,False,False,False,0.0484375,0.484375,0.9375,0.0625,0.7317073170731707,0.34375,0.796875,0.796875,0.7927770859277707,0.055484765624999995,0.923828125,0.9398330733594319,0.6091486006113283,0.41720953095587576,0.23842752166092396,,"[[21, 11], [2, 30]]",stop2a_tune_breakhis_balanced_prototype_convnext_hybrid_s0.1_l0.1_04-28_06-50,results/convnext_test/stop2a_tune_breakhis_balanced_prototype_convnext_hybrid_s0.1_l0.1_04-28_06-50/metrics_20260428_065056_nicme_hybrid.json,results/stop2a_nicme_tuning/configs/046_stop2a_tune_breakhis_balanced_prototype_convnext_hybrid_s0.1_l0.1.json,43.23335099220276,0.01767,0.01719,1.0,0.0,0.8281,0.8281,5.0,0.01767,0.01719,1.0,0.8281
stop2a_nicme_tuning,breakhis_balanced_prototype,convnext,facebook/convnext-tiny-224,nicme_hybrid,calibrated_cost_min,0.1,0.1,malignant,"[""benign"", ""malignant""]","[[0.0, 1.0], [10.0, 0.0]]",0.97,0.85,accuracy,0.5,True,False,False,0.05,0.5,1.0,0.0,0.5,1.0,0.5,0.5,0.3333333333333333,0.1725,0.923828125,0.9398330733594319,0.5452103932860921,0.35904136938916764,0.18420884477725177,0.5,"[[0, 32], [0, 32]]",stop2a_tune_breakhis_balanced_prototype_convnext_hybrid_s0.1_l0.1_04-28_06-50,results/convnext_test/stop2a_tune_breakhis_balanced_prototype_convnext_hybrid_s0.1_l0.1_04-28_06-50/metrics_20260428_065056_nicme_hybrid.json,results/stop2a_nicme_tuning/configs/046_stop2a_tune_breakhis_balanced_prototype_convnext_hybrid_s0.1_l0.1.json,43.23335099220276,0.01767,0.01719,1.0,0.0,0.8281,0.8281,5.0,0.01767,0.01719,1.0,0.8281
stop2a_nicme_tuning,breakhis_balanced_prototype,convnext,facebook/convnext-tiny-224,nicme_hybrid,argmax,0.1,0.25,malignant,"[""benign"", ""malignant""]","[[0.0, 1.0], [10.0, 0.0]]",0.97,0.85,accuracy,0.765625,False,False,False,0.0375,0.375,0.96875,0.03125,0.6888888888888889,0.4375,0.765625,0.765625,0.7555385790679908,0.044625390625,0.927734375,0.9347875251165723,0.6133847610080965,0.4214451668487661,0.20600764174014327,,"[[18, 14], [1, 31]]",stop2a_tune_breakhis_balanced_prototype_convnext_hybrid_s0.1_l0.25_04-28_06-51,results/convnext_test/stop2a_tune_breakhis_balanced_prototype_convnext_hybrid_s0.1_l0.25_04-28_06-51/metrics_20260428_065144_nicme_hybrid.json,results/stop2a_nicme_tuning/configs/047_stop2a_tune_breakhis_balanced_prototype_convnext_hybrid_s0.1_l0.25.json,47.763184785842896,0.01767,0.01719,1.0,0.0,0.8281,0.8281,5.0,0.01767,0.01719,1.0,0.8281
stop2a_nicme_tuning,breakhis_balanced_prototype,convnext,facebook/convnext-tiny-224,nicme_hybrid,calibrated_cost_min,0.1,0.25,malignant,"[""benign"", ""malignant""]","[[0.0, 1.0], [10.0, 0.0]]",0.97,0.85,accuracy,0.5,True,False,False,0.05,0.5,1.0,0.0,0.5,1.0,0.5,0.5,0.3333333333333333,0.1725,0.927734375,0.9347875251165723,0.5543769334114361,0.3680887916764924,0.1507910146535555,0.5,"[[0, 32], [0, 32]]",stop2a_tune_breakhis_balanced_prototype_convnext_hybrid_s0.1_l0.25_04-28_06-51,results/convnext_test/stop2a_tune_breakhis_balanced_prototype_convnext_hybrid_s0.1_l0.25_04-28_06-51/metrics_20260428_065144_nicme_hybrid.json,results/stop2a_nicme_tuning/configs/047_stop2a_tune_breakhis_balanced_prototype_convnext_hybrid_s0.1_l0.25.json,47.763184785842896,0.01767,0.01719,1.0,0.0,0.8281,0.8281,5.0,0.01767,0.01719,1.0,0.8281
stop2a_nicme_tuning,breakhis_balanced_prototype,convnext,facebook/convnext-tiny-224,nicme_hybrid,argmax,0.2,0.25,malignant,"[""benign"", ""malignant""]","[[0.0, 1.0], [10.0, 0.0]]",0.97,0.85,accuracy,0.765625,False,False,False,0.0375,0.375,0.96875,0.03125,0.6888888888888889,0.4375,0.765625,0.765625,0.7555385790679908,0.044625390625,0.927734375,0.9347875251165723,0.6133874756748594,0.42144781921926394,0.2060092156752944,,"[[18, 14], [1, 31]]",stop2a_tune_breakhis_balanced_prototype_convnext_hybrid_s0.2_l0.25_04-28_06-52,results/convnext_test/stop2a_tune_breakhis_balanced_prototype_convnext_hybrid_s0.2_l0.25_04-28_06-52/metrics_20260428_065228_nicme_hybrid.json,results/stop2a_nicme_tuning/configs/048_stop2a_tune_breakhis_balanced_prototype_convnext_hybrid_s0.2_l0.25.json,43.35975217819214,0.01767,0.01719,1.0,0.0,0.8281,0.8281,5.0,0.01767,0.01719,1.0,0.8281
stop2a_nicme_tuning,breakhis_balanced_prototype,convnext,facebook/convnext-tiny-224,nicme_hybrid,calibrated_cost_min,0.2,0.25,malignant,"[""benign"", ""malignant""]","[[0.0, 1.0], [10.0, 0.0]]",0.97,0.85,accuracy,0.5,True,False,False,0.05,0.5,1.0,0.0,0.5,1.0,0.5,0.5,0.3333333333333333,0.1725,0.927734375,0.9347875251165723,0.5543812571382091,0.3680927727907731,0.15079384954791586,0.5,"[[0, 32], [0, 32]]",stop2a_tune_breakhis_balanced_prototype_convnext_hybrid_s0.2_l0.25_04-28_06-52,results/convnext_test/stop2a_tune_breakhis_balanced_prototype_convnext_hybrid_s0.2_l0.25_04-28_06-52/metrics_20260428_065228_nicme_hybrid.json,results/stop2a_nicme_tuning/configs/048_stop2a_tune_breakhis_balanced_prototype_convnext_hybrid_s0.2_l0.25.json,43.35975217819214,0.01767,0.01719,1.0,0.0,0.8281,0.8281,5.0,0.01767,0.01719,1.0,0.8281
stop2a_nicme_tuning,breakhis_balanced_prototype,convnext,facebook/convnext-tiny-224,nicme_logit_adjustment,argmax,0.025,0.0,malignant,"[""benign"", ""malignant""]","[[0.0, 1.0], [10.0, 0.0]]",0.97,0.85,accuracy,0.921875,False,True,False,0.021875,0.21875,0.96875,0.03125,0.8857142857142857,0.125,0.921875,0.921875,0.921702960606802,0.021881249999999998,0.943359375,0.9358940798910613,0.5053225919590518,0.31800515400013485,0.2959365490823984,,"[[28, 4], [1, 31]]",stop2a_tune_breakhis_balanced_prototype_convnext_logit_s0.025_04-28_06-44,results/convnext_test/stop2a_tune_breakhis_balanced_prototype_convnext_logit_s0.025_04-28_06-44/metrics_20260428_064410_nicme_logit_adjustment.json,results/stop2a_nicme_tuning/configs/037_stop2a_tune_breakhis_balanced_prototype_convnext_logit_s0.025.json,35.11236572265625,0.02973,0.02969,0.9688,0.03125,0.8438,0.8438,3.0,0.02973,0.02969,0.9688,0.8438
stop2a_nicme_tuning,breakhis_balanced_prototype,convnext,facebook/convnext-tiny-224,nicme_logit_adjustment,calibrated_cost_min,0.025,0.0,malignant,"[""benign"", ""malignant""]","[[0.0, 1.0], [10.0, 0.0]]",0.97,0.85,accuracy,0.5,True,False,False,0.05,0.5,1.0,0.0,0.5,1.0,0.5,0.5,0.3333333333333333,0.1725,0.943359375,0.9358940798910613,0.3892434937358278,0.2223713123970474,0.20798840291264714,0.5,"[[0, 32], [0, 32]]",stop2a_tune_breakhis_balanced_prototype_convnext_logit_s0.025_04-28_06-44,results/convnext_test/stop2a_tune_breakhis_balanced_prototype_convnext_logit_s0.025_04-28_06-44/metrics_20260428_064410_nicme_logit_adjustment.json,results/stop2a_nicme_tuning/configs/037_stop2a_tune_breakhis_balanced_prototype_convnext_logit_s0.025.json,35.11236572265625,0.02973,0.02969,0.9688,0.03125,0.8438,0.8438,3.0,0.02973,0.02969,0.9688,0.8438
stop2a_nicme_tuning,breakhis_balanced_prototype,convnext,facebook/convnext-tiny-224,nicme_logit_adjustment,argmax,0.05,0.0,malignant,"[""benign"", ""malignant""]","[[0.0, 1.0], [10.0, 0.0]]",0.97,0.85,accuracy,0.9375,False,True,False,0.0203125,0.203125,0.96875,0.03125,0.9117647058823529,0.09375,0.9375,0.9375,0.9374389051808407,0.02031875,0.94921875,0.9489317462066355,0.4562777979475847,0.2749956219698836,0.27502130437642336,,"[[29, 3], [1, 31]]",stop2a_tune_breakhis_balanced_prototype_convnext_logit_s0.05_04-28_06-44,results/convnext_test/stop2a_tune_breakhis_balanced_prototype_convnext_logit_s0.05_04-28_06-44/metrics_20260428_064448_nicme_logit_adjustment.json,results/stop2a_nicme_tuning/configs/038_stop2a_tune_breakhis_balanced_prototype_convnext_logit_s0.05.json,38.12091565132141,0.01406,0.01406,1.0,0.0,0.8594,0.8594,4.0,0.02973,0.02969,0.9688,0.8438
stop2a_nicme_tuning,breakhis_balanced_prototype,convnext,facebook/convnext-tiny-224,nicme_logit_adjustment,calibrated_cost_min,0.05,0.0,malignant,"[""benign"", ""malignant""]","[[0.0, 1.0], [10.0, 0.0]]",0.97,0.85,accuracy,0.515625,True,False,False,0.0484375,0.484375,1.0,0.0,0.5079365079365079,0.96875,0.515625,0.515625,0.3671451355661882,0.16024414062499998,0.94921875,0.9489317462066355,0.33457326815047383,0.1850220606392424,0.15677648747083753,0.5,"[[1, 31], [0, 32]]",stop2a_tune_breakhis_balanced_prototype_convnext_logit_s0.05_04-28_06-44,results/convnext_test/stop2a_tune_breakhis_balanced_prototype_convnext_logit_s0.05_04-28_06-44/metrics_20260428_064448_nicme_logit_adjustment.json,results/stop2a_nicme_tuning/configs/038_stop2a_tune_breakhis_balanced_prototype_convnext_logit_s0.05.json,38.12091565132141,0.01406,0.01406,1.0,0.0,0.8594,0.8594,4.0,0.02973,0.02969,0.9688,0.8438
stop2a_nicme_tuning,breakhis_balanced_prototype,convnext,facebook/convnext-tiny-224,nicme_logit_adjustment,argmax,0.1,0.0,malignant,"[""benign"", ""malignant""]","[[0.0, 1.0], [10.0, 0.0]]",0.97,0.85,accuracy,0.9375,False,True,False,0.0203125,0.203125,0.96875,0.03125,0.9117647058823529,0.09375,0.9375,0.9375,0.9374389051808407,0.02031875,0.9462890625,0.9449270767339988,0.4775109072013075,0.2939284255232639,0.2886073384433985,,"[[29, 3], [1, 31]]",stop2a_tune_breakhis_balanced_prototype_convnext_logit_s0.1_04-28_06-45,results/convnext_test/stop2a_tune_breakhis_balanced_prototype_convnext_logit_s0.1_04-28_06-45/metrics_20260428_064528_nicme_logit_adjustment.json,results/stop2a_nicme_tuning/configs/039_stop2a_tune_breakhis_balanced_prototype_convnext_logit_s0.1.json,39.2900116443634,0.01566,0.01562,1.0,0.0,0.8438,0.8438,4.0,0.02973,0.02969,0.9688,0.8438
stop2a_nicme_tuning,breakhis_balanced_prototype,convnext,facebook/convnext-tiny-224,nicme_logit_adjustment,calibrated_cost_min,0.1,0.0,malignant,"[""benign"", ""malignant""]","[[0.0, 1.0], [10.0, 0.0]]",0.97,0.85,accuracy,0.5,True,False,False,0.05,0.5,1.0,0.0,0.5,1.0,0.5,0.5,0.3333333333333333,0.1725,0.9462890625,0.9449270767339988,0.362172024657037,0.20557874128574238,0.1764746210500876,0.5,"[[0, 32], [0, 32]]",stop2a_tune_breakhis_balanced_prototype_convnext_logit_s0.1_04-28_06-45,results/convnext_test/stop2a_tune_breakhis_balanced_prototype_convnext_logit_s0.1_04-28_06-45/metrics_20260428_064528_nicme_logit_adjustment.json,results/stop2a_nicme_tuning/configs/039_stop2a_tune_breakhis_balanced_prototype_convnext_logit_s0.1.json,39.2900116443634,0.01566,0.01562,1.0,0.0,0.8438,0.8438,4.0,0.02973,0.02969,0.9688,0.8438
stop2a_nicme_tuning,breakhis_balanced_prototype,convnext,facebook/convnext-tiny-224,nicme_logit_adjustment,argmax,0.2,0.0,malignant,"[""benign"", ""malignant""]","[[0.0, 1.0], [10.0, 0.0]]",0.97,0.85,accuracy,0.9375,False,True,False,0.0203125,0.203125,0.96875,0.03125,0.9117647058823529,0.09375,0.9375,0.9375,0.9374389051808407,0.02031875,0.9736328125,0.9767441302828985,0.4425085123420608,0.26312462179867935,0.2750790119171142,,"[[29, 3], [1, 31]]",stop2a_tune_breakhis_balanced_prototype_convnext_logit_s0.2_04-28_06-46,results/convnext_test/stop2a_tune_breakhis_balanced_prototype_convnext_logit_s0.2_04-28_06-46/metrics_20260428_064615_nicme_logit_adjustment.json,results/stop2a_nicme_tuning/configs/040_stop2a_tune_breakhis_balanced_prototype_convnext_logit_s0.2.json,47.42142343521118,0.01406,0.01406,1.0,0.0,0.8594,0.8594,6.0,0.01406,0.01406,1.0,0.8594
stop2a_nicme_tuning,breakhis_balanced_prototype,convnext,facebook/convnext-tiny-224,nicme_logit_adjustment,calibrated_cost_min,0.2,0.0,malignant,"[""benign"", ""malignant""]","[[0.0, 1.0], [10.0, 0.0]]",0.97,0.85,accuracy,0.515625,True,False,False,0.0484375,0.484375,1.0,0.0,0.5079365079365079,0.96875,0.515625,0.515625,0.3671451355661882,0.16024414062499998,0.9736328125,0.9767441302828985,0.3096914145749154,0.16801554822488557,0.159449625282795,0.5,"[[1, 31], [0, 32]]",stop2a_tune_breakhis_balanced_prototype_convnext_logit_s0.2_04-28_06-46,results/convnext_test/stop2a_tune_breakhis_balanced_prototype_convnext_logit_s0.2_04-28_06-46/metrics_20260428_064615_nicme_logit_adjustment.json,results/stop2a_nicme_tuning/configs/040_stop2a_tune_breakhis_balanced_prototype_convnext_logit_s0.2.json,47.42142343521118,0.01406,0.01406,1.0,0.0,0.8594,0.8594,6.0,0.01406,0.01406,1.0,0.8594
stop2a_nicme_tuning,breakhis_balanced_prototype,convnext,facebook/convnext-tiny-224,nicme_logit_adjustment,argmax,0.35,0.0,malignant,"[""benign"", ""malignant""]","[[0.0, 1.0], [10.0, 0.0]]",0.97,0.85,accuracy,0.890625,False,True,False,0.025,0.25,0.96875,0.03125,0.8378378378378378,0.1875,0.890625,0.890625,0.8899533284205354,0.02500625,0.9677734375,0.9695743427126642,0.5165628012585295,0.329686784995485,0.27450404688715935,,"[[26, 6], [1, 31]]",stop2a_tune_breakhis_balanced_prototype_convnext_logit_s0.35_04-28_06-46,results/convnext_test/stop2a_tune_breakhis_balanced_prototype_convnext_logit_s0.35_04-28_06-46/metrics_20260428_064659_nicme_logit_adjustment.json,results/stop2a_nicme_tuning/configs/041_stop2a_tune_breakhis_balanced_prototype_convnext_logit_s0.35.json,43.682228326797485,0.01406,0.01406,1.0,0.0,0.8594,0.8594,5.0,0.01406,0.01406,1.0,0.8594
stop2a_nicme_tuning,breakhis_balanced_prototype,convnext,facebook/convnext-tiny-224,nicme_logit_adjustment,calibrated_cost_min,0.35,0.0,malignant,"[""benign"", ""malignant""]","[[0.0, 1.0], [10.0, 0.0]]",0.97,0.85,accuracy,0.5,True,False,False,0.05,0.5,1.0,0.0,0.5,1.0,0.5,0.5,0.3333333333333333,0.1725,0.9677734375,0.9695743427126642,0.4072741413663768,0.24225374117881207,0.18031674019507146,0.5,"[[0, 32], [0, 32]]",stop2a_tune_breakhis_balanced_prototype_convnext_logit_s0.35_04-28_06-46,results/convnext_test/stop2a_tune_breakhis_balanced_prototype_convnext_logit_s0.35_04-28_06-46/metrics_20260428_064659_nicme_logit_adjustment.json,results/stop2a_nicme_tuning/configs/041_stop2a_tune_breakhis_balanced_prototype_convnext_logit_s0.35.json,43.682228326797485,0.01406,0.01406,1.0,0.0,0.8594,0.8594,5.0,0.01406,0.01406,1.0,0.8594
stop2a_nicme_tuning,breakhis_balanced_prototype,convnext,facebook/convnext-tiny-224,nicme_logit_adjustment,argmax,0.5,0.0,malignant,"[""benign"", ""malignant""]","[[0.0, 1.0], [10.0, 0.0]]",0.97,0.85,accuracy,0.828125,False,False,False,0.03125,0.3125,0.96875,0.03125,0.7560975609756098,0.3125,0.828125,0.828125,0.8246575342465754,0.031734765625,0.9580078125,0.9616613505470201,0.5529644451670371,0.3637055805983053,0.2697868570685386,,"[[22, 10], [1, 31]]",stop2a_tune_breakhis_balanced_prototype_convnext_logit_s0.5_04-28_06-47,results/convnext_test/stop2a_tune_breakhis_balanced_prototype_convnext_logit_s0.5_04-28_06-47/metrics_20260428_064759_nicme_logit_adjustment.json,results/stop2a_nicme_tuning/configs/042_stop2a_tune_breakhis_balanced_prototype_convnext_logit_s0.5.json,60.67417287826538,0.01566,0.01562,1.0,0.0,0.8438,0.8438,6.0,0.01566,0.01562,1.0,0.8438
stop2a_nicme_tuning,breakhis_balanced_prototype,convnext,facebook/convnext-tiny-224,nicme_logit_adjustment,calibrated_cost_min,0.5,0.0,malignant,"[""benign"", ""malignant""]","[[0.0, 1.0], [10.0, 0.0]]",0.97,0.85,accuracy,0.5,True,False,False,0.05,0.5,1.0,0.0,0.5,1.0,0.5,0.5,0.3333333333333333,0.1725,0.9580078125,0.9616613505470201,0.4600475420483285,0.28572497496975663,0.20239832839134145,0.5,"[[0, 32], [0, 32]]",stop2a_tune_breakhis_balanced_prototype_convnext_logit_s0.5_04-28_06-47,results/convnext_test/stop2a_tune_breakhis_balanced_prototype_convnext_logit_s0.5_04-28_06-47/metrics_20260428_064759_nicme_logit_adjustment.json,results/stop2a_nicme_tuning/configs/042_stop2a_tune_breakhis_balanced_prototype_convnext_logit_s0.5.json,60.67417287826538,0.01566,0.01562,1.0,0.0,0.8438,0.8438,6.0,0.01566,0.01562,1.0,0.8438
stop2a_nicme_tuning,breakhis_balanced_prototype,timm_dinov3_convnext_lora,timm/convnext_tiny.dinov3_lvd1689m,nicme_hybrid,argmax,0.025,0.1,malignant,"[""benign"", ""malignant""]","[[0.0, 1.0], [10.0, 0.0]]",0.97,0.85,accuracy,0.59375,False,False,False,0.096875,0.96875,0.875,0.125,0.56,0.6875,0.59375,0.59375,0.5588547189819725,0.19863906249999996,0.6123046875,0.6213663738133627,0.6798646026065318,0.48700540716475843,0.07142982725054027,,"[[10, 22], [4, 28]]",stop2a_tune_breakhis_balanced_prototype_timm_dinov3_convnext_lora_hybrid_s0.025_l0.1_04-28_07-11,results/timm_dinov3_convnext_lora_test/stop2a_tune_breakhis_balanced_prototype_timm_dinov3_convnext_lora_hybrid_s0.025_l0.1_04-28_07-11/metrics_20260428_071109_nicme_hybrid.json,results/stop2a_nicme_tuning/configs/079_stop2a_tune_breakhis_balanced_prototype_timm_dinov3_convnext_lora_hybrid_s0.025_l0.1.json,30.297670602798462,0.1695,0.07344,0.9375,0.0625,0.5469,0.5469,2.0,0.1926,0.07656,0.9375,0.5156
stop2a_nicme_tuning,breakhis_balanced_prototype,timm_dinov3_convnext_lora,timm/convnext_tiny.dinov3_lvd1689m,nicme_hybrid,calibrated_cost_min,0.025,0.1,malignant,"[""benign"", ""malignant""]","[[0.0, 1.0], [10.0, 0.0]]",0.97,0.85,accuracy,0.5,True,False,False,0.05,0.5,1.0,0.0,0.5,1.0,0.5,0.5,0.3333333333333333,0.1725,0.6123046875,0.6213663738133627,0.6820197249965568,0.488965373830925,0.05982920903370473,2.35,"[[0, 32], [0, 32]]",stop2a_tune_breakhis_balanced_prototype_timm_dinov3_convnext_lora_hybrid_s0.025_l0.1_04-28_07-11,results/timm_dinov3_convnext_lora_test/stop2a_tune_breakhis_balanced_prototype_timm_dinov3_convnext_lora_hybrid_s0.025_l0.1_04-28_07-11/metrics_20260428_071109_nicme_hybrid.json,results/stop2a_nicme_tuning/configs/079_stop2a_tune_breakhis_balanced_prototype_timm_dinov3_convnext_lora_hybrid_s0.025_l0.1.json,30.297670602798462,0.1695,0.07344,0.9375,0.0625,0.5469,0.5469,2.0,0.1926,0.07656,0.9375,0.5156
stop2a_nicme_tuning,breakhis_balanced_prototype,timm_dinov3_convnext_lora,timm/convnext_tiny.dinov3_lvd1689m,nicme_hybrid,argmax,0.05,0.1,malignant,"[""benign"", ""malignant""]","[[0.0, 1.0], [10.0, 0.0]]",0.97,0.85,accuracy,0.59375,False,False,False,0.096875,0.96875,0.875,0.125,0.56,0.6875,0.59375,0.59375,0.5588547189819725,0.19863906249999996,0.6123046875,0.6213663738133627,0.6798646026065318,0.48700540716475843,0.07142982725054027,,"[[10, 22], [4, 28]]",stop2a_tune_breakhis_balanced_prototype_timm_dinov3_convnext_lora_hybrid_s0.05_l0.1_04-28_07-11,results/timm_dinov3_convnext_lora_test/stop2a_tune_breakhis_balanced_prototype_timm_dinov3_convnext_lora_hybrid_s0.05_l0.1_04-28_07-11/metrics_20260428_071138_nicme_hybrid.json,results/stop2a_nicme_tuning/configs/080_stop2a_tune_breakhis_balanced_prototype_timm_dinov3_convnext_lora_hybrid_s0.05_l0.1.json,29.131672382354736,0.1695,0.07344,0.9375,0.0625,0.5469,0.5469,2.0,0.1926,0.07656,0.9375,0.5156
stop2a_nicme_tuning,breakhis_balanced_prototype,timm_dinov3_convnext_lora,timm/convnext_tiny.dinov3_lvd1689m,nicme_hybrid,calibrated_cost_min,0.05,0.1,malignant,"[""benign"", ""malignant""]","[[0.0, 1.0], [10.0, 0.0]]",0.97,0.85,accuracy,0.5,True,False,False,0.05,0.5,1.0,0.0,0.5,1.0,0.5,0.5,0.3333333333333333,0.1725,0.6123046875,0.6213663738133627,0.6820197249965568,0.488965373830925,0.05982920903370473,2.35,"[[0, 32], [0, 32]]",stop2a_tune_breakhis_balanced_prototype_timm_dinov3_convnext_lora_hybrid_s0.05_l0.1_04-28_07-11,results/timm_dinov3_convnext_lora_test/stop2a_tune_breakhis_balanced_prototype_timm_dinov3_convnext_lora_hybrid_s0.05_l0.1_04-28_07-11/metrics_20260428_071138_nicme_hybrid.json,results/stop2a_nicme_tuning/configs/080_stop2a_tune_breakhis_balanced_prototype_timm_dinov3_convnext_lora_hybrid_s0.05_l0.1.json,29.131672382354736,0.1695,0.07344,0.9375,0.0625,0.5469,0.5469,2.0,0.1926,0.07656,0.9375,0.5156
stop2a_nicme_tuning,breakhis_balanced_prototype,timm_dinov3_convnext_lora,timm/convnext_tiny.dinov3_lvd1689m,nicme_hybrid,argmax,0.05,0.25,malignant,"[""benign"", ""malignant""]","[[0.0, 1.0], [10.0, 0.0]]",0.97,0.85,accuracy,0.671875,False,False,False,0.2015625,2.015625,0.625,0.375,0.6896551724137931,0.28125,0.671875,0.671875,0.6711524345485687,0.709391015625,0.7275390625,0.7053883169273453,0.6456645501924729,0.4533935364166834,0.11212941259145734,,"[[23, 9], [12, 20]]",stop2a_tune_breakhis_balanced_prototype_timm_dinov3_convnext_lora_hybrid_s0.05_l0.25_04-28_07-12,results/timm_dinov3_convnext_lora_test/stop2a_tune_breakhis_balanced_prototype_timm_dinov3_convnext_lora_hybrid_s0.05_l0.25_04-28_07-12/metrics_20260428_071223_nicme_hybrid.json,results/stop2a_nicme_tuning/configs/081_stop2a_tune_breakhis_balanced_prototype_timm_dinov3_convnext_lora_hybrid_s0.05_l0.25.json,45.812281131744385,0.08505,0.06406,0.9062,0.09375,0.7812,0.7812,5.0,0.1382,0.07812,0.9062,0.6406
stop2a_nicme_tuning,breakhis_balanced_prototype,timm_dinov3_convnext_lora,timm/convnext_tiny.dinov3_lvd1689m,nicme_hybrid,calibrated_cost_min,0.05,0.25,malignant,"[""benign"", ""malignant""]","[[0.0, 1.0], [10.0, 0.0]]",0.97,0.85,accuracy,0.5,True,False,False,0.05,0.5,1.0,0.0,0.5,1.0,0.5,0.5,0.3333333333333333,0.1725,0.7275390625,0.7053883169273453,0.62051607291202,0.4310738447102905,0.1060968485971598,0.5,"[[0, 32], [0, 32]]",stop2a_tune_breakhis_balanced_prototype_timm_dinov3_convnext_lora_hybrid_s0.05_l0.25_04-28_07-12,results/timm_dinov3_convnext_lora_test/stop2a_tune_breakhis_balanced_prototype_timm_dinov3_convnext_lora_hybrid_s0.05_l0.25_04-28_07-12/metrics_20260428_071223_nicme_hybrid.json,results/stop2a_nicme_tuning/configs/081_stop2a_tune_breakhis_balanced_prototype_timm_dinov3_convnext_lora_hybrid_s0.05_l0.25.json,45.812281131744385,0.08505,0.06406,0.9062,0.09375,0.7812,0.7812,5.0,0.1382,0.07812,0.9062,0.6406
stop2a_nicme_tuning,breakhis_balanced_prototype,timm_dinov3_convnext_lora,timm/convnext_tiny.dinov3_lvd1689m,nicme_hybrid,argmax,0.1,0.1,malignant,"[""benign"", ""malignant""]","[[0.0, 1.0], [10.0, 0.0]]",0.97,0.85,accuracy,0.59375,False,False,False,0.096875,0.96875,0.875,0.125,0.56,0.6875,0.59375,0.59375,0.5588547189819725,0.19863906249999996,0.6123046875,0.6213663738133627,0.6798646026065318,0.48700540716475843,0.07142982725054027,,"[[10, 22], [4, 28]]",stop2a_tune_breakhis_balanced_prototype_timm_dinov3_convnext_lora_hybrid_s0.1_l0.1_04-28_07-12,results/timm_dinov3_convnext_lora_test/stop2a_tune_breakhis_balanced_prototype_timm_dinov3_convnext_lora_hybrid_s0.1_l0.1_04-28_07-12/metrics_20260428_071253_nicme_hybrid.json,results/stop2a_nicme_tuning/configs/082_stop2a_tune_breakhis_balanced_prototype_timm_dinov3_convnext_lora_hybrid_s0.1_l0.1.json,29.328115701675415,0.1695,0.07344,0.9375,0.0625,0.5469,0.5469,2.0,0.1926,0.07656,0.9375,0.5156
stop2a_nicme_tuning,breakhis_balanced_prototype,timm_dinov3_convnext_lora,timm/convnext_tiny.dinov3_lvd1689m,nicme_hybrid,calibrated_cost_min,0.1,0.1,malignant,"[""benign"", ""malignant""]","[[0.0, 1.0], [10.0, 0.0]]",0.97,0.85,accuracy,0.5,True,False,False,0.05,0.5,1.0,0.0,0.5,1.0,0.5,0.5,0.3333333333333333,0.1725,0.6123046875,0.6213663738133627,0.6820197249965568,0.488965373830925,0.05982920903370473,2.35,"[[0, 32], [0, 32]]",stop2a_tune_breakhis_balanced_prototype_timm_dinov3_convnext_lora_hybrid_s0.1_l0.1_04-28_07-12,results/timm_dinov3_convnext_lora_test/stop2a_tune_breakhis_balanced_prototype_timm_dinov3_convnext_lora_hybrid_s0.1_l0.1_04-28_07-12/metrics_20260428_071253_nicme_hybrid.json,results/stop2a_nicme_tuning/configs/082_stop2a_tune_breakhis_balanced_prototype_timm_dinov3_convnext_lora_hybrid_s0.1_l0.1.json,29.328115701675415,0.1695,0.07344,0.9375,0.0625,0.5469,0.5469,2.0,0.1926,0.07656,0.9375,0.5156
stop2a_nicme_tuning,breakhis_balanced_prototype,timm_dinov3_convnext_lora,timm/convnext_tiny.dinov3_lvd1689m,nicme_hybrid,argmax,0.1,0.25,malignant,"[""benign"", ""malignant""]","[[0.0, 1.0], [10.0, 0.0]]",0.97,0.85,accuracy,0.671875,False,False,False,0.2015625,2.015625,0.625,0.375,0.6896551724137931,0.28125,0.671875,0.671875,0.6711524345485687,0.709391015625,0.7275390625,0.7053883169273453,0.6456645501924729,0.4533935364166834,0.11212941259145734,,"[[23, 9], [12, 20]]",stop2a_tune_breakhis_balanced_prototype_timm_dinov3_convnext_lora_hybrid_s0.1_l0.25_04-28_07-13,results/timm_dinov3_convnext_lora_test/stop2a_tune_breakhis_balanced_prototype_timm_dinov3_convnext_lora_hybrid_s0.1_l0.25_04-28_07-13/metrics_20260428_071333_nicme_hybrid.json,results/stop2a_nicme_tuning/configs/083_stop2a_tune_breakhis_balanced_prototype_timm_dinov3_convnext_lora_hybrid_s0.1_l0.25.json,40.13530683517456,0.08505,0.06406,0.9062,0.09375,0.7812,0.7812,5.0,0.1382,0.07812,0.9062,0.6406
stop2a_nicme_tuning,breakhis_balanced_prototype,timm_dinov3_convnext_lora,timm/convnext_tiny.dinov3_lvd1689m,nicme_hybrid,calibrated_cost_min,0.1,0.25,malignant,"[""benign"", ""malignant""]","[[0.0, 1.0], [10.0, 0.0]]",0.97,0.85,accuracy,0.5,True,False,False,0.05,0.5,1.0,0.0,0.5,1.0,0.5,0.5,0.3333333333333333,0.1725,0.7275390625,0.7053883169273453,0.62051607291202,0.4310738447102905,0.1060968485971598,0.5,"[[0, 32], [0, 32]]",stop2a_tune_breakhis_balanced_prototype_timm_dinov3_convnext_lora_hybrid_s0.1_l0.25_04-28_07-13,results/timm_dinov3_convnext_lora_test/stop2a_tune_breakhis_balanced_prototype_timm_dinov3_convnext_lora_hybrid_s0.1_l0.25_04-28_07-13/metrics_20260428_071333_nicme_hybrid.json,results/stop2a_nicme_tuning/configs/083_stop2a_tune_breakhis_balanced_prototype_timm_dinov3_convnext_lora_hybrid_s0.1_l0.25.json,40.13530683517456,0.08505,0.06406,0.9062,0.09375,0.7812,0.7812,5.0,0.1382,0.07812,0.9062,0.6406
stop2a_nicme_tuning,breakhis_balanced_prototype,timm_dinov3_convnext_lora,timm/convnext_tiny.dinov3_lvd1689m,nicme_hybrid,argmax,0.2,0.25,malignant,"[""benign"", ""malignant""]","[[0.0, 1.0], [10.0, 0.0]]",0.97,0.85,accuracy,0.671875,False,False,False,0.2015625,2.015625,0.625,0.375,0.6896551724137931,0.28125,0.671875,0.671875,0.6711524345485687,0.709391015625,0.7275390625,0.7053883169273453,0.6456645501924729,0.4533935364166834,0.11212941259145734,,"[[23, 9], [12, 20]]",stop2a_tune_breakhis_balanced_prototype_timm_dinov3_convnext_lora_hybrid_s0.2_l0.25_04-28_07-14,results/timm_dinov3_convnext_lora_test/stop2a_tune_breakhis_balanced_prototype_timm_dinov3_convnext_lora_hybrid_s0.2_l0.25_04-28_07-14/metrics_20260428_071412_nicme_hybrid.json,results/stop2a_nicme_tuning/configs/084_stop2a_tune_breakhis_balanced_prototype_timm_dinov3_convnext_lora_hybrid_s0.2_l0.25.json,39.40631604194641,0.08505,0.06406,0.9062,0.09375,0.7812,0.7812,5.0,0.1382,0.07812,0.9062,0.6406
stop2a_nicme_tuning,breakhis_balanced_prototype,timm_dinov3_convnext_lora,timm/convnext_tiny.dinov3_lvd1689m,nicme_hybrid,calibrated_cost_min,0.2,0.25,malignant,"[""benign"", ""malignant""]","[[0.0, 1.0], [10.0, 0.0]]",0.97,0.85,accuracy,0.5,True,False,False,0.05,0.5,1.0,0.0,0.5,1.0,0.5,0.5,0.3333333333333333,0.1725,0.7275390625,0.7053883169273453,0.62051607291202,0.4310738447102905,0.1060968485971598,0.5,"[[0, 32], [0, 32]]",stop2a_tune_breakhis_balanced_prototype_timm_dinov3_convnext_lora_hybrid_s0.2_l0.25_04-28_07-14,results/timm_dinov3_convnext_lora_test/stop2a_tune_breakhis_balanced_prototype_timm_dinov3_convnext_lora_hybrid_s0.2_l0.25_04-28_07-14/metrics_20260428_071412_nicme_hybrid.json,results/stop2a_nicme_tuning/configs/084_stop2a_tune_breakhis_balanced_prototype_timm_dinov3_convnext_lora_hybrid_s0.2_l0.25.json,39.40631604194641,0.08505,0.06406,0.9062,0.09375,0.7812,0.7812,5.0,0.1382,0.07812,0.9062,0.6406
stop2a_nicme_tuning,breakhis_balanced_prototype,timm_dinov3_convnext_lora,timm/convnext_tiny.dinov3_lvd1689m,nicme_logit_adjustment,argmax,0.025,0.0,malignant,"[""benign"", ""malignant""]","[[0.0, 1.0], [10.0, 0.0]]",0.97,0.85,accuracy,0.8125,False,False,False,0.075,0.75,0.875,0.125,0.7777777777777778,0.25,0.8125,0.8125,0.8117647058823529,0.11250624999999997,0.8310546875,0.8395463377760284,0.5272282212880565,0.3503289895021152,0.1643066117540002,,"[[24, 8], [4, 28]]",stop2a_tune_breakhis_balanced_prototype_timm_dinov3_convnext_lora_logit_s0.025_04-28_07-06,results/timm_dinov3_convnext_lora_test/stop2a_tune_breakhis_balanced_prototype_timm_dinov3_convnext_lora_logit_s0.025_04-28_07-06/metrics_20260428_070658_nicme_logit_adjustment.json,results/stop2a_nicme_tuning/configs/073_stop2a_tune_breakhis_balanced_prototype_timm_dinov3_convnext_lora_logit_s0.025.json,44.71041512489319,0.03422,0.03281,0.9688,0.03125,0.8125,0.8125,6.0,0.0372,0.03438,0.9688,0.7969
stop2a_nicme_tuning,breakhis_balanced_prototype,timm_dinov3_convnext_lora,timm/convnext_tiny.dinov3_lvd1689m,nicme_logit_adjustment,calibrated_cost_min,0.025,0.0,malignant,"[""benign"", ""malignant""]","[[0.0, 1.0], [10.0, 0.0]]",0.97,0.85,accuracy,0.546875,True,False,False,0.0453125,0.453125,1.0,0.0,0.5245901639344263,0.90625,0.546875,0.546875,0.429800307219662,0.13719726562499998,0.8310546875,0.8395463377760284,0.4893995439690543,0.3264272851468814,0.1556357643496163,0.55,"[[3, 29], [0, 32]]",stop2a_tune_breakhis_balanced_prototype_timm_dinov3_convnext_lora_logit_s0.025_04-28_07-06,results/timm_dinov3_convnext_lora_test/stop2a_tune_breakhis_balanced_prototype_timm_dinov3_convnext_lora_logit_s0.025_04-28_07-06/metrics_20260428_070658_nicme_logit_adjustment.json,results/stop2a_nicme_tuning/configs/073_stop2a_tune_breakhis_balanced_prototype_timm_dinov3_convnext_lora_logit_s0.025.json,44.71041512489319,0.03422,0.03281,0.9688,0.03125,0.8125,0.8125,6.0,0.0372,0.03438,0.9688,0.7969
stop2a_nicme_tuning,breakhis_balanced_prototype,timm_dinov3_convnext_lora,timm/convnext_tiny.dinov3_lvd1689m,nicme_logit_adjustment,argmax,0.05,0.0,malignant,"[""benign"", ""malignant""]","[[0.0, 1.0], [10.0, 0.0]]",0.97,0.85,accuracy,0.828125,False,False,False,0.059375,0.59375,0.90625,0.09375,0.7837837837837838,0.25,0.828125,0.828125,0.8270695160894128,0.07610976562499998,0.8115234375,0.8227987662247433,0.5451961233649091,0.36568583866642007,0.22064081393182275,,"[[24, 8], [3, 29]]",stop2a_tune_breakhis_balanced_prototype_timm_dinov3_convnext_lora_logit_s0.05_04-28_07-07,results/timm_dinov3_convnext_lora_test/stop2a_tune_breakhis_balanced_prototype_timm_dinov3_convnext_lora_logit_s0.05_04-28_07-07/metrics_20260428_070741_nicme_logit_adjustment.json,results/stop2a_nicme_tuning/configs/074_stop2a_tune_breakhis_balanced_prototype_timm_dinov3_convnext_lora_logit_s0.05.json,42.968135595321655,0.04067,0.03594,0.9688,0.03125,0.7812,0.7812,6.0,0.054,0.04063,0.9688,0.7344
stop2a_nicme_tuning,breakhis_balanced_prototype,timm_dinov3_convnext_lora,timm/convnext_tiny.dinov3_lvd1689m,nicme_logit_adjustment,calibrated_cost_min,0.05,0.0,malignant,"[""benign"", ""malignant""]","[[0.0, 1.0], [10.0, 0.0]]",0.97,0.85,accuracy,0.515625,True,False,False,0.0484375,0.484375,1.0,0.0,0.5079365079365079,0.96875,0.515625,0.515625,0.3671451355661882,0.16024414062499998,0.8115234375,0.8227987662247433,0.512844803788693,0.3450176083565503,0.1960558515327988,0.6,"[[1, 31], [0, 32]]",stop2a_tune_breakhis_balanced_prototype_timm_dinov3_convnext_lora_logit_s0.05_04-28_07-07,results/timm_dinov3_convnext_lora_test/stop2a_tune_breakhis_balanced_prototype_timm_dinov3_convnext_lora_logit_s0.05_04-28_07-07/metrics_20260428_070741_nicme_logit_adjustment.json,results/stop2a_nicme_tuning/configs/074_stop2a_tune_breakhis_balanced_prototype_timm_dinov3_convnext_lora_logit_s0.05.json,42.968135595321655,0.04067,0.03594,0.9688,0.03125,0.7812,0.7812,6.0,0.054,0.04063,0.9688,0.7344
stop2a_nicme_tuning,breakhis_balanced_prototype,timm_dinov3_convnext_lora,timm/convnext_tiny.dinov3_lvd1689m,nicme_logit_adjustment,argmax,0.1,0.0,malignant,"[""benign"", ""malignant""]","[[0.0, 1.0], [10.0, 0.0]]",0.97,0.85,accuracy,0.78125,False,False,False,0.0640625,0.640625,0.90625,0.09375,0.725,0.34375,0.78125,0.78125,0.7777777777777777,0.08504531249999998,0.7998046875,0.8094909004318842,0.5683128611439376,0.3860446233905872,0.163862407207489,,"[[21, 11], [3, 29]]",stop2a_tune_breakhis_balanced_prototype_timm_dinov3_convnext_lora_logit_s0.1_04-28_07-08,results/timm_dinov3_convnext_lora_test/stop2a_tune_breakhis_balanced_prototype_timm_dinov3_convnext_lora_logit_s0.1_04-28_07-08/metrics_20260428_070825_nicme_logit_adjustment.json,results/stop2a_nicme_tuning/configs/075_stop2a_tune_breakhis_balanced_prototype_timm_dinov3_convnext_lora_logit_s0.1.json,44.1392776966095,0.05942,0.04219,0.9688,0.03125,0.7188,0.7188,8.0,0.05942,0.04219,0.9688,0.7188
stop2a_nicme_tuning,breakhis_balanced_prototype,timm_dinov3_convnext_lora,timm/convnext_tiny.dinov3_lvd1689m,nicme_logit_adjustment,calibrated_cost_min,0.1,0.0,malignant,"[""benign"", ""malignant""]","[[0.0, 1.0], [10.0, 0.0]]",0.97,0.85,accuracy,0.5,True,False,False,0.05,0.5,1.0,0.0,0.5,1.0,0.5,0.5,0.3333333333333333,0.1725,0.7998046875,0.8094909004318842,0.542225077158298,0.3699250506680368,0.1687619053808342,0.6,"[[0, 32], [0, 32]]",stop2a_tune_breakhis_balanced_prototype_timm_dinov3_convnext_lora_logit_s0.1_04-28_07-08,results/timm_dinov3_convnext_lora_test/stop2a_tune_breakhis_balanced_prototype_timm_dinov3_convnext_lora_logit_s0.1_04-28_07-08/metrics_20260428_070825_nicme_logit_adjustment.json,results/stop2a_nicme_tuning/configs/075_stop2a_tune_breakhis_balanced_prototype_timm_dinov3_convnext_lora_logit_s0.1.json,44.1392776966095,0.05942,0.04219,0.9688,0.03125,0.7188,0.7188,8.0,0.05942,0.04219,0.9688,0.7188
stop2a_nicme_tuning,breakhis_balanced_prototype,timm_dinov3_convnext_lora,timm/convnext_tiny.dinov3_lvd1689m,nicme_logit_adjustment,argmax,0.2,0.0,malignant,"[""benign"", ""malignant""]","[[0.0, 1.0], [10.0, 0.0]]",0.97,0.85,accuracy,0.78125,False,False,False,0.078125,0.78125,0.875,0.125,0.7368421052631579,0.3125,0.78125,0.78125,0.7793103448275862,0.11895156249999998,0.7734375,0.7811022250209511,0.5988122342821549,0.4112899937375505,0.19423337839543817,,"[[22, 10], [4, 28]]",stop2a_tune_breakhis_balanced_prototype_timm_dinov3_convnext_lora_logit_s0.2_04-28_07-09,results/timm_dinov3_convnext_lora_test/stop2a_tune_breakhis_balanced_prototype_timm_dinov3_convnext_lora_logit_s0.2_04-28_07-09/metrics_20260428_070909_nicme_logit_adjustment.json,results/stop2a_nicme_tuning/configs/076_stop2a_tune_breakhis_balanced_prototype_timm_dinov3_convnext_lora_logit_s0.2.json,43.655437707901,0.1038,0.07031,0.9062,0.09375,0.7188,0.7188,6.0,0.123,0.075,0.9062,0.6719
stop2a_nicme_tuning,breakhis_balanced_prototype,timm_dinov3_convnext_lora,timm/convnext_tiny.dinov3_lvd1689m,nicme_logit_adjustment,calibrated_cost_min,0.2,0.0,malignant,"[""benign"", ""malignant""]","[[0.0, 1.0], [10.0, 0.0]]",0.97,0.85,accuracy,0.5,True,False,False,0.05,0.5,1.0,0.0,0.5,1.0,0.5,0.5,0.3333333333333333,0.1725,0.7734375,0.7811022250209511,0.5641014913471177,0.38802709573023264,0.1994280860930137,0.5,"[[0, 32], [0, 32]]",stop2a_tune_breakhis_balanced_prototype_timm_dinov3_convnext_lora_logit_s0.2_04-28_07-09,results/timm_dinov3_convnext_lora_test/stop2a_tune_breakhis_balanced_prototype_timm_dinov3_convnext_lora_logit_s0.2_04-28_07-09/metrics_20260428_070909_nicme_logit_adjustment.json,results/stop2a_nicme_tuning/configs/076_stop2a_tune_breakhis_balanced_prototype_timm_dinov3_convnext_lora_logit_s0.2.json,43.655437707901,0.1038,0.07031,0.9062,0.09375,0.7188,0.7188,6.0,0.123,0.075,0.9062,0.6719
stop2a_nicme_tuning,breakhis_balanced_prototype,timm_dinov3_convnext_lora,timm/convnext_tiny.dinov3_lvd1689m,nicme_logit_adjustment,argmax,0.35,0.0,malignant,"[""benign"", ""malignant""]","[[0.0, 1.0], [10.0, 0.0]]",0.97,0.85,accuracy,0.75,False,False,False,0.0953125,0.953125,0.84375,0.15625,0.7105263157894737,0.34375,0.75,0.75,0.7477832512315271,0.16906875,0.763671875,0.7603041857392503,0.6221351114565126,0.43178240257017675,0.1718792775645852,,"[[21, 11], [5, 27]]",stop2a_tune_breakhis_balanced_prototype_timm_dinov3_convnext_lora_logit_s0.35_04-28_07-09,results/timm_dinov3_convnext_lora_test/stop2a_tune_breakhis_balanced_prototype_timm_dinov3_convnext_lora_logit_s0.35_04-28_07-09/metrics_20260428_070953_nicme_logit_adjustment.json,results/stop2a_nicme_tuning/configs/077_stop2a_tune_breakhis_balanced_prototype_timm_dinov3_convnext_lora_logit_s0.35.json,44.09851956367493,0.1038,0.07031,0.9062,0.09375,0.7188,0.7188,6.0,0.1304,0.07656,0.9062,0.6562
stop2a_nicme_tuning,breakhis_balanced_prototype,timm_dinov3_convnext_lora,timm/convnext_tiny.dinov3_lvd1689m,nicme_logit_adjustment,calibrated_cost_min,0.35,0.0,malignant,"[""benign"", ""malignant""]","[[0.0, 1.0], [10.0, 0.0]]",0.97,0.85,accuracy,0.5,True,False,False,0.05,0.5,1.0,0.0,0.5,1.0,0.5,0.5,0.3333333333333333,0.1725,0.763671875,0.7603041857392503,0.590494678210622,0.4072768602798025,0.11559220219575374,0.5,"[[0, 32], [0, 32]]",stop2a_tune_breakhis_balanced_prototype_timm_dinov3_convnext_lora_logit_s0.35_04-28_07-09,results/timm_dinov3_convnext_lora_test/stop2a_tune_breakhis_balanced_prototype_timm_dinov3_convnext_lora_logit_s0.35_04-28_07-09/metrics_20260428_070953_nicme_logit_adjustment.json,results/stop2a_nicme_tuning/configs/077_stop2a_tune_breakhis_balanced_prototype_timm_dinov3_convnext_lora_logit_s0.35.json,44.09851956367493,0.1038,0.07031,0.9062,0.09375,0.7188,0.7188,6.0,0.1304,0.07656,0.9062,0.6562
stop2a_nicme_tuning,breakhis_balanced_prototype,timm_dinov3_convnext_lora,timm/convnext_tiny.dinov3_lvd1689m,nicme_logit_adjustment,argmax,0.5,0.0,malignant,"[""benign"", ""malignant""]","[[0.0, 1.0], [10.0, 0.0]]",0.97,0.85,accuracy,0.71875,False,False,False,0.1265625,1.265625,0.78125,0.21875,0.6944444444444444,0.34375,0.71875,0.71875,0.7176470588235293,0.28629531249999995,0.7529296875,0.7420370327674826,0.6315203048485174,0.4402913390138191,0.1491275103762746,,"[[21, 11], [7, 25]]",stop2a_tune_breakhis_balanced_prototype_timm_dinov3_convnext_lora_logit_s0.5_04-28_07-10,results/timm_dinov3_convnext_lora_test/stop2a_tune_breakhis_balanced_prototype_timm_dinov3_convnext_lora_logit_s0.5_04-28_07-10/metrics_20260428_071038_nicme_logit_adjustment.json,results/stop2a_nicme_tuning/configs/078_stop2a_tune_breakhis_balanced_prototype_timm_dinov3_convnext_lora_logit_s0.5.json,45.057995080947876,0.1038,0.07031,0.9062,0.09375,0.7188,0.7188,6.0,0.1304,0.07656,0.9062,0.6562
stop2a_nicme_tuning,breakhis_balanced_prototype,timm_dinov3_convnext_lora,timm/convnext_tiny.dinov3_lvd1689m,nicme_logit_adjustment,calibrated_cost_min,0.5,0.0,malignant,"[""benign"", ""malignant""]","[[0.0, 1.0], [10.0, 0.0]]",0.97,0.85,accuracy,0.5,True,False,False,0.05,0.5,1.0,0.0,0.5,1.0,0.5,0.5,0.3333333333333333,0.1725,0.7529296875,0.7420370327674826,0.6023892165167406,0.4162636077304547,0.1088977881800591,0.5,"[[0, 32], [0, 32]]",stop2a_tune_breakhis_balanced_prototype_timm_dinov3_convnext_lora_logit_s0.5_04-28_07-10,results/timm_dinov3_convnext_lora_test/stop2a_tune_breakhis_balanced_prototype_timm_dinov3_convnext_lora_logit_s0.5_04-28_07-10/metrics_20260428_071038_nicme_logit_adjustment.json,results/stop2a_nicme_tuning/configs/078_stop2a_tune_breakhis_balanced_prototype_timm_dinov3_convnext_lora_logit_s0.5.json,45.057995080947876,0.1038,0.07031,0.9062,0.09375,0.7188,0.7188,6.0,0.1304,0.07656,0.9062,0.6562
stop2a_nicme_tuning,spider_balanced_prototype,timm_dinov3_convnext_lora,timm/convnext_tiny.dinov3_lvd1689m,nicme_hybrid,argmax,0.025,0.1,black_widow,"[""black_widow"", ""false_widow""]","[[0.0, 10.0], [1.0, 0.0]]",0.95,0.8,accuracy,0.609375,False,False,False,0.1375,1.375,0.78125,0.21875,0.5813953488372093,0.5625,0.609375,0.609375,0.5974842767295597,0.287744140625,0.7060546875,0.722987866657206,0.6442312254059244,0.4528586483327313,0.12425840646028516,,"[[25, 7], [18, 14]]",stop2a_tune_spider_balanced_prototype_timm_dinov3_convnext_lora_hybrid_s0.025_l0.1_04-28_06-41,results/timm_dinov3_convnext_lora_test/stop2a_tune_spider_balanced_prototype_timm_dinov3_convnext_lora_hybrid_s0.025_l0.1_04-28_06-41/metrics_20260428_064123_nicme_hybrid.json,results/stop2a_nicme_tuning/configs/031_stop2a_tune_spider_balanced_prototype_timm_dinov3_convnext_lora_hybrid_s0.025_l0.1.json,25.83104658126831,0.07798,0.06094,0.9375,0.0625,0.6719,0.6719,4.0,0.07798,0.06094,0.9375,0.6719
stop2a_nicme_tuning,spider_balanced_prototype,timm_dinov3_convnext_lora,timm/convnext_tiny.dinov3_lvd1689m,nicme_hybrid,calibrated_cost_min,0.025,0.1,black_widow,"[""black_widow"", ""false_widow""]","[[0.0, 10.0], [1.0, 0.0]]",0.95,0.8,accuracy,0.5,True,False,False,0.05,0.5,1.0,0.0,0.5,1.0,0.5,0.5,0.3333333333333333,0.14,0.7060546875,0.722987866657206,0.6349026698513409,0.44571274676513395,0.09235610919822987,1.4,"[[32, 0], [32, 0]]",stop2a_tune_spider_balanced_prototype_timm_dinov3_convnext_lora_hybrid_s0.025_l0.1_04-28_06-41,results/timm_dinov3_convnext_lora_test/stop2a_tune_spider_balanced_prototype_timm_dinov3_convnext_lora_hybrid_s0.025_l0.1_04-28_06-41/metrics_20260428_064123_nicme_hybrid.json,results/stop2a_nicme_tuning/configs/031_stop2a_tune_spider_balanced_prototype_timm_dinov3_convnext_lora_hybrid_s0.025_l0.1.json,25.83104658126831,0.07798,0.06094,0.9375,0.0625,0.6719,0.6719,4.0,0.07798,0.06094,0.9375,0.6719
stop2a_nicme_tuning,spider_balanced_prototype,timm_dinov3_convnext_lora,timm/convnext_tiny.dinov3_lvd1689m,nicme_hybrid,argmax,0.05,0.1,black_widow,"[""black_widow"", ""false_widow""]","[[0.0, 10.0], [1.0, 0.0]]",0.95,0.8,accuracy,0.609375,False,False,False,0.1375,1.375,0.78125,0.21875,0.5813953488372093,0.5625,0.609375,0.609375,0.5974842767295597,0.287744140625,0.7060546875,0.722987866657206,0.6442312254059244,0.4528586483327313,0.12425840646028516,,"[[25, 7], [18, 14]]",stop2a_tune_spider_balanced_prototype_timm_dinov3_convnext_lora_hybrid_s0.05_l0.1_04-28_06-41,results/timm_dinov3_convnext_lora_test/stop2a_tune_spider_balanced_prototype_timm_dinov3_convnext_lora_hybrid_s0.05_l0.1_04-28_06-41/metrics_20260428_064148_nicme_hybrid.json,results/stop2a_nicme_tuning/configs/032_stop2a_tune_spider_balanced_prototype_timm_dinov3_convnext_lora_hybrid_s0.05_l0.1.json,24.912649154663086,0.07798,0.06094,0.9375,0.0625,0.6719,0.6719,4.0,0.07798,0.06094,0.9375,0.6719
stop2a_nicme_tuning,spider_balanced_prototype,timm_dinov3_convnext_lora,timm/convnext_tiny.dinov3_lvd1689m,nicme_hybrid,calibrated_cost_min,0.05,0.1,black_widow,"[""black_widow"", ""false_widow""]","[[0.0, 10.0], [1.0, 0.0]]",0.95,0.8,accuracy,0.5,True,False,False,0.05,0.5,1.0,0.0,0.5,1.0,0.5,0.5,0.3333333333333333,0.14,0.7060546875,0.722987866657206,0.6349026698513409,0.44571274676513395,0.09235610919822987,1.4,"[[32, 0], [32, 0]]",stop2a_tune_spider_balanced_prototype_timm_dinov3_convnext_lora_hybrid_s0.05_l0.1_04-28_06-41,results/timm_dinov3_convnext_lora_test/stop2a_tune_spider_balanced_prototype_timm_dinov3_convnext_lora_hybrid_s0.05_l0.1_04-28_06-41/metrics_20260428_064148_nicme_hybrid.json,results/stop2a_nicme_tuning/configs/032_stop2a_tune_spider_balanced_prototype_timm_dinov3_convnext_lora_hybrid_s0.05_l0.1.json,24.912649154663086,0.07798,0.06094,0.9375,0.0625,0.6719,0.6719,4.0,0.07798,0.06094,0.9375,0.6719
stop2a_nicme_tuning,spider_balanced_prototype,timm_dinov3_convnext_lora,timm/convnext_tiny.dinov3_lvd1689m,nicme_hybrid,argmax,0.05,0.25,black_widow,"[""black_widow"", ""false_widow""]","[[0.0, 10.0], [1.0, 0.0]]",0.95,0.8,accuracy,0.609375,False,False,False,0.1375,1.375,0.78125,0.21875,0.5813953488372093,0.5625,0.609375,0.609375,0.5974842767295597,0.287744140625,0.7060546875,0.722987866657206,0.6441804255669001,0.4527828408690693,0.12433681916445492,,"[[25, 7], [18, 14]]",stop2a_tune_spider_balanced_prototype_timm_dinov3_convnext_lora_hybrid_s0.05_l0.25_04-28_06-42,results/timm_dinov3_convnext_lora_test/stop2a_tune_spider_balanced_prototype_timm_dinov3_convnext_lora_hybrid_s0.05_l0.25_04-28_06-42/metrics_20260428_064219_nicme_hybrid.json,results/stop2a_nicme_tuning/configs/033_stop2a_tune_spider_balanced_prototype_timm_dinov3_convnext_lora_hybrid_s0.05_l0.25.json,30.956676959991455,0.07798,0.06094,0.9375,0.0625,0.6719,0.6719,4.0,0.07798,0.06094,0.9375,0.6719
stop2a_nicme_tuning,spider_balanced_prototype,timm_dinov3_convnext_lora,timm/convnext_tiny.dinov3_lvd1689m,nicme_hybrid,calibrated_cost_min,0.05,0.25,black_widow,"[""black_widow"", ""false_widow""]","[[0.0, 10.0], [1.0, 0.0]]",0.95,0.8,accuracy,0.5,True,False,False,0.05,0.5,1.0,0.0,0.5,1.0,0.5,0.5,0.3333333333333333,0.14,0.7060546875,0.722987866657206,0.6347513358542729,0.4455861713863484,0.09252064139946907,1.4,"[[32, 0], [32, 0]]",stop2a_tune_spider_balanced_prototype_timm_dinov3_convnext_lora_hybrid_s0.05_l0.25_04-28_06-42,results/timm_dinov3_convnext_lora_test/stop2a_tune_spider_balanced_prototype_timm_dinov3_convnext_lora_hybrid_s0.05_l0.25_04-28_06-42/metrics_20260428_064219_nicme_hybrid.json,results/stop2a_nicme_tuning/configs/033_stop2a_tune_spider_balanced_prototype_timm_dinov3_convnext_lora_hybrid_s0.05_l0.25.json,30.956676959991455,0.07798,0.06094,0.9375,0.0625,0.6719,0.6719,4.0,0.07798,0.06094,0.9375,0.6719
stop2a_nicme_tuning,spider_balanced_prototype,timm_dinov3_convnext_lora,timm/convnext_tiny.dinov3_lvd1689m,nicme_hybrid,argmax,0.1,0.1,black_widow,"[""black_widow"", ""false_widow""]","[[0.0, 10.0], [1.0, 0.0]]",0.95,0.8,accuracy,0.609375,False,False,False,0.1375,1.375,0.78125,0.21875,0.5813953488372093,0.5625,0.609375,0.609375,0.5974842767295597,0.287744140625,0.7060546875,0.722987866657206,0.6442312254059244,0.4528586483327313,0.12425840646028516,,"[[25, 7], [18, 14]]",stop2a_tune_spider_balanced_prototype_timm_dinov3_convnext_lora_hybrid_s0.1_l0.1_04-28_06-42,results/timm_dinov3_convnext_lora_test/stop2a_tune_spider_balanced_prototype_timm_dinov3_convnext_lora_hybrid_s0.1_l0.1_04-28_06-42/metrics_20260428_064245_nicme_hybrid.json,results/stop2a_nicme_tuning/configs/034_stop2a_tune_spider_balanced_prototype_timm_dinov3_convnext_lora_hybrid_s0.1_l0.1.json,25.411468029022217,0.07798,0.06094,0.9375,0.0625,0.6719,0.6719,4.0,0.07798,0.06094,0.9375,0.6719
stop2a_nicme_tuning,spider_balanced_prototype,timm_dinov3_convnext_lora,timm/convnext_tiny.dinov3_lvd1689m,nicme_hybrid,calibrated_cost_min,0.1,0.1,black_widow,"[""black_widow"", ""false_widow""]","[[0.0, 10.0], [1.0, 0.0]]",0.95,0.8,accuracy,0.5,True,False,False,0.05,0.5,1.0,0.0,0.5,1.0,0.5,0.5,0.3333333333333333,0.14,0.7060546875,0.722987866657206,0.6349026698513409,0.44571274676513395,0.09235610919822987,1.4,"[[32, 0], [32, 0]]",stop2a_tune_spider_balanced_prototype_timm_dinov3_convnext_lora_hybrid_s0.1_l0.1_04-28_06-42,results/timm_dinov3_convnext_lora_test/stop2a_tune_spider_balanced_prototype_timm_dinov3_convnext_lora_hybrid_s0.1_l0.1_04-28_06-42/metrics_20260428_064245_nicme_hybrid.json,results/stop2a_nicme_tuning/configs/034_stop2a_tune_spider_balanced_prototype_timm_dinov3_convnext_lora_hybrid_s0.1_l0.1.json,25.411468029022217,0.07798,0.06094,0.9375,0.0625,0.6719,0.6719,4.0,0.07798,0.06094,0.9375,0.6719
stop2a_nicme_tuning,spider_balanced_prototype,timm_dinov3_convnext_lora,timm/convnext_tiny.dinov3_lvd1689m,nicme_hybrid,argmax,0.1,0.25,black_widow,"[""black_widow"", ""false_widow""]","[[0.0, 10.0], [1.0, 0.0]]",0.95,0.8,accuracy,0.609375,False,False,False,0.1375,1.375,0.78125,0.21875,0.5813953488372093,0.5625,0.609375,0.609375,0.5974842767295597,0.287744140625,0.7060546875,0.722987866657206,0.6441804255669001,0.4527828408690693,0.12433681916445492,,"[[25, 7], [18, 14]]",stop2a_tune_spider_balanced_prototype_timm_dinov3_convnext_lora_hybrid_s0.1_l0.25_04-28_06-43,results/timm_dinov3_convnext_lora_test/stop2a_tune_spider_balanced_prototype_timm_dinov3_convnext_lora_hybrid_s0.1_l0.25_04-28_06-43/metrics_20260428_064310_nicme_hybrid.json,results/stop2a_nicme_tuning/configs/035_stop2a_tune_spider_balanced_prototype_timm_dinov3_convnext_lora_hybrid_s0.1_l0.25.json,25.56087040901184,0.07798,0.06094,0.9375,0.0625,0.6719,0.6719,4.0,0.07798,0.06094,0.9375,0.6719
stop2a_nicme_tuning,spider_balanced_prototype,timm_dinov3_convnext_lora,timm/convnext_tiny.dinov3_lvd1689m,nicme_hybrid,calibrated_cost_min,0.1,0.25,black_widow,"[""black_widow"", ""false_widow""]","[[0.0, 10.0], [1.0, 0.0]]",0.95,0.8,accuracy,0.5,True,False,False,0.05,0.5,1.0,0.0,0.5,1.0,0.5,0.5,0.3333333333333333,0.14,0.7060546875,0.722987866657206,0.6347513358542729,0.4455861713863484,0.09252064139946907,1.4,"[[32, 0], [32, 0]]",stop2a_tune_spider_balanced_prototype_timm_dinov3_convnext_lora_hybrid_s0.1_l0.25_04-28_06-43,results/timm_dinov3_convnext_lora_test/stop2a_tune_spider_balanced_prototype_timm_dinov3_convnext_lora_hybrid_s0.1_l0.25_04-28_06-43/metrics_20260428_064310_nicme_hybrid.json,results/stop2a_nicme_tuning/configs/035_stop2a_tune_spider_balanced_prototype_timm_dinov3_convnext_lora_hybrid_s0.1_l0.25.json,25.56087040901184,0.07798,0.06094,0.9375,0.0625,0.6719,0.6719,4.0,0.07798,0.06094,0.9375,0.6719
stop2a_nicme_tuning,spider_balanced_prototype,timm_dinov3_convnext_lora,timm/convnext_tiny.dinov3_lvd1689m,nicme_hybrid,argmax,0.2,0.25,black_widow,"[""black_widow"", ""false_widow""]","[[0.0, 10.0], [1.0, 0.0]]",0.95,0.8,accuracy,0.609375,False,False,False,0.1375,1.375,0.78125,0.21875,0.5813953488372093,0.5625,0.609375,0.609375,0.5974842767295597,0.287744140625,0.7060546875,0.722987866657206,0.6441804255669001,0.4527828408690693,0.12433681916445492,,"[[25, 7], [18, 14]]",stop2a_tune_spider_balanced_prototype_timm_dinov3_convnext_lora_hybrid_s0.2_l0.25_04-28_06-43,results/timm_dinov3_convnext_lora_test/stop2a_tune_spider_balanced_prototype_timm_dinov3_convnext_lora_hybrid_s0.2_l0.25_04-28_06-43/metrics_20260428_064335_nicme_hybrid.json,results/stop2a_nicme_tuning/configs/036_stop2a_tune_spider_balanced_prototype_timm_dinov3_convnext_lora_hybrid_s0.2_l0.25.json,24.897387504577637,0.07798,0.06094,0.9375,0.0625,0.6719,0.6719,4.0,0.07798,0.06094,0.9375,0.6719
stop2a_nicme_tuning,spider_balanced_prototype,timm_dinov3_convnext_lora,timm/convnext_tiny.dinov3_lvd1689m,nicme_hybrid,calibrated_cost_min,0.2,0.25,black_widow,"[""black_widow"", ""false_widow""]","[[0.0, 10.0], [1.0, 0.0]]",0.95,0.8,accuracy,0.5,True,False,False,0.05,0.5,1.0,0.0,0.5,1.0,0.5,0.5,0.3333333333333333,0.14,0.7060546875,0.722987866657206,0.6347513358542729,0.4455861713863484,0.09252064139946907,1.4,"[[32, 0], [32, 0]]",stop2a_tune_spider_balanced_prototype_timm_dinov3_convnext_lora_hybrid_s0.2_l0.25_04-28_06-43,results/timm_dinov3_convnext_lora_test/stop2a_tune_spider_balanced_prototype_timm_dinov3_convnext_lora_hybrid_s0.2_l0.25_04-28_06-43/metrics_20260428_064335_nicme_hybrid.json,results/stop2a_nicme_tuning/configs/036_stop2a_tune_spider_balanced_prototype_timm_dinov3_convnext_lora_hybrid_s0.2_l0.25.json,24.897387504577637,0.07798,0.06094,0.9375,0.0625,0.6719,0.6719,4.0,0.07798,0.06094,0.9375,0.6719
stop2a_nicme_tuning,spider_balanced_prototype,timm_dinov3_convnext_lora,timm/convnext_tiny.dinov3_lvd1689m,nicme_logit_adjustment,argmax,0.025,0.0,black_widow,"[""black_widow"", ""false_widow""]","[[0.0, 10.0], [1.0, 0.0]]",0.95,0.8,accuracy,0.765625,False,False,False,0.1640625,1.640625,0.6875,0.3125,0.8148148148148148,0.15625,0.765625,0.765625,0.7641857037582902,0.4408691406249999,0.791015625,0.7962389801980289,0.5568829961252154,0.3768970672827936,0.12043370679020884,,"[[22, 10], [5, 27]]",stop2a_tune_spider_balanced_prototype_timm_dinov3_convnext_lora_logit_s0.025_04-28_06-38,results/timm_dinov3_convnext_lora_test/stop2a_tune_spider_balanced_prototype_timm_dinov3_convnext_lora_logit_s0.025_04-28_06-38/metrics_20260428_063855_nicme_logit_adjustment.json,results/stop2a_nicme_tuning/configs/025_stop2a_tune_spider_balanced_prototype_timm_dinov3_convnext_lora_logit_s0.025.json,25.17055654525757,0.2971,0.1359,0.75,0.25,0.7656,0.7656,4.0,0.2971,0.1359,0.75,0.7656
stop2a_nicme_tuning,spider_balanced_prototype,timm_dinov3_convnext_lora,timm/convnext_tiny.dinov3_lvd1689m,nicme_logit_adjustment,calibrated_cost_min,0.025,0.0,black_widow,"[""black_widow"", ""false_widow""]","[[0.0, 10.0], [1.0, 0.0]]",0.95,0.8,accuracy,0.609375,True,False,False,0.053125,0.53125,0.96875,0.03125,0.5636363636363636,0.75,0.609375,0.609375,0.551443790299972,0.08946289062500001,0.791015625,0.7962389801980289,0.5835366919785512,0.3884654791765364,0.16795158265718932,0.65,"[[31, 1], [24, 8]]",stop2a_tune_spider_balanced_prototype_timm_dinov3_convnext_lora_logit_s0.025_04-28_06-38,results/timm_dinov3_convnext_lora_test/stop2a_tune_spider_balanced_prototype_timm_dinov3_convnext_lora_logit_s0.025_04-28_06-38/metrics_20260428_063855_nicme_logit_adjustment.json,results/stop2a_nicme_tuning/configs/025_stop2a_tune_spider_balanced_prototype_timm_dinov3_convnext_lora_logit_s0.025.json,25.17055654525757,0.2971,0.1359,0.75,0.25,0.7656,0.7656,4.0,0.2971,0.1359,0.75,0.7656
stop2a_nicme_tuning,spider_balanced_prototype,timm_dinov3_convnext_lora,timm/convnext_tiny.dinov3_lvd1689m,nicme_logit_adjustment,argmax,0.05,0.0,black_widow,"[""black_widow"", ""false_widow""]","[[0.0, 10.0], [1.0, 0.0]]",0.95,0.8,accuracy,0.625,False,False,False,0.1921875,1.921875,0.65625,0.34375,0.6176470588235294,0.40625,0.625,0.625,0.624633431085044,0.5679687499999999,0.7109375,0.7192380628680886,0.6180235389051398,0.42978102541943336,0.10291687026619913,,"[[21, 11], [13, 19]]",stop2a_tune_spider_balanced_prototype_timm_dinov3_convnext_lora_logit_s0.05_04-28_06-39,results/timm_dinov3_convnext_lora_test/stop2a_tune_spider_balanced_prototype_timm_dinov3_convnext_lora_logit_s0.05_04-28_06-39/metrics_20260428_063917_nicme_logit_adjustment.json,results/stop2a_nicme_tuning/configs/026_stop2a_tune_spider_balanced_prototype_timm_dinov3_convnext_lora_logit_s0.05.json,22.261478900909424,0.1502,0.09844,0.8438,0.1562,0.7188,0.7188,2.0,0.2346,0.1203,0.7812,0.7812
stop2a_nicme_tuning,spider_balanced_prototype,timm_dinov3_convnext_lora,timm/convnext_tiny.dinov3_lvd1689m,nicme_logit_adjustment,calibrated_cost_min,0.05,0.0,black_widow,"[""black_widow"", ""false_widow""]","[[0.0, 10.0], [1.0, 0.0]]",0.95,0.8,accuracy,0.515625,True,False,False,0.0484375,0.484375,1.0,0.0,0.5079365079365079,0.96875,0.515625,0.515625,0.3671451355661882,0.12930664062500002,0.7109375,0.7192380628680886,0.6227761700233679,0.43270288765576437,0.10543279304587191,0.9,"[[32, 0], [31, 1]]",stop2a_tune_spider_balanced_prototype_timm_dinov3_convnext_lora_logit_s0.05_04-28_06-39,results/timm_dinov3_convnext_lora_test/stop2a_tune_spider_balanced_prototype_timm_dinov3_convnext_lora_logit_s0.05_04-28_06-39/metrics_20260428_063917_nicme_logit_adjustment.json,results/stop2a_nicme_tuning/configs/026_stop2a_tune_spider_balanced_prototype_timm_dinov3_convnext_lora_logit_s0.05.json,22.261478900909424,0.1502,0.09844,0.8438,0.1562,0.7188,0.7188,2.0,0.2346,0.1203,0.7812,0.7812
stop2a_nicme_tuning,spider_balanced_prototype,timm_dinov3_convnext_lora,timm/convnext_tiny.dinov3_lvd1689m,nicme_logit_adjustment,argmax,0.1,0.0,black_widow,"[""black_widow"", ""false_widow""]","[[0.0, 10.0], [1.0, 0.0]]",0.95,0.8,accuracy,0.609375,False,False,False,0.165625,1.65625,0.71875,0.28125,0.5897435897435898,0.5,0.609375,0.609375,0.6046454163577959,0.4158691406249999,0.6982421875,0.7108790324096399,0.6316637576555262,0.44111316853991733,0.09719898831099269,,"[[23, 9], [16, 16]]",stop2a_tune_spider_balanced_prototype_timm_dinov3_convnext_lora_logit_s0.1_04-28_06-39,results/timm_dinov3_convnext_lora_test/stop2a_tune_spider_balanced_prototype_timm_dinov3_convnext_lora_logit_s0.1_04-28_06-39/metrics_20260428_063940_nicme_logit_adjustment.json,results/stop2a_nicme_tuning/configs/027_stop2a_tune_spider_balanced_prototype_timm_dinov3_convnext_lora_logit_s0.1.json,22.55983829498291,0.128,0.08906,0.875,0.125,0.6719,0.6719,2.0,0.1846,0.1078,0.8125,0.7656
stop2a_nicme_tuning,spider_balanced_prototype,timm_dinov3_convnext_lora,timm/convnext_tiny.dinov3_lvd1689m,nicme_logit_adjustment,calibrated_cost_min,0.1,0.0,black_widow,"[""black_widow"", ""false_widow""]","[[0.0, 10.0], [1.0, 0.0]]",0.95,0.8,accuracy,0.5,True,False,False,0.05,0.5,1.0,0.0,0.5,1.0,0.5,0.5,0.3333333333333333,0.14,0.6982421875,0.7108790324096399,0.6281494612573064,0.43880607497388213,0.09168820937113994,1.1,"[[32, 0], [32, 0]]",stop2a_tune_spider_balanced_prototype_timm_dinov3_convnext_lora_logit_s0.1_04-28_06-39,results/timm_dinov3_convnext_lora_test/stop2a_tune_spider_balanced_prototype_timm_dinov3_convnext_lora_logit_s0.1_04-28_06-39/metrics_20260428_063940_nicme_logit_adjustment.json,results/stop2a_nicme_tuning/configs/027_stop2a_tune_spider_balanced_prototype_timm_dinov3_convnext_lora_logit_s0.1.json,22.55983829498291,0.128,0.08906,0.875,0.125,0.6719,0.6719,2.0,0.1846,0.1078,0.8125,0.7656
stop2a_nicme_tuning,spider_balanced_prototype,timm_dinov3_convnext_lora,timm/convnext_tiny.dinov3_lvd1689m,nicme_logit_adjustment,argmax,0.2,0.0,black_widow,"[""black_widow"", ""false_widow""]","[[0.0, 10.0], [1.0, 0.0]]",0.95,0.8,accuracy,0.75,False,False,False,0.1515625,1.515625,0.71875,0.28125,0.7666666666666667,0.21875,0.75,0.75,0.7497556207233627,0.3679687499999999,0.7744140625,0.7865074900567696,0.5658150432934432,0.38373194863817794,0.08297784719616175,,"[[23, 9], [7, 25]]",stop2a_tune_spider_balanced_prototype_timm_dinov3_convnext_lora_logit_s0.2_04-28_06-40,results/timm_dinov3_convnext_lora_test/stop2a_tune_spider_balanced_prototype_timm_dinov3_convnext_lora_logit_s0.2_04-28_06-40/metrics_20260428_064007_nicme_logit_adjustment.json,results/stop2a_nicme_tuning/configs/028_stop2a_tune_spider_balanced_prototype_timm_dinov3_convnext_lora_logit_s0.2.json,26.597773790359497,0.07207,0.06406,0.9062,0.09375,0.7812,0.7812,5.0,0.07207,0.06406,0.9062,0.7812
stop2a_nicme_tuning,spider_balanced_prototype,timm_dinov3_convnext_lora,timm/convnext_tiny.dinov3_lvd1689m,nicme_logit_adjustment,calibrated_cost_min,0.2,0.0,black_widow,"[""black_widow"", ""false_widow""]","[[0.0, 10.0], [1.0, 0.0]]",0.95,0.8,accuracy,0.53125,True,False,False,0.046875,0.46875,1.0,0.0,0.5161290322580645,0.9375,0.53125,0.53125,0.3992490613266583,0.11910156250000002,0.7744140625,0.7865074900567696,0.5660059597985225,0.3830839014817764,0.1431305573399083,0.8,"[[32, 0], [30, 2]]",stop2a_tune_spider_balanced_prototype_timm_dinov3_convnext_lora_logit_s0.2_04-28_06-40,results/timm_dinov3_convnext_lora_test/stop2a_tune_spider_balanced_prototype_timm_dinov3_convnext_lora_logit_s0.2_04-28_06-40/metrics_20260428_064007_nicme_logit_adjustment.json,results/stop2a_nicme_tuning/configs/028_stop2a_tune_spider_balanced_prototype_timm_dinov3_convnext_lora_logit_s0.2.json,26.597773790359497,0.07207,0.06406,0.9062,0.09375,0.7812,0.7812,5.0,0.07207,0.06406,0.9062,0.7812
stop2a_nicme_tuning,spider_balanced_prototype,timm_dinov3_convnext_lora,timm/convnext_tiny.dinov3_lvd1689m,nicme_logit_adjustment,argmax,0.35,0.0,black_widow,"[""black_widow"", ""false_widow""]","[[0.0, 10.0], [1.0, 0.0]]",0.95,0.8,accuracy,0.625,False,False,False,0.1640625,1.640625,0.71875,0.28125,0.6052631578947368,0.46875,0.625,0.625,0.6216748768472906,0.4085937499999999,0.7490234375,0.7635326068480102,0.5917224831465855,0.4068129666787545,0.11431717593222859,,"[[23, 9], [15, 17]]",stop2a_tune_spider_balanced_prototype_timm_dinov3_convnext_lora_logit_s0.35_04-28_06-40,results/timm_dinov3_convnext_lora_test/stop2a_tune_spider_balanced_prototype_timm_dinov3_convnext_lora_logit_s0.35_04-28_06-40/metrics_20260428_064032_nicme_logit_adjustment.json,results/stop2a_nicme_tuning/configs/029_stop2a_tune_spider_balanced_prototype_timm_dinov3_convnext_lora_logit_s0.35.json,25.334275245666504,0.05962,0.05469,0.9375,0.0625,0.7344,0.7344,4.0,0.08457,0.07031,0.9062,0.7188
stop2a_nicme_tuning,spider_balanced_prototype,timm_dinov3_convnext_lora,timm/convnext_tiny.dinov3_lvd1689m,nicme_logit_adjustment,calibrated_cost_min,0.35,0.0,black_widow,"[""black_widow"", ""false_widow""]","[[0.0, 10.0], [1.0, 0.0]]",0.95,0.8,accuracy,0.5,True,False,False,0.05,0.5,1.0,0.0,0.5,1.0,0.5,0.5,0.3333333333333333,0.14,0.7490234375,0.7635326068480102,0.5919962698140852,0.4069600998374737,0.13933789368307103,0.95,"[[32, 0], [32, 0]]",stop2a_tune_spider_balanced_prototype_timm_dinov3_convnext_lora_logit_s0.35_04-28_06-40,results/timm_dinov3_convnext_lora_test/stop2a_tune_spider_balanced_prototype_timm_dinov3_convnext_lora_logit_s0.35_04-28_06-40/metrics_20260428_064032_nicme_logit_adjustment.json,results/stop2a_nicme_tuning/configs/029_stop2a_tune_spider_balanced_prototype_timm_dinov3_convnext_lora_logit_s0.35.json,25.334275245666504,0.05962,0.05469,0.9375,0.0625,0.7344,0.7344,4.0,0.08457,0.07031,0.9062,0.7188
stop2a_nicme_tuning,spider_balanced_prototype,timm_dinov3_convnext_lora,timm/convnext_tiny.dinov3_lvd1689m,nicme_logit_adjustment,argmax,0.5,0.0,black_widow,"[""black_widow"", ""false_widow""]","[[0.0, 10.0], [1.0, 0.0]]",0.95,0.8,accuracy,0.640625,False,False,False,0.134375,1.34375,0.78125,0.21875,0.6097560975609756,0.5,0.640625,0.640625,0.6333748443337484,0.27368164062499994,0.732421875,0.7484092240187423,0.6103715574846567,0.4233851504655614,0.12317192088812588,,"[[25, 7], [16, 16]]",stop2a_tune_spider_balanced_prototype_timm_dinov3_convnext_lora_logit_s0.5_04-28_06-40,results/timm_dinov3_convnext_lora_test/stop2a_tune_spider_balanced_prototype_timm_dinov3_convnext_lora_logit_s0.5_04-28_06-40/metrics_20260428_064057_nicme_logit_adjustment.json,results/stop2a_nicme_tuning/configs/030_stop2a_tune_spider_balanced_prototype_timm_dinov3_convnext_lora_logit_s0.5.json,25.49316692352295,0.06348,0.05625,0.9375,0.0625,0.7188,0.7188,4.0,0.06348,0.05625,0.9375,0.7188
stop2a_nicme_tuning,spider_balanced_prototype,timm_dinov3_convnext_lora,timm/convnext_tiny.dinov3_lvd1689m,nicme_logit_adjustment,calibrated_cost_min,0.5,0.0,black_widow,"[""black_widow"", ""false_widow""]","[[0.0, 10.0], [1.0, 0.0]]",0.95,0.8,accuracy,0.5,True,False,False,0.05,0.5,1.0,0.0,0.5,1.0,0.5,0.5,0.3333333333333333,0.14,0.732421875,0.7484092240187423,0.6092990360353452,0.422583497958954,0.08207634058669043,1.1,"[[32, 0], [32, 0]]",stop2a_tune_spider_balanced_prototype_timm_dinov3_convnext_lora_logit_s0.5_04-28_06-40,results/timm_dinov3_convnext_lora_test/stop2a_tune_spider_balanced_prototype_timm_dinov3_convnext_lora_logit_s0.5_04-28_06-40/metrics_20260428_064057_nicme_logit_adjustment.json,results/stop2a_nicme_tuning/configs/030_stop2a_tune_spider_balanced_prototype_timm_dinov3_convnext_lora_logit_s0.5.json,25.49316692352295,0.06348,0.05625,0.9375,0.0625,0.7188,0.7188,4.0,0.06348,0.05625,0.9375,0.7188
stop2a_nicme_tuning,breakhis_balanced_prototype,timm_dinov3_vit_lora,timm/vit_small_patch16_dinov3.lvd1689m,nicme_hybrid,argmax,0.025,0.1,malignant,"[""benign"", ""malignant""]","[[0.0, 1.0], [10.0, 0.0]]",0.97,0.85,accuracy,0.75,False,False,False,0.0671875,0.671875,0.90625,0.09375,0.6904761904761905,0.40625,0.75,0.75,0.7437437437437437,0.09344374999999998,0.8505859375,0.8560805680057166,0.6907106932118867,0.4975635520741505,0.24813754577189684,,"[[19, 13], [3, 29]]",stop2a_tune_breakhis_balanced_prototype_timm_dinov3_vit_lora_hybrid_s0.025_l0.1_04-28_07-03,results/timm_dinov3_vit_lora_test/stop2a_tune_breakhis_balanced_prototype_timm_dinov3_vit_lora_hybrid_s0.025_l0.1_04-28_07-03/metrics_20260428_070332_nicme_hybrid.json,results/stop2a_nicme_tuning/configs/067_stop2a_tune_breakhis_balanced_prototype_timm_dinov3_vit_lora_hybrid_s0.025_l0.1.json,39.524492502212524,0.03056,0.02344,1.0,0.0,0.7656,0.7656,5.0,0.05766,0.03125,1.0,0.6875
stop2a_nicme_tuning,breakhis_balanced_prototype,timm_dinov3_vit_lora,timm/vit_small_patch16_dinov3.lvd1689m,nicme_hybrid,calibrated_cost_min,0.025,0.1,malignant,"[""benign"", ""malignant""]","[[0.0, 1.0], [10.0, 0.0]]",0.97,0.85,accuracy,0.5,True,False,False,0.05,0.5,1.0,0.0,0.5,1.0,0.5,0.5,0.3333333333333333,0.1725,0.8505859375,0.8560805680057166,0.6882949599477701,0.4951480962263145,0.24627523140308094,0.5,"[[0, 32], [0, 32]]",stop2a_tune_breakhis_balanced_prototype_timm_dinov3_vit_lora_hybrid_s0.025_l0.1_04-28_07-03,results/timm_dinov3_vit_lora_test/stop2a_tune_breakhis_balanced_prototype_timm_dinov3_vit_lora_hybrid_s0.025_l0.1_04-28_07-03/metrics_20260428_070332_nicme_hybrid.json,results/stop2a_nicme_tuning/configs/067_stop2a_tune_breakhis_balanced_prototype_timm_dinov3_vit_lora_hybrid_s0.025_l0.1.json,39.524492502212524,0.03056,0.02344,1.0,0.0,0.7656,0.7656,5.0,0.05766,0.03125,1.0,0.6875
stop2a_nicme_tuning,breakhis_balanced_prototype,timm_dinov3_vit_lora,timm/vit_small_patch16_dinov3.lvd1689m,nicme_hybrid,argmax,0.05,0.1,malignant,"[""benign"", ""malignant""]","[[0.0, 1.0], [10.0, 0.0]]",0.97,0.85,accuracy,0.75,False,False,False,0.0671875,0.671875,0.90625,0.09375,0.6904761904761905,0.40625,0.75,0.75,0.7437437437437437,0.09344374999999998,0.8505859375,0.8560805680057166,0.6907106932118867,0.4975635520741505,0.24813754577189684,,"[[19, 13], [3, 29]]",stop2a_tune_breakhis_balanced_prototype_timm_dinov3_vit_lora_hybrid_s0.05_l0.1_04-28_07-04,results/timm_dinov3_vit_lora_test/stop2a_tune_breakhis_balanced_prototype_timm_dinov3_vit_lora_hybrid_s0.05_l0.1_04-28_07-04/metrics_20260428_070411_nicme_hybrid.json,results/stop2a_nicme_tuning/configs/068_stop2a_tune_breakhis_balanced_prototype_timm_dinov3_vit_lora_hybrid_s0.05_l0.1.json,39.75528311729431,0.03056,0.02344,1.0,0.0,0.7656,0.7656,5.0,0.05766,0.03125,1.0,0.6875
stop2a_nicme_tuning,breakhis_balanced_prototype,timm_dinov3_vit_lora,timm/vit_small_patch16_dinov3.lvd1689m,nicme_hybrid,calibrated_cost_min,0.05,0.1,malignant,"[""benign"", ""malignant""]","[[0.0, 1.0], [10.0, 0.0]]",0.97,0.85,accuracy,0.5,True,False,False,0.05,0.5,1.0,0.0,0.5,1.0,0.5,0.5,0.3333333333333333,0.1725,0.8505859375,0.8560805680057166,0.6882949599477701,0.4951480962263145,0.24627523140308094,0.5,"[[0, 32], [0, 32]]",stop2a_tune_breakhis_balanced_prototype_timm_dinov3_vit_lora_hybrid_s0.05_l0.1_04-28_07-04,results/timm_dinov3_vit_lora_test/stop2a_tune_breakhis_balanced_prototype_timm_dinov3_vit_lora_hybrid_s0.05_l0.1_04-28_07-04/metrics_20260428_070411_nicme_hybrid.json,results/stop2a_nicme_tuning/configs/068_stop2a_tune_breakhis_balanced_prototype_timm_dinov3_vit_lora_hybrid_s0.05_l0.1.json,39.75528311729431,0.03056,0.02344,1.0,0.0,0.7656,0.7656,5.0,0.05766,0.03125,1.0,0.6875
stop2a_nicme_tuning,breakhis_balanced_prototype,timm_dinov3_vit_lora,timm/vit_small_patch16_dinov3.lvd1689m,nicme_hybrid,argmax,0.05,0.25,malignant,"[""benign"", ""malignant""]","[[0.0, 1.0], [10.0, 0.0]]",0.97,0.85,accuracy,0.796875,False,False,False,0.11875,1.1875,0.78125,0.21875,0.8064516129032258,0.1875,0.796875,0.796875,0.7968253968253969,0.26407851562499995,0.8564453125,0.851037157359894,0.6918870038779851,0.4987398337725292,0.29601116199046373,,"[[26, 6], [7, 25]]",stop2a_tune_breakhis_balanced_prototype_timm_dinov3_vit_lora_hybrid_s0.05_l0.25_04-28_07-04,results/timm_dinov3_vit_lora_test/stop2a_tune_breakhis_balanced_prototype_timm_dinov3_vit_lora_hybrid_s0.05_l0.25_04-28_07-04/metrics_20260428_070439_nicme_hybrid.json,results/stop2a_nicme_tuning/configs/069_stop2a_tune_breakhis_balanced_prototype_timm_dinov3_vit_lora_hybrid_s0.05_l0.25.json,27.449098587036133,0.02973,0.02969,0.9688,0.03125,0.8438,0.8438,2.0,0.03993,0.02656,1.0,0.7344
stop2a_nicme_tuning,breakhis_balanced_prototype,timm_dinov3_vit_lora,timm/vit_small_patch16_dinov3.lvd1689m,nicme_hybrid,calibrated_cost_min,0.05,0.25,malignant,"[""benign"", ""malignant""]","[[0.0, 1.0], [10.0, 0.0]]",0.97,0.85,accuracy,0.5,True,False,False,0.05,0.5,1.0,0.0,0.5,1.0,0.5,0.5,0.3333333333333333,0.1725,0.8564453125,0.851037157359894,0.690631395703684,0.4974842503059477,0.2951473454914908,0.5,"[[0, 32], [0, 32]]",stop2a_tune_breakhis_balanced_prototype_timm_dinov3_vit_lora_hybrid_s0.05_l0.25_04-28_07-04,results/timm_dinov3_vit_lora_test/stop2a_tune_breakhis_balanced_prototype_timm_dinov3_vit_lora_hybrid_s0.05_l0.25_04-28_07-04/metrics_20260428_070439_nicme_hybrid.json,results/stop2a_nicme_tuning/configs/069_stop2a_tune_breakhis_balanced_prototype_timm_dinov3_vit_lora_hybrid_s0.05_l0.25.json,27.449098587036133,0.02973,0.02969,0.9688,0.03125,0.8438,0.8438,2.0,0.03993,0.02656,1.0,0.7344
stop2a_nicme_tuning,breakhis_balanced_prototype,timm_dinov3_vit_lora,timm/vit_small_patch16_dinov3.lvd1689m,nicme_hybrid,argmax,0.1,0.1,malignant,"[""benign"", ""malignant""]","[[0.0, 1.0], [10.0, 0.0]]",0.97,0.85,accuracy,0.75,False,False,False,0.0671875,0.671875,0.90625,0.09375,0.6904761904761905,0.40625,0.75,0.75,0.7437437437437437,0.09344374999999998,0.8505859375,0.8560805680057166,0.6907106932118867,0.4975635520741505,0.24813754577189684,,"[[19, 13], [3, 29]]",stop2a_tune_breakhis_balanced_prototype_timm_dinov3_vit_lora_hybrid_s0.1_l0.1_04-28_07-05,results/timm_dinov3_vit_lora_test/stop2a_tune_breakhis_balanced_prototype_timm_dinov3_vit_lora_hybrid_s0.1_l0.1_04-28_07-05/metrics_20260428_070518_nicme_hybrid.json,results/stop2a_nicme_tuning/configs/070_stop2a_tune_breakhis_balanced_prototype_timm_dinov3_vit_lora_hybrid_s0.1_l0.1.json,38.80356788635254,0.03056,0.02344,1.0,0.0,0.7656,0.7656,5.0,0.05766,0.03125,1.0,0.6875
stop2a_nicme_tuning,breakhis_balanced_prototype,timm_dinov3_vit_lora,timm/vit_small_patch16_dinov3.lvd1689m,nicme_hybrid,calibrated_cost_min,0.1,0.1,malignant,"[""benign"", ""malignant""]","[[0.0, 1.0], [10.0, 0.0]]",0.97,0.85,accuracy,0.5,True,False,False,0.05,0.5,1.0,0.0,0.5,1.0,0.5,0.5,0.3333333333333333,0.1725,0.8505859375,0.8560805680057166,0.6882949599477701,0.4951480962263145,0.24627523140308094,0.5,"[[0, 32], [0, 32]]",stop2a_tune_breakhis_balanced_prototype_timm_dinov3_vit_lora_hybrid_s0.1_l0.1_04-28_07-05,results/timm_dinov3_vit_lora_test/stop2a_tune_breakhis_balanced_prototype_timm_dinov3_vit_lora_hybrid_s0.1_l0.1_04-28_07-05/metrics_20260428_070518_nicme_hybrid.json,results/stop2a_nicme_tuning/configs/070_stop2a_tune_breakhis_balanced_prototype_timm_dinov3_vit_lora_hybrid_s0.1_l0.1.json,38.80356788635254,0.03056,0.02344,1.0,0.0,0.7656,0.7656,5.0,0.05766,0.03125,1.0,0.6875
stop2a_nicme_tuning,breakhis_balanced_prototype,timm_dinov3_vit_lora,timm/vit_small_patch16_dinov3.lvd1689m,nicme_hybrid,argmax,0.1,0.25,malignant,"[""benign"", ""malignant""]","[[0.0, 1.0], [10.0, 0.0]]",0.97,0.85,accuracy,0.796875,False,False,False,0.11875,1.1875,0.78125,0.21875,0.8064516129032258,0.1875,0.796875,0.796875,0.7968253968253969,0.26407851562499995,0.8564453125,0.851037157359894,0.6918870038779851,0.4987398337725292,0.29601116199046373,,"[[26, 6], [7, 25]]",stop2a_tune_breakhis_balanced_prototype_timm_dinov3_vit_lora_hybrid_s0.1_l0.25_04-28_07-05,results/timm_dinov3_vit_lora_test/stop2a_tune_breakhis_balanced_prototype_timm_dinov3_vit_lora_hybrid_s0.1_l0.25_04-28_07-05/metrics_20260428_070545_nicme_hybrid.json,results/stop2a_nicme_tuning/configs/071_stop2a_tune_breakhis_balanced_prototype_timm_dinov3_vit_lora_hybrid_s0.1_l0.25.json,27.789520263671875,0.02973,0.02969,0.9688,0.03125,0.8438,0.8438,2.0,0.03993,0.02656,1.0,0.7344
stop2a_nicme_tuning,breakhis_balanced_prototype,timm_dinov3_vit_lora,timm/vit_small_patch16_dinov3.lvd1689m,nicme_hybrid,calibrated_cost_min,0.1,0.25,malignant,"[""benign"", ""malignant""]","[[0.0, 1.0], [10.0, 0.0]]",0.97,0.85,accuracy,0.5,True,False,False,0.05,0.5,1.0,0.0,0.5,1.0,0.5,0.5,0.3333333333333333,0.1725,0.8564453125,0.851037157359894,0.690631395703684,0.4974842503059477,0.2951473454914908,0.5,"[[0, 32], [0, 32]]",stop2a_tune_breakhis_balanced_prototype_timm_dinov3_vit_lora_hybrid_s0.1_l0.25_04-28_07-05,results/timm_dinov3_vit_lora_test/stop2a_tune_breakhis_balanced_prototype_timm_dinov3_vit_lora_hybrid_s0.1_l0.25_04-28_07-05/metrics_20260428_070545_nicme_hybrid.json,results/stop2a_nicme_tuning/configs/071_stop2a_tune_breakhis_balanced_prototype_timm_dinov3_vit_lora_hybrid_s0.1_l0.25.json,27.789520263671875,0.02973,0.02969,0.9688,0.03125,0.8438,0.8438,2.0,0.03993,0.02656,1.0,0.7344
stop2a_nicme_tuning,breakhis_balanced_prototype,timm_dinov3_vit_lora,timm/vit_small_patch16_dinov3.lvd1689m,nicme_hybrid,argmax,0.2,0.25,malignant,"[""benign"", ""malignant""]","[[0.0, 1.0], [10.0, 0.0]]",0.97,0.85,accuracy,0.796875,False,False,False,0.11875,1.1875,0.78125,0.21875,0.8064516129032258,0.1875,0.796875,0.796875,0.7968253968253969,0.26407851562499995,0.8564453125,0.851037157359894,0.6918870038779851,0.4987398337725292,0.29601116199046373,,"[[26, 6], [7, 25]]",stop2a_tune_breakhis_balanced_prototype_timm_dinov3_vit_lora_hybrid_s0.2_l0.25_04-28_07-06,results/timm_dinov3_vit_lora_test/stop2a_tune_breakhis_balanced_prototype_timm_dinov3_vit_lora_hybrid_s0.2_l0.25_04-28_07-06/metrics_20260428_070614_nicme_hybrid.json,results/stop2a_nicme_tuning/configs/072_stop2a_tune_breakhis_balanced_prototype_timm_dinov3_vit_lora_hybrid_s0.2_l0.25.json,28.19482135772705,0.02973,0.02969,0.9688,0.03125,0.8438,0.8438,2.0,0.03993,0.02656,1.0,0.7344
stop2a_nicme_tuning,breakhis_balanced_prototype,timm_dinov3_vit_lora,timm/vit_small_patch16_dinov3.lvd1689m,nicme_hybrid,calibrated_cost_min,0.2,0.25,malignant,"[""benign"", ""malignant""]","[[0.0, 1.0], [10.0, 0.0]]",0.97,0.85,accuracy,0.5,True,False,False,0.05,0.5,1.0,0.0,0.5,1.0,0.5,0.5,0.3333333333333333,0.1725,0.8564453125,0.851037157359894,0.690631395703684,0.4974842503059477,0.2951473454914908,0.5,"[[0, 32], [0, 32]]",stop2a_tune_breakhis_balanced_prototype_timm_dinov3_vit_lora_hybrid_s0.2_l0.25_04-28_07-06,results/timm_dinov3_vit_lora_test/stop2a_tune_breakhis_balanced_prototype_timm_dinov3_vit_lora_hybrid_s0.2_l0.25_04-28_07-06/metrics_20260428_070614_nicme_hybrid.json,results/stop2a_nicme_tuning/configs/072_stop2a_tune_breakhis_balanced_prototype_timm_dinov3_vit_lora_hybrid_s0.2_l0.25.json,28.19482135772705,0.02973,0.02969,0.9688,0.03125,0.8438,0.8438,2.0,0.03993,0.02656,1.0,0.7344
stop2a_nicme_tuning,breakhis_balanced_prototype,timm_dinov3_vit_lora,timm/vit_small_patch16_dinov3.lvd1689m,nicme_logit_adjustment,argmax,0.025,0.0,malignant,"[""benign"", ""malignant""]","[[0.0, 1.0], [10.0, 0.0]]",0.97,0.85,accuracy,0.640625,False,False,False,0.078125,0.78125,0.90625,0.09375,0.5918367346938775,0.625,0.640625,0.640625,0.6133438402941949,0.138219140625,0.8212890625,0.8353613919943728,0.687862951808095,0.4947165268254773,0.13549401424825191,,"[[12, 20], [3, 29]]",stop2a_tune_breakhis_balanced_prototype_timm_dinov3_vit_lora_logit_s0.025_04-28_07-00,results/timm_dinov3_vit_lora_test/stop2a_tune_breakhis_balanced_prototype_timm_dinov3_vit_lora_logit_s0.025_04-28_07-00/metrics_20260428_070015_nicme_logit_adjustment.json,results/stop2a_nicme_tuning/configs/061_stop2a_tune_breakhis_balanced_prototype_timm_dinov3_vit_lora_logit_s0.025.json,38.817992210388184,0.05126,0.02969,1.0,0.0,0.7031,0.7031,5.0,0.05126,0.02969,1.0,0.7031
stop2a_nicme_tuning,breakhis_balanced_prototype,timm_dinov3_vit_lora,timm/vit_small_patch16_dinov3.lvd1689m,nicme_logit_adjustment,calibrated_cost_min,0.025,0.0,malignant,"[""benign"", ""malignant""]","[[0.0, 1.0], [10.0, 0.0]]",0.97,0.85,accuracy,0.5,True,False,False,0.05,0.5,1.0,0.0,0.5,1.0,0.5,0.5,0.3333333333333333,0.1725,0.8212890625,0.8353613919943728,0.6827375812297907,0.4895963659241625,0.13036604970945764,0.5,"[[0, 32], [0, 32]]",stop2a_tune_breakhis_balanced_prototype_timm_dinov3_vit_lora_logit_s0.025_04-28_07-00,results/timm_dinov3_vit_lora_test/stop2a_tune_breakhis_balanced_prototype_timm_dinov3_vit_lora_logit_s0.025_04-28_07-00/metrics_20260428_070015_nicme_logit_adjustment.json,results/stop2a_nicme_tuning/configs/061_stop2a_tune_breakhis_balanced_prototype_timm_dinov3_vit_lora_logit_s0.025.json,38.817992210388184,0.05126,0.02969,1.0,0.0,0.7031,0.7031,5.0,0.05126,0.02969,1.0,0.7031
stop2a_nicme_tuning,breakhis_balanced_prototype,timm_dinov3_vit_lora,timm/vit_small_patch16_dinov3.lvd1689m,nicme_logit_adjustment,argmax,0.05,0.0,malignant,"[""benign"", ""malignant""]","[[0.0, 1.0], [10.0, 0.0]]",0.97,0.85,accuracy,0.6875,False,False,False,0.0734375,0.734375,0.90625,0.09375,0.6304347826086957,0.53125,0.6875,0.6875,0.6717948717948719,0.11609999999999998,0.8193359375,0.8325608164776047,0.6879842502438764,0.49483765941518887,0.1829063193872571,,"[[15, 17], [3, 29]]",stop2a_tune_breakhis_balanced_prototype_timm_dinov3_vit_lora_logit_s0.05_04-28_07-00,results/timm_dinov3_vit_lora_test/stop2a_tune_breakhis_balanced_prototype_timm_dinov3_vit_lora_logit_s0.05_04-28_07-00/metrics_20260428_070054_nicme_logit_adjustment.json,results/stop2a_nicme_tuning/configs/062_stop2a_tune_breakhis_balanced_prototype_timm_dinov3_vit_lora_logit_s0.05.json,38.48493480682373,0.03993,0.02656,1.0,0.0,0.7344,0.7344,5.0,0.03993,0.02656,1.0,0.7344
stop2a_nicme_tuning,breakhis_balanced_prototype,timm_dinov3_vit_lora,timm/vit_small_patch16_dinov3.lvd1689m,nicme_logit_adjustment,calibrated_cost_min,0.05,0.0,malignant,"[""benign"", ""malignant""]","[[0.0, 1.0], [10.0, 0.0]]",0.97,0.85,accuracy,0.5,True,False,False,0.05,0.5,1.0,0.0,0.5,1.0,0.5,0.5,0.3333333333333333,0.1725,0.8193359375,0.8325608164776047,0.6829504171619125,0.489807828589033,0.17831489644665477,0.5,"[[0, 32], [0, 32]]",stop2a_tune_breakhis_balanced_prototype_timm_dinov3_vit_lora_logit_s0.05_04-28_07-00,results/timm_dinov3_vit_lora_test/stop2a_tune_breakhis_balanced_prototype_timm_dinov3_vit_lora_logit_s0.05_04-28_07-00/metrics_20260428_070054_nicme_logit_adjustment.json,results/stop2a_nicme_tuning/configs/062_stop2a_tune_breakhis_balanced_prototype_timm_dinov3_vit_lora_logit_s0.05.json,38.48493480682373,0.03993,0.02656,1.0,0.0,0.7344,0.7344,5.0,0.03993,0.02656,1.0,0.7344
stop2a_nicme_tuning,breakhis_balanced_prototype,timm_dinov3_vit_lora,timm/vit_small_patch16_dinov3.lvd1689m,nicme_logit_adjustment,argmax,0.1,0.0,malignant,"[""benign"", ""malignant""]","[[0.0, 1.0], [10.0, 0.0]]",0.97,0.85,accuracy,0.6875,False,False,False,0.0734375,0.734375,0.90625,0.09375,0.6304347826086957,0.53125,0.6875,0.6875,0.6717948717948719,0.11609999999999998,0.8193359375,0.8356921824836381,0.6899072029809081,0.4967601685315931,0.18466916773468256,,"[[15, 17], [3, 29]]",stop2a_tune_breakhis_balanced_prototype_timm_dinov3_vit_lora_logit_s0.1_04-28_07-01,results/timm_dinov3_vit_lora_test/stop2a_tune_breakhis_balanced_prototype_timm_dinov3_vit_lora_logit_s0.1_04-28_07-01/metrics_20260428_070126_nicme_logit_adjustment.json,results/stop2a_nicme_tuning/configs/063_stop2a_tune_breakhis_balanced_prototype_timm_dinov3_vit_lora_logit_s0.1.json,32.04469442367554,0.03993,0.02656,1.0,0.0,0.7344,0.7344,3.0,0.03993,0.02656,1.0,0.7344
stop2a_nicme_tuning,breakhis_balanced_prototype,timm_dinov3_vit_lora,timm/vit_small_patch16_dinov3.lvd1689m,nicme_logit_adjustment,calibrated_cost_min,0.1,0.0,malignant,"[""benign"", ""malignant""]","[[0.0, 1.0], [10.0, 0.0]]",0.97,0.85,accuracy,0.5,True,False,False,0.05,0.5,1.0,0.0,0.5,1.0,0.5,0.5,0.3333333333333333,0.1725,0.8193359375,0.8356921824836381,0.6867168333069265,0.49357081119002877,0.18183887919260422,0.5,"[[0, 32], [0, 32]]",stop2a_tune_breakhis_balanced_prototype_timm_dinov3_vit_lora_logit_s0.1_04-28_07-01,results/timm_dinov3_vit_lora_test/stop2a_tune_breakhis_balanced_prototype_timm_dinov3_vit_lora_logit_s0.1_04-28_07-01/metrics_20260428_070126_nicme_logit_adjustment.json,results/stop2a_nicme_tuning/configs/063_stop2a_tune_breakhis_balanced_prototype_timm_dinov3_vit_lora_logit_s0.1.json,32.04469442367554,0.03993,0.02656,1.0,0.0,0.7344,0.7344,3.0,0.03993,0.02656,1.0,0.7344
stop2a_nicme_tuning,breakhis_balanced_prototype,timm_dinov3_vit_lora,timm/vit_small_patch16_dinov3.lvd1689m,nicme_logit_adjustment,argmax,0.2,0.0,malignant,"[""benign"", ""malignant""]","[[0.0, 1.0], [10.0, 0.0]]",0.97,0.85,accuracy,0.71875,False,False,False,0.05625,0.5625,0.9375,0.0625,0.6521739130434783,0.5,0.71875,0.71875,0.7046153846153846,0.07770156249999999,0.83984375,0.8485552925223188,0.6901771922019732,0.49703011222260635,0.21624903101474047,,"[[16, 16], [2, 30]]",stop2a_tune_breakhis_balanced_prototype_timm_dinov3_vit_lora_logit_s0.2_04-28_07-01,results/timm_dinov3_vit_lora_test/stop2a_tune_breakhis_balanced_prototype_timm_dinov3_vit_lora_logit_s0.2_04-28_07-01/metrics_20260428_070157_nicme_logit_adjustment.json,results/stop2a_nicme_tuning/configs/064_stop2a_tune_breakhis_balanced_prototype_timm_dinov3_vit_lora_logit_s0.2.json,31.1627414226532,0.03993,0.02656,1.0,0.0,0.7344,0.7344,3.0,0.05126,0.02969,1.0,0.7031
stop2a_nicme_tuning,breakhis_balanced_prototype,timm_dinov3_vit_lora,timm/vit_small_patch16_dinov3.lvd1689m,nicme_logit_adjustment,calibrated_cost_min,0.2,0.0,malignant,"[""benign"", ""malignant""]","[[0.0, 1.0], [10.0, 0.0]]",0.97,0.85,accuracy,0.5,True,False,False,0.05,0.5,1.0,0.0,0.5,1.0,0.5,0.5,0.3333333333333333,0.1725,0.83984375,0.8485552925223188,0.6872456297876834,0.49409924564612284,0.21374842946974726,0.5,"[[0, 32], [0, 32]]",stop2a_tune_breakhis_balanced_prototype_timm_dinov3_vit_lora_logit_s0.2_04-28_07-01,results/timm_dinov3_vit_lora_test/stop2a_tune_breakhis_balanced_prototype_timm_dinov3_vit_lora_logit_s0.2_04-28_07-01/metrics_20260428_070157_nicme_logit_adjustment.json,results/stop2a_nicme_tuning/configs/064_stop2a_tune_breakhis_balanced_prototype_timm_dinov3_vit_lora_logit_s0.2.json,31.1627414226532,0.03993,0.02656,1.0,0.0,0.7344,0.7344,3.0,0.05126,0.02969,1.0,0.7031
stop2a_nicme_tuning,breakhis_balanced_prototype,timm_dinov3_vit_lora,timm/vit_small_patch16_dinov3.lvd1689m,nicme_logit_adjustment,argmax,0.35,0.0,malignant,"[""benign"", ""malignant""]","[[0.0, 1.0], [10.0, 0.0]]",0.97,0.85,accuracy,0.75,False,False,False,0.0953125,0.953125,0.84375,0.15625,0.7105263157894737,0.34375,0.75,0.75,0.7477832512315271,0.16906875,0.84765625,0.8541133877211149,0.6914319039246488,0.49828473071348,0.2487543160095811,,"[[21, 11], [5, 27]]",stop2a_tune_breakhis_balanced_prototype_timm_dinov3_vit_lora_logit_s0.35_04-28_07-02,results/timm_dinov3_vit_lora_test/stop2a_tune_breakhis_balanced_prototype_timm_dinov3_vit_lora_logit_s0.35_04-28_07-02/metrics_20260428_070224_nicme_logit_adjustment.json,results/stop2a_nicme_tuning/configs/065_stop2a_tune_breakhis_balanced_prototype_timm_dinov3_vit_lora_logit_s0.35.json,27.631776094436646,0.03173,0.03125,0.9688,0.03125,0.8281,0.8281,2.0,0.07978,0.03594,1.0,0.6406
stop2a_nicme_tuning,breakhis_balanced_prototype,timm_dinov3_vit_lora,timm/vit_small_patch16_dinov3.lvd1689m,nicme_logit_adjustment,calibrated_cost_min,0.35,0.0,malignant,"[""benign"", ""malignant""]","[[0.0, 1.0], [10.0, 0.0]]",0.97,0.85,accuracy,0.5,True,False,False,0.05,0.5,1.0,0.0,0.5,1.0,0.5,0.5,0.3333333333333333,0.1725,0.84765625,0.8541133877211149,0.6897256581602618,0.49657856952394536,0.2475086653514127,0.5,"[[0, 32], [0, 32]]",stop2a_tune_breakhis_balanced_prototype_timm_dinov3_vit_lora_logit_s0.35_04-28_07-02,results/timm_dinov3_vit_lora_test/stop2a_tune_breakhis_balanced_prototype_timm_dinov3_vit_lora_logit_s0.35_04-28_07-02/metrics_20260428_070224_nicme_logit_adjustment.json,results/stop2a_nicme_tuning/configs/065_stop2a_tune_breakhis_balanced_prototype_timm_dinov3_vit_lora_logit_s0.35.json,27.631776094436646,0.03173,0.03125,0.9688,0.03125,0.8281,0.8281,2.0,0.07978,0.03594,1.0,0.6406
stop2a_nicme_tuning,breakhis_balanced_prototype,timm_dinov3_vit_lora,timm/vit_small_patch16_dinov3.lvd1689m,nicme_logit_adjustment,argmax,0.5,0.0,malignant,"[""benign"", ""malignant""]","[[0.0, 1.0], [10.0, 0.0]]",0.97,0.85,accuracy,0.796875,False,False,False,0.090625,0.90625,0.84375,0.15625,0.7714285714285715,0.25,0.796875,0.796875,0.7964276975776854,0.15720351562499996,0.84375,0.84195150393765,0.6916502453569264,0.4985030680395147,0.2958157239481807,,"[[24, 8], [5, 27]]",stop2a_tune_breakhis_balanced_prototype_timm_dinov3_vit_lora_logit_s0.5_04-28_07-02,results/timm_dinov3_vit_lora_test/stop2a_tune_breakhis_balanced_prototype_timm_dinov3_vit_lora_logit_s0.5_04-28_07-02/metrics_20260428_070252_nicme_logit_adjustment.json,results/stop2a_nicme_tuning/configs/066_stop2a_tune_breakhis_balanced_prototype_timm_dinov3_vit_lora_logit_s0.5.json,27.65158200263977,0.02973,0.02969,0.9688,0.03125,0.8438,0.8438,2.0,0.06454,0.03281,1.0,0.6719
stop2a_nicme_tuning,breakhis_balanced_prototype,timm_dinov3_vit_lora,timm/vit_small_patch16_dinov3.lvd1689m,nicme_logit_adjustment,calibrated_cost_min,0.5,0.0,malignant,"[""benign"", ""malignant""]","[[0.0, 1.0], [10.0, 0.0]]",0.97,0.85,accuracy,0.5,True,False,False,0.05,0.5,1.0,0.0,0.5,1.0,0.5,0.5,0.3333333333333333,0.1725,0.84375,0.84195150393765,0.6901600091866285,0.49701288777618424,0.29475647009773276,0.5,"[[0, 32], [0, 32]]",stop2a_tune_breakhis_balanced_prototype_timm_dinov3_vit_lora_logit_s0.5_04-28_07-02,results/timm_dinov3_vit_lora_test/stop2a_tune_breakhis_balanced_prototype_timm_dinov3_vit_lora_logit_s0.5_04-28_07-02/metrics_20260428_070252_nicme_logit_adjustment.json,results/stop2a_nicme_tuning/configs/066_stop2a_tune_breakhis_balanced_prototype_timm_dinov3_vit_lora_logit_s0.5.json,27.65158200263977,0.02973,0.02969,0.9688,0.03125,0.8438,0.8438,2.0,0.06454,0.03281,1.0,0.6719
stop2a_nicme_tuning,spider_balanced_prototype,timm_dinov3_vit_lora,timm/vit_small_patch16_dinov3.lvd1689m,nicme_hybrid,argmax,0.025,0.1,black_widow,"[""black_widow"", ""false_widow""]","[[0.0, 10.0], [1.0, 0.0]]",0.95,0.8,accuracy,0.625,True,False,False,0.0515625,0.515625,0.96875,0.03125,0.5740740740740741,0.71875,0.625,0.625,0.5747508305647842,0.08218750000000001,0.83203125,0.8348635167885816,0.690516460200211,0.49736942121947114,0.12214841321110725,,"[[31, 1], [23, 9]]",stop2a_tune_spider_balanced_prototype_timm_dinov3_vit_lora_hybrid_s0.025_l0.1_04-28_06-36,results/timm_dinov3_vit_lora_test/stop2a_tune_spider_balanced_prototype_timm_dinov3_vit_lora_hybrid_s0.025_l0.1_04-28_06-36/metrics_20260428_063631_nicme_hybrid.json,results/stop2a_nicme_tuning/configs/019_stop2a_tune_spider_balanced_prototype_timm_dinov3_vit_lora_hybrid_s0.025_l0.1.json,23.244281768798828,0.133,0.08281,0.9062,0.09375,0.5938,0.5938,5.0,0.133,0.08281,0.9062,0.5938
stop2a_nicme_tuning,spider_balanced_prototype,timm_dinov3_vit_lora,timm/vit_small_patch16_dinov3.lvd1689m,nicme_hybrid,calibrated_cost_min,0.025,0.1,black_widow,"[""black_widow"", ""false_widow""]","[[0.0, 10.0], [1.0, 0.0]]",0.95,0.8,accuracy,0.5,True,False,False,0.05,0.5,1.0,0.0,0.5,1.0,0.5,0.5,0.3333333333333333,0.14,0.83203125,0.8348635167885816,0.6879353558892349,0.49478926797588213,0.11929737686992214,0.5,"[[32, 0], [32, 0]]",stop2a_tune_spider_balanced_prototype_timm_dinov3_vit_lora_hybrid_s0.025_l0.1_04-28_06-36,results/timm_dinov3_vit_lora_test/stop2a_tune_spider_balanced_prototype_timm_dinov3_vit_lora_hybrid_s0.025_l0.1_04-28_06-36/metrics_20260428_063631_nicme_hybrid.json,results/stop2a_nicme_tuning/configs/019_stop2a_tune_spider_balanced_prototype_timm_dinov3_vit_lora_hybrid_s0.025_l0.1.json,23.244281768798828,0.133,0.08281,0.9062,0.09375,0.5938,0.5938,5.0,0.133,0.08281,0.9062,0.5938
stop2a_nicme_tuning,spider_balanced_prototype,timm_dinov3_vit_lora,timm/vit_small_patch16_dinov3.lvd1689m,nicme_hybrid,argmax,0.05,0.1,black_widow,"[""black_widow"", ""false_widow""]","[[0.0, 10.0], [1.0, 0.0]]",0.95,0.8,accuracy,0.625,True,False,False,0.0515625,0.515625,0.96875,0.03125,0.5740740740740741,0.71875,0.625,0.625,0.5747508305647842,0.08218750000000001,0.83203125,0.8348635167885816,0.690516460200211,0.49736942121947114,0.12214841321110725,,"[[31, 1], [23, 9]]",stop2a_tune_spider_balanced_prototype_timm_dinov3_vit_lora_hybrid_s0.05_l0.1_04-28_06-36,results/timm_dinov3_vit_lora_test/stop2a_tune_spider_balanced_prototype_timm_dinov3_vit_lora_hybrid_s0.05_l0.1_04-28_06-36/metrics_20260428_063655_nicme_hybrid.json,results/stop2a_nicme_tuning/configs/020_stop2a_tune_spider_balanced_prototype_timm_dinov3_vit_lora_hybrid_s0.05_l0.1.json,23.282803297042847,0.133,0.08281,0.9062,0.09375,0.5938,0.5938,5.0,0.133,0.08281,0.9062,0.5938
stop2a_nicme_tuning,spider_balanced_prototype,timm_dinov3_vit_lora,timm/vit_small_patch16_dinov3.lvd1689m,nicme_hybrid,calibrated_cost_min,0.05,0.1,black_widow,"[""black_widow"", ""false_widow""]","[[0.0, 10.0], [1.0, 0.0]]",0.95,0.8,accuracy,0.5,True,False,False,0.05,0.5,1.0,0.0,0.5,1.0,0.5,0.5,0.3333333333333333,0.14,0.83203125,0.8348635167885816,0.6879353558892349,0.49478926797588213,0.11929737686992214,0.5,"[[32, 0], [32, 0]]",stop2a_tune_spider_balanced_prototype_timm_dinov3_vit_lora_hybrid_s0.05_l0.1_04-28_06-36,results/timm_dinov3_vit_lora_test/stop2a_tune_spider_balanced_prototype_timm_dinov3_vit_lora_hybrid_s0.05_l0.1_04-28_06-36/metrics_20260428_063655_nicme_hybrid.json,results/stop2a_nicme_tuning/configs/020_stop2a_tune_spider_balanced_prototype_timm_dinov3_vit_lora_hybrid_s0.05_l0.1.json,23.282803297042847,0.133,0.08281,0.9062,0.09375,0.5938,0.5938,5.0,0.133,0.08281,0.9062,0.5938
stop2a_nicme_tuning,spider_balanced_prototype,timm_dinov3_vit_lora,timm/vit_small_patch16_dinov3.lvd1689m,nicme_hybrid,argmax,0.05,0.25,black_widow,"[""black_widow"", ""false_widow""]","[[0.0, 10.0], [1.0, 0.0]]",0.95,0.8,accuracy,0.609375,True,False,False,0.053125,0.53125,0.96875,0.03125,0.5636363636363636,0.75,0.609375,0.609375,0.551443790299972,0.08946289062500001,0.8193359375,0.8173414255646466,0.6904649226563202,0.4973179035186116,0.10636393539607525,,"[[31, 1], [24, 8]]",stop2a_tune_spider_balanced_prototype_timm_dinov3_vit_lora_hybrid_s0.05_l0.25_04-28_06-37,results/timm_dinov3_vit_lora_test/stop2a_tune_spider_balanced_prototype_timm_dinov3_vit_lora_hybrid_s0.05_l0.25_04-28_06-37/metrics_20260428_063719_nicme_hybrid.json,results/stop2a_nicme_tuning/configs/021_stop2a_tune_spider_balanced_prototype_timm_dinov3_vit_lora_hybrid_s0.05_l0.25.json,24.130239248275757,0.133,0.08281,0.9062,0.09375,0.5938,0.5938,5.0,0.133,0.08281,0.9062,0.5938
stop2a_nicme_tuning,spider_balanced_prototype,timm_dinov3_vit_lora,timm/vit_small_patch16_dinov3.lvd1689m,nicme_hybrid,calibrated_cost_min,0.05,0.25,black_widow,"[""black_widow"", ""false_widow""]","[[0.0, 10.0], [1.0, 0.0]]",0.95,0.8,accuracy,0.5,True,False,False,0.05,0.5,1.0,0.0,0.5,1.0,0.5,0.5,0.3333333333333333,0.14,0.8193359375,0.8173414255646466,0.6878376781454734,0.4946917500175948,0.10335350198983051,0.5,"[[32, 0], [32, 0]]",stop2a_tune_spider_balanced_prototype_timm_dinov3_vit_lora_hybrid_s0.05_l0.25_04-28_06-37,results/timm_dinov3_vit_lora_test/stop2a_tune_spider_balanced_prototype_timm_dinov3_vit_lora_hybrid_s0.05_l0.25_04-28_06-37/metrics_20260428_063719_nicme_hybrid.json,results/stop2a_nicme_tuning/configs/021_stop2a_tune_spider_balanced_prototype_timm_dinov3_vit_lora_hybrid_s0.05_l0.25.json,24.130239248275757,0.133,0.08281,0.9062,0.09375,0.5938,0.5938,5.0,0.133,0.08281,0.9062,0.5938
stop2a_nicme_tuning,spider_balanced_prototype,timm_dinov3_vit_lora,timm/vit_small_patch16_dinov3.lvd1689m,nicme_hybrid,argmax,0.1,0.1,black_widow,"[""black_widow"", ""false_widow""]","[[0.0, 10.0], [1.0, 0.0]]",0.95,0.8,accuracy,0.625,True,False,False,0.0515625,0.515625,0.96875,0.03125,0.5740740740740741,0.71875,0.625,0.625,0.5747508305647842,0.08218750000000001,0.83203125,0.8348635167885816,0.690516460200211,0.49736942121947114,0.12214841321110725,,"[[31, 1], [23, 9]]",stop2a_tune_spider_balanced_prototype_timm_dinov3_vit_lora_hybrid_s0.1_l0.1_04-28_06-37,results/timm_dinov3_vit_lora_test/stop2a_tune_spider_balanced_prototype_timm_dinov3_vit_lora_hybrid_s0.1_l0.1_04-28_06-37/metrics_20260428_063742_nicme_hybrid.json,results/stop2a_nicme_tuning/configs/022_stop2a_tune_spider_balanced_prototype_timm_dinov3_vit_lora_hybrid_s0.1_l0.1.json,23.65024423599243,0.133,0.08281,0.9062,0.09375,0.5938,0.5938,5.0,0.133,0.08281,0.9062,0.5938
stop2a_nicme_tuning,spider_balanced_prototype,timm_dinov3_vit_lora,timm/vit_small_patch16_dinov3.lvd1689m,nicme_hybrid,calibrated_cost_min,0.1,0.1,black_widow,"[""black_widow"", ""false_widow""]","[[0.0, 10.0], [1.0, 0.0]]",0.95,0.8,accuracy,0.5,True,False,False,0.05,0.5,1.0,0.0,0.5,1.0,0.5,0.5,0.3333333333333333,0.14,0.83203125,0.8348635167885816,0.6879353558892349,0.49478926797588213,0.11929737686992214,0.5,"[[32, 0], [32, 0]]",stop2a_tune_spider_balanced_prototype_timm_dinov3_vit_lora_hybrid_s0.1_l0.1_04-28_06-37,results/timm_dinov3_vit_lora_test/stop2a_tune_spider_balanced_prototype_timm_dinov3_vit_lora_hybrid_s0.1_l0.1_04-28_06-37/metrics_20260428_063742_nicme_hybrid.json,results/stop2a_nicme_tuning/configs/022_stop2a_tune_spider_balanced_prototype_timm_dinov3_vit_lora_hybrid_s0.1_l0.1.json,23.65024423599243,0.133,0.08281,0.9062,0.09375,0.5938,0.5938,5.0,0.133,0.08281,0.9062,0.5938
stop2a_nicme_tuning,spider_balanced_prototype,timm_dinov3_vit_lora,timm/vit_small_patch16_dinov3.lvd1689m,nicme_hybrid,argmax,0.1,0.25,black_widow,"[""black_widow"", ""false_widow""]","[[0.0, 10.0], [1.0, 0.0]]",0.95,0.8,accuracy,0.609375,True,False,False,0.053125,0.53125,0.96875,0.03125,0.5636363636363636,0.75,0.609375,0.609375,0.551443790299972,0.08946289062500001,0.8193359375,0.8173414255646466,0.6904649226563202,0.4973179035186116,0.10636393539607525,,"[[31, 1], [24, 8]]",stop2a_tune_spider_balanced_prototype_timm_dinov3_vit_lora_hybrid_s0.1_l0.25_04-28_06-38,results/timm_dinov3_vit_lora_test/stop2a_tune_spider_balanced_prototype_timm_dinov3_vit_lora_hybrid_s0.1_l0.25_04-28_06-38/metrics_20260428_063807_nicme_hybrid.json,results/stop2a_nicme_tuning/configs/023_stop2a_tune_spider_balanced_prototype_timm_dinov3_vit_lora_hybrid_s0.1_l0.25.json,24.178560495376587,0.133,0.08281,0.9062,0.09375,0.5938,0.5938,5.0,0.133,0.08281,0.9062,0.5938
stop2a_nicme_tuning,spider_balanced_prototype,timm_dinov3_vit_lora,timm/vit_small_patch16_dinov3.lvd1689m,nicme_hybrid,calibrated_cost_min,0.1,0.25,black_widow,"[""black_widow"", ""false_widow""]","[[0.0, 10.0], [1.0, 0.0]]",0.95,0.8,accuracy,0.5,True,False,False,0.05,0.5,1.0,0.0,0.5,1.0,0.5,0.5,0.3333333333333333,0.14,0.8193359375,0.8173414255646466,0.6878376781454734,0.4946917500175948,0.10335350198983051,0.5,"[[32, 0], [32, 0]]",stop2a_tune_spider_balanced_prototype_timm_dinov3_vit_lora_hybrid_s0.1_l0.25_04-28_06-38,results/timm_dinov3_vit_lora_test/stop2a_tune_spider_balanced_prototype_timm_dinov3_vit_lora_hybrid_s0.1_l0.25_04-28_06-38/metrics_20260428_063807_nicme_hybrid.json,results/stop2a_nicme_tuning/configs/023_stop2a_tune_spider_balanced_prototype_timm_dinov3_vit_lora_hybrid_s0.1_l0.25.json,24.178560495376587,0.133,0.08281,0.9062,0.09375,0.5938,0.5938,5.0,0.133,0.08281,0.9062,0.5938
stop2a_nicme_tuning,spider_balanced_prototype,timm_dinov3_vit_lora,timm/vit_small_patch16_dinov3.lvd1689m,nicme_hybrid,argmax,0.2,0.25,black_widow,"[""black_widow"", ""false_widow""]","[[0.0, 10.0], [1.0, 0.0]]",0.95,0.8,accuracy,0.609375,True,False,False,0.053125,0.53125,0.96875,0.03125,0.5636363636363636,0.75,0.609375,0.609375,0.551443790299972,0.08946289062500001,0.8193359375,0.8173414255646466,0.6904649226563202,0.4973179035186116,0.10636393539607525,,"[[31, 1], [24, 8]]",stop2a_tune_spider_balanced_prototype_timm_dinov3_vit_lora_hybrid_s0.2_l0.25_04-28_06-38,results/timm_dinov3_vit_lora_test/stop2a_tune_spider_balanced_prototype_timm_dinov3_vit_lora_hybrid_s0.2_l0.25_04-28_06-38/metrics_20260428_063830_nicme_hybrid.json,results/stop2a_nicme_tuning/configs/024_stop2a_tune_spider_balanced_prototype_timm_dinov3_vit_lora_hybrid_s0.2_l0.25.json,23.465187788009644,0.133,0.08281,0.9062,0.09375,0.5938,0.5938,5.0,0.133,0.08281,0.9062,0.5938
stop2a_nicme_tuning,spider_balanced_prototype,timm_dinov3_vit_lora,timm/vit_small_patch16_dinov3.lvd1689m,nicme_hybrid,calibrated_cost_min,0.2,0.25,black_widow,"[""black_widow"", ""false_widow""]","[[0.0, 10.0], [1.0, 0.0]]",0.95,0.8,accuracy,0.5,True,False,False,0.05,0.5,1.0,0.0,0.5,1.0,0.5,0.5,0.3333333333333333,0.14,0.8193359375,0.8173414255646466,0.6878376781454734,0.4946917500175948,0.10335350198983051,0.5,"[[32, 0], [32, 0]]",stop2a_tune_spider_balanced_prototype_timm_dinov3_vit_lora_hybrid_s0.2_l0.25_04-28_06-38,results/timm_dinov3_vit_lora_test/stop2a_tune_spider_balanced_prototype_timm_dinov3_vit_lora_hybrid_s0.2_l0.25_04-28_06-38/metrics_20260428_063830_nicme_hybrid.json,results/stop2a_nicme_tuning/configs/024_stop2a_tune_spider_balanced_prototype_timm_dinov3_vit_lora_hybrid_s0.2_l0.25.json,23.465187788009644,0.133,0.08281,0.9062,0.09375,0.5938,0.5938,5.0,0.133,0.08281,0.9062,0.5938
stop2a_nicme_tuning,spider_balanced_prototype,timm_dinov3_vit_lora,timm/vit_small_patch16_dinov3.lvd1689m,nicme_logit_adjustment,argmax,0.025,0.0,black_widow,"[""black_widow"", ""false_widow""]","[[0.0, 10.0], [1.0, 0.0]]",0.95,0.8,accuracy,0.6875,False,False,False,0.0734375,0.734375,0.90625,0.09375,0.6304347826086957,0.53125,0.6875,0.6875,0.6717948717948719,0.09375,0.8095703125,0.8325317432260457,0.6882860593030564,0.49513943277692885,0.18314700201153755,,"[[29, 3], [17, 15]]",stop2a_tune_spider_balanced_prototype_timm_dinov3_vit_lora_logit_s0.025_04-28_06-34,results/timm_dinov3_vit_lora_test/stop2a_tune_spider_balanced_prototype_timm_dinov3_vit_lora_logit_s0.025_04-28_06-34/metrics_20260428_063411_nicme_logit_adjustment.json,results/stop2a_nicme_tuning/configs/013_stop2a_tune_spider_balanced_prototype_timm_dinov3_vit_lora_logit_s0.025.json,24.095288515090942,0.1227,0.0875,0.875,0.125,0.6875,0.6875,4.0,0.1227,0.0875,0.875,0.6875
stop2a_nicme_tuning,spider_balanced_prototype,timm_dinov3_vit_lora,timm/vit_small_patch16_dinov3.lvd1689m,nicme_logit_adjustment,calibrated_cost_min,0.025,0.0,black_widow,"[""black_widow"", ""false_widow""]","[[0.0, 10.0], [1.0, 0.0]]",0.95,0.8,accuracy,0.5,True,False,False,0.05,0.5,1.0,0.0,0.5,1.0,0.5,0.5,0.3333333333333333,0.14,0.8095703125,0.8325317432260457,0.6835459502813989,0.49040311071250253,0.17879612909198128,0.5,"[[32, 0], [32, 0]]",stop2a_tune_spider_balanced_prototype_timm_dinov3_vit_lora_logit_s0.025_04-28_06-34,results/timm_dinov3_vit_lora_test/stop2a_tune_spider_balanced_prototype_timm_dinov3_vit_lora_logit_s0.025_04-28_06-34/metrics_20260428_063411_nicme_logit_adjustment.json,results/stop2a_nicme_tuning/configs/013_stop2a_tune_spider_balanced_prototype_timm_dinov3_vit_lora_logit_s0.025.json,24.095288515090942,0.1227,0.0875,0.875,0.125,0.6875,0.6875,4.0,0.1227,0.0875,0.875,0.6875
stop2a_nicme_tuning,spider_balanced_prototype,timm_dinov3_vit_lora,timm/vit_small_patch16_dinov3.lvd1689m,nicme_logit_adjustment,argmax,0.05,0.0,black_widow,"[""black_widow"", ""false_widow""]","[[0.0, 10.0], [1.0, 0.0]]",0.95,0.8,accuracy,0.6875,False,False,False,0.059375,0.59375,0.9375,0.0625,0.625,0.5625,0.6875,0.6875,0.6666666666666667,0.07265625,0.8125,0.8357844562339967,0.6883567541803189,0.49521017165925973,0.18297694995999336,,"[[30, 2], [18, 14]]",stop2a_tune_spider_balanced_prototype_timm_dinov3_vit_lora_logit_s0.05_04-28_06-34,results/timm_dinov3_vit_lora_test/stop2a_tune_spider_balanced_prototype_timm_dinov3_vit_lora_logit_s0.05_04-28_06-34/metrics_20260428_063436_nicme_logit_adjustment.json,results/stop2a_nicme_tuning/configs/014_stop2a_tune_spider_balanced_prototype_timm_dinov3_vit_lora_logit_s0.05.json,24.722150087356567,0.1338,0.09062,0.875,0.125,0.6562,0.6562,4.0,0.1338,0.09062,0.875,0.6562
stop2a_nicme_tuning,spider_balanced_prototype,timm_dinov3_vit_lora,timm/vit_small_patch16_dinov3.lvd1689m,nicme_logit_adjustment,calibrated_cost_min,0.05,0.0,black_widow,"[""black_widow"", ""false_widow""]","[[0.0, 10.0], [1.0, 0.0]]",0.95,0.8,accuracy,0.5,True,False,False,0.05,0.5,1.0,0.0,0.5,1.0,0.5,0.5,0.3333333333333333,0.14,0.8125,0.8357844562339967,0.6836966392519594,0.49055414379445733,0.17845626259712954,0.5,"[[32, 0], [32, 0]]",stop2a_tune_spider_balanced_prototype_timm_dinov3_vit_lora_logit_s0.05_04-28_06-34,results/timm_dinov3_vit_lora_test/stop2a_tune_spider_balanced_prototype_timm_dinov3_vit_lora_logit_s0.05_04-28_06-34/metrics_20260428_063436_nicme_logit_adjustment.json,results/stop2a_nicme_tuning/configs/014_stop2a_tune_spider_balanced_prototype_timm_dinov3_vit_lora_logit_s0.05.json,24.722150087356567,0.1338,0.09062,0.875,0.125,0.6562,0.6562,4.0,0.1338,0.09062,0.875,0.6562
stop2a_nicme_tuning,spider_balanced_prototype,timm_dinov3_vit_lora,timm/vit_small_patch16_dinov3.lvd1689m,nicme_logit_adjustment,argmax,0.1,0.0,black_widow,"[""black_widow"", ""false_widow""]","[[0.0, 10.0], [1.0, 0.0]]",0.95,0.8,accuracy,0.6875,False,False,False,0.0734375,0.734375,0.90625,0.09375,0.6304347826086957,0.53125,0.6875,0.6875,0.6717948717948719,0.09375,0.8125,0.8342648639038148,0.6884103232931892,0.49526364628355823,0.18331573531031609,,"[[29, 3], [17, 15]]",stop2a_tune_spider_balanced_prototype_timm_dinov3_vit_lora_logit_s0.1_04-28_06-34,results/timm_dinov3_vit_lora_test/stop2a_tune_spider_balanced_prototype_timm_dinov3_vit_lora_logit_s0.1_04-28_06-34/metrics_20260428_063459_nicme_logit_adjustment.json,results/stop2a_nicme_tuning/configs/015_stop2a_tune_spider_balanced_prototype_timm_dinov3_vit_lora_logit_s0.1.json,23.333199977874756,0.1178,0.08594,0.875,0.125,0.7031,0.7031,4.0,0.1178,0.08594,0.875,0.7031
stop2a_nicme_tuning,spider_balanced_prototype,timm_dinov3_vit_lora,timm/vit_small_patch16_dinov3.lvd1689m,nicme_logit_adjustment,calibrated_cost_min,0.1,0.0,black_widow,"[""black_widow"", ""false_widow""]","[[0.0, 10.0], [1.0, 0.0]]",0.95,0.8,accuracy,0.5,True,False,False,0.05,0.5,1.0,0.0,0.5,1.0,0.5,0.5,0.3333333333333333,0.14,0.8125,0.8342648639038148,0.6837861028218389,0.4906428846671029,0.17913339357084224,0.5,"[[32, 0], [32, 0]]",stop2a_tune_spider_balanced_prototype_timm_dinov3_vit_lora_logit_s0.1_04-28_06-34,results/timm_dinov3_vit_lora_test/stop2a_tune_spider_balanced_prototype_timm_dinov3_vit_lora_logit_s0.1_04-28_06-34/metrics_20260428_063459_nicme_logit_adjustment.json,results/stop2a_nicme_tuning/configs/015_stop2a_tune_spider_balanced_prototype_timm_dinov3_vit_lora_logit_s0.1.json,23.333199977874756,0.1178,0.08594,0.875,0.125,0.7031,0.7031,4.0,0.1178,0.08594,0.875,0.7031
stop2a_nicme_tuning,spider_balanced_prototype,timm_dinov3_vit_lora,timm/vit_small_patch16_dinov3.lvd1689m,nicme_logit_adjustment,argmax,0.2,0.0,black_widow,"[""black_widow"", ""false_widow""]","[[0.0, 10.0], [1.0, 0.0]]",0.95,0.8,accuracy,0.6875,False,False,False,0.059375,0.59375,0.9375,0.0625,0.625,0.5625,0.6875,0.6875,0.6666666666666667,0.07265625,0.8095703125,0.8309728961441203,0.6892110396013308,0.49606418406704,0.18388759531080723,,"[[30, 2], [18, 14]]",stop2a_tune_spider_balanced_prototype_timm_dinov3_vit_lora_logit_s0.2_04-28_06-35,results/timm_dinov3_vit_lora_test/stop2a_tune_spider_balanced_prototype_timm_dinov3_vit_lora_logit_s0.2_04-28_06-35/metrics_20260428_063523_nicme_logit_adjustment.json,results/stop2a_nicme_tuning/configs/016_stop2a_tune_spider_balanced_prototype_timm_dinov3_vit_lora_logit_s0.2.json,23.690141916275024,0.1227,0.0875,0.875,0.125,0.6875,0.6875,3.0,0.1594,0.1016,0.8438,0.6875
stop2a_nicme_tuning,spider_balanced_prototype,timm_dinov3_vit_lora,timm/vit_small_patch16_dinov3.lvd1689m,nicme_logit_adjustment,calibrated_cost_min,0.2,0.0,black_widow,"[""black_widow"", ""false_widow""]","[[0.0, 10.0], [1.0, 0.0]]",0.95,0.8,accuracy,0.5,True,False,False,0.05,0.5,1.0,0.0,0.5,1.0,0.5,0.5,0.3333333333333333,0.14,0.8095703125,0.8309728961441203,0.6853597287378169,0.49221510795600953,0.18027645328732167,0.5,"[[32, 0], [32, 0]]",stop2a_tune_spider_balanced_prototype_timm_dinov3_vit_lora_logit_s0.2_04-28_06-35,results/timm_dinov3_vit_lora_test/stop2a_tune_spider_balanced_prototype_timm_dinov3_vit_lora_logit_s0.2_04-28_06-35/metrics_20260428_063523_nicme_logit_adjustment.json,results/stop2a_nicme_tuning/configs/016_stop2a_tune_spider_balanced_prototype_timm_dinov3_vit_lora_logit_s0.2.json,23.690141916275024,0.1227,0.0875,0.875,0.125,0.6875,0.6875,3.0,0.1594,0.1016,0.8438,0.6875
stop2a_nicme_tuning,spider_balanced_prototype,timm_dinov3_vit_lora,timm/vit_small_patch16_dinov3.lvd1689m,nicme_logit_adjustment,argmax,0.35,0.0,black_widow,"[""black_widow"", ""false_widow""]","[[0.0, 10.0], [1.0, 0.0]]",0.95,0.8,accuracy,0.65625,False,False,False,0.0765625,0.765625,0.90625,0.09375,0.6041666666666666,0.59375,0.65625,0.65625,0.6333333333333333,0.1048828125,0.8115234375,0.8283756103113871,0.6903218687651974,0.497174816669379,0.15362995769828558,,"[[29, 3], [19, 13]]",stop2a_tune_spider_balanced_prototype_timm_dinov3_vit_lora_logit_s0.35_04-28_06-35,results/timm_dinov3_vit_lora_test/stop2a_tune_spider_balanced_prototype_timm_dinov3_vit_lora_logit_s0.35_04-28_06-35/metrics_20260428_063544_nicme_logit_adjustment.json,results/stop2a_nicme_tuning/configs/017_stop2a_tune_spider_balanced_prototype_timm_dinov3_vit_lora_logit_s0.35.json,21.103237628936768,0.1227,0.0875,0.875,0.125,0.6875,0.6875,2.0,0.1401,0.09219,0.875,0.6406
stop2a_nicme_tuning,spider_balanced_prototype,timm_dinov3_vit_lora,timm/vit_small_patch16_dinov3.lvd1689m,nicme_logit_adjustment,calibrated_cost_min,0.35,0.0,black_widow,"[""black_widow"", ""false_widow""]","[[0.0, 10.0], [1.0, 0.0]]",0.95,0.8,accuracy,0.5,True,False,False,0.05,0.5,1.0,0.0,0.5,1.0,0.5,0.5,0.3333333333333333,0.14,0.8115234375,0.8283756103113871,0.6875417137205015,0.49439553726414676,0.15101041753477706,0.5,"[[32, 0], [32, 0]]",stop2a_tune_spider_balanced_prototype_timm_dinov3_vit_lora_logit_s0.35_04-28_06-35,results/timm_dinov3_vit_lora_test/stop2a_tune_spider_balanced_prototype_timm_dinov3_vit_lora_logit_s0.35_04-28_06-35/metrics_20260428_063544_nicme_logit_adjustment.json,results/stop2a_nicme_tuning/configs/017_stop2a_tune_spider_balanced_prototype_timm_dinov3_vit_lora_logit_s0.35.json,21.103237628936768,0.1227,0.0875,0.875,0.125,0.6875,0.6875,2.0,0.1401,0.09219,0.875,0.6406
stop2a_nicme_tuning,spider_balanced_prototype,timm_dinov3_vit_lora,timm/vit_small_patch16_dinov3.lvd1689m,nicme_logit_adjustment,argmax,0.5,0.0,black_widow,"[""black_widow"", ""false_widow""]","[[0.0, 10.0], [1.0, 0.0]]",0.95,0.8,accuracy,0.65625,False,False,False,0.0765625,0.765625,0.90625,0.09375,0.6041666666666666,0.59375,0.65625,0.65625,0.6333333333333333,0.1048828125,0.8232421875,0.8300952790408105,0.6898552365845901,0.49670824247367606,0.15330051071941853,,"[[29, 3], [19, 13]]",stop2a_tune_spider_balanced_prototype_timm_dinov3_vit_lora_logit_s0.5_04-28_06-36,results/timm_dinov3_vit_lora_test/stop2a_tune_spider_balanced_prototype_timm_dinov3_vit_lora_logit_s0.5_04-28_06-36/metrics_20260428_063608_nicme_logit_adjustment.json,results/stop2a_nicme_tuning/configs/018_stop2a_tune_spider_balanced_prototype_timm_dinov3_vit_lora_logit_s0.5.json,23.810426712036133,0.1227,0.0875,0.875,0.125,0.6875,0.6875,4.0,0.1227,0.0875,0.875,0.6875
stop2a_nicme_tuning,spider_balanced_prototype,timm_dinov3_vit_lora,timm/vit_small_patch16_dinov3.lvd1689m,nicme_logit_adjustment,calibrated_cost_min,0.5,0.0,black_widow,"[""black_widow"", ""false_widow""]","[[0.0, 10.0], [1.0, 0.0]]",0.95,0.8,accuracy,0.5,True,False,False,0.05,0.5,1.0,0.0,0.5,1.0,0.5,0.5,0.3333333333333333,0.14,0.8232421875,0.8300952790408105,0.6866198213970485,0.4934741266769038,0.15035171770768674,0.5,"[[32, 0], [32, 0]]",stop2a_tune_spider_balanced_prototype_timm_dinov3_vit_lora_logit_s0.5_04-28_06-36,results/timm_dinov3_vit_lora_test/stop2a_tune_spider_balanced_prototype_timm_dinov3_vit_lora_logit_s0.5_04-28_06-36/metrics_20260428_063608_nicme_logit_adjustment.json,results/stop2a_nicme_tuning/configs/018_stop2a_tune_spider_balanced_prototype_timm_dinov3_vit_lora_logit_s0.5.json,23.810426712036133,0.1227,0.0875,0.875,0.125,0.6875,0.6875,4.0,0.1227,0.0875,0.875,0.6875
stop2a_nicme_tuning,breakhis_balanced_prototype,vit,google/vit-base-patch16-224-in21k,nicme_hybrid,argmax,0.025,0.1,malignant,"[""benign"", ""malignant""]","[[0.0, 1.0], [10.0, 0.0]]",0.97,0.85,accuracy,0.90625,False,True,False,0.065625,0.65625,0.875,0.125,0.9333333333333333,0.0625,0.90625,0.90625,0.906158357771261,0.10172499999999998,0.9580078125,0.9704947857776691,0.6039456975098049,0.4114170040079589,0.3541017174720764,,"[[30, 2], [4, 28]]",stop2a_tune_breakhis_balanced_prototype_vit_hybrid_s0.025_l0.1_04-28_06-56,results/vit_test/stop2a_tune_breakhis_balanced_prototype_vit_hybrid_s0.025_l0.1_04-28_06-56/metrics_20260428_065635_nicme_hybrid.json,results/stop2a_nicme_tuning/configs/055_stop2a_tune_breakhis_balanced_prototype_vit_hybrid_s0.025_l0.1.json,36.63370966911316,0.01094,0.01094,1.0,0.0,0.8906,0.8906,3.0,0.05002,0.04531,0.9375,0.8281
stop2a_nicme_tuning,breakhis_balanced_prototype,vit,google/vit-base-patch16-224-in21k,nicme_hybrid,calibrated_cost_min,0.025,0.1,malignant,"[""benign"", ""malignant""]","[[0.0, 1.0], [10.0, 0.0]]",0.97,0.85,accuracy,0.5,True,False,False,0.05,0.5,1.0,0.0,0.5,1.0,0.5,0.5,0.3333333333333333,0.1725,0.9580078125,0.9704947857776691,0.5286584198792483,0.339550491498687,0.3040968386088589,0.5,"[[0, 32], [0, 32]]",stop2a_tune_breakhis_balanced_prototype_vit_hybrid_s0.025_l0.1_04-28_06-56,results/vit_test/stop2a_tune_breakhis_balanced_prototype_vit_hybrid_s0.025_l0.1_04-28_06-56/metrics_20260428_065635_nicme_hybrid.json,results/stop2a_nicme_tuning/configs/055_stop2a_tune_breakhis_balanced_prototype_vit_hybrid_s0.025_l0.1.json,36.63370966911316,0.01094,0.01094,1.0,0.0,0.8906,0.8906,3.0,0.05002,0.04531,0.9375,0.8281
stop2a_nicme_tuning,breakhis_balanced_prototype,vit,google/vit-base-patch16-224-in21k,nicme_hybrid,argmax,0.05,0.1,malignant,"[""benign"", ""malignant""]","[[0.0, 1.0], [10.0, 0.0]]",0.97,0.85,accuracy,0.953125,False,True,False,0.01875,0.1875,0.96875,0.03125,0.9393939393939394,0.0625,0.953125,0.953125,0.9531135531135531,0.01875625,0.9599609375,0.9726824129652963,0.6011191567900078,0.40870532987558167,0.39962379261851305,,"[[30, 2], [1, 31]]",stop2a_tune_breakhis_balanced_prototype_vit_hybrid_s0.05_l0.1_04-28_06-57,results/vit_test/stop2a_tune_breakhis_balanced_prototype_vit_hybrid_s0.05_l0.1_04-28_06-57/metrics_20260428_065712_nicme_hybrid.json,results/stop2a_nicme_tuning/configs/056_stop2a_tune_breakhis_balanced_prototype_vit_hybrid_s0.05_l0.1.json,36.35754036903381,0.01406,0.01406,1.0,0.0,0.8594,0.8594,3.0,0.01566,0.01562,1.0,0.8438
stop2a_nicme_tuning,breakhis_balanced_prototype,vit,google/vit-base-patch16-224-in21k,nicme_hybrid,calibrated_cost_min,0.05,0.1,malignant,"[""benign"", ""malignant""]","[[0.0, 1.0], [10.0, 0.0]]",0.97,0.85,accuracy,0.5,True,False,False,0.05,0.5,1.0,0.0,0.5,1.0,0.5,0.5,0.3333333333333333,0.1725,0.9599609375,0.9726824129652963,0.524122326216015,0.33566117505838533,0.3486264601487895,0.5,"[[0, 32], [0, 32]]",stop2a_tune_breakhis_balanced_prototype_vit_hybrid_s0.05_l0.1_04-28_06-57,results/vit_test/stop2a_tune_breakhis_balanced_prototype_vit_hybrid_s0.05_l0.1_04-28_06-57/metrics_20260428_065712_nicme_hybrid.json,results/stop2a_nicme_tuning/configs/056_stop2a_tune_breakhis_balanced_prototype_vit_hybrid_s0.05_l0.1.json,36.35754036903381,0.01406,0.01406,1.0,0.0,0.8594,0.8594,3.0,0.01566,0.01562,1.0,0.8438
stop2a_nicme_tuning,breakhis_balanced_prototype,vit,google/vit-base-patch16-224-in21k,nicme_hybrid,argmax,0.05,0.25,malignant,"[""benign"", ""malignant""]","[[0.0, 1.0], [10.0, 0.0]]",0.97,0.85,accuracy,0.953125,False,True,False,0.01875,0.1875,0.96875,0.03125,0.9393939393939394,0.0625,0.953125,0.953125,0.9531135531135531,0.01875625,0.95703125,0.9709119862153615,0.5909394148753472,0.39876051324629036,0.39330118428915745,,"[[30, 2], [1, 31]]",stop2a_tune_breakhis_balanced_prototype_vit_hybrid_s0.05_l0.25_04-28_06-57,results/vit_test/stop2a_tune_breakhis_balanced_prototype_vit_hybrid_s0.05_l0.25_04-28_06-57/metrics_20260428_065748_nicme_hybrid.json,results/stop2a_nicme_tuning/configs/057_stop2a_tune_breakhis_balanced_prototype_vit_hybrid_s0.05_l0.25.json,36.28485608100891,0.01406,0.01406,1.0,0.0,0.8594,0.8594,3.0,0.01566,0.01562,1.0,0.8438
stop2a_nicme_tuning,breakhis_balanced_prototype,vit,google/vit-base-patch16-224-in21k,nicme_hybrid,calibrated_cost_min,0.05,0.25,malignant,"[""benign"", ""malignant""]","[[0.0, 1.0], [10.0, 0.0]]",0.97,0.85,accuracy,0.5,True,False,False,0.05,0.5,1.0,0.0,0.5,1.0,0.5,0.5,0.3333333333333333,0.1725,0.95703125,0.9709119862153615,0.5071938723696697,0.3200628203293202,0.33681997107030504,0.5,"[[0, 32], [0, 32]]",stop2a_tune_breakhis_balanced_prototype_vit_hybrid_s0.05_l0.25_04-28_06-57,results/vit_test/stop2a_tune_breakhis_balanced_prototype_vit_hybrid_s0.05_l0.25_04-28_06-57/metrics_20260428_065748_nicme_hybrid.json,results/stop2a_nicme_tuning/configs/057_stop2a_tune_breakhis_balanced_prototype_vit_hybrid_s0.05_l0.25.json,36.28485608100891,0.01406,0.01406,1.0,0.0,0.8594,0.8594,3.0,0.01566,0.01562,1.0,0.8438
stop2a_nicme_tuning,breakhis_balanced_prototype,vit,google/vit-base-patch16-224-in21k,nicme_hybrid,argmax,0.1,0.1,malignant,"[""benign"", ""malignant""]","[[0.0, 1.0], [10.0, 0.0]]",0.97,0.85,accuracy,0.953125,False,True,False,0.01875,0.1875,0.96875,0.03125,0.9393939393939394,0.0625,0.953125,0.953125,0.9531135531135531,0.01875625,0.9580078125,0.970357677515561,0.6029658571699885,0.4105216623007648,0.40056399721652264,,"[[30, 2], [1, 31]]",stop2a_tune_breakhis_balanced_prototype_vit_hybrid_s0.1_l0.1_04-28_06-58,results/vit_test/stop2a_tune_breakhis_balanced_prototype_vit_hybrid_s0.1_l0.1_04-28_06-58/metrics_20260428_065824_nicme_hybrid.json,results/stop2a_nicme_tuning/configs/058_stop2a_tune_breakhis_balanced_prototype_vit_hybrid_s0.1_l0.1.json,35.54741311073303,0.01406,0.01406,1.0,0.0,0.8594,0.8594,3.0,0.01566,0.01562,1.0,0.8438
stop2a_nicme_tuning,breakhis_balanced_prototype,vit,google/vit-base-patch16-224-in21k,nicme_hybrid,calibrated_cost_min,0.1,0.1,malignant,"[""benign"", ""malignant""]","[[0.0, 1.0], [10.0, 0.0]]",0.97,0.85,accuracy,0.5,True,False,False,0.05,0.5,1.0,0.0,0.5,1.0,0.5,0.5,0.3333333333333333,0.1725,0.9580078125,0.970357677515561,0.5274003976514667,0.33876081162334276,0.3504079802982589,0.5,"[[0, 32], [0, 32]]",stop2a_tune_breakhis_balanced_prototype_vit_hybrid_s0.1_l0.1_04-28_06-58,results/vit_test/stop2a_tune_breakhis_balanced_prototype_vit_hybrid_s0.1_l0.1_04-28_06-58/metrics_20260428_065824_nicme_hybrid.json,results/stop2a_nicme_tuning/configs/058_stop2a_tune_breakhis_balanced_prototype_vit_hybrid_s0.1_l0.1.json,35.54741311073303,0.01406,0.01406,1.0,0.0,0.8594,0.8594,3.0,0.01566,0.01562,1.0,0.8438
stop2a_nicme_tuning,breakhis_balanced_prototype,vit,google/vit-base-patch16-224-in21k,nicme_hybrid,argmax,0.1,0.25,malignant,"[""benign"", ""malignant""]","[[0.0, 1.0], [10.0, 0.0]]",0.97,0.85,accuracy,0.953125,False,True,False,0.01875,0.1875,0.96875,0.03125,0.9393939393939394,0.0625,0.953125,0.953125,0.9531135531135531,0.01875625,0.95703125,0.9709119862153615,0.5912307325306811,0.3990383303750951,0.3934907810762525,,"[[30, 2], [1, 31]]",stop2a_tune_breakhis_balanced_prototype_vit_hybrid_s0.1_l0.25_04-28_06-58,results/vit_test/stop2a_tune_breakhis_balanced_prototype_vit_hybrid_s0.1_l0.25_04-28_06-58/metrics_20260428_065900_nicme_hybrid.json,results/stop2a_nicme_tuning/configs/059_stop2a_tune_breakhis_balanced_prototype_vit_hybrid_s0.1_l0.25.json,36.26115322113037,0.01406,0.01406,1.0,0.0,0.8594,0.8594,3.0,0.01406,0.01406,1.0,0.8594
stop2a_nicme_tuning,breakhis_balanced_prototype,vit,google/vit-base-patch16-224-in21k,nicme_hybrid,calibrated_cost_min,0.1,0.25,malignant,"[""benign"", ""malignant""]","[[0.0, 1.0], [10.0, 0.0]]",0.97,0.85,accuracy,0.5,True,False,False,0.05,0.5,1.0,0.0,0.5,1.0,0.5,0.5,0.3333333333333333,0.1725,0.95703125,0.9709119862153615,0.507634859830361,0.3204341547565719,0.3371531271987908,0.5,"[[0, 32], [0, 32]]",stop2a_tune_breakhis_balanced_prototype_vit_hybrid_s0.1_l0.25_04-28_06-58,results/vit_test/stop2a_tune_breakhis_balanced_prototype_vit_hybrid_s0.1_l0.25_04-28_06-58/metrics_20260428_065900_nicme_hybrid.json,results/stop2a_nicme_tuning/configs/059_stop2a_tune_breakhis_balanced_prototype_vit_hybrid_s0.1_l0.25.json,36.26115322113037,0.01406,0.01406,1.0,0.0,0.8594,0.8594,3.0,0.01406,0.01406,1.0,0.8594
stop2a_nicme_tuning,breakhis_balanced_prototype,vit,google/vit-base-patch16-224-in21k,nicme_hybrid,argmax,0.2,0.25,malignant,"[""benign"", ""malignant""]","[[0.0, 1.0], [10.0, 0.0]]",0.97,0.85,accuracy,0.953125,False,True,False,0.01875,0.1875,0.96875,0.03125,0.9393939393939394,0.0625,0.953125,0.953125,0.9531135531135531,0.01875625,0.95703125,0.9709119862153615,0.591057253076988,0.39888017231051687,0.393315153196454,,"[[30, 2], [1, 31]]",stop2a_tune_breakhis_balanced_prototype_vit_hybrid_s0.2_l0.25_04-28_06-59,results/vit_test/stop2a_tune_breakhis_balanced_prototype_vit_hybrid_s0.2_l0.25_04-28_06-59/metrics_20260428_065936_nicme_hybrid.json,results/stop2a_nicme_tuning/configs/060_stop2a_tune_breakhis_balanced_prototype_vit_hybrid_s0.2_l0.25.json,36.42791271209717,0.01406,0.01406,1.0,0.0,0.8594,0.8594,3.0,0.01406,0.01406,1.0,0.8594
stop2a_nicme_tuning,breakhis_balanced_prototype,vit,google/vit-base-patch16-224-in21k,nicme_hybrid,calibrated_cost_min,0.2,0.25,malignant,"[""benign"", ""malignant""]","[[0.0, 1.0], [10.0, 0.0]]",0.97,0.85,accuracy,0.5,True,False,False,0.05,0.5,1.0,0.0,0.5,1.0,0.5,0.5,0.3333333333333333,0.1725,0.95703125,0.9709119862153615,0.5074432744533409,0.32032155546604135,0.3368539995248185,0.5,"[[0, 32], [0, 32]]",stop2a_tune_breakhis_balanced_prototype_vit_hybrid_s0.2_l0.25_04-28_06-59,results/vit_test/stop2a_tune_breakhis_balanced_prototype_vit_hybrid_s0.2_l0.25_04-28_06-59/metrics_20260428_065936_nicme_hybrid.json,results/stop2a_nicme_tuning/configs/060_stop2a_tune_breakhis_balanced_prototype_vit_hybrid_s0.2_l0.25.json,36.42791271209717,0.01406,0.01406,1.0,0.0,0.8594,0.8594,3.0,0.01406,0.01406,1.0,0.8594
stop2a_nicme_tuning,breakhis_balanced_prototype,vit,google/vit-base-patch16-224-in21k,nicme_logit_adjustment,argmax,0.025,0.0,malignant,"[""benign"", ""malignant""]","[[0.0, 1.0], [10.0, 0.0]]",0.97,0.85,accuracy,0.9375,False,True,False,0.0484375,0.484375,0.90625,0.09375,0.9666666666666667,0.03125,0.9375,0.9375,0.9374389051808407,0.06469375,0.9609375,0.9757103930873472,0.46717514342169375,0.28290790551406125,0.2923739142715931,,"[[31, 1], [3, 29]]",stop2a_tune_breakhis_balanced_prototype_vit_logit_s0.025_04-28_06-52,results/vit_test/stop2a_tune_breakhis_balanced_prototype_vit_logit_s0.025_04-28_06-52/metrics_20260428_065259_nicme_logit_adjustment.json,results/stop2a_nicme_tuning/configs/049_stop2a_tune_breakhis_balanced_prototype_vit_logit_s0.025.json,31.701432466506958,0.0125,0.0125,1.0,0.0,0.875,0.875,2.0,0.05002,0.04531,0.9375,0.8281
stop2a_nicme_tuning,breakhis_balanced_prototype,vit,google/vit-base-patch16-224-in21k,nicme_logit_adjustment,calibrated_cost_min,0.025,0.0,malignant,"[""benign"", ""malignant""]","[[0.0, 1.0], [10.0, 0.0]]",0.97,0.85,accuracy,0.5,True,False,False,0.05,0.5,1.0,0.0,0.5,1.0,0.5,0.5,0.3333333333333333,0.1725,0.9609375,0.9757103930873472,0.3340879084234353,0.17898654984973716,0.1884428455786606,0.5,"[[0, 32], [0, 32]]",stop2a_tune_breakhis_balanced_prototype_vit_logit_s0.025_04-28_06-52,results/vit_test/stop2a_tune_breakhis_balanced_prototype_vit_logit_s0.025_04-28_06-52/metrics_20260428_065259_nicme_logit_adjustment.json,results/stop2a_nicme_tuning/configs/049_stop2a_tune_breakhis_balanced_prototype_vit_logit_s0.025.json,31.701432466506958,0.0125,0.0125,1.0,0.0,0.875,0.875,2.0,0.05002,0.04531,0.9375,0.8281
stop2a_nicme_tuning,breakhis_balanced_prototype,vit,google/vit-base-patch16-224-in21k,nicme_logit_adjustment,argmax,0.05,0.0,malignant,"[""benign"", ""malignant""]","[[0.0, 1.0], [10.0, 0.0]]",0.97,0.85,accuracy,0.90625,False,True,False,0.0515625,0.515625,0.90625,0.09375,0.90625,0.09375,0.90625,0.90625,0.90625,0.06781874999999998,0.9609375,0.9745707588772144,0.47865393952006824,0.2936288104260747,0.28814886417239904,,"[[29, 3], [3, 29]]",stop2a_tune_breakhis_balanced_prototype_vit_logit_s0.05_04-28_06-53,results/vit_test/stop2a_tune_breakhis_balanced_prototype_vit_logit_s0.05_04-28_06-53/metrics_20260428_065332_nicme_logit_adjustment.json,results/stop2a_nicme_tuning/configs/050_stop2a_tune_breakhis_balanced_prototype_vit_logit_s0.05.json,32.21714162826538,0.0125,0.0125,1.0,0.0,0.875,0.875,2.0,0.05002,0.04531,0.9375,0.8281
stop2a_nicme_tuning,breakhis_balanced_prototype,vit,google/vit-base-patch16-224-in21k,nicme_logit_adjustment,calibrated_cost_min,0.05,0.0,malignant,"[""benign"", ""malignant""]","[[0.0, 1.0], [10.0, 0.0]]",0.97,0.85,accuracy,0.5,True,False,False,0.05,0.5,1.0,0.0,0.5,1.0,0.5,0.5,0.3333333333333333,0.1725,0.9609375,0.9745707588772144,0.34754694603712,0.18970079081667052,0.18264535190632164,0.5,"[[0, 32], [0, 32]]",stop2a_tune_breakhis_balanced_prototype_vit_logit_s0.05_04-28_06-53,results/vit_test/stop2a_tune_breakhis_balanced_prototype_vit_logit_s0.05_04-28_06-53/metrics_20260428_065332_nicme_logit_adjustment.json,results/stop2a_nicme_tuning/configs/050_stop2a_tune_breakhis_balanced_prototype_vit_logit_s0.05.json,32.21714162826538,0.0125,0.0125,1.0,0.0,0.875,0.875,2.0,0.05002,0.04531,0.9375,0.8281
stop2a_nicme_tuning,breakhis_balanced_prototype,vit,google/vit-base-patch16-224-in21k,nicme_logit_adjustment,argmax,0.1,0.0,malignant,"[""benign"", ""malignant""]","[[0.0, 1.0], [10.0, 0.0]]",0.97,0.85,accuracy,0.953125,False,True,False,0.0328125,0.328125,0.9375,0.0625,0.967741935483871,0.03125,0.953125,0.953125,0.9531135531135531,0.037037499999999994,0.9755859375,0.9823935198018087,0.37956924320538415,0.208618626937086,0.24907108396291733,,"[[31, 1], [2, 30]]",stop2a_tune_breakhis_balanced_prototype_vit_logit_s0.1_04-28_06-54,results/vit_test/stop2a_tune_breakhis_balanced_prototype_vit_logit_s0.1_04-28_06-54/metrics_20260428_065408_nicme_logit_adjustment.json,results/stop2a_nicme_tuning/configs/051_stop2a_tune_breakhis_balanced_prototype_vit_logit_s0.1.json,36.57017779350281,0.01406,0.01406,1.0,0.0,0.8594,0.8594,3.0,0.05548,0.04844,0.9375,0.7969
stop2a_nicme_tuning,breakhis_balanced_prototype,vit,google/vit-base-patch16-224-in21k,nicme_logit_adjustment,calibrated_cost_min,0.1,0.0,malignant,"[""benign"", ""malignant""]","[[0.0, 1.0], [10.0, 0.0]]",0.97,0.85,accuracy,0.5,True,False,False,0.05,0.5,1.0,0.0,0.5,1.0,0.5,0.5,0.3333333333333333,0.1725,0.9755859375,0.9823935198018087,0.23600918849066788,0.11741770434929848,0.1337746743877275,0.5,"[[0, 32], [0, 32]]",stop2a_tune_breakhis_balanced_prototype_vit_logit_s0.1_04-28_06-54,results/vit_test/stop2a_tune_breakhis_balanced_prototype_vit_logit_s0.1_04-28_06-54/metrics_20260428_065408_nicme_logit_adjustment.json,results/stop2a_nicme_tuning/configs/051_stop2a_tune_breakhis_balanced_prototype_vit_logit_s0.1.json,36.57017779350281,0.01406,0.01406,1.0,0.0,0.8594,0.8594,3.0,0.05548,0.04844,0.9375,0.7969
stop2a_nicme_tuning,breakhis_balanced_prototype,vit,google/vit-base-patch16-224-in21k,nicme_logit_adjustment,argmax,0.2,0.0,malignant,"[""benign"", ""malignant""]","[[0.0, 1.0], [10.0, 0.0]]",0.97,0.85,accuracy,0.9375,False,True,False,0.0484375,0.484375,0.90625,0.09375,0.9666666666666667,0.03125,0.9375,0.9375,0.9374389051808407,0.06469375,0.9755859375,0.9828332895658263,0.4210079418953614,0.24274872027251843,0.265287347137928,,"[[31, 1], [3, 29]]",stop2a_tune_breakhis_balanced_prototype_vit_logit_s0.2_04-28_06-54,results/vit_test/stop2a_tune_breakhis_balanced_prototype_vit_logit_s0.2_04-28_06-54/metrics_20260428_065445_nicme_logit_adjustment.json,results/stop2a_nicme_tuning/configs/052_stop2a_tune_breakhis_balanced_prototype_vit_logit_s0.2.json,36.693331718444824,0.0125,0.0125,1.0,0.0,0.875,0.875,3.0,0.05251,0.04688,0.9375,0.8125
stop2a_nicme_tuning,breakhis_balanced_prototype,vit,google/vit-base-patch16-224-in21k,nicme_logit_adjustment,calibrated_cost_min,0.2,0.0,malignant,"[""benign"", ""malignant""]","[[0.0, 1.0], [10.0, 0.0]]",0.97,0.85,accuracy,0.5,True,False,False,0.05,0.5,1.0,0.0,0.5,1.0,0.5,0.5,0.3333333333333333,0.1725,0.9755859375,0.9828332895658263,0.27585643250938047,0.13796238988687753,0.15711967119925752,0.5,"[[0, 32], [0, 32]]",stop2a_tune_breakhis_balanced_prototype_vit_logit_s0.2_04-28_06-54,results/vit_test/stop2a_tune_breakhis_balanced_prototype_vit_logit_s0.2_04-28_06-54/metrics_20260428_065445_nicme_logit_adjustment.json,results/stop2a_nicme_tuning/configs/052_stop2a_tune_breakhis_balanced_prototype_vit_logit_s0.2.json,36.693331718444824,0.0125,0.0125,1.0,0.0,0.875,0.875,3.0,0.05251,0.04688,0.9375,0.8125
stop2a_nicme_tuning,breakhis_balanced_prototype,vit,google/vit-base-patch16-224-in21k,nicme_logit_adjustment,argmax,0.35,0.0,malignant,"[""benign"", ""malignant""]","[[0.0, 1.0], [10.0, 0.0]]",0.97,0.85,accuracy,0.890625,False,True,False,0.109375,1.09375,0.78125,0.21875,1.0,0.0,0.890625,0.890625,0.8893007165801828,0.25188124999999995,0.9755859375,0.9822205149250518,0.5265638022263904,0.3379044010873695,0.30735027231276035,,"[[32, 0], [7, 25]]",stop2a_tune_breakhis_balanced_prototype_vit_logit_s0.35_04-28_06-55,results/vit_test/stop2a_tune_breakhis_balanced_prototype_vit_logit_s0.35_04-28_06-55/metrics_20260428_065522_nicme_logit_adjustment.json,results/stop2a_nicme_tuning/configs/053_stop2a_tune_breakhis_balanced_prototype_vit_logit_s0.35.json,37.04954648017883,0.01094,0.01094,1.0,0.0,0.8906,0.8906,3.0,0.05002,0.04531,0.9375,0.8281
stop2a_nicme_tuning,breakhis_balanced_prototype,vit,google/vit-base-patch16-224-in21k,nicme_logit_adjustment,calibrated_cost_min,0.35,0.0,malignant,"[""benign"", ""malignant""]","[[0.0, 1.0], [10.0, 0.0]]",0.97,0.85,accuracy,0.5,True,False,False,0.05,0.5,1.0,0.0,0.5,1.0,0.5,0.5,0.3333333333333333,0.1725,0.9755859375,0.9822205149250518,0.41357594037549616,0.24201287980942304,0.19664647120443562,0.5,"[[0, 32], [0, 32]]",stop2a_tune_breakhis_balanced_prototype_vit_logit_s0.35_04-28_06-55,results/vit_test/stop2a_tune_breakhis_balanced_prototype_vit_logit_s0.35_04-28_06-55/metrics_20260428_065522_nicme_logit_adjustment.json,results/stop2a_nicme_tuning/configs/053_stop2a_tune_breakhis_balanced_prototype_vit_logit_s0.35.json,37.04954648017883,0.01094,0.01094,1.0,0.0,0.8906,0.8906,3.0,0.05002,0.04531,0.9375,0.8281
stop2a_nicme_tuning,breakhis_balanced_prototype,vit,google/vit-base-patch16-224-in21k,nicme_logit_adjustment,argmax,0.5,0.0,malignant,"[""benign"", ""malignant""]","[[0.0, 1.0], [10.0, 0.0]]",0.97,0.85,accuracy,0.921875,False,True,False,0.0640625,0.640625,0.875,0.125,0.9655172413793104,0.03125,0.921875,0.921875,0.921702960606802,0.10016249999999997,0.9658203125,0.9768881696596263,0.5707675821270595,0.37951547046971745,0.350011246278882,,"[[31, 1], [4, 28]]",stop2a_tune_breakhis_balanced_prototype_vit_logit_s0.5_04-28_06-55,results/vit_test/stop2a_tune_breakhis_balanced_prototype_vit_logit_s0.5_04-28_06-55/metrics_20260428_065559_nicme_logit_adjustment.json,results/stop2a_nicme_tuning/configs/054_stop2a_tune_breakhis_balanced_prototype_vit_logit_s0.5.json,36.6846137046814,0.0125,0.0125,1.0,0.0,0.875,0.875,3.0,0.01406,0.01406,1.0,0.8594
stop2a_nicme_tuning,breakhis_balanced_prototype,vit,google/vit-base-patch16-224-in21k,nicme_logit_adjustment,calibrated_cost_min,0.5,0.0,malignant,"[""benign"", ""malignant""]","[[0.0, 1.0], [10.0, 0.0]]",0.97,0.85,accuracy,0.5,True,False,False,0.05,0.5,1.0,0.0,0.5,1.0,0.5,0.5,0.3333333333333333,0.1725,0.9658203125,0.9768881696596263,0.47599300641514547,0.2930320842784699,0.2846063411462699,0.5,"[[0, 32], [0, 32]]",stop2a_tune_breakhis_balanced_prototype_vit_logit_s0.5_04-28_06-55,results/vit_test/stop2a_tune_breakhis_balanced_prototype_vit_logit_s0.5_04-28_06-55/metrics_20260428_065559_nicme_logit_adjustment.json,results/stop2a_nicme_tuning/configs/054_stop2a_tune_breakhis_balanced_prototype_vit_logit_s0.5.json,36.6846137046814,0.0125,0.0125,1.0,0.0,0.875,0.875,3.0,0.01406,0.01406,1.0,0.8594
stop2a_nicme_tuning,spider_balanced_prototype,vit,google/vit-base-patch16-224-in21k,nicme_hybrid,argmax,0.025,0.1,black_widow,"[""black_widow"", ""false_widow""]","[[0.0, 10.0], [1.0, 0.0]]",0.95,0.8,accuracy,0.484375,True,False,False,0.065625,0.65625,0.96875,0.03125,0.49206349206349204,1.0,0.484375,0.484375,0.32631578947368417,0.16524414062500004,0.703125,0.653160683518728,0.6817368170372977,0.48896287304438096,0.12869387026876208,,"[[31, 1], [32, 0]]",stop2a_tune_spider_balanced_prototype_vit_hybrid_s0.025_l0.1_04-28_06-31,results/vit_test/stop2a_tune_spider_balanced_prototype_vit_hybrid_s0.025_l0.1_04-28_06-31/metrics_20260428_063140_nicme_hybrid.json,results/stop2a_nicme_tuning/configs/007_stop2a_tune_spider_balanced_prototype_vit_hybrid_s0.025_l0.1.json,21.046547174453735,0.14,0.05,1.0,0.0,0.5,0.5,1.0,0.1846,0.1078,0.8125,0.7656
stop2a_nicme_tuning,spider_balanced_prototype,vit,google/vit-base-patch16-224-in21k,nicme_hybrid,calibrated_cost_min,0.025,0.1,black_widow,"[""black_widow"", ""false_widow""]","[[0.0, 10.0], [1.0, 0.0]]",0.95,0.8,accuracy,0.5,True,False,False,0.05,0.5,1.0,0.0,0.5,1.0,0.5,0.5,0.3333333333333333,0.14,0.703125,0.653160683518728,0.681736818973761,0.4889628743047276,0.1286938631484011,1.0,"[[32, 0], [32, 0]]",stop2a_tune_spider_balanced_prototype_vit_hybrid_s0.025_l0.1_04-28_06-31,results/vit_test/stop2a_tune_spider_balanced_prototype_vit_hybrid_s0.025_l0.1_04-28_06-31/metrics_20260428_063140_nicme_hybrid.json,results/stop2a_nicme_tuning/configs/007_stop2a_tune_spider_balanced_prototype_vit_hybrid_s0.025_l0.1.json,21.046547174453735,0.14,0.05,1.0,0.0,0.5,0.5,1.0,0.1846,0.1078,0.8125,0.7656
stop2a_nicme_tuning,spider_balanced_prototype,vit,google/vit-base-patch16-224-in21k,nicme_hybrid,argmax,0.05,0.1,black_widow,"[""black_widow"", ""false_widow""]","[[0.0, 10.0], [1.0, 0.0]]",0.95,0.8,accuracy,0.484375,True,False,False,0.065625,0.65625,0.96875,0.03125,0.49206349206349204,1.0,0.484375,0.484375,0.32631578947368417,0.16524414062500004,0.703125,0.653160683518728,0.681737052533401,0.48896312370934003,0.1286948258057237,,"[[31, 1], [32, 0]]",stop2a_tune_spider_balanced_prototype_vit_hybrid_s0.05_l0.1_04-28_06-31,results/vit_test/stop2a_tune_spider_balanced_prototype_vit_hybrid_s0.05_l0.1_04-28_06-31/metrics_20260428_063201_nicme_hybrid.json,results/stop2a_nicme_tuning/configs/008_stop2a_tune_spider_balanced_prototype_vit_hybrid_s0.05_l0.1.json,21.169738292694092,0.14,0.05,1.0,0.0,0.5,0.5,1.0,0.1846,0.1078,0.8125,0.7656
stop2a_nicme_tuning,spider_balanced_prototype,vit,google/vit-base-patch16-224-in21k,nicme_hybrid,calibrated_cost_min,0.05,0.1,black_widow,"[""black_widow"", ""false_widow""]","[[0.0, 10.0], [1.0, 0.0]]",0.95,0.8,accuracy,0.5,True,False,False,0.05,0.5,1.0,0.0,0.5,1.0,0.5,0.5,0.3333333333333333,0.14,0.703125,0.653160683518728,0.6817370525585171,0.48896312482930826,0.1286948221389955,1.0,"[[32, 0], [32, 0]]",stop2a_tune_spider_balanced_prototype_vit_hybrid_s0.05_l0.1_04-28_06-31,results/vit_test/stop2a_tune_spider_balanced_prototype_vit_hybrid_s0.05_l0.1_04-28_06-31/metrics_20260428_063201_nicme_hybrid.json,results/stop2a_nicme_tuning/configs/008_stop2a_tune_spider_balanced_prototype_vit_hybrid_s0.05_l0.1.json,21.169738292694092,0.14,0.05,1.0,0.0,0.5,0.5,1.0,0.1846,0.1078,0.8125,0.7656
stop2a_nicme_tuning,spider_balanced_prototype,vit,google/vit-base-patch16-224-in21k,nicme_hybrid,argmax,0.05,0.25,black_widow,"[""black_widow"", ""false_widow""]","[[0.0, 10.0], [1.0, 0.0]]",0.95,0.8,accuracy,0.78125,False,False,False,0.05,0.5,0.9375,0.0625,0.7142857142857143,0.375,0.78125,0.78125,0.7757757757757757,0.050976562499999996,0.8984375,0.8953634520812176,0.6189190279251362,0.42676060212375494,0.22904841508716342,,"[[30, 2], [12, 20]]",stop2a_tune_spider_balanced_prototype_vit_hybrid_s0.05_l0.25_04-28_06-32,results/vit_test/stop2a_tune_spider_balanced_prototype_vit_hybrid_s0.05_l0.25_04-28_06-32/metrics_20260428_063230_nicme_hybrid.json,results/stop2a_nicme_tuning/configs/009_stop2a_tune_spider_balanced_prototype_vit_hybrid_s0.05_l0.25.json,28.597483158111572,0.07734,0.06719,0.9062,0.09375,0.75,0.75,4.0,0.07734,0.06719,0.9062,0.75
stop2a_nicme_tuning,spider_balanced_prototype,vit,google/vit-base-patch16-224-in21k,nicme_hybrid,calibrated_cost_min,0.05,0.25,black_widow,"[""black_widow"", ""false_widow""]","[[0.0, 10.0], [1.0, 0.0]]",0.95,0.8,accuracy,0.5,True,False,False,0.05,0.5,1.0,0.0,0.5,1.0,0.5,0.5,0.3333333333333333,0.14,0.8984375,0.8953634520812176,0.5616260584538475,0.3739890626223792,0.21896189035277314,0.5,"[[32, 0], [32, 0]]",stop2a_tune_spider_balanced_prototype_vit_hybrid_s0.05_l0.25_04-28_06-32,results/vit_test/stop2a_tune_spider_balanced_prototype_vit_hybrid_s0.05_l0.25_04-28_06-32/metrics_20260428_063230_nicme_hybrid.json,results/stop2a_nicme_tuning/configs/009_stop2a_tune_spider_balanced_prototype_vit_hybrid_s0.05_l0.25.json,28.597483158111572,0.07734,0.06719,0.9062,0.09375,0.75,0.75,4.0,0.07734,0.06719,0.9062,0.75
stop2a_nicme_tuning,spider_balanced_prototype,vit,google/vit-base-patch16-224-in21k,nicme_hybrid,argmax,0.1,0.1,black_widow,"[""black_widow"", ""false_widow""]","[[0.0, 10.0], [1.0, 0.0]]",0.95,0.8,accuracy,0.484375,True,False,False,0.065625,0.65625,0.96875,0.03125,0.49206349206349204,1.0,0.484375,0.484375,0.32631578947368417,0.16524414062500004,0.703125,0.653160683518728,0.6817369483756992,0.48896301462580505,0.1286943089216947,,"[[31, 1], [32, 0]]",stop2a_tune_spider_balanced_prototype_vit_hybrid_s0.1_l0.1_04-28_06-32,results/vit_test/stop2a_tune_spider_balanced_prototype_vit_hybrid_s0.1_l0.1_04-28_06-32/metrics_20260428_063252_nicme_hybrid.json,results/stop2a_nicme_tuning/configs/010_stop2a_tune_spider_balanced_prototype_vit_hybrid_s0.1_l0.1.json,21.89526605606079,0.14,0.05,1.0,0.0,0.5,0.5,1.0,0.1846,0.1078,0.8125,0.7656
stop2a_nicme_tuning,spider_balanced_prototype,vit,google/vit-base-patch16-224-in21k,nicme_hybrid,calibrated_cost_min,0.1,0.1,black_widow,"[""black_widow"", ""false_widow""]","[[0.0, 10.0], [1.0, 0.0]]",0.95,0.8,accuracy,0.5,True,False,False,0.05,0.5,1.0,0.0,0.5,1.0,0.5,0.5,0.3333333333333333,0.14,0.703125,0.653160683518728,0.681736950629116,0.4889630144591021,0.12869430913960503,1.0,"[[32, 0], [32, 0]]",stop2a_tune_spider_balanced_prototype_vit_hybrid_s0.1_l0.1_04-28_06-32,results/vit_test/stop2a_tune_spider_balanced_prototype_vit_hybrid_s0.1_l0.1_04-28_06-32/metrics_20260428_063252_nicme_hybrid.json,results/stop2a_nicme_tuning/configs/010_stop2a_tune_spider_balanced_prototype_vit_hybrid_s0.1_l0.1.json,21.89526605606079,0.14,0.05,1.0,0.0,0.5,0.5,1.0,0.1846,0.1078,0.8125,0.7656
stop2a_nicme_tuning,spider_balanced_prototype,vit,google/vit-base-patch16-224-in21k,nicme_hybrid,argmax,0.1,0.25,black_widow,"[""black_widow"", ""false_widow""]","[[0.0, 10.0], [1.0, 0.0]]",0.95,0.8,accuracy,0.78125,False,False,False,0.05,0.5,0.9375,0.0625,0.7142857142857143,0.375,0.78125,0.78125,0.7757757757757757,0.050976562499999996,0.8994140625,0.8926991454029023,0.6189986660979941,0.4268485866549873,0.22890959400683641,,"[[30, 2], [12, 20]]",stop2a_tune_spider_balanced_prototype_vit_hybrid_s0.1_l0.25_04-28_06-33,results/vit_test/stop2a_tune_spider_balanced_prototype_vit_hybrid_s0.1_l0.25_04-28_06-33/metrics_20260428_063320_nicme_hybrid.json,results/stop2a_nicme_tuning/configs/011_stop2a_tune_spider_balanced_prototype_vit_hybrid_s0.1_l0.25.json,27.985215187072754,0.07734,0.06719,0.9062,0.09375,0.75,0.75,4.0,0.07734,0.06719,0.9062,0.75
stop2a_nicme_tuning,spider_balanced_prototype,vit,google/vit-base-patch16-224-in21k,nicme_hybrid,calibrated_cost_min,0.1,0.25,black_widow,"[""black_widow"", ""false_widow""]","[[0.0, 10.0], [1.0, 0.0]]",0.95,0.8,accuracy,0.5,True,False,False,0.05,0.5,1.0,0.0,0.5,1.0,0.5,0.5,0.3333333333333333,0.14,0.8994140625,0.8926991454029023,0.5618505354930694,0.3742345691104283,0.18014828756551524,0.5,"[[32, 0], [32, 0]]",stop2a_tune_spider_balanced_prototype_vit_hybrid_s0.1_l0.25_04-28_06-33,results/vit_test/stop2a_tune_spider_balanced_prototype_vit_hybrid_s0.1_l0.25_04-28_06-33/metrics_20260428_063320_nicme_hybrid.json,results/stop2a_nicme_tuning/configs/011_stop2a_tune_spider_balanced_prototype_vit_hybrid_s0.1_l0.25.json,27.985215187072754,0.07734,0.06719,0.9062,0.09375,0.75,0.75,4.0,0.07734,0.06719,0.9062,0.75
stop2a_nicme_tuning,spider_balanced_prototype,vit,google/vit-base-patch16-224-in21k,nicme_hybrid,argmax,0.2,0.25,black_widow,"[""black_widow"", ""false_widow""]","[[0.0, 10.0], [1.0, 0.0]]",0.95,0.8,accuracy,0.765625,False,False,False,0.0515625,0.515625,0.9375,0.0625,0.6976744186046512,0.40625,0.765625,0.765625,0.7584905660377359,0.05336914062499999,0.9013671875,0.8983814380280404,0.6204613857730309,0.42832326052387576,0.2129687592387199,,"[[30, 2], [13, 19]]",stop2a_tune_spider_balanced_prototype_vit_hybrid_s0.2_l0.25_04-28_06-33,results/vit_test/stop2a_tune_spider_balanced_prototype_vit_hybrid_s0.2_l0.25_04-28_06-33/metrics_20260428_063347_nicme_hybrid.json,results/stop2a_nicme_tuning/configs/012_stop2a_tune_spider_balanced_prototype_vit_hybrid_s0.2_l0.25.json,27.631856203079224,0.05337,0.05156,0.9375,0.0625,0.7656,0.7656,4.0,0.05337,0.05156,0.9375,0.7656
stop2a_nicme_tuning,spider_balanced_prototype,vit,google/vit-base-patch16-224-in21k,nicme_hybrid,calibrated_cost_min,0.2,0.25,black_widow,"[""black_widow"", ""false_widow""]","[[0.0, 10.0], [1.0, 0.0]]",0.95,0.8,accuracy,0.5,True,False,False,0.05,0.5,1.0,0.0,0.5,1.0,0.5,0.5,0.3333333333333333,0.14,0.9013671875,0.8983814380280404,0.5649585056529116,0.37736092926537257,0.1893523097889054,0.5,"[[32, 0], [32, 0]]",stop2a_tune_spider_balanced_prototype_vit_hybrid_s0.2_l0.25_04-28_06-33,results/vit_test/stop2a_tune_spider_balanced_prototype_vit_hybrid_s0.2_l0.25_04-28_06-33/metrics_20260428_063347_nicme_hybrid.json,results/stop2a_nicme_tuning/configs/012_stop2a_tune_spider_balanced_prototype_vit_hybrid_s0.2_l0.25.json,27.631856203079224,0.05337,0.05156,0.9375,0.0625,0.7656,0.7656,4.0,0.05337,0.05156,0.9375,0.7656
stop2a_nicme_tuning,spider_balanced_prototype,vit,google/vit-base-patch16-224-in21k,nicme_logit_adjustment,argmax,0.025,0.0,black_widow,"[""black_widow"", ""false_widow""]","[[0.0, 10.0], [1.0, 0.0]]",0.95,0.8,accuracy,0.84375,False,True,False,0.0859375,0.859375,0.84375,0.15625,0.84375,0.15625,0.84375,0.84375,0.84375,0.13109374999999995,0.9384765625,0.9540839739654394,0.48566453486147837,0.3023736067569981,0.25754980370402336,,"[[27, 5], [5, 27]]",stop2a_tune_spider_balanced_prototype_vit_logit_s0.025_04-28_06-29,results/vit_test/stop2a_tune_spider_balanced_prototype_vit_logit_s0.025_04-28_06-29/metrics_20260428_062918_nicme_logit_adjustment.json,results/stop2a_nicme_tuning/configs/001_stop2a_tune_spider_balanced_prototype_vit_logit_s0.025.json,28.911895036697388,0.1772,0.1016,0.8125,0.1875,0.8281,0.8281,4.0,0.1772,0.1016,0.8125,0.8281
stop2a_nicme_tuning,spider_balanced_prototype,vit,google/vit-base-patch16-224-in21k,nicme_logit_adjustment,calibrated_cost_min,0.025,0.0,black_widow,"[""black_widow"", ""false_widow""]","[[0.0, 10.0], [1.0, 0.0]]",0.95,0.8,accuracy,0.5,True,False,False,0.05,0.5,1.0,0.0,0.5,1.0,0.5,0.5,0.3333333333333333,0.14,0.9384765625,0.9540839739654394,0.37405365729171197,0.21987164203631623,0.1366850310198051,0.5,"[[32, 0], [32, 0]]",stop2a_tune_spider_balanced_prototype_vit_logit_s0.025_04-28_06-29,results/vit_test/stop2a_tune_spider_balanced_prototype_vit_logit_s0.025_04-28_06-29/metrics_20260428_062918_nicme_logit_adjustment.json,results/stop2a_nicme_tuning/configs/001_stop2a_tune_spider_balanced_prototype_vit_logit_s0.025.json,28.911895036697388,0.1772,0.1016,0.8125,0.1875,0.8281,0.8281,4.0,0.1772,0.1016,0.8125,0.8281
stop2a_nicme_tuning,spider_balanced_prototype,vit,google/vit-base-patch16-224-in21k,nicme_logit_adjustment,argmax,0.05,0.0,black_widow,"[""black_widow"", ""false_widow""]","[[0.0, 10.0], [1.0, 0.0]]",0.95,0.8,accuracy,0.84375,False,True,False,0.0859375,0.859375,0.84375,0.15625,0.84375,0.15625,0.84375,0.84375,0.84375,0.13109374999999995,0.9423828125,0.956203458406981,0.495232792382287,0.31067371283460576,0.23602187260985374,,"[[27, 5], [5, 27]]",stop2a_tune_spider_balanced_prototype_vit_logit_s0.05_04-28_06-29,results/vit_test/stop2a_tune_spider_balanced_prototype_vit_logit_s0.05_04-28_06-29/metrics_20260428_062946_nicme_logit_adjustment.json,results/stop2a_nicme_tuning/configs/002_stop2a_tune_spider_balanced_prototype_vit_logit_s0.05.json,28.245666980743408,0.1787,0.1031,0.8125,0.1875,0.8125,0.8125,4.0,0.1787,0.1031,0.8125,0.8125
stop2a_nicme_tuning,spider_balanced_prototype,vit,google/vit-base-patch16-224-in21k,nicme_logit_adjustment,calibrated_cost_min,0.05,0.0,black_widow,"[""black_widow"", ""false_widow""]","[[0.0, 10.0], [1.0, 0.0]]",0.95,0.8,accuracy,0.5,True,False,False,0.05,0.5,1.0,0.0,0.5,1.0,0.5,0.5,0.3333333333333333,0.14,0.9423828125,0.956203458406981,0.3849691726479689,0.22700624515025108,0.13763114108487498,0.5,"[[32, 0], [32, 0]]",stop2a_tune_spider_balanced_prototype_vit_logit_s0.05_04-28_06-29,results/vit_test/stop2a_tune_spider_balanced_prototype_vit_logit_s0.05_04-28_06-29/metrics_20260428_062946_nicme_logit_adjustment.json,results/stop2a_nicme_tuning/configs/002_stop2a_tune_spider_balanced_prototype_vit_logit_s0.05.json,28.245666980743408,0.1787,0.1031,0.8125,0.1875,0.8125,0.8125,4.0,0.1787,0.1031,0.8125,0.8125
stop2a_nicme_tuning,spider_balanced_prototype,vit,google/vit-base-patch16-224-in21k,nicme_logit_adjustment,argmax,0.1,0.0,black_widow,"[""black_widow"", ""false_widow""]","[[0.0, 10.0], [1.0, 0.0]]",0.95,0.8,accuracy,0.734375,False,False,False,0.0546875,0.546875,0.9375,0.0625,0.6666666666666666,0.46875,0.734375,0.734375,0.722943722943723,0.059619140625,0.8515625,0.8206974809428464,0.6495115234660993,0.4567744321376731,0.1977098230272532,,"[[30, 2], [15, 17]]",stop2a_tune_spider_balanced_prototype_vit_logit_s0.1_04-28_06-30,results/vit_test/stop2a_tune_spider_balanced_prototype_vit_logit_s0.1_04-28_06-30/metrics_20260428_063008_nicme_logit_adjustment.json,results/stop2a_nicme_tuning/configs/003_stop2a_tune_spider_balanced_prototype_vit_logit_s0.1.json,21.686848878860474,0.09907,0.075,0.9062,0.09375,0.6719,0.6719,1.0,0.2295,0.1156,0.7812,0.8281
stop2a_nicme_tuning,spider_balanced_prototype,vit,google/vit-base-patch16-224-in21k,nicme_logit_adjustment,calibrated_cost_min,0.1,0.0,black_widow,"[""black_widow"", ""false_widow""]","[[0.0, 10.0], [1.0, 0.0]]",0.95,0.8,accuracy,0.5,True,False,False,0.05,0.5,1.0,0.0,0.5,1.0,0.5,0.5,0.3333333333333333,0.14,0.8515625,0.8206974809428464,0.6149542294351147,0.4243372762440325,0.16253909531723368,0.5,"[[32, 0], [32, 0]]",stop2a_tune_spider_balanced_prototype_vit_logit_s0.1_04-28_06-30,results/vit_test/stop2a_tune_spider_balanced_prototype_vit_logit_s0.1_04-28_06-30/metrics_20260428_063008_nicme_logit_adjustment.json,results/stop2a_nicme_tuning/configs/003_stop2a_tune_spider_balanced_prototype_vit_logit_s0.1.json,21.686848878860474,0.09907,0.075,0.9062,0.09375,0.6719,0.6719,1.0,0.2295,0.1156,0.7812,0.8281
stop2a_nicme_tuning,spider_balanced_prototype,vit,google/vit-base-patch16-224-in21k,nicme_logit_adjustment,argmax,0.2,0.0,black_widow,"[""black_widow"", ""false_widow""]","[[0.0, 10.0], [1.0, 0.0]]",0.95,0.8,accuracy,0.53125,False,False,False,0.075,0.75,0.9375,0.0625,0.5172413793103449,0.875,0.53125,0.53125,0.4385964912280702,0.14785156250000003,0.818359375,0.7696989891470547,0.6601872737489471,0.46751726941496835,0.1890318188816309,,"[[30, 2], [28, 4]]",stop2a_tune_spider_balanced_prototype_vit_logit_s0.2_04-28_06-30,results/vit_test/stop2a_tune_spider_balanced_prototype_vit_logit_s0.2_04-28_06-30/metrics_20260428_063028_nicme_logit_adjustment.json,results/stop2a_nicme_tuning/configs/004_stop2a_tune_spider_balanced_prototype_vit_logit_s0.2.json,20.778863191604614,0.1234,0.05937,0.9688,0.03125,0.5469,0.5469,1.0,0.237,0.1219,0.7812,0.7656
stop2a_nicme_tuning,spider_balanced_prototype,vit,google/vit-base-patch16-224-in21k,nicme_logit_adjustment,calibrated_cost_min,0.2,0.0,black_widow,"[""black_widow"", ""false_widow""]","[[0.0, 10.0], [1.0, 0.0]]",0.95,0.8,accuracy,0.5,True,False,False,0.05,0.5,1.0,0.0,0.5,1.0,0.5,0.5,0.3333333333333333,0.14,0.818359375,0.7696989891470547,0.6391208322652513,0.4487881096996632,0.16780004768702594,0.5,"[[32, 0], [32, 0]]",stop2a_tune_spider_balanced_prototype_vit_logit_s0.2_04-28_06-30,results/vit_test/stop2a_tune_spider_balanced_prototype_vit_logit_s0.2_04-28_06-30/metrics_20260428_063028_nicme_logit_adjustment.json,results/stop2a_nicme_tuning/configs/004_stop2a_tune_spider_balanced_prototype_vit_logit_s0.2.json,20.778863191604614,0.1234,0.05937,0.9688,0.03125,0.5469,0.5469,1.0,0.237,0.1219,0.7812,0.7656
stop2a_nicme_tuning,spider_balanced_prototype,vit,google/vit-base-patch16-224-in21k,nicme_logit_adjustment,argmax,0.35,0.0,black_widow,"[""black_widow"", ""false_widow""]","[[0.0, 10.0], [1.0, 0.0]]",0.95,0.8,accuracy,0.515625,True,False,False,0.0625,0.625,0.96875,0.03125,0.5081967213114754,0.9375,0.515625,0.515625,0.39047619047619053,0.14336914062500003,0.7822265625,0.7203957888139055,0.6692050884545496,0.4765341586833335,0.11510909162461755,,"[[31, 1], [30, 2]]",stop2a_tune_spider_balanced_prototype_vit_logit_s0.35_04-28_06-30,results/vit_test/stop2a_tune_spider_balanced_prototype_vit_logit_s0.35_04-28_06-30/metrics_20260428_063050_nicme_logit_adjustment.json,results/stop2a_nicme_tuning/configs/005_stop2a_tune_spider_balanced_prototype_vit_logit_s0.35.json,21.66596293449402,0.14,0.05,1.0,0.0,0.5,0.5,1.0,0.1822,0.1062,0.8125,0.7812
stop2a_nicme_tuning,spider_balanced_prototype,vit,google/vit-base-patch16-224-in21k,nicme_logit_adjustment,calibrated_cost_min,0.35,0.0,black_widow,"[""black_widow"", ""false_widow""]","[[0.0, 10.0], [1.0, 0.0]]",0.95,0.8,accuracy,0.5,True,False,False,0.05,0.5,1.0,0.0,0.5,1.0,0.5,0.5,0.3333333333333333,0.14,0.7822265625,0.7203957888139055,0.6604399212741043,0.4694201933793373,0.13392164753215127,0.55,"[[32, 0], [32, 0]]",stop2a_tune_spider_balanced_prototype_vit_logit_s0.35_04-28_06-30,results/vit_test/stop2a_tune_spider_balanced_prototype_vit_logit_s0.35_04-28_06-30/metrics_20260428_063050_nicme_logit_adjustment.json,results/stop2a_nicme_tuning/configs/005_stop2a_tune_spider_balanced_prototype_vit_logit_s0.35.json,21.66596293449402,0.14,0.05,1.0,0.0,0.5,0.5,1.0,0.1822,0.1062,0.8125,0.7812
stop2a_nicme_tuning,spider_balanced_prototype,vit,google/vit-base-patch16-224-in21k,nicme_logit_adjustment,argmax,0.5,0.0,black_widow,"[""black_widow"", ""false_widow""]","[[0.0, 10.0], [1.0, 0.0]]",0.95,0.8,accuracy,0.796875,False,False,False,0.0484375,0.484375,0.9375,0.0625,0.7317073170731707,0.34375,0.796875,0.796875,0.7927770859277707,0.04907226562499999,0.9052734375,0.9120255159649209,0.5942216897632482,0.40309766079377346,0.22584932576864952,,"[[30, 2], [11, 21]]",stop2a_tune_spider_balanced_prototype_vit_logit_s0.5_04-28_06-31,results/vit_test/stop2a_tune_spider_balanced_prototype_vit_logit_s0.5_04-28_06-31/metrics_20260428_063119_nicme_logit_adjustment.json,results/stop2a_nicme_tuning/configs/006_stop2a_tune_spider_balanced_prototype_vit_logit_s0.5.json,28.676807403564453,0.07207,0.06406,0.9062,0.09375,0.7812,0.7812,5.0,0.07207,0.06406,0.9062,0.7812
stop2a_nicme_tuning,spider_balanced_prototype,vit,google/vit-base-patch16-224-in21k,nicme_logit_adjustment,calibrated_cost_min,0.5,0.0,black_widow,"[""black_widow"", ""false_widow""]","[[0.0, 10.0], [1.0, 0.0]]",0.95,0.8,accuracy,0.5,True,False,False,0.05,0.5,1.0,0.0,0.5,1.0,0.5,0.5,0.3333333333333333,0.14,0.9052734375,0.9120255159649209,0.5248152309745227,0.34192961137306177,0.1827743771851437,0.5,"[[32, 0], [32, 0]]",stop2a_tune_spider_balanced_prototype_vit_logit_s0.5_04-28_06-31,results/vit_test/stop2a_tune_spider_balanced_prototype_vit_logit_s0.5_04-28_06-31/metrics_20260428_063119_nicme_logit_adjustment.json,results/stop2a_nicme_tuning/configs/006_stop2a_tune_spider_balanced_prototype_vit_logit_s0.5.json,28.676807403564453,0.07207,0.06406,0.9062,0.09375,0.7812,0.7812,5.0,0.07207,0.06406,0.9062,0.7812
