dataset,model_family,model_checkpoint,method,decision_mode,class_order,target_class,cost_matrix_C_true_pred,cost_matrix_meaning,target_recall_floor,accuracy_floor,accuracy_floor_metric,normalized_atc,atc,target_recall,target_fnr,target_precision,target_fpr,accuracy,balanced_accuracy,macro_f1,selection_score,auroc,auprc,nll,brier,ece,temperature,calibration_nll_before,calibration_nll_after,confusion_matrix_rows_true_cols_pred,run,metrics_file,config_file,phase,nicme_logit_cost_scale,cs_lambda,class_names,floor_accuracy_value,target_recall_floor_met,accuracy_floor_met,all_floors_met,confusion_matrix,elapsed_seconds,best_val_selection_score,best_val_normalized_atc,best_val_target_recall,best_val_target_fnr,best_val_accuracy,best_val_balanced_accuracy,best_val_epoch,last_val_selection_score,last_val_normalized_atc,last_val_target_recall,last_val_accuracy,tag,threshold,calibration_selection_score,calibration_target_recall,calibration_accuracy,calibration_normalized_atc
spider_balanced_prototype,convnext,facebook/convnext-tiny-224,ce,argmax,black_widow / false_widow,black_widow,"[[0.0, 10.0], [1.0, 0.0]]",C[black_widow][false_widow]=10; C[false_widow][black_widow]=1,0.95,0.8,accuracy,0.178125,1.78125,0.65625,0.34375,0.84,0.125,0.765625,0.765625,0.7627872498146775,0.524462890625,0.87109375,0.8851347237138796,0.5868383118252631,0.3967136578489239,0.1712544290348886,,,,"[[21, 11], [4, 28]]",stop2_prototype_spider_balanced_prototype_convnext_ce_04-28_05-23,results/convnext_test/stop2_prototype_spider_balanced_prototype_convnext_ce_04-28_05-23/metrics_20260428_052331_ce.json,results/stop2_prototype/configs/stop2_prototype_spider_balanced_prototype_convnext_ce.json,stop2,,,,,,,,,,,,,,,,,,,,,,,,,,
spider_balanced_prototype,convnext,facebook/convnext-tiny-224,ce,calibrated_cost_min,black_widow / false_widow,black_widow,"[[0.0, 10.0], [1.0, 0.0]]",C[black_widow][false_widow]=10; C[false_widow][black_widow]=1,0.95,0.8,accuracy,0.05,0.5,1.0,0.0,0.5,1.0,0.5,0.5,0.3333333333333333,0.14,0.87109375,0.8851347237138796,0.5254547462305148,0.3466048952642041,0.1181357512238061,0.5,0.5718879770830372,0.4919374430266504,"[[32, 0], [32, 0]]",stop2_prototype_spider_balanced_prototype_convnext_ce_04-28_05-23,results/convnext_test/stop2_prototype_spider_balanced_prototype_convnext_ce_04-28_05-23/metrics_20260428_052331_ce.json,results/stop2_prototype/configs/stop2_prototype_spider_balanced_prototype_convnext_ce.json,stop2,,,,,,,,,,,,,,,,,,,,,,,,,,
spider_balanced_prototype,convnext,facebook/convnext-tiny-224,ce_calibrated_cost_min,argmax,black_widow / false_widow,black_widow,"[[0.0, 10.0], [1.0, 0.0]]",C[black_widow][false_widow]=10; C[false_widow][black_widow]=1,0.95,0.8,accuracy,0.178125,1.78125,0.65625,0.34375,0.84,0.125,0.765625,0.765625,0.7627872498146775,0.524462890625,0.87109375,0.8851347237138796,0.5868373617007066,0.3967128629887574,0.1712539196014404,,,,"[[21, 11], [4, 28]]",stop2_prototype_spider_balanced_prototype_convnext_ce_calibrated_cost_min_04-28_05-23,results/convnext_test/stop2_prototype_spider_balanced_prototype_convnext_ce_calibrated_cost_min_04-28_05-23/metrics_20260428_052357_ce_calibrated_cost_min.json,results/stop2_prototype/configs/stop2_prototype_spider_balanced_prototype_convnext_ce_calibrated_cost_min.json,stop2,,,,,,,,,,,,,,,,,,,,,,,,,,
spider_balanced_prototype,convnext,facebook/convnext-tiny-224,ce_calibrated_cost_min,calibrated_cost_min,black_widow / false_widow,black_widow,"[[0.0, 10.0], [1.0, 0.0]]",C[black_widow][false_widow]=10; C[false_widow][black_widow]=1,0.95,0.8,accuracy,0.05,0.5,1.0,0.0,0.5,1.0,0.5,0.5,0.3333333333333333,0.14,0.87109375,0.8851347237138796,0.5254538457334281,0.3466045533573079,0.1181337177443253,0.5,0.5718866928137349,0.4919349066371976,"[[32, 0], [32, 0]]",stop2_prototype_spider_balanced_prototype_convnext_ce_calibrated_cost_min_04-28_05-23,results/convnext_test/stop2_prototype_spider_balanced_prototype_convnext_ce_calibrated_cost_min_04-28_05-23/metrics_20260428_052357_ce_calibrated_cost_min.json,results/stop2_prototype/configs/stop2_prototype_spider_balanced_prototype_convnext_ce_calibrated_cost_min.json,stop2,,,,,,,,,,,,,,,,,,,,,,,,,,
spider_balanced_prototype,convnext,facebook/convnext-tiny-224,menon_logit_adjusted,argmax,black_widow / false_widow,black_widow,"[[0.0, 10.0], [1.0, 0.0]]",C[black_widow][false_widow]=10; C[false_widow][black_widow]=1,0.95,0.8,accuracy,0.178125,1.78125,0.65625,0.34375,0.84,0.125,0.765625,0.765625,0.7627872498146775,0.524462890625,0.87109375,0.8851347237138796,0.5868383846036009,0.3967137842156287,0.1712534241378307,,,,"[[21, 11], [4, 28]]",stop2_prototype_spider_balanced_prototype_convnext_menon_logit_adjusted_04-28_05-24,results/convnext_test/stop2_prototype_spider_balanced_prototype_convnext_menon_logit_adjusted_04-28_05-24/metrics_20260428_052424_menon_logit_adjusted.json,results/stop2_prototype/configs/stop2_prototype_spider_balanced_prototype_convnext_menon_logit_adjusted.json,stop2,,,,,,,,,,,,,,,,,,,,,,,,,,
spider_balanced_prototype,convnext,facebook/convnext-tiny-224,menon_logit_adjusted,calibrated_cost_min,black_widow / false_widow,black_widow,"[[0.0, 10.0], [1.0, 0.0]]",C[black_widow][false_widow]=10; C[false_widow][black_widow]=1,0.95,0.8,accuracy,0.05,0.5,1.0,0.0,0.5,1.0,0.5,0.5,0.3333333333333333,0.14,0.87109375,0.8851347237138796,0.525455796936354,0.3466062205460415,0.1181330668910496,0.5,0.5718875432764146,0.4919372651878104,"[[32, 0], [32, 0]]",stop2_prototype_spider_balanced_prototype_convnext_menon_logit_adjusted_04-28_05-24,results/convnext_test/stop2_prototype_spider_balanced_prototype_convnext_menon_logit_adjusted_04-28_05-24/metrics_20260428_052424_menon_logit_adjusted.json,results/stop2_prototype/configs/stop2_prototype_spider_balanced_prototype_convnext_menon_logit_adjusted.json,stop2,,,,,,,,,,,,,,,,,,,,,,,,,,
spider_balanced_prototype,convnext,facebook/convnext-tiny-224,nicme_hybrid,argmax,black_widow / false_widow,black_widow,"[[0.0, 10.0], [1.0, 0.0]]",C[black_widow][false_widow]=10; C[false_widow][black_widow]=1,0.95,0.8,accuracy,0.05,0.5,1.0,0.0,0.5,1.0,0.5,0.5,0.3333333333333333,0.14,0.5947265625,0.5445562405047908,0.7612775798910314,0.5639962585040059,0.2371517019346357,,,,"[[32, 0], [32, 0]]",stop2_prototype_spider_balanced_prototype_convnext_nicme_hybrid_04-28_05-24,results/convnext_test/stop2_prototype_spider_balanced_prototype_convnext_nicme_hybrid_04-28_05-24/metrics_20260428_052448_nicme_hybrid.json,results/stop2_prototype/configs/stop2_prototype_spider_balanced_prototype_convnext_nicme_hybrid.json,stop2,,,,,,,,,,,,,,,,,,,,,,,,,,
spider_balanced_prototype,convnext,facebook/convnext-tiny-224,nicme_hybrid,calibrated_cost_min,black_widow / false_widow,black_widow,"[[0.0, 10.0], [1.0, 0.0]]",C[black_widow][false_widow]=10; C[false_widow][black_widow]=1,0.95,0.8,accuracy,0.05,0.5,1.0,0.0,0.5,1.0,0.5,0.5,0.3333333333333333,0.14,0.5947265625,0.5445562405047908,0.6934587286530433,0.5003154816592268,0.099148064287513,7.25,0.7457202100169698,0.6917313753909508,"[[32, 0], [32, 0]]",stop2_prototype_spider_balanced_prototype_convnext_nicme_hybrid_04-28_05-24,results/convnext_test/stop2_prototype_spider_balanced_prototype_convnext_nicme_hybrid_04-28_05-24/metrics_20260428_052448_nicme_hybrid.json,results/stop2_prototype/configs/stop2_prototype_spider_balanced_prototype_convnext_nicme_hybrid.json,stop2,,,,,,,,,,,,,,,,,,,,,,,,,,
spider_balanced_prototype,vit,google/vit-base-patch16-224-in21k,ce,argmax,black_widow / false_widow,black_widow,"[[0.0, 10.0], [1.0, 0.0]]",C[black_widow][false_widow]=10; C[false_widow][black_widow]=1,0.95,0.8,accuracy,0.1453125,1.453125,0.71875,0.28125,0.8846153846153846,0.09375,0.8125,0.8125,0.8108374384236454,0.3592187499999999,0.93359375,0.9454987658996704,0.5639454868169527,0.3738119269560955,0.2341337092220783,,,,"[[23, 9], [3, 29]]",stop2_prototype_spider_balanced_prototype_vit_ce_04-28_05-25,results/vit_test/stop2_prototype_spider_balanced_prototype_vit_ce_04-28_05-25/metrics_20260428_052513_ce.json,results/stop2_prototype/configs/stop2_prototype_spider_balanced_prototype_vit_ce.json,stop2,,,,,,,,,,,,,,,,,,,,,,,,,,
spider_balanced_prototype,vit,google/vit-base-patch16-224-in21k,ce,calibrated_cost_min,black_widow / false_widow,black_widow,"[[0.0, 10.0], [1.0, 0.0]]",C[black_widow][false_widow]=10; C[false_widow][black_widow]=1,0.95,0.8,accuracy,0.05,0.5,1.0,0.0,0.5,1.0,0.5,0.5,0.3333333333333333,0.14,0.93359375,0.9454987658996704,0.4746154377354853,0.2976431743379247,0.1879817058891793,0.5,0.5754262179189514,0.4967798951132264,"[[32, 0], [32, 0]]",stop2_prototype_spider_balanced_prototype_vit_ce_04-28_05-25,results/vit_test/stop2_prototype_spider_balanced_prototype_vit_ce_04-28_05-25/metrics_20260428_052513_ce.json,results/stop2_prototype/configs/stop2_prototype_spider_balanced_prototype_vit_ce.json,stop2,,,,,,,,,,,,,,,,,,,,,,,,,,
spider_balanced_prototype,vit,google/vit-base-patch16-224-in21k,ce_calibrated_cost_min,argmax,black_widow / false_widow,black_widow,"[[0.0, 10.0], [1.0, 0.0]]",C[black_widow][false_widow]=10; C[false_widow][black_widow]=1,0.95,0.8,accuracy,0.096875,0.96875,0.8125,0.1875,0.9285714285714286,0.0625,0.875,0.875,0.8745098039215686,0.1724999999999999,0.9443359375,0.9570720476888074,0.4753855693792475,0.294085677774094,0.2266642712056636,,,,"[[26, 6], [2, 30]]",stop2_prototype_spider_balanced_prototype_vit_ce_calibrated_cost_min_04-28_05-25,results/vit_test/stop2_prototype_spider_balanced_prototype_vit_ce_calibrated_cost_min_04-28_05-25/metrics_20260428_052541_ce_calibrated_cost_min.json,results/stop2_prototype/configs/stop2_prototype_spider_balanced_prototype_vit_ce_calibrated_cost_min.json,stop2,,,,,,,,,,,,,,,,,,,,,,,,,,
spider_balanced_prototype,vit,google/vit-base-patch16-224-in21k,ce_calibrated_cost_min,calibrated_cost_min,black_widow / false_widow,black_widow,"[[0.0, 10.0], [1.0, 0.0]]",C[black_widow][false_widow]=10; C[false_widow][black_widow]=1,0.95,0.8,accuracy,0.0421875,0.421875,1.0,0.0,0.5423728813559322,0.84375,0.578125,0.578125,0.4867834867834868,0.091416015625,0.9443359375,0.9570720476888074,0.3658827287491248,0.2163335214717595,0.1213224132256279,0.5,0.5006117897264248,0.4195268394251141,"[[32, 0], [27, 5]]",stop2_prototype_spider_balanced_prototype_vit_ce_calibrated_cost_min_04-28_05-25,results/vit_test/stop2_prototype_spider_balanced_prototype_vit_ce_calibrated_cost_min_04-28_05-25/metrics_20260428_052541_ce_calibrated_cost_min.json,results/stop2_prototype/configs/stop2_prototype_spider_balanced_prototype_vit_ce_calibrated_cost_min.json,stop2,,,,,,,,,,,,,,,,,,,,,,,,,,
spider_balanced_prototype,vit,google/vit-base-patch16-224-in21k,menon_logit_adjusted,argmax,black_widow / false_widow,black_widow,"[[0.0, 10.0], [1.0, 0.0]]",C[black_widow][false_widow]=10; C[false_widow][black_widow]=1,0.95,0.8,accuracy,0.096875,0.96875,0.8125,0.1875,0.9285714285714286,0.0625,0.875,0.875,0.8745098039215686,0.1724999999999999,0.9423828125,0.9547986460774702,0.4808480722777897,0.2988869411355995,0.2306678825989365,,,,"[[26, 6], [2, 30]]",stop2_prototype_spider_balanced_prototype_vit_menon_logit_adjusted_04-28_05-26,results/vit_test/stop2_prototype_spider_balanced_prototype_vit_menon_logit_adjusted_04-28_05-26/metrics_20260428_052609_menon_logit_adjusted.json,results/stop2_prototype/configs/stop2_prototype_spider_balanced_prototype_vit_menon_logit_adjusted.json,stop2,,,,,,,,,,,,,,,,,,,,,,,,,,
spider_balanced_prototype,vit,google/vit-base-patch16-224-in21k,menon_logit_adjusted,calibrated_cost_min,black_widow / false_widow,black_widow,"[[0.0, 10.0], [1.0, 0.0]]",C[black_widow][false_widow]=10; C[false_widow][black_widow]=1,0.95,0.8,accuracy,0.0453125,0.453125,1.0,0.0,0.5245901639344263,0.90625,0.546875,0.546875,0.429800307219662,0.109384765625,0.9423828125,0.9547986460774702,0.3713851343121378,0.2207167279395999,0.1295643132359769,0.5,0.5046761422287681,0.4228746828608274,"[[32, 0], [29, 3]]",stop2_prototype_spider_balanced_prototype_vit_menon_logit_adjusted_04-28_05-26,results/vit_test/stop2_prototype_spider_balanced_prototype_vit_menon_logit_adjusted_04-28_05-26/metrics_20260428_052609_menon_logit_adjusted.json,results/stop2_prototype/configs/stop2_prototype_spider_balanced_prototype_vit_menon_logit_adjusted.json,stop2,,,,,,,,,,,,,,,,,,,,,,,,,,
spider_balanced_prototype,vit,google/vit-base-patch16-224-in21k,nicme_hybrid,argmax,black_widow / false_widow,black_widow,"[[0.0, 10.0], [1.0, 0.0]]",C[black_widow][false_widow]=10; C[false_widow][black_widow]=1,0.95,0.8,accuracy,0.05,0.5,1.0,0.0,0.5,1.0,0.5,0.5,0.3333333333333333,0.14,0.6513671875,0.6124438901353613,0.7149313221905699,0.5216482220457803,0.1777951484546065,,,,"[[32, 0], [32, 0]]",stop2_prototype_spider_balanced_prototype_vit_nicme_hybrid_04-28_05-26,results/vit_test/stop2_prototype_spider_balanced_prototype_vit_nicme_hybrid_04-28_05-26/metrics_20260428_052630_nicme_hybrid.json,results/stop2_prototype/configs/stop2_prototype_spider_balanced_prototype_vit_nicme_hybrid.json,stop2,,,,,,,,,,,,,,,,,,,,,,,,,,
spider_balanced_prototype,vit,google/vit-base-patch16-224-in21k,nicme_hybrid,calibrated_cost_min,black_widow / false_widow,black_widow,"[[0.0, 10.0], [1.0, 0.0]]",C[black_widow][false_widow]=10; C[false_widow][black_widow]=1,0.95,0.8,accuracy,0.05,0.5,1.0,0.0,0.5,1.0,0.5,0.5,0.3333333333333333,0.14,0.6513671875,0.6124438901353613,0.6906328959823987,0.4974966529945429,0.1068432293371133,5.75,0.7194577277219776,0.6918981330077114,"[[32, 0], [32, 0]]",stop2_prototype_spider_balanced_prototype_vit_nicme_hybrid_04-28_05-26,results/vit_test/stop2_prototype_spider_balanced_prototype_vit_nicme_hybrid_04-28_05-26/metrics_20260428_052630_nicme_hybrid.json,results/stop2_prototype/configs/stop2_prototype_spider_balanced_prototype_vit_nicme_hybrid.json,stop2,,,,,,,,,,,,,,,,,,,,,,,,,,
spider_balanced_prototype,timm_dinov3_vit_lora,timm/vit_small_patch16_dinov3.lvd1689m,ce,argmax,black_widow / false_widow,black_widow,"[[0.0, 10.0], [1.0, 0.0]]",C[black_widow][false_widow]=10; C[false_widow][black_widow]=1,0.95,0.8,accuracy,0.1375,1.375,0.75,0.25,0.75,0.25,0.75,0.75,0.75,0.2999999999999999,0.8095703125,0.8306759152269685,0.6884365551093603,0.4952896662796789,0.2465258548036217,,,,"[[24, 8], [8, 24]]",stop2_prototype_spider_balanced_prototype_timm_dinov3_vit_lora_ce_04-28_05-26,results/timm_dinov3_vit_lora_test/stop2_prototype_spider_balanced_prototype_timm_dinov3_vit_lora_ce_04-28_05-26/metrics_20260428_052654_ce.json,results/stop2_prototype/configs/stop2_prototype_spider_balanced_prototype_timm_dinov3_vit_lora_ce.json,stop2,,,,,,,,,,,,,,,,,,,,,,,,,,
spider_balanced_prototype,timm_dinov3_vit_lora,timm/vit_small_patch16_dinov3.lvd1689m,ce,calibrated_cost_min,black_widow / false_widow,black_widow,"[[0.0, 10.0], [1.0, 0.0]]",C[black_widow][false_widow]=10; C[false_widow][black_widow]=1,0.95,0.8,accuracy,0.05,0.5,1.0,0.0,0.5,1.0,0.5,0.5,0.3333333333333333,0.14,0.8095703125,0.8306759152269685,0.6838013415136667,0.4906564792183069,0.2430527017734518,0.5,0.6876049751688731,0.6821795859269748,"[[32, 0], [32, 0]]",stop2_prototype_spider_balanced_prototype_timm_dinov3_vit_lora_ce_04-28_05-26,results/timm_dinov3_vit_lora_test/stop2_prototype_spider_balanced_prototype_timm_dinov3_vit_lora_ce_04-28_05-26/metrics_20260428_052654_ce.json,results/stop2_prototype/configs/stop2_prototype_spider_balanced_prototype_timm_dinov3_vit_lora_ce.json,stop2,,,,,,,,,,,,,,,,,,,,,,,,,,
spider_balanced_prototype,timm_dinov3_vit_lora,timm/vit_small_patch16_dinov3.lvd1689m,ce_calibrated_cost_min,argmax,black_widow / false_widow,black_widow,"[[0.0, 10.0], [1.0, 0.0]]",C[black_widow][false_widow]=10; C[false_widow][black_widow]=1,0.95,0.8,accuracy,0.1375,1.375,0.75,0.25,0.75,0.25,0.75,0.75,0.75,0.2999999999999999,0.8095703125,0.8306759152269685,0.6884365551093603,0.4952896662796789,0.2465258548036217,,,,"[[24, 8], [8, 24]]",stop2_prototype_spider_balanced_prototype_timm_dinov3_vit_lora_ce_calibrated_cost_min_04-28_05-27,results/timm_dinov3_vit_lora_test/stop2_prototype_spider_balanced_prototype_timm_dinov3_vit_lora_ce_calibrated_cost_min_04-28_05-27/metrics_20260428_052717_ce_calibrated_cost_min.json,results/stop2_prototype/configs/stop2_prototype_spider_balanced_prototype_timm_dinov3_vit_lora_ce_calibrated_cost_min.json,stop2,,,,,,,,,,,,,,,,,,,,,,,,,,
spider_balanced_prototype,timm_dinov3_vit_lora,timm/vit_small_patch16_dinov3.lvd1689m,ce_calibrated_cost_min,calibrated_cost_min,black_widow / false_widow,black_widow,"[[0.0, 10.0], [1.0, 0.0]]",C[black_widow][false_widow]=10; C[false_widow][black_widow]=1,0.95,0.8,accuracy,0.05,0.5,1.0,0.0,0.5,1.0,0.5,0.5,0.3333333333333333,0.14,0.8095703125,0.8306759152269685,0.6838013415136667,0.4906564792183069,0.2430527017734518,0.5,0.6876049751688731,0.6821795859269748,"[[32, 0], [32, 0]]",stop2_prototype_spider_balanced_prototype_timm_dinov3_vit_lora_ce_calibrated_cost_min_04-28_05-27,results/timm_dinov3_vit_lora_test/stop2_prototype_spider_balanced_prototype_timm_dinov3_vit_lora_ce_calibrated_cost_min_04-28_05-27/metrics_20260428_052717_ce_calibrated_cost_min.json,results/stop2_prototype/configs/stop2_prototype_spider_balanced_prototype_timm_dinov3_vit_lora_ce_calibrated_cost_min.json,stop2,,,,,,,,,,,,,,,,,,,,,,,,,,
spider_balanced_prototype,timm_dinov3_vit_lora,timm/vit_small_patch16_dinov3.lvd1689m,menon_logit_adjusted,argmax,black_widow / false_widow,black_widow,"[[0.0, 10.0], [1.0, 0.0]]",C[black_widow][false_widow]=10; C[false_widow][black_widow]=1,0.95,0.8,accuracy,0.1375,1.375,0.75,0.25,0.75,0.25,0.75,0.75,0.75,0.2999999999999999,0.8095703125,0.8306759152269685,0.6884365495500286,0.4952896616481244,0.2465258557349443,,,,"[[24, 8], [8, 24]]",stop2_prototype_spider_balanced_prototype_timm_dinov3_vit_lora_menon_logit_adjusted_04-28_05-27,results/timm_dinov3_vit_lora_test/stop2_prototype_spider_balanced_prototype_timm_dinov3_vit_lora_menon_logit_adjusted_04-28_05-27/metrics_20260428_052740_menon_logit_adjusted.json,results/stop2_prototype/configs/stop2_prototype_spider_balanced_prototype_timm_dinov3_vit_lora_menon_logit_adjusted.json,stop2,,,,,,,,,,,,,,,,,,,,,,,,,,
spider_balanced_prototype,timm_dinov3_vit_lora,timm/vit_small_patch16_dinov3.lvd1689m,menon_logit_adjusted,calibrated_cost_min,black_widow / false_widow,black_widow,"[[0.0, 10.0], [1.0, 0.0]]",C[black_widow][false_widow]=10; C[false_widow][black_widow]=1,0.95,0.8,accuracy,0.05,0.5,1.0,0.0,0.5,1.0,0.5,0.5,0.3333333333333333,0.14,0.8095703125,0.8306759152269685,0.6838013463272362,0.4906564840328812,0.2430527080072448,0.5,0.6876049741058354,0.6821795838409161,"[[32, 0], [32, 0]]",stop2_prototype_spider_balanced_prototype_timm_dinov3_vit_lora_menon_logit_adjusted_04-28_05-27,results/timm_dinov3_vit_lora_test/stop2_prototype_spider_balanced_prototype_timm_dinov3_vit_lora_menon_logit_adjusted_04-28_05-27/metrics_20260428_052740_menon_logit_adjusted.json,results/stop2_prototype/configs/stop2_prototype_spider_balanced_prototype_timm_dinov3_vit_lora_menon_logit_adjusted.json,stop2,,,,,,,,,,,,,,,,,,,,,,,,,,
spider_balanced_prototype,timm_dinov3_vit_lora,timm/vit_small_patch16_dinov3.lvd1689m,nicme_hybrid,argmax,black_widow / false_widow,black_widow,"[[0.0, 10.0], [1.0, 0.0]]",C[black_widow][false_widow]=10; C[false_widow][black_widow]=1,0.95,0.8,accuracy,0.05,0.5,1.0,0.0,0.5,1.0,0.5,0.5,0.3333333333333333,0.14,0.662109375,0.6112704055588029,0.6925037892143426,0.4993567669384695,0.0071189040318131,,,,"[[32, 0], [32, 0]]",stop2_prototype_spider_balanced_prototype_timm_dinov3_vit_lora_nicme_hybrid_04-28_05-27,results/timm_dinov3_vit_lora_test/stop2_prototype_spider_balanced_prototype_timm_dinov3_vit_lora_nicme_hybrid_04-28_05-27/metrics_20260428_052759_nicme_hybrid.json,results/stop2_prototype/configs/stop2_prototype_spider_balanced_prototype_timm_dinov3_vit_lora_nicme_hybrid.json,stop2,,,,,,,,,,,,,,,,,,,,,,,,,,
spider_balanced_prototype,timm_dinov3_vit_lora,timm/vit_small_patch16_dinov3.lvd1689m,nicme_hybrid,calibrated_cost_min,black_widow / false_widow,black_widow,"[[0.0, 10.0], [1.0, 0.0]]",C[black_widow][false_widow]=10; C[false_widow][black_widow]=1,0.95,0.8,accuracy,0.05,0.5,1.0,0.0,0.5,1.0,0.5,0.5,0.3333333333333333,0.14,0.662109375,0.610801655558803,0.692071197897494,0.4989252021059759,0.0142345741473652,0.5,0.691892705385882,0.690874637211333,"[[32, 0], [32, 0]]",stop2_prototype_spider_balanced_prototype_timm_dinov3_vit_lora_nicme_hybrid_04-28_05-27,results/timm_dinov3_vit_lora_test/stop2_prototype_spider_balanced_prototype_timm_dinov3_vit_lora_nicme_hybrid_04-28_05-27/metrics_20260428_052759_nicme_hybrid.json,results/stop2_prototype/configs/stop2_prototype_spider_balanced_prototype_timm_dinov3_vit_lora_nicme_hybrid.json,stop2,,,,,,,,,,,,,,,,,,,,,,,,,,
spider_balanced_prototype,timm_dinov3_convnext_lora,timm/convnext_tiny.dinov3_lvd1689m,ce,argmax,black_widow / false_widow,black_widow,"[[0.0, 10.0], [1.0, 0.0]]",C[black_widow][false_widow]=10; C[false_widow][black_widow]=1,0.95,0.8,accuracy,0.2265625,2.265625,0.5625,0.4375,0.782608695652174,0.15625,0.703125,0.703125,0.6971357409713574,0.8365722656249999,0.7685546875,0.7734233739051937,0.5819028373965014,0.3981600469002909,0.1595866084098816,,,,"[[18, 14], [5, 27]]",stop2_prototype_spider_balanced_prototype_timm_dinov3_convnext_lora_ce_04-28_05-28,results/timm_dinov3_convnext_lora_test/stop2_prototype_spider_balanced_prototype_timm_dinov3_convnext_lora_ce_04-28_05-28/metrics_20260428_052825_ce.json,results/stop2_prototype/configs/stop2_prototype_spider_balanced_prototype_timm_dinov3_convnext_lora_ce.json,stop2,,,,,,,,,,,,,,,,,,,,,,,,,,
spider_balanced_prototype,timm_dinov3_convnext_lora,timm/convnext_tiny.dinov3_lvd1689m,ce,calibrated_cost_min,black_widow / false_widow,black_widow,"[[0.0, 10.0], [1.0, 0.0]]",C[black_widow][false_widow]=10; C[false_widow][black_widow]=1,0.95,0.8,accuracy,0.05625,0.5625,0.96875,0.03125,0.543859649122807,0.8125,0.578125,0.578125,0.5021607605877269,0.105478515625,0.7685546875,0.7734233739051937,0.609900945427219,0.4114793379818295,0.1671880578469965,0.7,0.5333723693550119,0.5215819081211215,"[[31, 1], [26, 6]]",stop2_prototype_spider_balanced_prototype_timm_dinov3_convnext_lora_ce_04-28_05-28,results/timm_dinov3_convnext_lora_test/stop2_prototype_spider_balanced_prototype_timm_dinov3_convnext_lora_ce_04-28_05-28/metrics_20260428_052825_ce.json,results/stop2_prototype/configs/stop2_prototype_spider_balanced_prototype_timm_dinov3_convnext_lora_ce.json,stop2,,,,,,,,,,,,,,,,,,,,,,,,,,
spider_balanced_prototype,timm_dinov3_convnext_lora,timm/convnext_tiny.dinov3_lvd1689m,ce_calibrated_cost_min,argmax,black_widow / false_widow,black_widow,"[[0.0, 10.0], [1.0, 0.0]]",C[black_widow][false_widow]=10; C[false_widow][black_widow]=1,0.95,0.8,accuracy,0.2265625,2.265625,0.5625,0.4375,0.782608695652174,0.15625,0.703125,0.703125,0.6971357409713574,0.8365722656249999,0.7685546875,0.7734233739051937,0.5819028373965014,0.3981600469002909,0.1595866084098816,,,,"[[18, 14], [5, 27]]",stop2_prototype_spider_balanced_prototype_timm_dinov3_convnext_lora_ce_calibrated_cost_min_04-28_05-28,results/timm_dinov3_convnext_lora_test/stop2_prototype_spider_balanced_prototype_timm_dinov3_convnext_lora_ce_calibrated_cost_min_04-28_05-28/metrics_20260428_052850_ce_calibrated_cost_min.json,results/stop2_prototype/configs/stop2_prototype_spider_balanced_prototype_timm_dinov3_convnext_lora_ce_calibrated_cost_min.json,stop2,,,,,,,,,,,,,,,,,,,,,,,,,,
spider_balanced_prototype,timm_dinov3_convnext_lora,timm/convnext_tiny.dinov3_lvd1689m,ce_calibrated_cost_min,calibrated_cost_min,black_widow / false_widow,black_widow,"[[0.0, 10.0], [1.0, 0.0]]",C[black_widow][false_widow]=10; C[false_widow][black_widow]=1,0.95,0.8,accuracy,0.05625,0.5625,0.96875,0.03125,0.543859649122807,0.8125,0.578125,0.578125,0.5021607605877269,0.105478515625,0.7685546875,0.7734233739051937,0.609900945427219,0.4114793379818295,0.1671880578469965,0.7,0.5333723693550119,0.5215819081211215,"[[31, 1], [26, 6]]",stop2_prototype_spider_balanced_prototype_timm_dinov3_convnext_lora_ce_calibrated_cost_min_04-28_05-28,results/timm_dinov3_convnext_lora_test/stop2_prototype_spider_balanced_prototype_timm_dinov3_convnext_lora_ce_calibrated_cost_min_04-28_05-28/metrics_20260428_052850_ce_calibrated_cost_min.json,results/stop2_prototype/configs/stop2_prototype_spider_balanced_prototype_timm_dinov3_convnext_lora_ce_calibrated_cost_min.json,stop2,,,,,,,,,,,,,,,,,,,,,,,,,,
spider_balanced_prototype,timm_dinov3_convnext_lora,timm/convnext_tiny.dinov3_lvd1689m,menon_logit_adjusted,argmax,black_widow / false_widow,black_widow,"[[0.0, 10.0], [1.0, 0.0]]",C[black_widow][false_widow]=10; C[false_widow][black_widow]=1,0.95,0.8,accuracy,0.2265625,2.265625,0.5625,0.4375,0.782608695652174,0.15625,0.703125,0.703125,0.6971357409713574,0.8365722656249999,0.7685546875,0.7734233739051937,0.5819004386928162,0.3981583617020625,0.1595834502950311,,,,"[[18, 14], [5, 27]]",stop2_prototype_spider_balanced_prototype_timm_dinov3_convnext_lora_menon_logit_adjusted_04-28_05-29,results/timm_dinov3_convnext_lora_test/stop2_prototype_spider_balanced_prototype_timm_dinov3_convnext_lora_menon_logit_adjusted_04-28_05-29/metrics_20260428_052915_menon_logit_adjusted.json,results/stop2_prototype/configs/stop2_prototype_spider_balanced_prototype_timm_dinov3_convnext_lora_menon_logit_adjusted.json,stop2,,,,,,,,,,,,,,,,,,,,,,,,,,
spider_balanced_prototype,timm_dinov3_convnext_lora,timm/convnext_tiny.dinov3_lvd1689m,menon_logit_adjusted,calibrated_cost_min,black_widow / false_widow,black_widow,"[[0.0, 10.0], [1.0, 0.0]]",C[black_widow][false_widow]=10; C[false_widow][black_widow]=1,0.95,0.8,accuracy,0.05625,0.5625,0.96875,0.03125,0.543859649122807,0.8125,0.578125,0.578125,0.5021607605877269,0.105478515625,0.7685546875,0.7734233739051937,0.6098975087892473,0.411478078826872,0.1671890906205385,0.7,0.5333673655342241,0.5215741402190883,"[[31, 1], [26, 6]]",stop2_prototype_spider_balanced_prototype_timm_dinov3_convnext_lora_menon_logit_adjusted_04-28_05-29,results/timm_dinov3_convnext_lora_test/stop2_prototype_spider_balanced_prototype_timm_dinov3_convnext_lora_menon_logit_adjusted_04-28_05-29/metrics_20260428_052915_menon_logit_adjusted.json,results/stop2_prototype/configs/stop2_prototype_spider_balanced_prototype_timm_dinov3_convnext_lora_menon_logit_adjusted.json,stop2,,,,,,,,,,,,,,,,,,,,,,,,,,
spider_balanced_prototype,timm_dinov3_convnext_lora,timm/convnext_tiny.dinov3_lvd1689m,nicme_hybrid,argmax,black_widow / false_widow,black_widow,"[[0.0, 10.0], [1.0, 0.0]]",C[black_widow][false_widow]=10; C[false_widow][black_widow]=1,0.95,0.8,accuracy,0.059375,0.59375,0.96875,0.03125,0.5254237288135594,0.875,0.546875,0.546875,0.4487674487674488,0.123447265625,0.6357421875,0.6550923474482486,0.9203526372849616,0.6375309657772095,0.2522071646526456,,,,"[[31, 1], [28, 4]]",stop2_prototype_spider_balanced_prototype_timm_dinov3_convnext_lora_nicme_hybrid_04-28_05-29,results/timm_dinov3_convnext_lora_test/stop2_prototype_spider_balanced_prototype_timm_dinov3_convnext_lora_nicme_hybrid_04-28_05-29/metrics_20260428_052941_nicme_hybrid.json,results/stop2_prototype/configs/stop2_prototype_spider_balanced_prototype_timm_dinov3_convnext_lora_nicme_hybrid.json,stop2,,,,,,,,,,,,,,,,,,,,,,,,,,
spider_balanced_prototype,timm_dinov3_convnext_lora,timm/convnext_tiny.dinov3_lvd1689m,nicme_hybrid,calibrated_cost_min,black_widow / false_widow,black_widow,"[[0.0, 10.0], [1.0, 0.0]]",C[black_widow][false_widow]=10; C[false_widow][black_widow]=1,0.95,0.8,accuracy,0.05,0.5,1.0,0.0,0.5,1.0,0.5,0.5,0.3333333333333333,0.14,0.6357421875,0.6550923474482486,0.6832335657481641,0.4904414956809196,0.0774220408328503,5.5,0.9259946392281664,0.6763547110687618,"[[32, 0], [32, 0]]",stop2_prototype_spider_balanced_prototype_timm_dinov3_convnext_lora_nicme_hybrid_04-28_05-29,results/timm_dinov3_convnext_lora_test/stop2_prototype_spider_balanced_prototype_timm_dinov3_convnext_lora_nicme_hybrid_04-28_05-29/metrics_20260428_052941_nicme_hybrid.json,results/stop2_prototype/configs/stop2_prototype_spider_balanced_prototype_timm_dinov3_convnext_lora_nicme_hybrid.json,stop2,,,,,,,,,,,,,,,,,,,,,,,,,,
breakhis_balanced_prototype,convnext,facebook/convnext-tiny-224,ce,argmax,benign / malignant,malignant,"[[0.0, 1.0], [10.0, 0.0]]",C[benign][malignant]=1; C[malignant][benign]=10,0.97,0.85,accuracy,0.0203125,0.203125,0.96875,0.03125,0.9117647058823528,0.09375,0.9375,0.9375,0.9374389051808408,0.02031875,0.9541015625,0.95269347946274,0.4319599359699672,0.2542035468576076,0.2576616760343313,,,,"[[29, 3], [1, 31]]",stop2_prototype_breakhis_balanced_prototype_convnext_ce_04-28_05-30,results/convnext_test/stop2_prototype_breakhis_balanced_prototype_convnext_ce_04-28_05-30/metrics_20260428_053020_ce.json,results/stop2_prototype/configs/stop2_prototype_breakhis_balanced_prototype_convnext_ce.json,stop2,,,,,,,,,,,,,,,,,,,,,,,,,,
breakhis_balanced_prototype,convnext,facebook/convnext-tiny-224,ce,calibrated_cost_min,benign / malignant,malignant,"[[0.0, 1.0], [10.0, 0.0]]",C[benign][malignant]=1; C[malignant][benign]=10,0.97,0.85,accuracy,0.04375,0.4375,1.0,0.0,0.5333333333333333,0.875,0.5625,0.5625,0.4589371980676329,0.12640625,0.9541015625,0.95269347946274,0.3076617580220727,0.167705280320694,0.1336072576114269,0.5,0.4528663950210684,0.3448807862373492,"[[4, 28], [0, 32]]",stop2_prototype_breakhis_balanced_prototype_convnext_ce_04-28_05-30,results/convnext_test/stop2_prototype_breakhis_balanced_prototype_convnext_ce_04-28_05-30/metrics_20260428_053020_ce.json,results/stop2_prototype/configs/stop2_prototype_breakhis_balanced_prototype_convnext_ce.json,stop2,,,,,,,,,,,,,,,,,,,,,,,,,,
breakhis_balanced_prototype,convnext,facebook/convnext-tiny-224,ce_calibrated_cost_min,argmax,benign / malignant,malignant,"[[0.0, 1.0], [10.0, 0.0]]",C[benign][malignant]=1; C[malignant][benign]=10,0.97,0.85,accuracy,0.0203125,0.203125,0.96875,0.03125,0.9117647058823528,0.09375,0.9375,0.9375,0.9374389051808408,0.02031875,0.9541015625,0.95269347946274,0.4319613588589795,0.2542045785022379,0.2576621882617473,,,,"[[29, 3], [1, 31]]",stop2_prototype_breakhis_balanced_prototype_convnext_ce_calibrated_cost_min_04-28_05-30,results/convnext_test/stop2_prototype_breakhis_balanced_prototype_convnext_ce_calibrated_cost_min_04-28_05-30/metrics_20260428_053100_ce_calibrated_cost_min.json,results/stop2_prototype/configs/stop2_prototype_breakhis_balanced_prototype_convnext_ce_calibrated_cost_min.json,stop2,,,,,,,,,,,,,,,,,,,,,,,,,,
breakhis_balanced_prototype,convnext,facebook/convnext-tiny-224,ce_calibrated_cost_min,calibrated_cost_min,benign / malignant,malignant,"[[0.0, 1.0], [10.0, 0.0]]",C[benign][malignant]=1; C[malignant][benign]=10,0.97,0.85,accuracy,0.04375,0.4375,1.0,0.0,0.5333333333333333,0.875,0.5625,0.5625,0.4589371980676329,0.12640625,0.9541015625,0.95269347946274,0.3076632898621581,0.1677053282173447,0.1336074318528751,0.5,0.4528677215200768,0.3448829383984322,"[[4, 28], [0, 32]]",stop2_prototype_breakhis_balanced_prototype_convnext_ce_calibrated_cost_min_04-28_05-30,results/convnext_test/stop2_prototype_breakhis_balanced_prototype_convnext_ce_calibrated_cost_min_04-28_05-30/metrics_20260428_053100_ce_calibrated_cost_min.json,results/stop2_prototype/configs/stop2_prototype_breakhis_balanced_prototype_convnext_ce_calibrated_cost_min.json,stop2,,,,,,,,,,,,,,,,,,,,,,,,,,
breakhis_balanced_prototype,convnext,facebook/convnext-tiny-224,menon_logit_adjusted,argmax,benign / malignant,malignant,"[[0.0, 1.0], [10.0, 0.0]]",C[benign][malignant]=1; C[malignant][benign]=10,0.97,0.85,accuracy,0.0203125,0.203125,0.96875,0.03125,0.9117647058823528,0.09375,0.9375,0.9375,0.9374389051808408,0.02031875,0.9541015625,0.95269347946274,0.4319615114856089,0.254205072625894,0.2576648676767945,,,,"[[29, 3], [1, 31]]",stop2_prototype_breakhis_balanced_prototype_convnext_menon_logit_adjusted_04-28_05-31,results/convnext_test/stop2_prototype_breakhis_balanced_prototype_convnext_menon_logit_adjusted_04-28_05-31/metrics_20260428_053139_menon_logit_adjusted.json,results/stop2_prototype/configs/stop2_prototype_breakhis_balanced_prototype_convnext_menon_logit_adjusted.json,stop2,,,,,,,,,,,,,,,,,,,,,,,,,,
breakhis_balanced_prototype,convnext,facebook/convnext-tiny-224,menon_logit_adjusted,calibrated_cost_min,benign / malignant,malignant,"[[0.0, 1.0], [10.0, 0.0]]",C[benign][malignant]=1; C[malignant][benign]=10,0.97,0.85,accuracy,0.04375,0.4375,1.0,0.0,0.5333333333333333,0.875,0.5625,0.5625,0.4589371980676329,0.12640625,0.9541015625,0.95269347946274,0.3076618803624439,0.1677061164425788,0.1336122882225644,0.5,0.452864112956037,0.34487689341124,"[[4, 28], [0, 32]]",stop2_prototype_breakhis_balanced_prototype_convnext_menon_logit_adjusted_04-28_05-31,results/convnext_test/stop2_prototype_breakhis_balanced_prototype_convnext_menon_logit_adjusted_04-28_05-31/metrics_20260428_053139_menon_logit_adjusted.json,results/stop2_prototype/configs/stop2_prototype_breakhis_balanced_prototype_convnext_menon_logit_adjusted.json,stop2,,,,,,,,,,,,,,,,,,,,,,,,,,
breakhis_balanced_prototype,convnext,facebook/convnext-tiny-224,nicme_hybrid,argmax,benign / malignant,malignant,"[[0.0, 1.0], [10.0, 0.0]]",C[benign][malignant]=1; C[malignant][benign]=10,0.97,0.85,accuracy,0.05,0.5,1.0,0.0,0.5,1.0,0.5,0.5,0.3333333333333333,0.1725,0.6923828125,0.6554425567709337,0.7077834395782783,0.5140043236346818,0.1395616810768842,,,,"[[0, 32], [0, 32]]",stop2_prototype_breakhis_balanced_prototype_convnext_nicme_hybrid_04-28_05-31,results/convnext_test/stop2_prototype_breakhis_balanced_prototype_convnext_nicme_hybrid_04-28_05-31/metrics_20260428_053205_nicme_hybrid.json,results/stop2_prototype/configs/stop2_prototype_breakhis_balanced_prototype_convnext_nicme_hybrid.json,stop2,,,,,,,,,,,,,,,,,,,,,,,,,,
breakhis_balanced_prototype,convnext,facebook/convnext-tiny-224,nicme_hybrid,calibrated_cost_min,benign / malignant,malignant,"[[0.0, 1.0], [10.0, 0.0]]",C[benign][malignant]=1; C[malignant][benign]=10,0.97,0.85,accuracy,0.05,0.5,1.0,0.0,0.5,1.0,0.5,0.5,0.3333333333333333,0.1725,0.6923828125,0.6554425567709337,0.6887054762070444,0.4956020241908556,0.0616663864905232,2.65,0.7015644033891466,0.6877735729894852,"[[0, 32], [0, 32]]",stop2_prototype_breakhis_balanced_prototype_convnext_nicme_hybrid_04-28_05-31,results/convnext_test/stop2_prototype_breakhis_balanced_prototype_convnext_nicme_hybrid_04-28_05-31/metrics_20260428_053205_nicme_hybrid.json,results/stop2_prototype/configs/stop2_prototype_breakhis_balanced_prototype_convnext_nicme_hybrid.json,stop2,,,,,,,,,,,,,,,,,,,,,,,,,,
breakhis_balanced_prototype,vit,google/vit-base-patch16-224-in21k,ce,argmax,benign / malignant,malignant,"[[0.0, 1.0], [10.0, 0.0]]",C[benign][malignant]=1; C[malignant][benign]=10,0.97,0.85,accuracy,0.046875,0.46875,0.90625,0.09375,1.0,0.0,0.953125,0.953125,0.9530217763640813,0.0631312499999999,0.9619140625,0.976970555599588,0.4422032215160708,0.2617132619916673,0.285472814925015,,,,"[[32, 0], [3, 29]]",stop2_prototype_breakhis_balanced_prototype_vit_ce_04-28_05-32,results/vit_test/stop2_prototype_breakhis_balanced_prototype_vit_ce_04-28_05-32/metrics_20260428_053236_ce.json,results/stop2_prototype/configs/stop2_prototype_breakhis_balanced_prototype_vit_ce.json,stop2,,,,,,,,,,,,,,,,,,,,,,,,,,
breakhis_balanced_prototype,vit,google/vit-base-patch16-224-in21k,ce,calibrated_cost_min,benign / malignant,malignant,"[[0.0, 1.0], [10.0, 0.0]]",C[benign][malignant]=1; C[malignant][benign]=10,0.97,0.85,accuracy,0.0484375,0.484375,1.0,0.0,0.5079365079365079,0.96875,0.515625,0.515625,0.3671451355661882,0.1602441406249999,0.9619140625,0.976970555599588,0.3145831737675937,0.1685982752532947,0.1659915970279712,0.5,0.4181952253541925,0.2727791857066194,"[[1, 31], [0, 32]]",stop2_prototype_breakhis_balanced_prototype_vit_ce_04-28_05-32,results/vit_test/stop2_prototype_breakhis_balanced_prototype_vit_ce_04-28_05-32/metrics_20260428_053236_ce.json,results/stop2_prototype/configs/stop2_prototype_breakhis_balanced_prototype_vit_ce.json,stop2,,,,,,,,,,,,,,,,,,,,,,,,,,
breakhis_balanced_prototype,vit,google/vit-base-patch16-224-in21k,ce_calibrated_cost_min,argmax,benign / malignant,malignant,"[[0.0, 1.0], [10.0, 0.0]]",C[benign][malignant]=1; C[malignant][benign]=10,0.97,0.85,accuracy,0.046875,0.46875,0.90625,0.09375,1.0,0.0,0.953125,0.953125,0.9530217763640813,0.0631312499999999,0.9619140625,0.976970555599588,0.4412746871621885,0.2607742601535379,0.2851542923599482,,,,"[[32, 0], [3, 29]]",stop2_prototype_breakhis_balanced_prototype_vit_ce_calibrated_cost_min_04-28_05-33,results/vit_test/stop2_prototype_breakhis_balanced_prototype_vit_ce_calibrated_cost_min_04-28_05-33/metrics_20260428_053313_ce_calibrated_cost_min.json,results/stop2_prototype/configs/stop2_prototype_breakhis_balanced_prototype_vit_ce_calibrated_cost_min.json,stop2,,,,,,,,,,,,,,,,,,,,,,,,,,
breakhis_balanced_prototype,vit,google/vit-base-patch16-224-in21k,ce_calibrated_cost_min,calibrated_cost_min,benign / malignant,malignant,"[[0.0, 1.0], [10.0, 0.0]]",C[benign][malignant]=1; C[malignant][benign]=10,0.97,0.85,accuracy,0.0484375,0.484375,1.0,0.0,0.5079365079365079,0.96875,0.515625,0.515625,0.3671451355661882,0.1602441406249999,0.9619140625,0.976970555599588,0.3127261679147354,0.1668532843615448,0.165254787390375,0.5,0.4186465248170679,0.2737997322512718,"[[1, 31], [0, 32]]",stop2_prototype_breakhis_balanced_prototype_vit_ce_calibrated_cost_min_04-28_05-33,results/vit_test/stop2_prototype_breakhis_balanced_prototype_vit_ce_calibrated_cost_min_04-28_05-33/metrics_20260428_053313_ce_calibrated_cost_min.json,results/stop2_prototype/configs/stop2_prototype_breakhis_balanced_prototype_vit_ce_calibrated_cost_min.json,stop2,,,,,,,,,,,,,,,,,,,,,,,,,,
breakhis_balanced_prototype,vit,google/vit-base-patch16-224-in21k,menon_logit_adjusted,argmax,benign / malignant,malignant,"[[0.0, 1.0], [10.0, 0.0]]",C[benign][malignant]=1; C[malignant][benign]=10,0.97,0.85,accuracy,0.046875,0.46875,0.90625,0.09375,1.0,0.0,0.953125,0.953125,0.9530217763640813,0.0631312499999999,0.9619140625,0.976970555599588,0.4423947102526808,0.2619044023810433,0.2855151835829019,,,,"[[32, 0], [3, 29]]",stop2_prototype_breakhis_balanced_prototype_vit_menon_logit_adjusted_04-28_05-33,results/vit_test/stop2_prototype_breakhis_balanced_prototype_vit_menon_logit_adjusted_04-28_05-33/metrics_20260428_053344_menon_logit_adjusted.json,results/stop2_prototype/configs/stop2_prototype_breakhis_balanced_prototype_vit_menon_logit_adjusted.json,stop2,,,,,,,,,,,,,,,,,,,,,,,,,,
breakhis_balanced_prototype,vit,google/vit-base-patch16-224-in21k,menon_logit_adjusted,calibrated_cost_min,benign / malignant,malignant,"[[0.0, 1.0], [10.0, 0.0]]",C[benign][malignant]=1; C[malignant][benign]=10,0.97,0.85,accuracy,0.0484375,0.484375,1.0,0.0,0.5079365079365079,0.96875,0.515625,0.515625,0.3671451355661882,0.1602441406249999,0.9619140625,0.976970555599588,0.314985585829846,0.1689524738042097,0.1661095085447521,0.5,0.4182273669612744,0.2728334574109873,"[[1, 31], [0, 32]]",stop2_prototype_breakhis_balanced_prototype_vit_menon_logit_adjusted_04-28_05-33,results/vit_test/stop2_prototype_breakhis_balanced_prototype_vit_menon_logit_adjusted_04-28_05-33/metrics_20260428_053344_menon_logit_adjusted.json,results/stop2_prototype/configs/stop2_prototype_breakhis_balanced_prototype_vit_menon_logit_adjusted.json,stop2,,,,,,,,,,,,,,,,,,,,,,,,,,
breakhis_balanced_prototype,vit,google/vit-base-patch16-224-in21k,nicme_hybrid,argmax,benign / malignant,malignant,"[[0.0, 1.0], [10.0, 0.0]]",C[benign][malignant]=1; C[malignant][benign]=10,0.97,0.85,accuracy,0.0234375,0.234375,0.96875,0.03125,0.8611111111111112,0.15625,0.90625,0.90625,0.9058823529411764,0.02344375,0.9755859375,0.984511165577342,0.3526127236618178,0.2207940571187879,0.1706189336255192,,,,"[[27, 5], [1, 31]]",stop2_prototype_breakhis_balanced_prototype_vit_nicme_hybrid_04-28_05-34,results/vit_test/stop2_prototype_breakhis_balanced_prototype_vit_nicme_hybrid_04-28_05-34/metrics_20260428_053434_nicme_hybrid.json,results/stop2_prototype/configs/stop2_prototype_breakhis_balanced_prototype_vit_nicme_hybrid.json,stop2,,,,,,,,,,,,,,,,,,,,,,,,,,
breakhis_balanced_prototype,vit,google/vit-base-patch16-224-in21k,nicme_hybrid,calibrated_cost_min,benign / malignant,malignant,"[[0.0, 1.0], [10.0, 0.0]]",C[benign][malignant]=1; C[malignant][benign]=10,0.97,0.85,accuracy,0.05,0.5,1.0,0.0,0.5,1.0,0.5,0.5,0.3333333333333333,0.1725,0.9755859375,0.984511165577342,0.3410461599049253,0.2148071368942496,0.1810059858263901,0.9,0.4436297655964087,0.4425401966577884,"[[0, 32], [0, 32]]",stop2_prototype_breakhis_balanced_prototype_vit_nicme_hybrid_04-28_05-34,results/vit_test/stop2_prototype_breakhis_balanced_prototype_vit_nicme_hybrid_04-28_05-34/metrics_20260428_053434_nicme_hybrid.json,results/stop2_prototype/configs/stop2_prototype_breakhis_balanced_prototype_vit_nicme_hybrid.json,stop2,,,,,,,,,,,,,,,,,,,,,,,,,,
breakhis_balanced_prototype,timm_dinov3_vit_lora,timm/vit_small_patch16_dinov3.lvd1689m,ce,argmax,benign / malignant,malignant,"[[0.0, 1.0], [10.0, 0.0]]",C[benign][malignant]=1; C[malignant][benign]=10,0.97,0.85,accuracy,0.1671875,1.671875,0.6875,0.3125,0.7586206896551724,0.21875,0.734375,0.734375,0.7337900660631269,0.4997816406249999,0.8134765625,0.8252279824409339,0.6895116811817676,0.4963646192606999,0.2315249172970652,,,,"[[25, 7], [10, 22]]",stop2_prototype_breakhis_balanced_prototype_timm_dinov3_vit_lora_ce_04-28_05-35,results/timm_dinov3_vit_lora_test/stop2_prototype_breakhis_balanced_prototype_timm_dinov3_vit_lora_ce_04-28_05-35/metrics_20260428_053506_ce.json,results/stop2_prototype/configs/stop2_prototype_breakhis_balanced_prototype_timm_dinov3_vit_lora_ce.json,stop2,,,,,,,,,,,,,,,,,,,,,,,,,,
breakhis_balanced_prototype,timm_dinov3_vit_lora,timm/vit_small_patch16_dinov3.lvd1689m,ce,calibrated_cost_min,benign / malignant,malignant,"[[0.0, 1.0], [10.0, 0.0]]",C[benign][malignant]=1; C[malignant][benign]=10,0.97,0.85,accuracy,0.05,0.5,1.0,0.0,0.5,1.0,0.5,0.5,0.3333333333333333,0.1725,0.8134765625,0.8252279824409339,0.6859252580153864,0.4927790262140525,0.228675328697842,0.5,0.6898659699012779,0.6866209091752256,"[[0, 32], [0, 32]]",stop2_prototype_breakhis_balanced_prototype_timm_dinov3_vit_lora_ce_04-28_05-35,results/timm_dinov3_vit_lora_test/stop2_prototype_breakhis_balanced_prototype_timm_dinov3_vit_lora_ce_04-28_05-35/metrics_20260428_053506_ce.json,results/stop2_prototype/configs/stop2_prototype_breakhis_balanced_prototype_timm_dinov3_vit_lora_ce.json,stop2,,,,,,,,,,,,,,,,,,,,,,,,,,
breakhis_balanced_prototype,timm_dinov3_vit_lora,timm/vit_small_patch16_dinov3.lvd1689m,ce_calibrated_cost_min,argmax,benign / malignant,malignant,"[[0.0, 1.0], [10.0, 0.0]]",C[benign][malignant]=1; C[malignant][benign]=10,0.97,0.85,accuracy,0.1671875,1.671875,0.6875,0.3125,0.7586206896551724,0.21875,0.734375,0.734375,0.7337900660631269,0.4997816406249999,0.8134765625,0.8252279824409339,0.6895116811817676,0.4963646192606999,0.2315249172970652,,,,"[[25, 7], [10, 22]]",stop2_prototype_breakhis_balanced_prototype_timm_dinov3_vit_lora_ce_calibrated_cost_min_04-28_05-35,results/timm_dinov3_vit_lora_test/stop2_prototype_breakhis_balanced_prototype_timm_dinov3_vit_lora_ce_calibrated_cost_min_04-28_05-35/metrics_20260428_053538_ce_calibrated_cost_min.json,results/stop2_prototype/configs/stop2_prototype_breakhis_balanced_prototype_timm_dinov3_vit_lora_ce_calibrated_cost_min.json,stop2,,,,,,,,,,,,,,,,,,,,,,,,,,
breakhis_balanced_prototype,timm_dinov3_vit_lora,timm/vit_small_patch16_dinov3.lvd1689m,ce_calibrated_cost_min,calibrated_cost_min,benign / malignant,malignant,"[[0.0, 1.0], [10.0, 0.0]]",C[benign][malignant]=1; C[malignant][benign]=10,0.97,0.85,accuracy,0.05,0.5,1.0,0.0,0.5,1.0,0.5,0.5,0.3333333333333333,0.1725,0.8134765625,0.8252279824409339,0.6859252580153864,0.4927790262140525,0.228675328697842,0.5,0.6898659699012779,0.6866209091752256,"[[0, 32], [0, 32]]",stop2_prototype_breakhis_balanced_prototype_timm_dinov3_vit_lora_ce_calibrated_cost_min_04-28_05-35,results/timm_dinov3_vit_lora_test/stop2_prototype_breakhis_balanced_prototype_timm_dinov3_vit_lora_ce_calibrated_cost_min_04-28_05-35/metrics_20260428_053538_ce_calibrated_cost_min.json,results/stop2_prototype/configs/stop2_prototype_breakhis_balanced_prototype_timm_dinov3_vit_lora_ce_calibrated_cost_min.json,stop2,,,,,,,,,,,,,,,,,,,,,,,,,,
breakhis_balanced_prototype,timm_dinov3_vit_lora,timm/vit_small_patch16_dinov3.lvd1689m,menon_logit_adjusted,argmax,benign / malignant,malignant,"[[0.0, 1.0], [10.0, 0.0]]",C[benign][malignant]=1; C[malignant][benign]=10,0.97,0.85,accuracy,0.1671875,1.671875,0.6875,0.3125,0.7586206896551724,0.21875,0.734375,0.734375,0.7337900660631269,0.4997816406249999,0.8134765625,0.8252279824409339,0.6895116802439946,0.4963646169391235,0.2315249200910329,,,,"[[25, 7], [10, 22]]",stop2_prototype_breakhis_balanced_prototype_timm_dinov3_vit_lora_menon_logit_adjusted_04-28_05-36,results/timm_dinov3_vit_lora_test/stop2_prototype_breakhis_balanced_prototype_timm_dinov3_vit_lora_menon_logit_adjusted_04-28_05-36/metrics_20260428_053610_menon_logit_adjusted.json,results/stop2_prototype/configs/stop2_prototype_breakhis_balanced_prototype_timm_dinov3_vit_lora_menon_logit_adjusted.json,stop2,,,,,,,,,,,,,,,,,,,,,,,,,,
breakhis_balanced_prototype,timm_dinov3_vit_lora,timm/vit_small_patch16_dinov3.lvd1689m,menon_logit_adjusted,calibrated_cost_min,benign / malignant,malignant,"[[0.0, 1.0], [10.0, 0.0]]",C[benign][malignant]=1; C[malignant][benign]=10,0.97,0.85,accuracy,0.05,0.5,1.0,0.0,0.5,1.0,0.5,0.5,0.3333333333333333,0.1725,0.8134765625,0.8252279824409339,0.6859252579333872,0.49277902613171,0.2286753369242755,0.5,0.6898659684376822,0.6866209063411888,"[[0, 32], [0, 32]]",stop2_prototype_breakhis_balanced_prototype_timm_dinov3_vit_lora_menon_logit_adjusted_04-28_05-36,results/timm_dinov3_vit_lora_test/stop2_prototype_breakhis_balanced_prototype_timm_dinov3_vit_lora_menon_logit_adjusted_04-28_05-36/metrics_20260428_053610_menon_logit_adjusted.json,results/stop2_prototype/configs/stop2_prototype_breakhis_balanced_prototype_timm_dinov3_vit_lora_menon_logit_adjusted.json,stop2,,,,,,,,,,,,,,,,,,,,,,,,,,
breakhis_balanced_prototype,timm_dinov3_vit_lora,timm/vit_small_patch16_dinov3.lvd1689m,nicme_hybrid,argmax,benign / malignant,malignant,"[[0.0, 1.0], [10.0, 0.0]]",C[benign][malignant]=1; C[malignant][benign]=10,0.97,0.85,accuracy,0.05,0.5,1.0,0.0,0.5,1.0,0.5,0.5,0.3333333333333333,0.1725,0.751953125,0.7789640000690902,0.6926367492066057,0.4994897886944504,0.0095726577565073,,,,"[[0, 32], [0, 32]]",stop2_prototype_breakhis_balanced_prototype_timm_dinov3_vit_lora_nicme_hybrid_04-28_05-36,results/timm_dinov3_vit_lora_test/stop2_prototype_breakhis_balanced_prototype_timm_dinov3_vit_lora_nicme_hybrid_04-28_05-36/metrics_20260428_053635_nicme_hybrid.json,results/stop2_prototype/configs/stop2_prototype_breakhis_balanced_prototype_timm_dinov3_vit_lora_nicme_hybrid.json,stop2,,,,,,,,,,,,,,,,,,,,,,,,,,
breakhis_balanced_prototype,timm_dinov3_vit_lora,timm/vit_small_patch16_dinov3.lvd1689m,nicme_hybrid,calibrated_cost_min,benign / malignant,malignant,"[[0.0, 1.0], [10.0, 0.0]]",C[benign][malignant]=1; C[malignant][benign]=10,0.97,0.85,accuracy,0.05,0.5,1.0,0.0,0.5,1.0,0.5,0.5,0.3333333333333333,0.1725,0.751953125,0.7789640000690902,0.6926823945654107,0.4995353629253401,0.0083243031342784,1.15,0.6930057525798956,0.6930019891610201,"[[0, 32], [0, 32]]",stop2_prototype_breakhis_balanced_prototype_timm_dinov3_vit_lora_nicme_hybrid_04-28_05-36,results/timm_dinov3_vit_lora_test/stop2_prototype_breakhis_balanced_prototype_timm_dinov3_vit_lora_nicme_hybrid_04-28_05-36/metrics_20260428_053635_nicme_hybrid.json,results/stop2_prototype/configs/stop2_prototype_breakhis_balanced_prototype_timm_dinov3_vit_lora_nicme_hybrid.json,stop2,,,,,,,,,,,,,,,,,,,,,,,,,,
breakhis_balanced_prototype,timm_dinov3_convnext_lora,timm/convnext_tiny.dinov3_lvd1689m,ce,argmax,benign / malignant,malignant,"[[0.0, 1.0], [10.0, 0.0]]",C[benign][malignant]=1; C[malignant][benign]=10,0.97,0.85,accuracy,0.1359375,1.359375,0.75,0.25,0.7741935483870968,0.21875,0.765625,0.765625,0.7655677655677655,0.3366566406249999,0.8271484375,0.8369166422728671,0.5304998533247625,0.3530718610756538,0.1318896925076842,,,,"[[25, 7], [8, 24]]",stop2_prototype_breakhis_balanced_prototype_timm_dinov3_convnext_lora_ce_04-28_05-37,results/timm_dinov3_convnext_lora_test/stop2_prototype_breakhis_balanced_prototype_timm_dinov3_convnext_lora_ce_04-28_05-37/metrics_20260428_053718_ce.json,results/stop2_prototype/configs/stop2_prototype_breakhis_balanced_prototype_timm_dinov3_convnext_lora_ce.json,stop2,,,,,,,,,,,,,,,,,,,,,,,,,,
breakhis_balanced_prototype,timm_dinov3_convnext_lora,timm/convnext_tiny.dinov3_lvd1689m,ce,calibrated_cost_min,benign / malignant,malignant,"[[0.0, 1.0], [10.0, 0.0]]",C[benign][malignant]=1; C[malignant][benign]=10,0.97,0.85,accuracy,0.0578125,0.578125,0.96875,0.03125,0.5344827586206896,0.84375,0.5625,0.5625,0.4760233918128654,0.140475,0.8271484375,0.8369166422728671,0.4938152308016842,0.3310439471009804,0.0859859517814605,0.5,0.5374677362576821,0.5028018003860759,"[[5, 27], [1, 31]]",stop2_prototype_breakhis_balanced_prototype_timm_dinov3_convnext_lora_ce_04-28_05-37,results/timm_dinov3_convnext_lora_test/stop2_prototype_breakhis_balanced_prototype_timm_dinov3_convnext_lora_ce_04-28_05-37/metrics_20260428_053718_ce.json,results/stop2_prototype/configs/stop2_prototype_breakhis_balanced_prototype_timm_dinov3_convnext_lora_ce.json,stop2,,,,,,,,,,,,,,,,,,,,,,,,,,
breakhis_balanced_prototype,timm_dinov3_convnext_lora,timm/convnext_tiny.dinov3_lvd1689m,ce_calibrated_cost_min,argmax,benign / malignant,malignant,"[[0.0, 1.0], [10.0, 0.0]]",C[benign][malignant]=1; C[malignant][benign]=10,0.97,0.85,accuracy,0.1359375,1.359375,0.75,0.25,0.7741935483870968,0.21875,0.765625,0.765625,0.7655677655677655,0.3366566406249999,0.8271484375,0.8369166422728671,0.5304998533247625,0.3530718610756538,0.1318896925076842,,,,"[[25, 7], [8, 24]]",stop2_prototype_breakhis_balanced_prototype_timm_dinov3_convnext_lora_ce_calibrated_cost_min_04-28_05-38,results/timm_dinov3_convnext_lora_test/stop2_prototype_breakhis_balanced_prototype_timm_dinov3_convnext_lora_ce_calibrated_cost_min_04-28_05-38/metrics_20260428_053811_ce_calibrated_cost_min.json,results/stop2_prototype/configs/stop2_prototype_breakhis_balanced_prototype_timm_dinov3_convnext_lora_ce_calibrated_cost_min.json,stop2,,,,,,,,,,,,,,,,,,,,,,,,,,
breakhis_balanced_prototype,timm_dinov3_convnext_lora,timm/convnext_tiny.dinov3_lvd1689m,ce_calibrated_cost_min,calibrated_cost_min,benign / malignant,malignant,"[[0.0, 1.0], [10.0, 0.0]]",C[benign][malignant]=1; C[malignant][benign]=10,0.97,0.85,accuracy,0.0578125,0.578125,0.96875,0.03125,0.5344827586206896,0.84375,0.5625,0.5625,0.4760233918128654,0.140475,0.8271484375,0.8369166422728671,0.4938152308016842,0.3310439471009804,0.0859859517814605,0.5,0.5374677362576821,0.5028018003860759,"[[5, 27], [1, 31]]",stop2_prototype_breakhis_balanced_prototype_timm_dinov3_convnext_lora_ce_calibrated_cost_min_04-28_05-38,results/timm_dinov3_convnext_lora_test/stop2_prototype_breakhis_balanced_prototype_timm_dinov3_convnext_lora_ce_calibrated_cost_min_04-28_05-38/metrics_20260428_053811_ce_calibrated_cost_min.json,results/stop2_prototype/configs/stop2_prototype_breakhis_balanced_prototype_timm_dinov3_convnext_lora_ce_calibrated_cost_min.json,stop2,,,,,,,,,,,,,,,,,,,,,,,,,,
breakhis_balanced_prototype,timm_dinov3_convnext_lora,timm/convnext_tiny.dinov3_lvd1689m,menon_logit_adjusted,argmax,benign / malignant,malignant,"[[0.0, 1.0], [10.0, 0.0]]",C[benign][malignant]=1; C[malignant][benign]=10,0.97,0.85,accuracy,0.1359375,1.359375,0.75,0.25,0.7741935483870968,0.21875,0.765625,0.765625,0.7655677655677655,0.3366566406249999,0.8271484375,0.8369166422728671,0.5305013310818869,0.3530732453124023,0.1318877739831805,,,,"[[25, 7], [8, 24]]",stop2_prototype_breakhis_balanced_prototype_timm_dinov3_convnext_lora_menon_logit_adjusted_04-28_05-38,results/timm_dinov3_convnext_lora_test/stop2_prototype_breakhis_balanced_prototype_timm_dinov3_convnext_lora_menon_logit_adjusted_04-28_05-38/metrics_20260428_053856_menon_logit_adjusted.json,results/stop2_prototype/configs/stop2_prototype_breakhis_balanced_prototype_timm_dinov3_convnext_lora_menon_logit_adjusted.json,stop2,,,,,,,,,,,,,,,,,,,,,,,,,,
breakhis_balanced_prototype,timm_dinov3_convnext_lora,timm/convnext_tiny.dinov3_lvd1689m,menon_logit_adjusted,calibrated_cost_min,benign / malignant,malignant,"[[0.0, 1.0], [10.0, 0.0]]",C[benign][malignant]=1; C[malignant][benign]=10,0.97,0.85,accuracy,0.0578125,0.578125,0.96875,0.03125,0.5344827586206896,0.84375,0.5625,0.5625,0.4760233918128654,0.140475,0.8271484375,0.8369166422728671,0.4938223579944087,0.3310494896009155,0.0859817588185447,0.5,0.537467490532546,0.5028016405027171,"[[5, 27], [1, 31]]",stop2_prototype_breakhis_balanced_prototype_timm_dinov3_convnext_lora_menon_logit_adjusted_04-28_05-38,results/timm_dinov3_convnext_lora_test/stop2_prototype_breakhis_balanced_prototype_timm_dinov3_convnext_lora_menon_logit_adjusted_04-28_05-38/metrics_20260428_053856_menon_logit_adjusted.json,results/stop2_prototype/configs/stop2_prototype_breakhis_balanced_prototype_timm_dinov3_convnext_lora_menon_logit_adjusted.json,stop2,,,,,,,,,,,,,,,,,,,,,,,,,,
breakhis_balanced_prototype,timm_dinov3_convnext_lora,timm/convnext_tiny.dinov3_lvd1689m,nicme_hybrid,argmax,benign / malignant,malignant,"[[0.0, 1.0], [10.0, 0.0]]",C[benign][malignant]=1; C[malignant][benign]=10,0.97,0.85,accuracy,0.0609375,0.609375,0.96875,0.03125,0.5166666666666667,0.90625,0.53125,0.53125,0.4202898550724638,0.1625453124999999,0.5244140625,0.5613356043021902,0.7391027608338614,0.5414708447140711,0.1326952334493398,,,,"[[3, 29], [1, 31]]",stop2_prototype_breakhis_balanced_prototype_timm_dinov3_convnext_lora_nicme_hybrid_04-28_05-39,results/timm_dinov3_convnext_lora_test/stop2_prototype_breakhis_balanced_prototype_timm_dinov3_convnext_lora_nicme_hybrid_04-28_05-39/metrics_20260428_053921_nicme_hybrid.json,results/stop2_prototype/configs/stop2_prototype_breakhis_balanced_prototype_timm_dinov3_convnext_lora_nicme_hybrid.json,stop2,,,,,,,,,,,,,,,,,,,,,,,,,,
breakhis_balanced_prototype,timm_dinov3_convnext_lora,timm/convnext_tiny.dinov3_lvd1689m,nicme_hybrid,calibrated_cost_min,benign / malignant,malignant,"[[0.0, 1.0], [10.0, 0.0]]",C[benign][malignant]=1; C[malignant][benign]=10,0.97,0.85,accuracy,0.05,0.5,1.0,0.0,0.5,1.0,0.5,0.5,0.3333333333333333,0.1725,0.5244140625,0.5613356043021902,0.6920764516008241,0.4989316273202399,0.0153730289627327,10.0,0.778042464376824,0.6937645440491695,"[[0, 32], [0, 32]]",stop2_prototype_breakhis_balanced_prototype_timm_dinov3_convnext_lora_nicme_hybrid_04-28_05-39,results/timm_dinov3_convnext_lora_test/stop2_prototype_breakhis_balanced_prototype_timm_dinov3_convnext_lora_nicme_hybrid_04-28_05-39/metrics_20260428_053921_nicme_hybrid.json,results/stop2_prototype/configs/stop2_prototype_breakhis_balanced_prototype_timm_dinov3_convnext_lora_nicme_hybrid.json,stop2,,,,,,,,,,,,,,,,,,,,,,,,,,
breakhis_balanced_prototype,convnext,facebook/convnext-tiny-224,nicme_hybrid,argmax,,malignant,"[[0.0, 1.0], [10.0, 0.0]]",,0.97,0.85,accuracy,0.0484375,0.484375,0.9375,0.0625,0.7317073170731707,0.34375,0.796875,0.796875,0.7927770859277707,0.0554847656249999,0.923828125,0.939833073359432,0.6091516100877505,0.4172123911203928,0.2384322192519903,,,,,stop2a_tune_breakhis_balanced_prototype_convnext_hybrid_s0.025_l0.1_04-28_06-48,results/convnext_test/stop2a_tune_breakhis_balanced_prototype_convnext_hybrid_s0.025_l0.1_04-28_06-48/metrics_20260428_064845_nicme_hybrid.json,results/stop2a_nicme_tuning/configs/043_stop2a_tune_breakhis_balanced_prototype_convnext_hybrid_s0.025_l0.1.json,stop2a_nicme_tuning,0.025,0.1,"[""benign"", ""malignant""]",0.796875,False,False,False,"[[21, 11], [2, 30]]",45.4021430015564,0.01767,0.01719,1.0,0.0,0.8281,0.8281,5.0,0.01767,0.01719,1.0,0.8281,,,,,,
breakhis_balanced_prototype,convnext,facebook/convnext-tiny-224,nicme_hybrid,calibrated_cost_min,,malignant,"[[0.0, 1.0], [10.0, 0.0]]",,0.97,0.85,accuracy,0.05,0.5,1.0,0.0,0.5,1.0,0.5,0.5,0.3333333333333333,0.1725,0.923828125,0.939833073359432,0.5452143164708607,0.3590445075046085,0.1842176647424231,0.5,,,,stop2a_tune_breakhis_balanced_prototype_convnext_hybrid_s0.025_l0.1_04-28_06-48,results/convnext_test/stop2a_tune_breakhis_balanced_prototype_convnext_hybrid_s0.025_l0.1_04-28_06-48/metrics_20260428_064845_nicme_hybrid.json,results/stop2a_nicme_tuning/configs/043_stop2a_tune_breakhis_balanced_prototype_convnext_hybrid_s0.025_l0.1.json,stop2a_nicme_tuning,0.025,0.1,"[""benign"", ""malignant""]",0.5,True,False,False,"[[0, 32], [0, 32]]",45.4021430015564,0.01767,0.01719,1.0,0.0,0.8281,0.8281,5.0,0.01767,0.01719,1.0,0.8281,,,,,,
breakhis_balanced_prototype,convnext,facebook/convnext-tiny-224,nicme_hybrid,argmax,,malignant,"[[0.0, 1.0], [10.0, 0.0]]",,0.97,0.85,accuracy,0.0484375,0.484375,0.9375,0.0625,0.7317073170731707,0.34375,0.796875,0.796875,0.7927770859277707,0.0554847656249999,0.923828125,0.939833073359432,0.6091535381514492,0.4172142787940917,0.238432920537889,,,,,stop2a_tune_breakhis_balanced_prototype_convnext_hybrid_s0.05_l0.1_04-28_06-49,results/convnext_test/stop2a_tune_breakhis_balanced_prototype_convnext_hybrid_s0.05_l0.1_04-28_06-49/metrics_20260428_064929_nicme_hybrid.json,results/stop2a_nicme_tuning/configs/044_stop2a_tune_breakhis_balanced_prototype_convnext_hybrid_s0.05_l0.1.json,stop2a_nicme_tuning,0.05,0.1,"[""benign"", ""malignant""]",0.796875,False,False,False,"[[21, 11], [2, 30]]",43.71217441558838,0.01767,0.01719,1.0,0.0,0.8281,0.8281,5.0,0.01767,0.01719,1.0,0.8281,,,,,,
breakhis_balanced_prototype,convnext,facebook/convnext-tiny-224,nicme_hybrid,calibrated_cost_min,,malignant,"[[0.0, 1.0], [10.0, 0.0]]",,0.97,0.85,accuracy,0.05,0.5,1.0,0.0,0.5,1.0,0.5,0.5,0.3333333333333333,0.1725,0.923828125,0.939833073359432,0.5452176416808214,0.3590475709290227,0.1842189513271175,0.5,,,,stop2a_tune_breakhis_balanced_prototype_convnext_hybrid_s0.05_l0.1_04-28_06-49,results/convnext_test/stop2a_tune_breakhis_balanced_prototype_convnext_hybrid_s0.05_l0.1_04-28_06-49/metrics_20260428_064929_nicme_hybrid.json,results/stop2a_nicme_tuning/configs/044_stop2a_tune_breakhis_balanced_prototype_convnext_hybrid_s0.05_l0.1.json,stop2a_nicme_tuning,0.05,0.1,"[""benign"", ""malignant""]",0.5,True,False,False,"[[0, 32], [0, 32]]",43.71217441558838,0.01767,0.01719,1.0,0.0,0.8281,0.8281,5.0,0.01767,0.01719,1.0,0.8281,,,,,,
breakhis_balanced_prototype,convnext,facebook/convnext-tiny-224,nicme_hybrid,argmax,,malignant,"[[0.0, 1.0], [10.0, 0.0]]",,0.97,0.85,accuracy,0.0375,0.375,0.96875,0.03125,0.6888888888888889,0.4375,0.765625,0.765625,0.7555385790679908,0.044625390625,0.927734375,0.9347875251165724,0.6133943688172133,0.4214544764982722,0.2060138210654258,,,,,stop2a_tune_breakhis_balanced_prototype_convnext_hybrid_s0.05_l0.25_04-28_06-50,results/convnext_test/stop2a_tune_breakhis_balanced_prototype_convnext_hybrid_s0.05_l0.25_04-28_06-50/metrics_20260428_065013_nicme_hybrid.json,results/stop2a_nicme_tuning/configs/045_stop2a_tune_breakhis_balanced_prototype_convnext_hybrid_s0.05_l0.25.json,stop2a_nicme_tuning,0.05,0.25,"[""benign"", ""malignant""]",0.765625,False,False,False,"[[18, 14], [1, 31]]",44.68574666976929,0.01767,0.01719,1.0,0.0,0.8281,0.8281,5.0,0.01767,0.01719,1.0,0.8281,,,,,,
breakhis_balanced_prototype,convnext,facebook/convnext-tiny-224,nicme_hybrid,calibrated_cost_min,,malignant,"[[0.0, 1.0], [10.0, 0.0]]",,0.97,0.85,accuracy,0.05,0.5,1.0,0.0,0.5,1.0,0.5,0.5,0.3333333333333333,0.1725,0.927734375,0.9347875251165724,0.5543926744386611,0.36810294493452,0.150802375352406,0.5,,,,stop2a_tune_breakhis_balanced_prototype_convnext_hybrid_s0.05_l0.25_04-28_06-50,results/convnext_test/stop2a_tune_breakhis_balanced_prototype_convnext_hybrid_s0.05_l0.25_04-28_06-50/metrics_20260428_065013_nicme_hybrid.json,results/stop2a_nicme_tuning/configs/045_stop2a_tune_breakhis_balanced_prototype_convnext_hybrid_s0.05_l0.25.json,stop2a_nicme_tuning,0.05,0.25,"[""benign"", ""malignant""]",0.5,True,False,False,"[[0, 32], [0, 32]]",44.68574666976929,0.01767,0.01719,1.0,0.0,0.8281,0.8281,5.0,0.01767,0.01719,1.0,0.8281,,,,,,
breakhis_balanced_prototype,convnext,facebook/convnext-tiny-224,nicme_hybrid,argmax,,malignant,"[[0.0, 1.0], [10.0, 0.0]]",,0.97,0.85,accuracy,0.0484375,0.484375,0.9375,0.0625,0.7317073170731707,0.34375,0.796875,0.796875,0.7927770859277707,0.0554847656249999,0.923828125,0.939833073359432,0.6091486006113283,0.4172095309558757,0.2384275216609239,,,,,stop2a_tune_breakhis_balanced_prototype_convnext_hybrid_s0.1_l0.1_04-28_06-50,results/convnext_test/stop2a_tune_breakhis_balanced_prototype_convnext_hybrid_s0.1_l0.1_04-28_06-50/metrics_20260428_065056_nicme_hybrid.json,results/stop2a_nicme_tuning/configs/046_stop2a_tune_breakhis_balanced_prototype_convnext_hybrid_s0.1_l0.1.json,stop2a_nicme_tuning,0.1,0.1,"[""benign"", ""malignant""]",0.796875,False,False,False,"[[21, 11], [2, 30]]",43.23335099220276,0.01767,0.01719,1.0,0.0,0.8281,0.8281,5.0,0.01767,0.01719,1.0,0.8281,,,,,,
breakhis_balanced_prototype,convnext,facebook/convnext-tiny-224,nicme_hybrid,calibrated_cost_min,,malignant,"[[0.0, 1.0], [10.0, 0.0]]",,0.97,0.85,accuracy,0.05,0.5,1.0,0.0,0.5,1.0,0.5,0.5,0.3333333333333333,0.1725,0.923828125,0.939833073359432,0.5452103932860921,0.3590413693891676,0.1842088447772517,0.5,,,,stop2a_tune_breakhis_balanced_prototype_convnext_hybrid_s0.1_l0.1_04-28_06-50,results/convnext_test/stop2a_tune_breakhis_balanced_prototype_convnext_hybrid_s0.1_l0.1_04-28_06-50/metrics_20260428_065056_nicme_hybrid.json,results/stop2a_nicme_tuning/configs/046_stop2a_tune_breakhis_balanced_prototype_convnext_hybrid_s0.1_l0.1.json,stop2a_nicme_tuning,0.1,0.1,"[""benign"", ""malignant""]",0.5,True,False,False,"[[0, 32], [0, 32]]",43.23335099220276,0.01767,0.01719,1.0,0.0,0.8281,0.8281,5.0,0.01767,0.01719,1.0,0.8281,,,,,,
breakhis_balanced_prototype,convnext,facebook/convnext-tiny-224,nicme_hybrid,argmax,,malignant,"[[0.0, 1.0], [10.0, 0.0]]",,0.97,0.85,accuracy,0.0375,0.375,0.96875,0.03125,0.6888888888888889,0.4375,0.765625,0.765625,0.7555385790679908,0.044625390625,0.927734375,0.9347875251165724,0.6133847610080965,0.4214451668487661,0.2060076417401432,,,,,stop2a_tune_breakhis_balanced_prototype_convnext_hybrid_s0.1_l0.25_04-28_06-51,results/convnext_test/stop2a_tune_breakhis_balanced_prototype_convnext_hybrid_s0.1_l0.25_04-28_06-51/metrics_20260428_065144_nicme_hybrid.json,results/stop2a_nicme_tuning/configs/047_stop2a_tune_breakhis_balanced_prototype_convnext_hybrid_s0.1_l0.25.json,stop2a_nicme_tuning,0.1,0.25,"[""benign"", ""malignant""]",0.765625,False,False,False,"[[18, 14], [1, 31]]",47.763184785842896,0.01767,0.01719,1.0,0.0,0.8281,0.8281,5.0,0.01767,0.01719,1.0,0.8281,,,,,,
breakhis_balanced_prototype,convnext,facebook/convnext-tiny-224,nicme_hybrid,calibrated_cost_min,,malignant,"[[0.0, 1.0], [10.0, 0.0]]",,0.97,0.85,accuracy,0.05,0.5,1.0,0.0,0.5,1.0,0.5,0.5,0.3333333333333333,0.1725,0.927734375,0.9347875251165724,0.5543769334114361,0.3680887916764924,0.1507910146535555,0.5,,,,stop2a_tune_breakhis_balanced_prototype_convnext_hybrid_s0.1_l0.25_04-28_06-51,results/convnext_test/stop2a_tune_breakhis_balanced_prototype_convnext_hybrid_s0.1_l0.25_04-28_06-51/metrics_20260428_065144_nicme_hybrid.json,results/stop2a_nicme_tuning/configs/047_stop2a_tune_breakhis_balanced_prototype_convnext_hybrid_s0.1_l0.25.json,stop2a_nicme_tuning,0.1,0.25,"[""benign"", ""malignant""]",0.5,True,False,False,"[[0, 32], [0, 32]]",47.763184785842896,0.01767,0.01719,1.0,0.0,0.8281,0.8281,5.0,0.01767,0.01719,1.0,0.8281,,,,,,
breakhis_balanced_prototype,convnext,facebook/convnext-tiny-224,nicme_hybrid,argmax,,malignant,"[[0.0, 1.0], [10.0, 0.0]]",,0.97,0.85,accuracy,0.0375,0.375,0.96875,0.03125,0.6888888888888889,0.4375,0.765625,0.765625,0.7555385790679908,0.044625390625,0.927734375,0.9347875251165724,0.6133874756748594,0.4214478192192639,0.2060092156752944,,,,,stop2a_tune_breakhis_balanced_prototype_convnext_hybrid_s0.2_l0.25_04-28_06-52,results/convnext_test/stop2a_tune_breakhis_balanced_prototype_convnext_hybrid_s0.2_l0.25_04-28_06-52/metrics_20260428_065228_nicme_hybrid.json,results/stop2a_nicme_tuning/configs/048_stop2a_tune_breakhis_balanced_prototype_convnext_hybrid_s0.2_l0.25.json,stop2a_nicme_tuning,0.2,0.25,"[""benign"", ""malignant""]",0.765625,False,False,False,"[[18, 14], [1, 31]]",43.35975217819214,0.01767,0.01719,1.0,0.0,0.8281,0.8281,5.0,0.01767,0.01719,1.0,0.8281,,,,,,
breakhis_balanced_prototype,convnext,facebook/convnext-tiny-224,nicme_hybrid,calibrated_cost_min,,malignant,"[[0.0, 1.0], [10.0, 0.0]]",,0.97,0.85,accuracy,0.05,0.5,1.0,0.0,0.5,1.0,0.5,0.5,0.3333333333333333,0.1725,0.927734375,0.9347875251165724,0.5543812571382091,0.3680927727907731,0.1507938495479158,0.5,,,,stop2a_tune_breakhis_balanced_prototype_convnext_hybrid_s0.2_l0.25_04-28_06-52,results/convnext_test/stop2a_tune_breakhis_balanced_prototype_convnext_hybrid_s0.2_l0.25_04-28_06-52/metrics_20260428_065228_nicme_hybrid.json,results/stop2a_nicme_tuning/configs/048_stop2a_tune_breakhis_balanced_prototype_convnext_hybrid_s0.2_l0.25.json,stop2a_nicme_tuning,0.2,0.25,"[""benign"", ""malignant""]",0.5,True,False,False,"[[0, 32], [0, 32]]",43.35975217819214,0.01767,0.01719,1.0,0.0,0.8281,0.8281,5.0,0.01767,0.01719,1.0,0.8281,,,,,,
breakhis_balanced_prototype,convnext,facebook/convnext-tiny-224,nicme_logit_adjustment,argmax,,malignant,"[[0.0, 1.0], [10.0, 0.0]]",,0.97,0.85,accuracy,0.021875,0.21875,0.96875,0.03125,0.8857142857142857,0.125,0.921875,0.921875,0.921702960606802,0.0218812499999999,0.943359375,0.9358940798910612,0.5053225919590518,0.3180051540001348,0.2959365490823984,,,,,stop2a_tune_breakhis_balanced_prototype_convnext_logit_s0.025_04-28_06-44,results/convnext_test/stop2a_tune_breakhis_balanced_prototype_convnext_logit_s0.025_04-28_06-44/metrics_20260428_064410_nicme_logit_adjustment.json,results/stop2a_nicme_tuning/configs/037_stop2a_tune_breakhis_balanced_prototype_convnext_logit_s0.025.json,stop2a_nicme_tuning,0.025,0.0,"[""benign"", ""malignant""]",0.921875,False,True,False,"[[28, 4], [1, 31]]",35.11236572265625,0.02973,0.02969,0.9688,0.03125,0.8438,0.8438,3.0,0.02973,0.02969,0.9688,0.8438,,,,,,
breakhis_balanced_prototype,convnext,facebook/convnext-tiny-224,nicme_logit_adjustment,calibrated_cost_min,,malignant,"[[0.0, 1.0], [10.0, 0.0]]",,0.97,0.85,accuracy,0.05,0.5,1.0,0.0,0.5,1.0,0.5,0.5,0.3333333333333333,0.1725,0.943359375,0.9358940798910612,0.3892434937358278,0.2223713123970474,0.2079884029126471,0.5,,,,stop2a_tune_breakhis_balanced_prototype_convnext_logit_s0.025_04-28_06-44,results/convnext_test/stop2a_tune_breakhis_balanced_prototype_convnext_logit_s0.025_04-28_06-44/metrics_20260428_064410_nicme_logit_adjustment.json,results/stop2a_nicme_tuning/configs/037_stop2a_tune_breakhis_balanced_prototype_convnext_logit_s0.025.json,stop2a_nicme_tuning,0.025,0.0,"[""benign"", ""malignant""]",0.5,True,False,False,"[[0, 32], [0, 32]]",35.11236572265625,0.02973,0.02969,0.9688,0.03125,0.8438,0.8438,3.0,0.02973,0.02969,0.9688,0.8438,,,,,,
breakhis_balanced_prototype,convnext,facebook/convnext-tiny-224,nicme_logit_adjustment,argmax,,malignant,"[[0.0, 1.0], [10.0, 0.0]]",,0.97,0.85,accuracy,0.0203125,0.203125,0.96875,0.03125,0.9117647058823528,0.09375,0.9375,0.9375,0.9374389051808408,0.02031875,0.94921875,0.9489317462066356,0.4562777979475847,0.2749956219698836,0.2750213043764233,,,,,stop2a_tune_breakhis_balanced_prototype_convnext_logit_s0.05_04-28_06-44,results/convnext_test/stop2a_tune_breakhis_balanced_prototype_convnext_logit_s0.05_04-28_06-44/metrics_20260428_064448_nicme_logit_adjustment.json,results/stop2a_nicme_tuning/configs/038_stop2a_tune_breakhis_balanced_prototype_convnext_logit_s0.05.json,stop2a_nicme_tuning,0.05,0.0,"[""benign"", ""malignant""]",0.9375,False,True,False,"[[29, 3], [1, 31]]",38.12091565132141,0.01406,0.01406,1.0,0.0,0.8594,0.8594,4.0,0.02973,0.02969,0.9688,0.8438,,,,,,
breakhis_balanced_prototype,convnext,facebook/convnext-tiny-224,nicme_logit_adjustment,calibrated_cost_min,,malignant,"[[0.0, 1.0], [10.0, 0.0]]",,0.97,0.85,accuracy,0.0484375,0.484375,1.0,0.0,0.5079365079365079,0.96875,0.515625,0.515625,0.3671451355661882,0.1602441406249999,0.94921875,0.9489317462066356,0.3345732681504738,0.1850220606392424,0.1567764874708375,0.5,,,,stop2a_tune_breakhis_balanced_prototype_convnext_logit_s0.05_04-28_06-44,results/convnext_test/stop2a_tune_breakhis_balanced_prototype_convnext_logit_s0.05_04-28_06-44/metrics_20260428_064448_nicme_logit_adjustment.json,results/stop2a_nicme_tuning/configs/038_stop2a_tune_breakhis_balanced_prototype_convnext_logit_s0.05.json,stop2a_nicme_tuning,0.05,0.0,"[""benign"", ""malignant""]",0.515625,True,False,False,"[[1, 31], [0, 32]]",38.12091565132141,0.01406,0.01406,1.0,0.0,0.8594,0.8594,4.0,0.02973,0.02969,0.9688,0.8438,,,,,,
breakhis_balanced_prototype,convnext,facebook/convnext-tiny-224,nicme_logit_adjustment,argmax,,malignant,"[[0.0, 1.0], [10.0, 0.0]]",,0.97,0.85,accuracy,0.0203125,0.203125,0.96875,0.03125,0.9117647058823528,0.09375,0.9375,0.9375,0.9374389051808408,0.02031875,0.9462890625,0.9449270767339988,0.4775109072013075,0.2939284255232639,0.2886073384433985,,,,,stop2a_tune_breakhis_balanced_prototype_convnext_logit_s0.1_04-28_06-45,results/convnext_test/stop2a_tune_breakhis_balanced_prototype_convnext_logit_s0.1_04-28_06-45/metrics_20260428_064528_nicme_logit_adjustment.json,results/stop2a_nicme_tuning/configs/039_stop2a_tune_breakhis_balanced_prototype_convnext_logit_s0.1.json,stop2a_nicme_tuning,0.1,0.0,"[""benign"", ""malignant""]",0.9375,False,True,False,"[[29, 3], [1, 31]]",39.2900116443634,0.01566,0.01562,1.0,0.0,0.8438,0.8438,4.0,0.02973,0.02969,0.9688,0.8438,,,,,,
breakhis_balanced_prototype,convnext,facebook/convnext-tiny-224,nicme_logit_adjustment,calibrated_cost_min,,malignant,"[[0.0, 1.0], [10.0, 0.0]]",,0.97,0.85,accuracy,0.05,0.5,1.0,0.0,0.5,1.0,0.5,0.5,0.3333333333333333,0.1725,0.9462890625,0.9449270767339988,0.362172024657037,0.2055787412857423,0.1764746210500876,0.5,,,,stop2a_tune_breakhis_balanced_prototype_convnext_logit_s0.1_04-28_06-45,results/convnext_test/stop2a_tune_breakhis_balanced_prototype_convnext_logit_s0.1_04-28_06-45/metrics_20260428_064528_nicme_logit_adjustment.json,results/stop2a_nicme_tuning/configs/039_stop2a_tune_breakhis_balanced_prototype_convnext_logit_s0.1.json,stop2a_nicme_tuning,0.1,0.0,"[""benign"", ""malignant""]",0.5,True,False,False,"[[0, 32], [0, 32]]",39.2900116443634,0.01566,0.01562,1.0,0.0,0.8438,0.8438,4.0,0.02973,0.02969,0.9688,0.8438,,,,,,
breakhis_balanced_prototype,convnext,facebook/convnext-tiny-224,nicme_logit_adjustment,argmax,,malignant,"[[0.0, 1.0], [10.0, 0.0]]",,0.97,0.85,accuracy,0.0203125,0.203125,0.96875,0.03125,0.9117647058823528,0.09375,0.9375,0.9375,0.9374389051808408,0.02031875,0.9736328125,0.9767441302828984,0.4425085123420608,0.2631246217986793,0.2750790119171142,,,,,stop2a_tune_breakhis_balanced_prototype_convnext_logit_s0.2_04-28_06-46,results/convnext_test/stop2a_tune_breakhis_balanced_prototype_convnext_logit_s0.2_04-28_06-46/metrics_20260428_064615_nicme_logit_adjustment.json,results/stop2a_nicme_tuning/configs/040_stop2a_tune_breakhis_balanced_prototype_convnext_logit_s0.2.json,stop2a_nicme_tuning,0.2,0.0,"[""benign"", ""malignant""]",0.9375,False,True,False,"[[29, 3], [1, 31]]",47.42142343521118,0.01406,0.01406,1.0,0.0,0.8594,0.8594,6.0,0.01406,0.01406,1.0,0.8594,,,,,,
breakhis_balanced_prototype,convnext,facebook/convnext-tiny-224,nicme_logit_adjustment,calibrated_cost_min,,malignant,"[[0.0, 1.0], [10.0, 0.0]]",,0.97,0.85,accuracy,0.0484375,0.484375,1.0,0.0,0.5079365079365079,0.96875,0.515625,0.515625,0.3671451355661882,0.1602441406249999,0.9736328125,0.9767441302828984,0.3096914145749154,0.1680155482248855,0.159449625282795,0.5,,,,stop2a_tune_breakhis_balanced_prototype_convnext_logit_s0.2_04-28_06-46,results/convnext_test/stop2a_tune_breakhis_balanced_prototype_convnext_logit_s0.2_04-28_06-46/metrics_20260428_064615_nicme_logit_adjustment.json,results/stop2a_nicme_tuning/configs/040_stop2a_tune_breakhis_balanced_prototype_convnext_logit_s0.2.json,stop2a_nicme_tuning,0.2,0.0,"[""benign"", ""malignant""]",0.515625,True,False,False,"[[1, 31], [0, 32]]",47.42142343521118,0.01406,0.01406,1.0,0.0,0.8594,0.8594,6.0,0.01406,0.01406,1.0,0.8594,,,,,,
breakhis_balanced_prototype,convnext,facebook/convnext-tiny-224,nicme_logit_adjustment,argmax,,malignant,"[[0.0, 1.0], [10.0, 0.0]]",,0.97,0.85,accuracy,0.025,0.25,0.96875,0.03125,0.8378378378378378,0.1875,0.890625,0.890625,0.8899533284205354,0.02500625,0.9677734375,0.9695743427126642,0.5165628012585295,0.329686784995485,0.2745040468871593,,,,,stop2a_tune_breakhis_balanced_prototype_convnext_logit_s0.35_04-28_06-46,results/convnext_test/stop2a_tune_breakhis_balanced_prototype_convnext_logit_s0.35_04-28_06-46/metrics_20260428_064659_nicme_logit_adjustment.json,results/stop2a_nicme_tuning/configs/041_stop2a_tune_breakhis_balanced_prototype_convnext_logit_s0.35.json,stop2a_nicme_tuning,0.35,0.0,"[""benign"", ""malignant""]",0.890625,False,True,False,"[[26, 6], [1, 31]]",43.682228326797485,0.01406,0.01406,1.0,0.0,0.8594,0.8594,5.0,0.01406,0.01406,1.0,0.8594,,,,,,
breakhis_balanced_prototype,convnext,facebook/convnext-tiny-224,nicme_logit_adjustment,calibrated_cost_min,,malignant,"[[0.0, 1.0], [10.0, 0.0]]",,0.97,0.85,accuracy,0.05,0.5,1.0,0.0,0.5,1.0,0.5,0.5,0.3333333333333333,0.1725,0.9677734375,0.9695743427126642,0.4072741413663768,0.242253741178812,0.1803167401950714,0.5,,,,stop2a_tune_breakhis_balanced_prototype_convnext_logit_s0.35_04-28_06-46,results/convnext_test/stop2a_tune_breakhis_balanced_prototype_convnext_logit_s0.35_04-28_06-46/metrics_20260428_064659_nicme_logit_adjustment.json,results/stop2a_nicme_tuning/configs/041_stop2a_tune_breakhis_balanced_prototype_convnext_logit_s0.35.json,stop2a_nicme_tuning,0.35,0.0,"[""benign"", ""malignant""]",0.5,True,False,False,"[[0, 32], [0, 32]]",43.682228326797485,0.01406,0.01406,1.0,0.0,0.8594,0.8594,5.0,0.01406,0.01406,1.0,0.8594,,,,,,
breakhis_balanced_prototype,convnext,facebook/convnext-tiny-224,nicme_logit_adjustment,argmax,,malignant,"[[0.0, 1.0], [10.0, 0.0]]",,0.97,0.85,accuracy,0.03125,0.3125,0.96875,0.03125,0.7560975609756098,0.3125,0.828125,0.828125,0.8246575342465754,0.031734765625,0.9580078125,0.96166135054702,0.5529644451670371,0.3637055805983053,0.2697868570685386,,,,,stop2a_tune_breakhis_balanced_prototype_convnext_logit_s0.5_04-28_06-47,results/convnext_test/stop2a_tune_breakhis_balanced_prototype_convnext_logit_s0.5_04-28_06-47/metrics_20260428_064759_nicme_logit_adjustment.json,results/stop2a_nicme_tuning/configs/042_stop2a_tune_breakhis_balanced_prototype_convnext_logit_s0.5.json,stop2a_nicme_tuning,0.5,0.0,"[""benign"", ""malignant""]",0.828125,False,False,False,"[[22, 10], [1, 31]]",60.67417287826538,0.01566,0.01562,1.0,0.0,0.8438,0.8438,6.0,0.01566,0.01562,1.0,0.8438,,,,,,
breakhis_balanced_prototype,convnext,facebook/convnext-tiny-224,nicme_logit_adjustment,calibrated_cost_min,,malignant,"[[0.0, 1.0], [10.0, 0.0]]",,0.97,0.85,accuracy,0.05,0.5,1.0,0.0,0.5,1.0,0.5,0.5,0.3333333333333333,0.1725,0.9580078125,0.96166135054702,0.4600475420483285,0.2857249749697566,0.2023983283913414,0.5,,,,stop2a_tune_breakhis_balanced_prototype_convnext_logit_s0.5_04-28_06-47,results/convnext_test/stop2a_tune_breakhis_balanced_prototype_convnext_logit_s0.5_04-28_06-47/metrics_20260428_064759_nicme_logit_adjustment.json,results/stop2a_nicme_tuning/configs/042_stop2a_tune_breakhis_balanced_prototype_convnext_logit_s0.5.json,stop2a_nicme_tuning,0.5,0.0,"[""benign"", ""malignant""]",0.5,True,False,False,"[[0, 32], [0, 32]]",60.67417287826538,0.01566,0.01562,1.0,0.0,0.8438,0.8438,6.0,0.01566,0.01562,1.0,0.8438,,,,,,
breakhis_balanced_prototype,timm_dinov3_convnext_lora,timm/convnext_tiny.dinov3_lvd1689m,nicme_hybrid,argmax,,malignant,"[[0.0, 1.0], [10.0, 0.0]]",,0.97,0.85,accuracy,0.096875,0.96875,0.875,0.125,0.56,0.6875,0.59375,0.59375,0.5588547189819725,0.1986390624999999,0.6123046875,0.6213663738133627,0.6798646026065318,0.4870054071647584,0.0714298272505402,,,,,stop2a_tune_breakhis_balanced_prototype_timm_dinov3_convnext_lora_hybrid_s0.025_l0.1_04-28_07-11,results/timm_dinov3_convnext_lora_test/stop2a_tune_breakhis_balanced_prototype_timm_dinov3_convnext_lora_hybrid_s0.025_l0.1_04-28_07-11/metrics_20260428_071109_nicme_hybrid.json,results/stop2a_nicme_tuning/configs/079_stop2a_tune_breakhis_balanced_prototype_timm_dinov3_convnext_lora_hybrid_s0.025_l0.1.json,stop2a_nicme_tuning,0.025,0.1,"[""benign"", ""malignant""]",0.59375,False,False,False,"[[10, 22], [4, 28]]",30.297670602798465,0.1695,0.07344,0.9375,0.0625,0.5469,0.5469,2.0,0.1926,0.07656,0.9375,0.5156,,,,,,
breakhis_balanced_prototype,timm_dinov3_convnext_lora,timm/convnext_tiny.dinov3_lvd1689m,nicme_hybrid,calibrated_cost_min,,malignant,"[[0.0, 1.0], [10.0, 0.0]]",,0.97,0.85,accuracy,0.05,0.5,1.0,0.0,0.5,1.0,0.5,0.5,0.3333333333333333,0.1725,0.6123046875,0.6213663738133627,0.6820197249965568,0.488965373830925,0.0598292090337047,2.35,,,,stop2a_tune_breakhis_balanced_prototype_timm_dinov3_convnext_lora_hybrid_s0.025_l0.1_04-28_07-11,results/timm_dinov3_convnext_lora_test/stop2a_tune_breakhis_balanced_prototype_timm_dinov3_convnext_lora_hybrid_s0.025_l0.1_04-28_07-11/metrics_20260428_071109_nicme_hybrid.json,results/stop2a_nicme_tuning/configs/079_stop2a_tune_breakhis_balanced_prototype_timm_dinov3_convnext_lora_hybrid_s0.025_l0.1.json,stop2a_nicme_tuning,0.025,0.1,"[""benign"", ""malignant""]",0.5,True,False,False,"[[0, 32], [0, 32]]",30.297670602798465,0.1695,0.07344,0.9375,0.0625,0.5469,0.5469,2.0,0.1926,0.07656,0.9375,0.5156,,,,,,
breakhis_balanced_prototype,timm_dinov3_convnext_lora,timm/convnext_tiny.dinov3_lvd1689m,nicme_hybrid,argmax,,malignant,"[[0.0, 1.0], [10.0, 0.0]]",,0.97,0.85,accuracy,0.096875,0.96875,0.875,0.125,0.56,0.6875,0.59375,0.59375,0.5588547189819725,0.1986390624999999,0.6123046875,0.6213663738133627,0.6798646026065318,0.4870054071647584,0.0714298272505402,,,,,stop2a_tune_breakhis_balanced_prototype_timm_dinov3_convnext_lora_hybrid_s0.05_l0.1_04-28_07-11,results/timm_dinov3_convnext_lora_test/stop2a_tune_breakhis_balanced_prototype_timm_dinov3_convnext_lora_hybrid_s0.05_l0.1_04-28_07-11/metrics_20260428_071138_nicme_hybrid.json,results/stop2a_nicme_tuning/configs/080_stop2a_tune_breakhis_balanced_prototype_timm_dinov3_convnext_lora_hybrid_s0.05_l0.1.json,stop2a_nicme_tuning,0.05,0.1,"[""benign"", ""malignant""]",0.59375,False,False,False,"[[10, 22], [4, 28]]",29.131672382354736,0.1695,0.07344,0.9375,0.0625,0.5469,0.5469,2.0,0.1926,0.07656,0.9375,0.5156,,,,,,
breakhis_balanced_prototype,timm_dinov3_convnext_lora,timm/convnext_tiny.dinov3_lvd1689m,nicme_hybrid,calibrated_cost_min,,malignant,"[[0.0, 1.0], [10.0, 0.0]]",,0.97,0.85,accuracy,0.05,0.5,1.0,0.0,0.5,1.0,0.5,0.5,0.3333333333333333,0.1725,0.6123046875,0.6213663738133627,0.6820197249965568,0.488965373830925,0.0598292090337047,2.35,,,,stop2a_tune_breakhis_balanced_prototype_timm_dinov3_convnext_lora_hybrid_s0.05_l0.1_04-28_07-11,results/timm_dinov3_convnext_lora_test/stop2a_tune_breakhis_balanced_prototype_timm_dinov3_convnext_lora_hybrid_s0.05_l0.1_04-28_07-11/metrics_20260428_071138_nicme_hybrid.json,results/stop2a_nicme_tuning/configs/080_stop2a_tune_breakhis_balanced_prototype_timm_dinov3_convnext_lora_hybrid_s0.05_l0.1.json,stop2a_nicme_tuning,0.05,0.1,"[""benign"", ""malignant""]",0.5,True,False,False,"[[0, 32], [0, 32]]",29.131672382354736,0.1695,0.07344,0.9375,0.0625,0.5469,0.5469,2.0,0.1926,0.07656,0.9375,0.5156,,,,,,
breakhis_balanced_prototype,timm_dinov3_convnext_lora,timm/convnext_tiny.dinov3_lvd1689m,nicme_hybrid,argmax,,malignant,"[[0.0, 1.0], [10.0, 0.0]]",,0.97,0.85,accuracy,0.2015625,2.015625,0.625,0.375,0.6896551724137931,0.28125,0.671875,0.671875,0.6711524345485687,0.709391015625,0.7275390625,0.7053883169273453,0.6456645501924729,0.4533935364166834,0.1121294125914573,,,,,stop2a_tune_breakhis_balanced_prototype_timm_dinov3_convnext_lora_hybrid_s0.05_l0.25_04-28_07-12,results/timm_dinov3_convnext_lora_test/stop2a_tune_breakhis_balanced_prototype_timm_dinov3_convnext_lora_hybrid_s0.05_l0.25_04-28_07-12/metrics_20260428_071223_nicme_hybrid.json,results/stop2a_nicme_tuning/configs/081_stop2a_tune_breakhis_balanced_prototype_timm_dinov3_convnext_lora_hybrid_s0.05_l0.25.json,stop2a_nicme_tuning,0.05,0.25,"[""benign"", ""malignant""]",0.671875,False,False,False,"[[23, 9], [12, 20]]",45.81228113174439,0.08505,0.06406,0.9062,0.09375,0.7812,0.7812,5.0,0.1382,0.07812,0.9062,0.6406,,,,,,
breakhis_balanced_prototype,timm_dinov3_convnext_lora,timm/convnext_tiny.dinov3_lvd1689m,nicme_hybrid,calibrated_cost_min,,malignant,"[[0.0, 1.0], [10.0, 0.0]]",,0.97,0.85,accuracy,0.05,0.5,1.0,0.0,0.5,1.0,0.5,0.5,0.3333333333333333,0.1725,0.7275390625,0.7053883169273453,0.62051607291202,0.4310738447102905,0.1060968485971598,0.5,,,,stop2a_tune_breakhis_balanced_prototype_timm_dinov3_convnext_lora_hybrid_s0.05_l0.25_04-28_07-12,results/timm_dinov3_convnext_lora_test/stop2a_tune_breakhis_balanced_prototype_timm_dinov3_convnext_lora_hybrid_s0.05_l0.25_04-28_07-12/metrics_20260428_071223_nicme_hybrid.json,results/stop2a_nicme_tuning/configs/081_stop2a_tune_breakhis_balanced_prototype_timm_dinov3_convnext_lora_hybrid_s0.05_l0.25.json,stop2a_nicme_tuning,0.05,0.25,"[""benign"", ""malignant""]",0.5,True,False,False,"[[0, 32], [0, 32]]",45.81228113174439,0.08505,0.06406,0.9062,0.09375,0.7812,0.7812,5.0,0.1382,0.07812,0.9062,0.6406,,,,,,
breakhis_balanced_prototype,timm_dinov3_convnext_lora,timm/convnext_tiny.dinov3_lvd1689m,nicme_hybrid,argmax,,malignant,"[[0.0, 1.0], [10.0, 0.0]]",,0.97,0.85,accuracy,0.096875,0.96875,0.875,0.125,0.56,0.6875,0.59375,0.59375,0.5588547189819725,0.1986390624999999,0.6123046875,0.6213663738133627,0.6798646026065318,0.4870054071647584,0.0714298272505402,,,,,stop2a_tune_breakhis_balanced_prototype_timm_dinov3_convnext_lora_hybrid_s0.1_l0.1_04-28_07-12,results/timm_dinov3_convnext_lora_test/stop2a_tune_breakhis_balanced_prototype_timm_dinov3_convnext_lora_hybrid_s0.1_l0.1_04-28_07-12/metrics_20260428_071253_nicme_hybrid.json,results/stop2a_nicme_tuning/configs/082_stop2a_tune_breakhis_balanced_prototype_timm_dinov3_convnext_lora_hybrid_s0.1_l0.1.json,stop2a_nicme_tuning,0.1,0.1,"[""benign"", ""malignant""]",0.59375,False,False,False,"[[10, 22], [4, 28]]",29.32811570167541,0.1695,0.07344,0.9375,0.0625,0.5469,0.5469,2.0,0.1926,0.07656,0.9375,0.5156,,,,,,
breakhis_balanced_prototype,timm_dinov3_convnext_lora,timm/convnext_tiny.dinov3_lvd1689m,nicme_hybrid,calibrated_cost_min,,malignant,"[[0.0, 1.0], [10.0, 0.0]]",,0.97,0.85,accuracy,0.05,0.5,1.0,0.0,0.5,1.0,0.5,0.5,0.3333333333333333,0.1725,0.6123046875,0.6213663738133627,0.6820197249965568,0.488965373830925,0.0598292090337047,2.35,,,,stop2a_tune_breakhis_balanced_prototype_timm_dinov3_convnext_lora_hybrid_s0.1_l0.1_04-28_07-12,results/timm_dinov3_convnext_lora_test/stop2a_tune_breakhis_balanced_prototype_timm_dinov3_convnext_lora_hybrid_s0.1_l0.1_04-28_07-12/metrics_20260428_071253_nicme_hybrid.json,results/stop2a_nicme_tuning/configs/082_stop2a_tune_breakhis_balanced_prototype_timm_dinov3_convnext_lora_hybrid_s0.1_l0.1.json,stop2a_nicme_tuning,0.1,0.1,"[""benign"", ""malignant""]",0.5,True,False,False,"[[0, 32], [0, 32]]",29.32811570167541,0.1695,0.07344,0.9375,0.0625,0.5469,0.5469,2.0,0.1926,0.07656,0.9375,0.5156,,,,,,
breakhis_balanced_prototype,timm_dinov3_convnext_lora,timm/convnext_tiny.dinov3_lvd1689m,nicme_hybrid,argmax,,malignant,"[[0.0, 1.0], [10.0, 0.0]]",,0.97,0.85,accuracy,0.2015625,2.015625,0.625,0.375,0.6896551724137931,0.28125,0.671875,0.671875,0.6711524345485687,0.709391015625,0.7275390625,0.7053883169273453,0.6456645501924729,0.4533935364166834,0.1121294125914573,,,,,stop2a_tune_breakhis_balanced_prototype_timm_dinov3_convnext_lora_hybrid_s0.1_l0.25_04-28_07-13,results/timm_dinov3_convnext_lora_test/stop2a_tune_breakhis_balanced_prototype_timm_dinov3_convnext_lora_hybrid_s0.1_l0.25_04-28_07-13/metrics_20260428_071333_nicme_hybrid.json,results/stop2a_nicme_tuning/configs/083_stop2a_tune_breakhis_balanced_prototype_timm_dinov3_convnext_lora_hybrid_s0.1_l0.25.json,stop2a_nicme_tuning,0.1,0.25,"[""benign"", ""malignant""]",0.671875,False,False,False,"[[23, 9], [12, 20]]",40.13530683517456,0.08505,0.06406,0.9062,0.09375,0.7812,0.7812,5.0,0.1382,0.07812,0.9062,0.6406,,,,,,
breakhis_balanced_prototype,timm_dinov3_convnext_lora,timm/convnext_tiny.dinov3_lvd1689m,nicme_hybrid,calibrated_cost_min,,malignant,"[[0.0, 1.0], [10.0, 0.0]]",,0.97,0.85,accuracy,0.05,0.5,1.0,0.0,0.5,1.0,0.5,0.5,0.3333333333333333,0.1725,0.7275390625,0.7053883169273453,0.62051607291202,0.4310738447102905,0.1060968485971598,0.5,,,,stop2a_tune_breakhis_balanced_prototype_timm_dinov3_convnext_lora_hybrid_s0.1_l0.25_04-28_07-13,results/timm_dinov3_convnext_lora_test/stop2a_tune_breakhis_balanced_prototype_timm_dinov3_convnext_lora_hybrid_s0.1_l0.25_04-28_07-13/metrics_20260428_071333_nicme_hybrid.json,results/stop2a_nicme_tuning/configs/083_stop2a_tune_breakhis_balanced_prototype_timm_dinov3_convnext_lora_hybrid_s0.1_l0.25.json,stop2a_nicme_tuning,0.1,0.25,"[""benign"", ""malignant""]",0.5,True,False,False,"[[0, 32], [0, 32]]",40.13530683517456,0.08505,0.06406,0.9062,0.09375,0.7812,0.7812,5.0,0.1382,0.07812,0.9062,0.6406,,,,,,
breakhis_balanced_prototype,timm_dinov3_convnext_lora,timm/convnext_tiny.dinov3_lvd1689m,nicme_hybrid,argmax,,malignant,"[[0.0, 1.0], [10.0, 0.0]]",,0.97,0.85,accuracy,0.2015625,2.015625,0.625,0.375,0.6896551724137931,0.28125,0.671875,0.671875,0.6711524345485687,0.709391015625,0.7275390625,0.7053883169273453,0.6456645501924729,0.4533935364166834,0.1121294125914573,,,,,stop2a_tune_breakhis_balanced_prototype_timm_dinov3_convnext_lora_hybrid_s0.2_l0.25_04-28_07-14,results/timm_dinov3_convnext_lora_test/stop2a_tune_breakhis_balanced_prototype_timm_dinov3_convnext_lora_hybrid_s0.2_l0.25_04-28_07-14/metrics_20260428_071412_nicme_hybrid.json,results/stop2a_nicme_tuning/configs/084_stop2a_tune_breakhis_balanced_prototype_timm_dinov3_convnext_lora_hybrid_s0.2_l0.25.json,stop2a_nicme_tuning,0.2,0.25,"[""benign"", ""malignant""]",0.671875,False,False,False,"[[23, 9], [12, 20]]",39.40631604194641,0.08505,0.06406,0.9062,0.09375,0.7812,0.7812,5.0,0.1382,0.07812,0.9062,0.6406,,,,,,
breakhis_balanced_prototype,timm_dinov3_convnext_lora,timm/convnext_tiny.dinov3_lvd1689m,nicme_hybrid,calibrated_cost_min,,malignant,"[[0.0, 1.0], [10.0, 0.0]]",,0.97,0.85,accuracy,0.05,0.5,1.0,0.0,0.5,1.0,0.5,0.5,0.3333333333333333,0.1725,0.7275390625,0.7053883169273453,0.62051607291202,0.4310738447102905,0.1060968485971598,0.5,,,,stop2a_tune_breakhis_balanced_prototype_timm_dinov3_convnext_lora_hybrid_s0.2_l0.25_04-28_07-14,results/timm_dinov3_convnext_lora_test/stop2a_tune_breakhis_balanced_prototype_timm_dinov3_convnext_lora_hybrid_s0.2_l0.25_04-28_07-14/metrics_20260428_071412_nicme_hybrid.json,results/stop2a_nicme_tuning/configs/084_stop2a_tune_breakhis_balanced_prototype_timm_dinov3_convnext_lora_hybrid_s0.2_l0.25.json,stop2a_nicme_tuning,0.2,0.25,"[""benign"", ""malignant""]",0.5,True,False,False,"[[0, 32], [0, 32]]",39.40631604194641,0.08505,0.06406,0.9062,0.09375,0.7812,0.7812,5.0,0.1382,0.07812,0.9062,0.6406,,,,,,
breakhis_balanced_prototype,timm_dinov3_convnext_lora,timm/convnext_tiny.dinov3_lvd1689m,nicme_logit_adjustment,argmax,,malignant,"[[0.0, 1.0], [10.0, 0.0]]",,0.97,0.85,accuracy,0.075,0.75,0.875,0.125,0.7777777777777778,0.25,0.8125,0.8125,0.8117647058823529,0.1125062499999999,0.8310546875,0.8395463377760284,0.5272282212880565,0.3503289895021152,0.1643066117540002,,,,,stop2a_tune_breakhis_balanced_prototype_timm_dinov3_convnext_lora_logit_s0.025_04-28_07-06,results/timm_dinov3_convnext_lora_test/stop2a_tune_breakhis_balanced_prototype_timm_dinov3_convnext_lora_logit_s0.025_04-28_07-06/metrics_20260428_070658_nicme_logit_adjustment.json,results/stop2a_nicme_tuning/configs/073_stop2a_tune_breakhis_balanced_prototype_timm_dinov3_convnext_lora_logit_s0.025.json,stop2a_nicme_tuning,0.025,0.0,"[""benign"", ""malignant""]",0.8125,False,False,False,"[[24, 8], [4, 28]]",44.71041512489319,0.03422,0.03281,0.9688,0.03125,0.8125,0.8125,6.0,0.0372,0.03438,0.9688,0.7969,,,,,,
breakhis_balanced_prototype,timm_dinov3_convnext_lora,timm/convnext_tiny.dinov3_lvd1689m,nicme_logit_adjustment,calibrated_cost_min,,malignant,"[[0.0, 1.0], [10.0, 0.0]]",,0.97,0.85,accuracy,0.0453125,0.453125,1.0,0.0,0.5245901639344263,0.90625,0.546875,0.546875,0.429800307219662,0.1371972656249999,0.8310546875,0.8395463377760284,0.4893995439690543,0.3264272851468814,0.1556357643496163,0.55,,,,stop2a_tune_breakhis_balanced_prototype_timm_dinov3_convnext_lora_logit_s0.025_04-28_07-06,results/timm_dinov3_convnext_lora_test/stop2a_tune_breakhis_balanced_prototype_timm_dinov3_convnext_lora_logit_s0.025_04-28_07-06/metrics_20260428_070658_nicme_logit_adjustment.json,results/stop2a_nicme_tuning/configs/073_stop2a_tune_breakhis_balanced_prototype_timm_dinov3_convnext_lora_logit_s0.025.json,stop2a_nicme_tuning,0.025,0.0,"[""benign"", ""malignant""]",0.546875,True,False,False,"[[3, 29], [0, 32]]",44.71041512489319,0.03422,0.03281,0.9688,0.03125,0.8125,0.8125,6.0,0.0372,0.03438,0.9688,0.7969,,,,,,
breakhis_balanced_prototype,timm_dinov3_convnext_lora,timm/convnext_tiny.dinov3_lvd1689m,nicme_logit_adjustment,argmax,,malignant,"[[0.0, 1.0], [10.0, 0.0]]",,0.97,0.85,accuracy,0.059375,0.59375,0.90625,0.09375,0.7837837837837838,0.25,0.828125,0.828125,0.8270695160894128,0.0761097656249999,0.8115234375,0.8227987662247433,0.5451961233649091,0.36568583866642,0.2206408139318227,,,,,stop2a_tune_breakhis_balanced_prototype_timm_dinov3_convnext_lora_logit_s0.05_04-28_07-07,results/timm_dinov3_convnext_lora_test/stop2a_tune_breakhis_balanced_prototype_timm_dinov3_convnext_lora_logit_s0.05_04-28_07-07/metrics_20260428_070741_nicme_logit_adjustment.json,results/stop2a_nicme_tuning/configs/074_stop2a_tune_breakhis_balanced_prototype_timm_dinov3_convnext_lora_logit_s0.05.json,stop2a_nicme_tuning,0.05,0.0,"[""benign"", ""malignant""]",0.828125,False,False,False,"[[24, 8], [3, 29]]",42.968135595321655,0.04067,0.03594,0.9688,0.03125,0.7812,0.7812,6.0,0.054,0.04063,0.9688,0.7344,,,,,,
breakhis_balanced_prototype,timm_dinov3_convnext_lora,timm/convnext_tiny.dinov3_lvd1689m,nicme_logit_adjustment,calibrated_cost_min,,malignant,"[[0.0, 1.0], [10.0, 0.0]]",,0.97,0.85,accuracy,0.0484375,0.484375,1.0,0.0,0.5079365079365079,0.96875,0.515625,0.515625,0.3671451355661882,0.1602441406249999,0.8115234375,0.8227987662247433,0.512844803788693,0.3450176083565503,0.1960558515327988,0.6,,,,stop2a_tune_breakhis_balanced_prototype_timm_dinov3_convnext_lora_logit_s0.05_04-28_07-07,results/timm_dinov3_convnext_lora_test/stop2a_tune_breakhis_balanced_prototype_timm_dinov3_convnext_lora_logit_s0.05_04-28_07-07/metrics_20260428_070741_nicme_logit_adjustment.json,results/stop2a_nicme_tuning/configs/074_stop2a_tune_breakhis_balanced_prototype_timm_dinov3_convnext_lora_logit_s0.05.json,stop2a_nicme_tuning,0.05,0.0,"[""benign"", ""malignant""]",0.515625,True,False,False,"[[1, 31], [0, 32]]",42.968135595321655,0.04067,0.03594,0.9688,0.03125,0.7812,0.7812,6.0,0.054,0.04063,0.9688,0.7344,,,,,,
breakhis_balanced_prototype,timm_dinov3_convnext_lora,timm/convnext_tiny.dinov3_lvd1689m,nicme_logit_adjustment,argmax,,malignant,"[[0.0, 1.0], [10.0, 0.0]]",,0.97,0.85,accuracy,0.0640625,0.640625,0.90625,0.09375,0.725,0.34375,0.78125,0.78125,0.7777777777777777,0.0850453124999999,0.7998046875,0.8094909004318842,0.5683128611439376,0.3860446233905872,0.163862407207489,,,,,stop2a_tune_breakhis_balanced_prototype_timm_dinov3_convnext_lora_logit_s0.1_04-28_07-08,results/timm_dinov3_convnext_lora_test/stop2a_tune_breakhis_balanced_prototype_timm_dinov3_convnext_lora_logit_s0.1_04-28_07-08/metrics_20260428_070825_nicme_logit_adjustment.json,results/stop2a_nicme_tuning/configs/075_stop2a_tune_breakhis_balanced_prototype_timm_dinov3_convnext_lora_logit_s0.1.json,stop2a_nicme_tuning,0.1,0.0,"[""benign"", ""malignant""]",0.78125,False,False,False,"[[21, 11], [3, 29]]",44.1392776966095,0.05942,0.04219,0.9688,0.03125,0.7188,0.7188,8.0,0.05942,0.04219,0.9688,0.7188,,,,,,
breakhis_balanced_prototype,timm_dinov3_convnext_lora,timm/convnext_tiny.dinov3_lvd1689m,nicme_logit_adjustment,calibrated_cost_min,,malignant,"[[0.0, 1.0], [10.0, 0.0]]",,0.97,0.85,accuracy,0.05,0.5,1.0,0.0,0.5,1.0,0.5,0.5,0.3333333333333333,0.1725,0.7998046875,0.8094909004318842,0.542225077158298,0.3699250506680368,0.1687619053808342,0.6,,,,stop2a_tune_breakhis_balanced_prototype_timm_dinov3_convnext_lora_logit_s0.1_04-28_07-08,results/timm_dinov3_convnext_lora_test/stop2a_tune_breakhis_balanced_prototype_timm_dinov3_convnext_lora_logit_s0.1_04-28_07-08/metrics_20260428_070825_nicme_logit_adjustment.json,results/stop2a_nicme_tuning/configs/075_stop2a_tune_breakhis_balanced_prototype_timm_dinov3_convnext_lora_logit_s0.1.json,stop2a_nicme_tuning,0.1,0.0,"[""benign"", ""malignant""]",0.5,True,False,False,"[[0, 32], [0, 32]]",44.1392776966095,0.05942,0.04219,0.9688,0.03125,0.7188,0.7188,8.0,0.05942,0.04219,0.9688,0.7188,,,,,,
breakhis_balanced_prototype,timm_dinov3_convnext_lora,timm/convnext_tiny.dinov3_lvd1689m,nicme_logit_adjustment,argmax,,malignant,"[[0.0, 1.0], [10.0, 0.0]]",,0.97,0.85,accuracy,0.078125,0.78125,0.875,0.125,0.7368421052631579,0.3125,0.78125,0.78125,0.7793103448275862,0.1189515624999999,0.7734375,0.7811022250209511,0.5988122342821549,0.4112899937375505,0.1942333783954381,,,,,stop2a_tune_breakhis_balanced_prototype_timm_dinov3_convnext_lora_logit_s0.2_04-28_07-09,results/timm_dinov3_convnext_lora_test/stop2a_tune_breakhis_balanced_prototype_timm_dinov3_convnext_lora_logit_s0.2_04-28_07-09/metrics_20260428_070909_nicme_logit_adjustment.json,results/stop2a_nicme_tuning/configs/076_stop2a_tune_breakhis_balanced_prototype_timm_dinov3_convnext_lora_logit_s0.2.json,stop2a_nicme_tuning,0.2,0.0,"[""benign"", ""malignant""]",0.78125,False,False,False,"[[22, 10], [4, 28]]",43.655437707901,0.1038,0.07031,0.9062,0.09375,0.7188,0.7188,6.0,0.123,0.075,0.9062,0.6719,,,,,,
breakhis_balanced_prototype,timm_dinov3_convnext_lora,timm/convnext_tiny.dinov3_lvd1689m,nicme_logit_adjustment,calibrated_cost_min,,malignant,"[[0.0, 1.0], [10.0, 0.0]]",,0.97,0.85,accuracy,0.05,0.5,1.0,0.0,0.5,1.0,0.5,0.5,0.3333333333333333,0.1725,0.7734375,0.7811022250209511,0.5641014913471177,0.3880270957302326,0.1994280860930137,0.5,,,,stop2a_tune_breakhis_balanced_prototype_timm_dinov3_convnext_lora_logit_s0.2_04-28_07-09,results/timm_dinov3_convnext_lora_test/stop2a_tune_breakhis_balanced_prototype_timm_dinov3_convnext_lora_logit_s0.2_04-28_07-09/metrics_20260428_070909_nicme_logit_adjustment.json,results/stop2a_nicme_tuning/configs/076_stop2a_tune_breakhis_balanced_prototype_timm_dinov3_convnext_lora_logit_s0.2.json,stop2a_nicme_tuning,0.2,0.0,"[""benign"", ""malignant""]",0.5,True,False,False,"[[0, 32], [0, 32]]",43.655437707901,0.1038,0.07031,0.9062,0.09375,0.7188,0.7188,6.0,0.123,0.075,0.9062,0.6719,,,,,,
breakhis_balanced_prototype,timm_dinov3_convnext_lora,timm/convnext_tiny.dinov3_lvd1689m,nicme_logit_adjustment,argmax,,malignant,"[[0.0, 1.0], [10.0, 0.0]]",,0.97,0.85,accuracy,0.0953125,0.953125,0.84375,0.15625,0.7105263157894737,0.34375,0.75,0.75,0.7477832512315271,0.16906875,0.763671875,0.7603041857392503,0.6221351114565126,0.4317824025701767,0.1718792775645852,,,,,stop2a_tune_breakhis_balanced_prototype_timm_dinov3_convnext_lora_logit_s0.35_04-28_07-09,results/timm_dinov3_convnext_lora_test/stop2a_tune_breakhis_balanced_prototype_timm_dinov3_convnext_lora_logit_s0.35_04-28_07-09/metrics_20260428_070953_nicme_logit_adjustment.json,results/stop2a_nicme_tuning/configs/077_stop2a_tune_breakhis_balanced_prototype_timm_dinov3_convnext_lora_logit_s0.35.json,stop2a_nicme_tuning,0.35,0.0,"[""benign"", ""malignant""]",0.75,False,False,False,"[[21, 11], [5, 27]]",44.09851956367493,0.1038,0.07031,0.9062,0.09375,0.7188,0.7188,6.0,0.1304,0.07656,0.9062,0.6562,,,,,,
breakhis_balanced_prototype,timm_dinov3_convnext_lora,timm/convnext_tiny.dinov3_lvd1689m,nicme_logit_adjustment,calibrated_cost_min,,malignant,"[[0.0, 1.0], [10.0, 0.0]]",,0.97,0.85,accuracy,0.05,0.5,1.0,0.0,0.5,1.0,0.5,0.5,0.3333333333333333,0.1725,0.763671875,0.7603041857392503,0.590494678210622,0.4072768602798025,0.1155922021957537,0.5,,,,stop2a_tune_breakhis_balanced_prototype_timm_dinov3_convnext_lora_logit_s0.35_04-28_07-09,results/timm_dinov3_convnext_lora_test/stop2a_tune_breakhis_balanced_prototype_timm_dinov3_convnext_lora_logit_s0.35_04-28_07-09/metrics_20260428_070953_nicme_logit_adjustment.json,results/stop2a_nicme_tuning/configs/077_stop2a_tune_breakhis_balanced_prototype_timm_dinov3_convnext_lora_logit_s0.35.json,stop2a_nicme_tuning,0.35,0.0,"[""benign"", ""malignant""]",0.5,True,False,False,"[[0, 32], [0, 32]]",44.09851956367493,0.1038,0.07031,0.9062,0.09375,0.7188,0.7188,6.0,0.1304,0.07656,0.9062,0.6562,,,,,,
breakhis_balanced_prototype,timm_dinov3_convnext_lora,timm/convnext_tiny.dinov3_lvd1689m,nicme_logit_adjustment,argmax,,malignant,"[[0.0, 1.0], [10.0, 0.0]]",,0.97,0.85,accuracy,0.1265625,1.265625,0.78125,0.21875,0.6944444444444444,0.34375,0.71875,0.71875,0.7176470588235293,0.2862953124999999,0.7529296875,0.7420370327674826,0.6315203048485174,0.4402913390138191,0.1491275103762746,,,,,stop2a_tune_breakhis_balanced_prototype_timm_dinov3_convnext_lora_logit_s0.5_04-28_07-10,results/timm_dinov3_convnext_lora_test/stop2a_tune_breakhis_balanced_prototype_timm_dinov3_convnext_lora_logit_s0.5_04-28_07-10/metrics_20260428_071038_nicme_logit_adjustment.json,results/stop2a_nicme_tuning/configs/078_stop2a_tune_breakhis_balanced_prototype_timm_dinov3_convnext_lora_logit_s0.5.json,stop2a_nicme_tuning,0.5,0.0,"[""benign"", ""malignant""]",0.71875,False,False,False,"[[21, 11], [7, 25]]",45.05799508094788,0.1038,0.07031,0.9062,0.09375,0.7188,0.7188,6.0,0.1304,0.07656,0.9062,0.6562,,,,,,
breakhis_balanced_prototype,timm_dinov3_convnext_lora,timm/convnext_tiny.dinov3_lvd1689m,nicme_logit_adjustment,calibrated_cost_min,,malignant,"[[0.0, 1.0], [10.0, 0.0]]",,0.97,0.85,accuracy,0.05,0.5,1.0,0.0,0.5,1.0,0.5,0.5,0.3333333333333333,0.1725,0.7529296875,0.7420370327674826,0.6023892165167406,0.4162636077304547,0.1088977881800591,0.5,,,,stop2a_tune_breakhis_balanced_prototype_timm_dinov3_convnext_lora_logit_s0.5_04-28_07-10,results/timm_dinov3_convnext_lora_test/stop2a_tune_breakhis_balanced_prototype_timm_dinov3_convnext_lora_logit_s0.5_04-28_07-10/metrics_20260428_071038_nicme_logit_adjustment.json,results/stop2a_nicme_tuning/configs/078_stop2a_tune_breakhis_balanced_prototype_timm_dinov3_convnext_lora_logit_s0.5.json,stop2a_nicme_tuning,0.5,0.0,"[""benign"", ""malignant""]",0.5,True,False,False,"[[0, 32], [0, 32]]",45.05799508094788,0.1038,0.07031,0.9062,0.09375,0.7188,0.7188,6.0,0.1304,0.07656,0.9062,0.6562,,,,,,
spider_balanced_prototype,timm_dinov3_convnext_lora,timm/convnext_tiny.dinov3_lvd1689m,nicme_hybrid,argmax,,black_widow,"[[0.0, 10.0], [1.0, 0.0]]",,0.95,0.8,accuracy,0.1375,1.375,0.78125,0.21875,0.5813953488372093,0.5625,0.609375,0.609375,0.5974842767295597,0.287744140625,0.7060546875,0.722987866657206,0.6442312254059244,0.4528586483327313,0.1242584064602851,,,,,stop2a_tune_spider_balanced_prototype_timm_dinov3_convnext_lora_hybrid_s0.025_l0.1_04-28_06-41,results/timm_dinov3_convnext_lora_test/stop2a_tune_spider_balanced_prototype_timm_dinov3_convnext_lora_hybrid_s0.025_l0.1_04-28_06-41/metrics_20260428_064123_nicme_hybrid.json,results/stop2a_nicme_tuning/configs/031_stop2a_tune_spider_balanced_prototype_timm_dinov3_convnext_lora_hybrid_s0.025_l0.1.json,stop2a_nicme_tuning,0.025,0.1,"[""black_widow"", ""false_widow""]",0.609375,False,False,False,"[[25, 7], [18, 14]]",25.83104658126831,0.07798,0.06094,0.9375,0.0625,0.6719,0.6719,4.0,0.07798,0.06094,0.9375,0.6719,,,,,,
spider_balanced_prototype,timm_dinov3_convnext_lora,timm/convnext_tiny.dinov3_lvd1689m,nicme_hybrid,calibrated_cost_min,,black_widow,"[[0.0, 10.0], [1.0, 0.0]]",,0.95,0.8,accuracy,0.05,0.5,1.0,0.0,0.5,1.0,0.5,0.5,0.3333333333333333,0.14,0.7060546875,0.722987866657206,0.6349026698513409,0.4457127467651339,0.0923561091982298,1.4,,,,stop2a_tune_spider_balanced_prototype_timm_dinov3_convnext_lora_hybrid_s0.025_l0.1_04-28_06-41,results/timm_dinov3_convnext_lora_test/stop2a_tune_spider_balanced_prototype_timm_dinov3_convnext_lora_hybrid_s0.025_l0.1_04-28_06-41/metrics_20260428_064123_nicme_hybrid.json,results/stop2a_nicme_tuning/configs/031_stop2a_tune_spider_balanced_prototype_timm_dinov3_convnext_lora_hybrid_s0.025_l0.1.json,stop2a_nicme_tuning,0.025,0.1,"[""black_widow"", ""false_widow""]",0.5,True,False,False,"[[32, 0], [32, 0]]",25.83104658126831,0.07798,0.06094,0.9375,0.0625,0.6719,0.6719,4.0,0.07798,0.06094,0.9375,0.6719,,,,,,
spider_balanced_prototype,timm_dinov3_convnext_lora,timm/convnext_tiny.dinov3_lvd1689m,nicme_hybrid,argmax,,black_widow,"[[0.0, 10.0], [1.0, 0.0]]",,0.95,0.8,accuracy,0.1375,1.375,0.78125,0.21875,0.5813953488372093,0.5625,0.609375,0.609375,0.5974842767295597,0.287744140625,0.7060546875,0.722987866657206,0.6442312254059244,0.4528586483327313,0.1242584064602851,,,,,stop2a_tune_spider_balanced_prototype_timm_dinov3_convnext_lora_hybrid_s0.05_l0.1_04-28_06-41,results/timm_dinov3_convnext_lora_test/stop2a_tune_spider_balanced_prototype_timm_dinov3_convnext_lora_hybrid_s0.05_l0.1_04-28_06-41/metrics_20260428_064148_nicme_hybrid.json,results/stop2a_nicme_tuning/configs/032_stop2a_tune_spider_balanced_prototype_timm_dinov3_convnext_lora_hybrid_s0.05_l0.1.json,stop2a_nicme_tuning,0.05,0.1,"[""black_widow"", ""false_widow""]",0.609375,False,False,False,"[[25, 7], [18, 14]]",24.91264915466309,0.07798,0.06094,0.9375,0.0625,0.6719,0.6719,4.0,0.07798,0.06094,0.9375,0.6719,,,,,,
spider_balanced_prototype,timm_dinov3_convnext_lora,timm/convnext_tiny.dinov3_lvd1689m,nicme_hybrid,calibrated_cost_min,,black_widow,"[[0.0, 10.0], [1.0, 0.0]]",,0.95,0.8,accuracy,0.05,0.5,1.0,0.0,0.5,1.0,0.5,0.5,0.3333333333333333,0.14,0.7060546875,0.722987866657206,0.6349026698513409,0.4457127467651339,0.0923561091982298,1.4,,,,stop2a_tune_spider_balanced_prototype_timm_dinov3_convnext_lora_hybrid_s0.05_l0.1_04-28_06-41,results/timm_dinov3_convnext_lora_test/stop2a_tune_spider_balanced_prototype_timm_dinov3_convnext_lora_hybrid_s0.05_l0.1_04-28_06-41/metrics_20260428_064148_nicme_hybrid.json,results/stop2a_nicme_tuning/configs/032_stop2a_tune_spider_balanced_prototype_timm_dinov3_convnext_lora_hybrid_s0.05_l0.1.json,stop2a_nicme_tuning,0.05,0.1,"[""black_widow"", ""false_widow""]",0.5,True,False,False,"[[32, 0], [32, 0]]",24.91264915466309,0.07798,0.06094,0.9375,0.0625,0.6719,0.6719,4.0,0.07798,0.06094,0.9375,0.6719,,,,,,
spider_balanced_prototype,timm_dinov3_convnext_lora,timm/convnext_tiny.dinov3_lvd1689m,nicme_hybrid,argmax,,black_widow,"[[0.0, 10.0], [1.0, 0.0]]",,0.95,0.8,accuracy,0.1375,1.375,0.78125,0.21875,0.5813953488372093,0.5625,0.609375,0.609375,0.5974842767295597,0.287744140625,0.7060546875,0.722987866657206,0.6441804255669001,0.4527828408690693,0.1243368191644549,,,,,stop2a_tune_spider_balanced_prototype_timm_dinov3_convnext_lora_hybrid_s0.05_l0.25_04-28_06-42,results/timm_dinov3_convnext_lora_test/stop2a_tune_spider_balanced_prototype_timm_dinov3_convnext_lora_hybrid_s0.05_l0.25_04-28_06-42/metrics_20260428_064219_nicme_hybrid.json,results/stop2a_nicme_tuning/configs/033_stop2a_tune_spider_balanced_prototype_timm_dinov3_convnext_lora_hybrid_s0.05_l0.25.json,stop2a_nicme_tuning,0.05,0.25,"[""black_widow"", ""false_widow""]",0.609375,False,False,False,"[[25, 7], [18, 14]]",30.95667695999145,0.07798,0.06094,0.9375,0.0625,0.6719,0.6719,4.0,0.07798,0.06094,0.9375,0.6719,,,,,,
spider_balanced_prototype,timm_dinov3_convnext_lora,timm/convnext_tiny.dinov3_lvd1689m,nicme_hybrid,calibrated_cost_min,,black_widow,"[[0.0, 10.0], [1.0, 0.0]]",,0.95,0.8,accuracy,0.05,0.5,1.0,0.0,0.5,1.0,0.5,0.5,0.3333333333333333,0.14,0.7060546875,0.722987866657206,0.6347513358542729,0.4455861713863484,0.092520641399469,1.4,,,,stop2a_tune_spider_balanced_prototype_timm_dinov3_convnext_lora_hybrid_s0.05_l0.25_04-28_06-42,results/timm_dinov3_convnext_lora_test/stop2a_tune_spider_balanced_prototype_timm_dinov3_convnext_lora_hybrid_s0.05_l0.25_04-28_06-42/metrics_20260428_064219_nicme_hybrid.json,results/stop2a_nicme_tuning/configs/033_stop2a_tune_spider_balanced_prototype_timm_dinov3_convnext_lora_hybrid_s0.05_l0.25.json,stop2a_nicme_tuning,0.05,0.25,"[""black_widow"", ""false_widow""]",0.5,True,False,False,"[[32, 0], [32, 0]]",30.95667695999145,0.07798,0.06094,0.9375,0.0625,0.6719,0.6719,4.0,0.07798,0.06094,0.9375,0.6719,,,,,,
spider_balanced_prototype,timm_dinov3_convnext_lora,timm/convnext_tiny.dinov3_lvd1689m,nicme_hybrid,argmax,,black_widow,"[[0.0, 10.0], [1.0, 0.0]]",,0.95,0.8,accuracy,0.1375,1.375,0.78125,0.21875,0.5813953488372093,0.5625,0.609375,0.609375,0.5974842767295597,0.287744140625,0.7060546875,0.722987866657206,0.6442312254059244,0.4528586483327313,0.1242584064602851,,,,,stop2a_tune_spider_balanced_prototype_timm_dinov3_convnext_lora_hybrid_s0.1_l0.1_04-28_06-42,results/timm_dinov3_convnext_lora_test/stop2a_tune_spider_balanced_prototype_timm_dinov3_convnext_lora_hybrid_s0.1_l0.1_04-28_06-42/metrics_20260428_064245_nicme_hybrid.json,results/stop2a_nicme_tuning/configs/034_stop2a_tune_spider_balanced_prototype_timm_dinov3_convnext_lora_hybrid_s0.1_l0.1.json,stop2a_nicme_tuning,0.1,0.1,"[""black_widow"", ""false_widow""]",0.609375,False,False,False,"[[25, 7], [18, 14]]",25.411468029022217,0.07798,0.06094,0.9375,0.0625,0.6719,0.6719,4.0,0.07798,0.06094,0.9375,0.6719,,,,,,
spider_balanced_prototype,timm_dinov3_convnext_lora,timm/convnext_tiny.dinov3_lvd1689m,nicme_hybrid,calibrated_cost_min,,black_widow,"[[0.0, 10.0], [1.0, 0.0]]",,0.95,0.8,accuracy,0.05,0.5,1.0,0.0,0.5,1.0,0.5,0.5,0.3333333333333333,0.14,0.7060546875,0.722987866657206,0.6349026698513409,0.4457127467651339,0.0923561091982298,1.4,,,,stop2a_tune_spider_balanced_prototype_timm_dinov3_convnext_lora_hybrid_s0.1_l0.1_04-28_06-42,results/timm_dinov3_convnext_lora_test/stop2a_tune_spider_balanced_prototype_timm_dinov3_convnext_lora_hybrid_s0.1_l0.1_04-28_06-42/metrics_20260428_064245_nicme_hybrid.json,results/stop2a_nicme_tuning/configs/034_stop2a_tune_spider_balanced_prototype_timm_dinov3_convnext_lora_hybrid_s0.1_l0.1.json,stop2a_nicme_tuning,0.1,0.1,"[""black_widow"", ""false_widow""]",0.5,True,False,False,"[[32, 0], [32, 0]]",25.411468029022217,0.07798,0.06094,0.9375,0.0625,0.6719,0.6719,4.0,0.07798,0.06094,0.9375,0.6719,,,,,,
spider_balanced_prototype,timm_dinov3_convnext_lora,timm/convnext_tiny.dinov3_lvd1689m,nicme_hybrid,argmax,,black_widow,"[[0.0, 10.0], [1.0, 0.0]]",,0.95,0.8,accuracy,0.1375,1.375,0.78125,0.21875,0.5813953488372093,0.5625,0.609375,0.609375,0.5974842767295597,0.287744140625,0.7060546875,0.722987866657206,0.6441804255669001,0.4527828408690693,0.1243368191644549,,,,,stop2a_tune_spider_balanced_prototype_timm_dinov3_convnext_lora_hybrid_s0.1_l0.25_04-28_06-43,results/timm_dinov3_convnext_lora_test/stop2a_tune_spider_balanced_prototype_timm_dinov3_convnext_lora_hybrid_s0.1_l0.25_04-28_06-43/metrics_20260428_064310_nicme_hybrid.json,results/stop2a_nicme_tuning/configs/035_stop2a_tune_spider_balanced_prototype_timm_dinov3_convnext_lora_hybrid_s0.1_l0.25.json,stop2a_nicme_tuning,0.1,0.25,"[""black_widow"", ""false_widow""]",0.609375,False,False,False,"[[25, 7], [18, 14]]",25.56087040901184,0.07798,0.06094,0.9375,0.0625,0.6719,0.6719,4.0,0.07798,0.06094,0.9375,0.6719,,,,,,
spider_balanced_prototype,timm_dinov3_convnext_lora,timm/convnext_tiny.dinov3_lvd1689m,nicme_hybrid,calibrated_cost_min,,black_widow,"[[0.0, 10.0], [1.0, 0.0]]",,0.95,0.8,accuracy,0.05,0.5,1.0,0.0,0.5,1.0,0.5,0.5,0.3333333333333333,0.14,0.7060546875,0.722987866657206,0.6347513358542729,0.4455861713863484,0.092520641399469,1.4,,,,stop2a_tune_spider_balanced_prototype_timm_dinov3_convnext_lora_hybrid_s0.1_l0.25_04-28_06-43,results/timm_dinov3_convnext_lora_test/stop2a_tune_spider_balanced_prototype_timm_dinov3_convnext_lora_hybrid_s0.1_l0.25_04-28_06-43/metrics_20260428_064310_nicme_hybrid.json,results/stop2a_nicme_tuning/configs/035_stop2a_tune_spider_balanced_prototype_timm_dinov3_convnext_lora_hybrid_s0.1_l0.25.json,stop2a_nicme_tuning,0.1,0.25,"[""black_widow"", ""false_widow""]",0.5,True,False,False,"[[32, 0], [32, 0]]",25.56087040901184,0.07798,0.06094,0.9375,0.0625,0.6719,0.6719,4.0,0.07798,0.06094,0.9375,0.6719,,,,,,
spider_balanced_prototype,timm_dinov3_convnext_lora,timm/convnext_tiny.dinov3_lvd1689m,nicme_hybrid,argmax,,black_widow,"[[0.0, 10.0], [1.0, 0.0]]",,0.95,0.8,accuracy,0.1375,1.375,0.78125,0.21875,0.5813953488372093,0.5625,0.609375,0.609375,0.5974842767295597,0.287744140625,0.7060546875,0.722987866657206,0.6441804255669001,0.4527828408690693,0.1243368191644549,,,,,stop2a_tune_spider_balanced_prototype_timm_dinov3_convnext_lora_hybrid_s0.2_l0.25_04-28_06-43,results/timm_dinov3_convnext_lora_test/stop2a_tune_spider_balanced_prototype_timm_dinov3_convnext_lora_hybrid_s0.2_l0.25_04-28_06-43/metrics_20260428_064335_nicme_hybrid.json,results/stop2a_nicme_tuning/configs/036_stop2a_tune_spider_balanced_prototype_timm_dinov3_convnext_lora_hybrid_s0.2_l0.25.json,stop2a_nicme_tuning,0.2,0.25,"[""black_widow"", ""false_widow""]",0.609375,False,False,False,"[[25, 7], [18, 14]]",24.89738750457764,0.07798,0.06094,0.9375,0.0625,0.6719,0.6719,4.0,0.07798,0.06094,0.9375,0.6719,,,,,,
spider_balanced_prototype,timm_dinov3_convnext_lora,timm/convnext_tiny.dinov3_lvd1689m,nicme_hybrid,calibrated_cost_min,,black_widow,"[[0.0, 10.0], [1.0, 0.0]]",,0.95,0.8,accuracy,0.05,0.5,1.0,0.0,0.5,1.0,0.5,0.5,0.3333333333333333,0.14,0.7060546875,0.722987866657206,0.6347513358542729,0.4455861713863484,0.092520641399469,1.4,,,,stop2a_tune_spider_balanced_prototype_timm_dinov3_convnext_lora_hybrid_s0.2_l0.25_04-28_06-43,results/timm_dinov3_convnext_lora_test/stop2a_tune_spider_balanced_prototype_timm_dinov3_convnext_lora_hybrid_s0.2_l0.25_04-28_06-43/metrics_20260428_064335_nicme_hybrid.json,results/stop2a_nicme_tuning/configs/036_stop2a_tune_spider_balanced_prototype_timm_dinov3_convnext_lora_hybrid_s0.2_l0.25.json,stop2a_nicme_tuning,0.2,0.25,"[""black_widow"", ""false_widow""]",0.5,True,False,False,"[[32, 0], [32, 0]]",24.89738750457764,0.07798,0.06094,0.9375,0.0625,0.6719,0.6719,4.0,0.07798,0.06094,0.9375,0.6719,,,,,,
spider_balanced_prototype,timm_dinov3_convnext_lora,timm/convnext_tiny.dinov3_lvd1689m,nicme_logit_adjustment,argmax,,black_widow,"[[0.0, 10.0], [1.0, 0.0]]",,0.95,0.8,accuracy,0.1640625,1.640625,0.6875,0.3125,0.8148148148148148,0.15625,0.765625,0.765625,0.7641857037582902,0.4408691406249999,0.791015625,0.7962389801980289,0.5568829961252154,0.3768970672827936,0.1204337067902088,,,,,stop2a_tune_spider_balanced_prototype_timm_dinov3_convnext_lora_logit_s0.025_04-28_06-38,results/timm_dinov3_convnext_lora_test/stop2a_tune_spider_balanced_prototype_timm_dinov3_convnext_lora_logit_s0.025_04-28_06-38/metrics_20260428_063855_nicme_logit_adjustment.json,results/stop2a_nicme_tuning/configs/025_stop2a_tune_spider_balanced_prototype_timm_dinov3_convnext_lora_logit_s0.025.json,stop2a_nicme_tuning,0.025,0.0,"[""black_widow"", ""false_widow""]",0.765625,False,False,False,"[[22, 10], [5, 27]]",25.17055654525757,0.2971,0.1359,0.75,0.25,0.7656,0.7656,4.0,0.2971,0.1359,0.75,0.7656,,,,,,
spider_balanced_prototype,timm_dinov3_convnext_lora,timm/convnext_tiny.dinov3_lvd1689m,nicme_logit_adjustment,calibrated_cost_min,,black_widow,"[[0.0, 10.0], [1.0, 0.0]]",,0.95,0.8,accuracy,0.053125,0.53125,0.96875,0.03125,0.5636363636363636,0.75,0.609375,0.609375,0.551443790299972,0.089462890625,0.791015625,0.7962389801980289,0.5835366919785512,0.3884654791765364,0.1679515826571893,0.65,,,,stop2a_tune_spider_balanced_prototype_timm_dinov3_convnext_lora_logit_s0.025_04-28_06-38,results/timm_dinov3_convnext_lora_test/stop2a_tune_spider_balanced_prototype_timm_dinov3_convnext_lora_logit_s0.025_04-28_06-38/metrics_20260428_063855_nicme_logit_adjustment.json,results/stop2a_nicme_tuning/configs/025_stop2a_tune_spider_balanced_prototype_timm_dinov3_convnext_lora_logit_s0.025.json,stop2a_nicme_tuning,0.025,0.0,"[""black_widow"", ""false_widow""]",0.609375,True,False,False,"[[31, 1], [24, 8]]",25.17055654525757,0.2971,0.1359,0.75,0.25,0.7656,0.7656,4.0,0.2971,0.1359,0.75,0.7656,,,,,,
spider_balanced_prototype,timm_dinov3_convnext_lora,timm/convnext_tiny.dinov3_lvd1689m,nicme_logit_adjustment,argmax,,black_widow,"[[0.0, 10.0], [1.0, 0.0]]",,0.95,0.8,accuracy,0.1921875,1.921875,0.65625,0.34375,0.6176470588235294,0.40625,0.625,0.625,0.624633431085044,0.5679687499999999,0.7109375,0.7192380628680886,0.6180235389051398,0.4297810254194333,0.1029168702661991,,,,,stop2a_tune_spider_balanced_prototype_timm_dinov3_convnext_lora_logit_s0.05_04-28_06-39,results/timm_dinov3_convnext_lora_test/stop2a_tune_spider_balanced_prototype_timm_dinov3_convnext_lora_logit_s0.05_04-28_06-39/metrics_20260428_063917_nicme_logit_adjustment.json,results/stop2a_nicme_tuning/configs/026_stop2a_tune_spider_balanced_prototype_timm_dinov3_convnext_lora_logit_s0.05.json,stop2a_nicme_tuning,0.05,0.0,"[""black_widow"", ""false_widow""]",0.625,False,False,False,"[[21, 11], [13, 19]]",22.261478900909424,0.1502,0.09844,0.8438,0.1562,0.7188,0.7188,2.0,0.2346,0.1203,0.7812,0.7812,,,,,,
spider_balanced_prototype,timm_dinov3_convnext_lora,timm/convnext_tiny.dinov3_lvd1689m,nicme_logit_adjustment,calibrated_cost_min,,black_widow,"[[0.0, 10.0], [1.0, 0.0]]",,0.95,0.8,accuracy,0.0484375,0.484375,1.0,0.0,0.5079365079365079,0.96875,0.515625,0.515625,0.3671451355661882,0.129306640625,0.7109375,0.7192380628680886,0.6227761700233679,0.4327028876557643,0.1054327930458719,0.9,,,,stop2a_tune_spider_balanced_prototype_timm_dinov3_convnext_lora_logit_s0.05_04-28_06-39,results/timm_dinov3_convnext_lora_test/stop2a_tune_spider_balanced_prototype_timm_dinov3_convnext_lora_logit_s0.05_04-28_06-39/metrics_20260428_063917_nicme_logit_adjustment.json,results/stop2a_nicme_tuning/configs/026_stop2a_tune_spider_balanced_prototype_timm_dinov3_convnext_lora_logit_s0.05.json,stop2a_nicme_tuning,0.05,0.0,"[""black_widow"", ""false_widow""]",0.515625,True,False,False,"[[32, 0], [31, 1]]",22.261478900909424,0.1502,0.09844,0.8438,0.1562,0.7188,0.7188,2.0,0.2346,0.1203,0.7812,0.7812,,,,,,
spider_balanced_prototype,timm_dinov3_convnext_lora,timm/convnext_tiny.dinov3_lvd1689m,nicme_logit_adjustment,argmax,,black_widow,"[[0.0, 10.0], [1.0, 0.0]]",,0.95,0.8,accuracy,0.165625,1.65625,0.71875,0.28125,0.5897435897435898,0.5,0.609375,0.609375,0.6046454163577959,0.4158691406249999,0.6982421875,0.7108790324096399,0.6316637576555262,0.4411131685399173,0.0971989883109926,,,,,stop2a_tune_spider_balanced_prototype_timm_dinov3_convnext_lora_logit_s0.1_04-28_06-39,results/timm_dinov3_convnext_lora_test/stop2a_tune_spider_balanced_prototype_timm_dinov3_convnext_lora_logit_s0.1_04-28_06-39/metrics_20260428_063940_nicme_logit_adjustment.json,results/stop2a_nicme_tuning/configs/027_stop2a_tune_spider_balanced_prototype_timm_dinov3_convnext_lora_logit_s0.1.json,stop2a_nicme_tuning,0.1,0.0,"[""black_widow"", ""false_widow""]",0.609375,False,False,False,"[[23, 9], [16, 16]]",22.55983829498291,0.128,0.08906,0.875,0.125,0.6719,0.6719,2.0,0.1846,0.1078,0.8125,0.7656,,,,,,
spider_balanced_prototype,timm_dinov3_convnext_lora,timm/convnext_tiny.dinov3_lvd1689m,nicme_logit_adjustment,calibrated_cost_min,,black_widow,"[[0.0, 10.0], [1.0, 0.0]]",,0.95,0.8,accuracy,0.05,0.5,1.0,0.0,0.5,1.0,0.5,0.5,0.3333333333333333,0.14,0.6982421875,0.7108790324096399,0.6281494612573064,0.4388060749738821,0.0916882093711399,1.1,,,,stop2a_tune_spider_balanced_prototype_timm_dinov3_convnext_lora_logit_s0.1_04-28_06-39,results/timm_dinov3_convnext_lora_test/stop2a_tune_spider_balanced_prototype_timm_dinov3_convnext_lora_logit_s0.1_04-28_06-39/metrics_20260428_063940_nicme_logit_adjustment.json,results/stop2a_nicme_tuning/configs/027_stop2a_tune_spider_balanced_prototype_timm_dinov3_convnext_lora_logit_s0.1.json,stop2a_nicme_tuning,0.1,0.0,"[""black_widow"", ""false_widow""]",0.5,True,False,False,"[[32, 0], [32, 0]]",22.55983829498291,0.128,0.08906,0.875,0.125,0.6719,0.6719,2.0,0.1846,0.1078,0.8125,0.7656,,,,,,
spider_balanced_prototype,timm_dinov3_convnext_lora,timm/convnext_tiny.dinov3_lvd1689m,nicme_logit_adjustment,argmax,,black_widow,"[[0.0, 10.0], [1.0, 0.0]]",,0.95,0.8,accuracy,0.1515625,1.515625,0.71875,0.28125,0.7666666666666667,0.21875,0.75,0.75,0.7497556207233627,0.3679687499999999,0.7744140625,0.7865074900567696,0.5658150432934432,0.3837319486381779,0.0829778471961617,,,,,stop2a_tune_spider_balanced_prototype_timm_dinov3_convnext_lora_logit_s0.2_04-28_06-40,results/timm_dinov3_convnext_lora_test/stop2a_tune_spider_balanced_prototype_timm_dinov3_convnext_lora_logit_s0.2_04-28_06-40/metrics_20260428_064007_nicme_logit_adjustment.json,results/stop2a_nicme_tuning/configs/028_stop2a_tune_spider_balanced_prototype_timm_dinov3_convnext_lora_logit_s0.2.json,stop2a_nicme_tuning,0.2,0.0,"[""black_widow"", ""false_widow""]",0.75,False,False,False,"[[23, 9], [7, 25]]",26.597773790359497,0.07207,0.06406,0.9062,0.09375,0.7812,0.7812,5.0,0.07207,0.06406,0.9062,0.7812,,,,,,
spider_balanced_prototype,timm_dinov3_convnext_lora,timm/convnext_tiny.dinov3_lvd1689m,nicme_logit_adjustment,calibrated_cost_min,,black_widow,"[[0.0, 10.0], [1.0, 0.0]]",,0.95,0.8,accuracy,0.046875,0.46875,1.0,0.0,0.5161290322580645,0.9375,0.53125,0.53125,0.3992490613266583,0.1191015625,0.7744140625,0.7865074900567696,0.5660059597985225,0.3830839014817764,0.1431305573399083,0.8,,,,stop2a_tune_spider_balanced_prototype_timm_dinov3_convnext_lora_logit_s0.2_04-28_06-40,results/timm_dinov3_convnext_lora_test/stop2a_tune_spider_balanced_prototype_timm_dinov3_convnext_lora_logit_s0.2_04-28_06-40/metrics_20260428_064007_nicme_logit_adjustment.json,results/stop2a_nicme_tuning/configs/028_stop2a_tune_spider_balanced_prototype_timm_dinov3_convnext_lora_logit_s0.2.json,stop2a_nicme_tuning,0.2,0.0,"[""black_widow"", ""false_widow""]",0.53125,True,False,False,"[[32, 0], [30, 2]]",26.597773790359497,0.07207,0.06406,0.9062,0.09375,0.7812,0.7812,5.0,0.07207,0.06406,0.9062,0.7812,,,,,,
spider_balanced_prototype,timm_dinov3_convnext_lora,timm/convnext_tiny.dinov3_lvd1689m,nicme_logit_adjustment,argmax,,black_widow,"[[0.0, 10.0], [1.0, 0.0]]",,0.95,0.8,accuracy,0.1640625,1.640625,0.71875,0.28125,0.6052631578947368,0.46875,0.625,0.625,0.6216748768472906,0.4085937499999999,0.7490234375,0.7635326068480102,0.5917224831465855,0.4068129666787545,0.1143171759322285,,,,,stop2a_tune_spider_balanced_prototype_timm_dinov3_convnext_lora_logit_s0.35_04-28_06-40,results/timm_dinov3_convnext_lora_test/stop2a_tune_spider_balanced_prototype_timm_dinov3_convnext_lora_logit_s0.35_04-28_06-40/metrics_20260428_064032_nicme_logit_adjustment.json,results/stop2a_nicme_tuning/configs/029_stop2a_tune_spider_balanced_prototype_timm_dinov3_convnext_lora_logit_s0.35.json,stop2a_nicme_tuning,0.35,0.0,"[""black_widow"", ""false_widow""]",0.625,False,False,False,"[[23, 9], [15, 17]]",25.334275245666504,0.05962,0.05469,0.9375,0.0625,0.7344,0.7344,4.0,0.08457,0.07031,0.9062,0.7188,,,,,,
spider_balanced_prototype,timm_dinov3_convnext_lora,timm/convnext_tiny.dinov3_lvd1689m,nicme_logit_adjustment,calibrated_cost_min,,black_widow,"[[0.0, 10.0], [1.0, 0.0]]",,0.95,0.8,accuracy,0.05,0.5,1.0,0.0,0.5,1.0,0.5,0.5,0.3333333333333333,0.14,0.7490234375,0.7635326068480102,0.5919962698140852,0.4069600998374737,0.139337893683071,0.95,,,,stop2a_tune_spider_balanced_prototype_timm_dinov3_convnext_lora_logit_s0.35_04-28_06-40,results/timm_dinov3_convnext_lora_test/stop2a_tune_spider_balanced_prototype_timm_dinov3_convnext_lora_logit_s0.35_04-28_06-40/metrics_20260428_064032_nicme_logit_adjustment.json,results/stop2a_nicme_tuning/configs/029_stop2a_tune_spider_balanced_prototype_timm_dinov3_convnext_lora_logit_s0.35.json,stop2a_nicme_tuning,0.35,0.0,"[""black_widow"", ""false_widow""]",0.5,True,False,False,"[[32, 0], [32, 0]]",25.334275245666504,0.05962,0.05469,0.9375,0.0625,0.7344,0.7344,4.0,0.08457,0.07031,0.9062,0.7188,,,,,,
spider_balanced_prototype,timm_dinov3_convnext_lora,timm/convnext_tiny.dinov3_lvd1689m,nicme_logit_adjustment,argmax,,black_widow,"[[0.0, 10.0], [1.0, 0.0]]",,0.95,0.8,accuracy,0.134375,1.34375,0.78125,0.21875,0.6097560975609756,0.5,0.640625,0.640625,0.6333748443337484,0.2736816406249999,0.732421875,0.7484092240187423,0.6103715574846567,0.4233851504655614,0.1231719208881258,,,,,stop2a_tune_spider_balanced_prototype_timm_dinov3_convnext_lora_logit_s0.5_04-28_06-40,results/timm_dinov3_convnext_lora_test/stop2a_tune_spider_balanced_prototype_timm_dinov3_convnext_lora_logit_s0.5_04-28_06-40/metrics_20260428_064057_nicme_logit_adjustment.json,results/stop2a_nicme_tuning/configs/030_stop2a_tune_spider_balanced_prototype_timm_dinov3_convnext_lora_logit_s0.5.json,stop2a_nicme_tuning,0.5,0.0,"[""black_widow"", ""false_widow""]",0.640625,False,False,False,"[[25, 7], [16, 16]]",25.49316692352295,0.06348,0.05625,0.9375,0.0625,0.7188,0.7188,4.0,0.06348,0.05625,0.9375,0.7188,,,,,,
spider_balanced_prototype,timm_dinov3_convnext_lora,timm/convnext_tiny.dinov3_lvd1689m,nicme_logit_adjustment,calibrated_cost_min,,black_widow,"[[0.0, 10.0], [1.0, 0.0]]",,0.95,0.8,accuracy,0.05,0.5,1.0,0.0,0.5,1.0,0.5,0.5,0.3333333333333333,0.14,0.732421875,0.7484092240187423,0.6092990360353452,0.422583497958954,0.0820763405866904,1.1,,,,stop2a_tune_spider_balanced_prototype_timm_dinov3_convnext_lora_logit_s0.5_04-28_06-40,results/timm_dinov3_convnext_lora_test/stop2a_tune_spider_balanced_prototype_timm_dinov3_convnext_lora_logit_s0.5_04-28_06-40/metrics_20260428_064057_nicme_logit_adjustment.json,results/stop2a_nicme_tuning/configs/030_stop2a_tune_spider_balanced_prototype_timm_dinov3_convnext_lora_logit_s0.5.json,stop2a_nicme_tuning,0.5,0.0,"[""black_widow"", ""false_widow""]",0.5,True,False,False,"[[32, 0], [32, 0]]",25.49316692352295,0.06348,0.05625,0.9375,0.0625,0.7188,0.7188,4.0,0.06348,0.05625,0.9375,0.7188,,,,,,
breakhis_balanced_prototype,timm_dinov3_vit_lora,timm/vit_small_patch16_dinov3.lvd1689m,nicme_hybrid,argmax,,malignant,"[[0.0, 1.0], [10.0, 0.0]]",,0.97,0.85,accuracy,0.0671875,0.671875,0.90625,0.09375,0.6904761904761905,0.40625,0.75,0.75,0.7437437437437437,0.0934437499999999,0.8505859375,0.8560805680057166,0.6907106932118867,0.4975635520741505,0.2481375457718968,,,,,stop2a_tune_breakhis_balanced_prototype_timm_dinov3_vit_lora_hybrid_s0.025_l0.1_04-28_07-03,results/timm_dinov3_vit_lora_test/stop2a_tune_breakhis_balanced_prototype_timm_dinov3_vit_lora_hybrid_s0.025_l0.1_04-28_07-03/metrics_20260428_070332_nicme_hybrid.json,results/stop2a_nicme_tuning/configs/067_stop2a_tune_breakhis_balanced_prototype_timm_dinov3_vit_lora_hybrid_s0.025_l0.1.json,stop2a_nicme_tuning,0.025,0.1,"[""benign"", ""malignant""]",0.75,False,False,False,"[[19, 13], [3, 29]]",39.52449250221253,0.03056,0.02344,1.0,0.0,0.7656,0.7656,5.0,0.05766,0.03125,1.0,0.6875,,,,,,
breakhis_balanced_prototype,timm_dinov3_vit_lora,timm/vit_small_patch16_dinov3.lvd1689m,nicme_hybrid,calibrated_cost_min,,malignant,"[[0.0, 1.0], [10.0, 0.0]]",,0.97,0.85,accuracy,0.05,0.5,1.0,0.0,0.5,1.0,0.5,0.5,0.3333333333333333,0.1725,0.8505859375,0.8560805680057166,0.6882949599477701,0.4951480962263145,0.2462752314030809,0.5,,,,stop2a_tune_breakhis_balanced_prototype_timm_dinov3_vit_lora_hybrid_s0.025_l0.1_04-28_07-03,results/timm_dinov3_vit_lora_test/stop2a_tune_breakhis_balanced_prototype_timm_dinov3_vit_lora_hybrid_s0.025_l0.1_04-28_07-03/metrics_20260428_070332_nicme_hybrid.json,results/stop2a_nicme_tuning/configs/067_stop2a_tune_breakhis_balanced_prototype_timm_dinov3_vit_lora_hybrid_s0.025_l0.1.json,stop2a_nicme_tuning,0.025,0.1,"[""benign"", ""malignant""]",0.5,True,False,False,"[[0, 32], [0, 32]]",39.52449250221253,0.03056,0.02344,1.0,0.0,0.7656,0.7656,5.0,0.05766,0.03125,1.0,0.6875,,,,,,
breakhis_balanced_prototype,timm_dinov3_vit_lora,timm/vit_small_patch16_dinov3.lvd1689m,nicme_hybrid,argmax,,malignant,"[[0.0, 1.0], [10.0, 0.0]]",,0.97,0.85,accuracy,0.0671875,0.671875,0.90625,0.09375,0.6904761904761905,0.40625,0.75,0.75,0.7437437437437437,0.0934437499999999,0.8505859375,0.8560805680057166,0.6907106932118867,0.4975635520741505,0.2481375457718968,,,,,stop2a_tune_breakhis_balanced_prototype_timm_dinov3_vit_lora_hybrid_s0.05_l0.1_04-28_07-04,results/timm_dinov3_vit_lora_test/stop2a_tune_breakhis_balanced_prototype_timm_dinov3_vit_lora_hybrid_s0.05_l0.1_04-28_07-04/metrics_20260428_070411_nicme_hybrid.json,results/stop2a_nicme_tuning/configs/068_stop2a_tune_breakhis_balanced_prototype_timm_dinov3_vit_lora_hybrid_s0.05_l0.1.json,stop2a_nicme_tuning,0.05,0.1,"[""benign"", ""malignant""]",0.75,False,False,False,"[[19, 13], [3, 29]]",39.75528311729431,0.03056,0.02344,1.0,0.0,0.7656,0.7656,5.0,0.05766,0.03125,1.0,0.6875,,,,,,
breakhis_balanced_prototype,timm_dinov3_vit_lora,timm/vit_small_patch16_dinov3.lvd1689m,nicme_hybrid,calibrated_cost_min,,malignant,"[[0.0, 1.0], [10.0, 0.0]]",,0.97,0.85,accuracy,0.05,0.5,1.0,0.0,0.5,1.0,0.5,0.5,0.3333333333333333,0.1725,0.8505859375,0.8560805680057166,0.6882949599477701,0.4951480962263145,0.2462752314030809,0.5,,,,stop2a_tune_breakhis_balanced_prototype_timm_dinov3_vit_lora_hybrid_s0.05_l0.1_04-28_07-04,results/timm_dinov3_vit_lora_test/stop2a_tune_breakhis_balanced_prototype_timm_dinov3_vit_lora_hybrid_s0.05_l0.1_04-28_07-04/metrics_20260428_070411_nicme_hybrid.json,results/stop2a_nicme_tuning/configs/068_stop2a_tune_breakhis_balanced_prototype_timm_dinov3_vit_lora_hybrid_s0.05_l0.1.json,stop2a_nicme_tuning,0.05,0.1,"[""benign"", ""malignant""]",0.5,True,False,False,"[[0, 32], [0, 32]]",39.75528311729431,0.03056,0.02344,1.0,0.0,0.7656,0.7656,5.0,0.05766,0.03125,1.0,0.6875,,,,,,
breakhis_balanced_prototype,timm_dinov3_vit_lora,timm/vit_small_patch16_dinov3.lvd1689m,nicme_hybrid,argmax,,malignant,"[[0.0, 1.0], [10.0, 0.0]]",,0.97,0.85,accuracy,0.11875,1.1875,0.78125,0.21875,0.8064516129032258,0.1875,0.796875,0.796875,0.7968253968253969,0.2640785156249999,0.8564453125,0.851037157359894,0.6918870038779851,0.4987398337725292,0.2960111619904637,,,,,stop2a_tune_breakhis_balanced_prototype_timm_dinov3_vit_lora_hybrid_s0.05_l0.25_04-28_07-04,results/timm_dinov3_vit_lora_test/stop2a_tune_breakhis_balanced_prototype_timm_dinov3_vit_lora_hybrid_s0.05_l0.25_04-28_07-04/metrics_20260428_070439_nicme_hybrid.json,results/stop2a_nicme_tuning/configs/069_stop2a_tune_breakhis_balanced_prototype_timm_dinov3_vit_lora_hybrid_s0.05_l0.25.json,stop2a_nicme_tuning,0.05,0.25,"[""benign"", ""malignant""]",0.796875,False,False,False,"[[26, 6], [7, 25]]",27.449098587036133,0.02973,0.02969,0.9688,0.03125,0.8438,0.8438,2.0,0.03993,0.02656,1.0,0.7344,,,,,,
breakhis_balanced_prototype,timm_dinov3_vit_lora,timm/vit_small_patch16_dinov3.lvd1689m,nicme_hybrid,calibrated_cost_min,,malignant,"[[0.0, 1.0], [10.0, 0.0]]",,0.97,0.85,accuracy,0.05,0.5,1.0,0.0,0.5,1.0,0.5,0.5,0.3333333333333333,0.1725,0.8564453125,0.851037157359894,0.690631395703684,0.4974842503059477,0.2951473454914908,0.5,,,,stop2a_tune_breakhis_balanced_prototype_timm_dinov3_vit_lora_hybrid_s0.05_l0.25_04-28_07-04,results/timm_dinov3_vit_lora_test/stop2a_tune_breakhis_balanced_prototype_timm_dinov3_vit_lora_hybrid_s0.05_l0.25_04-28_07-04/metrics_20260428_070439_nicme_hybrid.json,results/stop2a_nicme_tuning/configs/069_stop2a_tune_breakhis_balanced_prototype_timm_dinov3_vit_lora_hybrid_s0.05_l0.25.json,stop2a_nicme_tuning,0.05,0.25,"[""benign"", ""malignant""]",0.5,True,False,False,"[[0, 32], [0, 32]]",27.449098587036133,0.02973,0.02969,0.9688,0.03125,0.8438,0.8438,2.0,0.03993,0.02656,1.0,0.7344,,,,,,
breakhis_balanced_prototype,timm_dinov3_vit_lora,timm/vit_small_patch16_dinov3.lvd1689m,nicme_hybrid,argmax,,malignant,"[[0.0, 1.0], [10.0, 0.0]]",,0.97,0.85,accuracy,0.0671875,0.671875,0.90625,0.09375,0.6904761904761905,0.40625,0.75,0.75,0.7437437437437437,0.0934437499999999,0.8505859375,0.8560805680057166,0.6907106932118867,0.4975635520741505,0.2481375457718968,,,,,stop2a_tune_breakhis_balanced_prototype_timm_dinov3_vit_lora_hybrid_s0.1_l0.1_04-28_07-05,results/timm_dinov3_vit_lora_test/stop2a_tune_breakhis_balanced_prototype_timm_dinov3_vit_lora_hybrid_s0.1_l0.1_04-28_07-05/metrics_20260428_070518_nicme_hybrid.json,results/stop2a_nicme_tuning/configs/070_stop2a_tune_breakhis_balanced_prototype_timm_dinov3_vit_lora_hybrid_s0.1_l0.1.json,stop2a_nicme_tuning,0.1,0.1,"[""benign"", ""malignant""]",0.75,False,False,False,"[[19, 13], [3, 29]]",38.80356788635254,0.03056,0.02344,1.0,0.0,0.7656,0.7656,5.0,0.05766,0.03125,1.0,0.6875,,,,,,
breakhis_balanced_prototype,timm_dinov3_vit_lora,timm/vit_small_patch16_dinov3.lvd1689m,nicme_hybrid,calibrated_cost_min,,malignant,"[[0.0, 1.0], [10.0, 0.0]]",,0.97,0.85,accuracy,0.05,0.5,1.0,0.0,0.5,1.0,0.5,0.5,0.3333333333333333,0.1725,0.8505859375,0.8560805680057166,0.6882949599477701,0.4951480962263145,0.2462752314030809,0.5,,,,stop2a_tune_breakhis_balanced_prototype_timm_dinov3_vit_lora_hybrid_s0.1_l0.1_04-28_07-05,results/timm_dinov3_vit_lora_test/stop2a_tune_breakhis_balanced_prototype_timm_dinov3_vit_lora_hybrid_s0.1_l0.1_04-28_07-05/metrics_20260428_070518_nicme_hybrid.json,results/stop2a_nicme_tuning/configs/070_stop2a_tune_breakhis_balanced_prototype_timm_dinov3_vit_lora_hybrid_s0.1_l0.1.json,stop2a_nicme_tuning,0.1,0.1,"[""benign"", ""malignant""]",0.5,True,False,False,"[[0, 32], [0, 32]]",38.80356788635254,0.03056,0.02344,1.0,0.0,0.7656,0.7656,5.0,0.05766,0.03125,1.0,0.6875,,,,,,
breakhis_balanced_prototype,timm_dinov3_vit_lora,timm/vit_small_patch16_dinov3.lvd1689m,nicme_hybrid,argmax,,malignant,"[[0.0, 1.0], [10.0, 0.0]]",,0.97,0.85,accuracy,0.11875,1.1875,0.78125,0.21875,0.8064516129032258,0.1875,0.796875,0.796875,0.7968253968253969,0.2640785156249999,0.8564453125,0.851037157359894,0.6918870038779851,0.4987398337725292,0.2960111619904637,,,,,stop2a_tune_breakhis_balanced_prototype_timm_dinov3_vit_lora_hybrid_s0.1_l0.25_04-28_07-05,results/timm_dinov3_vit_lora_test/stop2a_tune_breakhis_balanced_prototype_timm_dinov3_vit_lora_hybrid_s0.1_l0.25_04-28_07-05/metrics_20260428_070545_nicme_hybrid.json,results/stop2a_nicme_tuning/configs/071_stop2a_tune_breakhis_balanced_prototype_timm_dinov3_vit_lora_hybrid_s0.1_l0.25.json,stop2a_nicme_tuning,0.1,0.25,"[""benign"", ""malignant""]",0.796875,False,False,False,"[[26, 6], [7, 25]]",27.789520263671875,0.02973,0.02969,0.9688,0.03125,0.8438,0.8438,2.0,0.03993,0.02656,1.0,0.7344,,,,,,
breakhis_balanced_prototype,timm_dinov3_vit_lora,timm/vit_small_patch16_dinov3.lvd1689m,nicme_hybrid,calibrated_cost_min,,malignant,"[[0.0, 1.0], [10.0, 0.0]]",,0.97,0.85,accuracy,0.05,0.5,1.0,0.0,0.5,1.0,0.5,0.5,0.3333333333333333,0.1725,0.8564453125,0.851037157359894,0.690631395703684,0.4974842503059477,0.2951473454914908,0.5,,,,stop2a_tune_breakhis_balanced_prototype_timm_dinov3_vit_lora_hybrid_s0.1_l0.25_04-28_07-05,results/timm_dinov3_vit_lora_test/stop2a_tune_breakhis_balanced_prototype_timm_dinov3_vit_lora_hybrid_s0.1_l0.25_04-28_07-05/metrics_20260428_070545_nicme_hybrid.json,results/stop2a_nicme_tuning/configs/071_stop2a_tune_breakhis_balanced_prototype_timm_dinov3_vit_lora_hybrid_s0.1_l0.25.json,stop2a_nicme_tuning,0.1,0.25,"[""benign"", ""malignant""]",0.5,True,False,False,"[[0, 32], [0, 32]]",27.789520263671875,0.02973,0.02969,0.9688,0.03125,0.8438,0.8438,2.0,0.03993,0.02656,1.0,0.7344,,,,,,
breakhis_balanced_prototype,timm_dinov3_vit_lora,timm/vit_small_patch16_dinov3.lvd1689m,nicme_hybrid,argmax,,malignant,"[[0.0, 1.0], [10.0, 0.0]]",,0.97,0.85,accuracy,0.11875,1.1875,0.78125,0.21875,0.8064516129032258,0.1875,0.796875,0.796875,0.7968253968253969,0.2640785156249999,0.8564453125,0.851037157359894,0.6918870038779851,0.4987398337725292,0.2960111619904637,,,,,stop2a_tune_breakhis_balanced_prototype_timm_dinov3_vit_lora_hybrid_s0.2_l0.25_04-28_07-06,results/timm_dinov3_vit_lora_test/stop2a_tune_breakhis_balanced_prototype_timm_dinov3_vit_lora_hybrid_s0.2_l0.25_04-28_07-06/metrics_20260428_070614_nicme_hybrid.json,results/stop2a_nicme_tuning/configs/072_stop2a_tune_breakhis_balanced_prototype_timm_dinov3_vit_lora_hybrid_s0.2_l0.25.json,stop2a_nicme_tuning,0.2,0.25,"[""benign"", ""malignant""]",0.796875,False,False,False,"[[26, 6], [7, 25]]",28.19482135772705,0.02973,0.02969,0.9688,0.03125,0.8438,0.8438,2.0,0.03993,0.02656,1.0,0.7344,,,,,,
breakhis_balanced_prototype,timm_dinov3_vit_lora,timm/vit_small_patch16_dinov3.lvd1689m,nicme_hybrid,calibrated_cost_min,,malignant,"[[0.0, 1.0], [10.0, 0.0]]",,0.97,0.85,accuracy,0.05,0.5,1.0,0.0,0.5,1.0,0.5,0.5,0.3333333333333333,0.1725,0.8564453125,0.851037157359894,0.690631395703684,0.4974842503059477,0.2951473454914908,0.5,,,,stop2a_tune_breakhis_balanced_prototype_timm_dinov3_vit_lora_hybrid_s0.2_l0.25_04-28_07-06,results/timm_dinov3_vit_lora_test/stop2a_tune_breakhis_balanced_prototype_timm_dinov3_vit_lora_hybrid_s0.2_l0.25_04-28_07-06/metrics_20260428_070614_nicme_hybrid.json,results/stop2a_nicme_tuning/configs/072_stop2a_tune_breakhis_balanced_prototype_timm_dinov3_vit_lora_hybrid_s0.2_l0.25.json,stop2a_nicme_tuning,0.2,0.25,"[""benign"", ""malignant""]",0.5,True,False,False,"[[0, 32], [0, 32]]",28.19482135772705,0.02973,0.02969,0.9688,0.03125,0.8438,0.8438,2.0,0.03993,0.02656,1.0,0.7344,,,,,,
breakhis_balanced_prototype,timm_dinov3_vit_lora,timm/vit_small_patch16_dinov3.lvd1689m,nicme_logit_adjustment,argmax,,malignant,"[[0.0, 1.0], [10.0, 0.0]]",,0.97,0.85,accuracy,0.078125,0.78125,0.90625,0.09375,0.5918367346938775,0.625,0.640625,0.640625,0.6133438402941949,0.138219140625,0.8212890625,0.8353613919943728,0.687862951808095,0.4947165268254773,0.1354940142482519,,,,,stop2a_tune_breakhis_balanced_prototype_timm_dinov3_vit_lora_logit_s0.025_04-28_07-00,results/timm_dinov3_vit_lora_test/stop2a_tune_breakhis_balanced_prototype_timm_dinov3_vit_lora_logit_s0.025_04-28_07-00/metrics_20260428_070015_nicme_logit_adjustment.json,results/stop2a_nicme_tuning/configs/061_stop2a_tune_breakhis_balanced_prototype_timm_dinov3_vit_lora_logit_s0.025.json,stop2a_nicme_tuning,0.025,0.0,"[""benign"", ""malignant""]",0.640625,False,False,False,"[[12, 20], [3, 29]]",38.81799221038818,0.05126,0.02969,1.0,0.0,0.7031,0.7031,5.0,0.05126,0.02969,1.0,0.7031,,,,,,
breakhis_balanced_prototype,timm_dinov3_vit_lora,timm/vit_small_patch16_dinov3.lvd1689m,nicme_logit_adjustment,calibrated_cost_min,,malignant,"[[0.0, 1.0], [10.0, 0.0]]",,0.97,0.85,accuracy,0.05,0.5,1.0,0.0,0.5,1.0,0.5,0.5,0.3333333333333333,0.1725,0.8212890625,0.8353613919943728,0.6827375812297907,0.4895963659241625,0.1303660497094576,0.5,,,,stop2a_tune_breakhis_balanced_prototype_timm_dinov3_vit_lora_logit_s0.025_04-28_07-00,results/timm_dinov3_vit_lora_test/stop2a_tune_breakhis_balanced_prototype_timm_dinov3_vit_lora_logit_s0.025_04-28_07-00/metrics_20260428_070015_nicme_logit_adjustment.json,results/stop2a_nicme_tuning/configs/061_stop2a_tune_breakhis_balanced_prototype_timm_dinov3_vit_lora_logit_s0.025.json,stop2a_nicme_tuning,0.025,0.0,"[""benign"", ""malignant""]",0.5,True,False,False,"[[0, 32], [0, 32]]",38.81799221038818,0.05126,0.02969,1.0,0.0,0.7031,0.7031,5.0,0.05126,0.02969,1.0,0.7031,,,,,,
breakhis_balanced_prototype,timm_dinov3_vit_lora,timm/vit_small_patch16_dinov3.lvd1689m,nicme_logit_adjustment,argmax,,malignant,"[[0.0, 1.0], [10.0, 0.0]]",,0.97,0.85,accuracy,0.0734375,0.734375,0.90625,0.09375,0.6304347826086957,0.53125,0.6875,0.6875,0.6717948717948719,0.1160999999999999,0.8193359375,0.8325608164776047,0.6879842502438764,0.4948376594151888,0.1829063193872571,,,,,stop2a_tune_breakhis_balanced_prototype_timm_dinov3_vit_lora_logit_s0.05_04-28_07-00,results/timm_dinov3_vit_lora_test/stop2a_tune_breakhis_balanced_prototype_timm_dinov3_vit_lora_logit_s0.05_04-28_07-00/metrics_20260428_070054_nicme_logit_adjustment.json,results/stop2a_nicme_tuning/configs/062_stop2a_tune_breakhis_balanced_prototype_timm_dinov3_vit_lora_logit_s0.05.json,stop2a_nicme_tuning,0.05,0.0,"[""benign"", ""malignant""]",0.6875,False,False,False,"[[15, 17], [3, 29]]",38.48493480682373,0.03993,0.02656,1.0,0.0,0.7344,0.7344,5.0,0.03993,0.02656,1.0,0.7344,,,,,,
breakhis_balanced_prototype,timm_dinov3_vit_lora,timm/vit_small_patch16_dinov3.lvd1689m,nicme_logit_adjustment,calibrated_cost_min,,malignant,"[[0.0, 1.0], [10.0, 0.0]]",,0.97,0.85,accuracy,0.05,0.5,1.0,0.0,0.5,1.0,0.5,0.5,0.3333333333333333,0.1725,0.8193359375,0.8325608164776047,0.6829504171619125,0.489807828589033,0.1783148964466547,0.5,,,,stop2a_tune_breakhis_balanced_prototype_timm_dinov3_vit_lora_logit_s0.05_04-28_07-00,results/timm_dinov3_vit_lora_test/stop2a_tune_breakhis_balanced_prototype_timm_dinov3_vit_lora_logit_s0.05_04-28_07-00/metrics_20260428_070054_nicme_logit_adjustment.json,results/stop2a_nicme_tuning/configs/062_stop2a_tune_breakhis_balanced_prototype_timm_dinov3_vit_lora_logit_s0.05.json,stop2a_nicme_tuning,0.05,0.0,"[""benign"", ""malignant""]",0.5,True,False,False,"[[0, 32], [0, 32]]",38.48493480682373,0.03993,0.02656,1.0,0.0,0.7344,0.7344,5.0,0.03993,0.02656,1.0,0.7344,,,,,,
breakhis_balanced_prototype,timm_dinov3_vit_lora,timm/vit_small_patch16_dinov3.lvd1689m,nicme_logit_adjustment,argmax,,malignant,"[[0.0, 1.0], [10.0, 0.0]]",,0.97,0.85,accuracy,0.0734375,0.734375,0.90625,0.09375,0.6304347826086957,0.53125,0.6875,0.6875,0.6717948717948719,0.1160999999999999,0.8193359375,0.8356921824836381,0.6899072029809081,0.4967601685315931,0.1846691677346825,,,,,stop2a_tune_breakhis_balanced_prototype_timm_dinov3_vit_lora_logit_s0.1_04-28_07-01,results/timm_dinov3_vit_lora_test/stop2a_tune_breakhis_balanced_prototype_timm_dinov3_vit_lora_logit_s0.1_04-28_07-01/metrics_20260428_070126_nicme_logit_adjustment.json,results/stop2a_nicme_tuning/configs/063_stop2a_tune_breakhis_balanced_prototype_timm_dinov3_vit_lora_logit_s0.1.json,stop2a_nicme_tuning,0.1,0.0,"[""benign"", ""malignant""]",0.6875,False,False,False,"[[15, 17], [3, 29]]",32.04469442367554,0.03993,0.02656,1.0,0.0,0.7344,0.7344,3.0,0.03993,0.02656,1.0,0.7344,,,,,,
breakhis_balanced_prototype,timm_dinov3_vit_lora,timm/vit_small_patch16_dinov3.lvd1689m,nicme_logit_adjustment,calibrated_cost_min,,malignant,"[[0.0, 1.0], [10.0, 0.0]]",,0.97,0.85,accuracy,0.05,0.5,1.0,0.0,0.5,1.0,0.5,0.5,0.3333333333333333,0.1725,0.8193359375,0.8356921824836381,0.6867168333069265,0.4935708111900287,0.1818388791926042,0.5,,,,stop2a_tune_breakhis_balanced_prototype_timm_dinov3_vit_lora_logit_s0.1_04-28_07-01,results/timm_dinov3_vit_lora_test/stop2a_tune_breakhis_balanced_prototype_timm_dinov3_vit_lora_logit_s0.1_04-28_07-01/metrics_20260428_070126_nicme_logit_adjustment.json,results/stop2a_nicme_tuning/configs/063_stop2a_tune_breakhis_balanced_prototype_timm_dinov3_vit_lora_logit_s0.1.json,stop2a_nicme_tuning,0.1,0.0,"[""benign"", ""malignant""]",0.5,True,False,False,"[[0, 32], [0, 32]]",32.04469442367554,0.03993,0.02656,1.0,0.0,0.7344,0.7344,3.0,0.03993,0.02656,1.0,0.7344,,,,,,
breakhis_balanced_prototype,timm_dinov3_vit_lora,timm/vit_small_patch16_dinov3.lvd1689m,nicme_logit_adjustment,argmax,,malignant,"[[0.0, 1.0], [10.0, 0.0]]",,0.97,0.85,accuracy,0.05625,0.5625,0.9375,0.0625,0.6521739130434783,0.5,0.71875,0.71875,0.7046153846153846,0.0777015624999999,0.83984375,0.8485552925223188,0.6901771922019732,0.4970301122226063,0.2162490310147404,,,,,stop2a_tune_breakhis_balanced_prototype_timm_dinov3_vit_lora_logit_s0.2_04-28_07-01,results/timm_dinov3_vit_lora_test/stop2a_tune_breakhis_balanced_prototype_timm_dinov3_vit_lora_logit_s0.2_04-28_07-01/metrics_20260428_070157_nicme_logit_adjustment.json,results/stop2a_nicme_tuning/configs/064_stop2a_tune_breakhis_balanced_prototype_timm_dinov3_vit_lora_logit_s0.2.json,stop2a_nicme_tuning,0.2,0.0,"[""benign"", ""malignant""]",0.71875,False,False,False,"[[16, 16], [2, 30]]",31.1627414226532,0.03993,0.02656,1.0,0.0,0.7344,0.7344,3.0,0.05126,0.02969,1.0,0.7031,,,,,,
breakhis_balanced_prototype,timm_dinov3_vit_lora,timm/vit_small_patch16_dinov3.lvd1689m,nicme_logit_adjustment,calibrated_cost_min,,malignant,"[[0.0, 1.0], [10.0, 0.0]]",,0.97,0.85,accuracy,0.05,0.5,1.0,0.0,0.5,1.0,0.5,0.5,0.3333333333333333,0.1725,0.83984375,0.8485552925223188,0.6872456297876834,0.4940992456461228,0.2137484294697472,0.5,,,,stop2a_tune_breakhis_balanced_prototype_timm_dinov3_vit_lora_logit_s0.2_04-28_07-01,results/timm_dinov3_vit_lora_test/stop2a_tune_breakhis_balanced_prototype_timm_dinov3_vit_lora_logit_s0.2_04-28_07-01/metrics_20260428_070157_nicme_logit_adjustment.json,results/stop2a_nicme_tuning/configs/064_stop2a_tune_breakhis_balanced_prototype_timm_dinov3_vit_lora_logit_s0.2.json,stop2a_nicme_tuning,0.2,0.0,"[""benign"", ""malignant""]",0.5,True,False,False,"[[0, 32], [0, 32]]",31.1627414226532,0.03993,0.02656,1.0,0.0,0.7344,0.7344,3.0,0.05126,0.02969,1.0,0.7031,,,,,,
breakhis_balanced_prototype,timm_dinov3_vit_lora,timm/vit_small_patch16_dinov3.lvd1689m,nicme_logit_adjustment,argmax,,malignant,"[[0.0, 1.0], [10.0, 0.0]]",,0.97,0.85,accuracy,0.0953125,0.953125,0.84375,0.15625,0.7105263157894737,0.34375,0.75,0.75,0.7477832512315271,0.16906875,0.84765625,0.8541133877211149,0.6914319039246488,0.49828473071348,0.2487543160095811,,,,,stop2a_tune_breakhis_balanced_prototype_timm_dinov3_vit_lora_logit_s0.35_04-28_07-02,results/timm_dinov3_vit_lora_test/stop2a_tune_breakhis_balanced_prototype_timm_dinov3_vit_lora_logit_s0.35_04-28_07-02/metrics_20260428_070224_nicme_logit_adjustment.json,results/stop2a_nicme_tuning/configs/065_stop2a_tune_breakhis_balanced_prototype_timm_dinov3_vit_lora_logit_s0.35.json,stop2a_nicme_tuning,0.35,0.0,"[""benign"", ""malignant""]",0.75,False,False,False,"[[21, 11], [5, 27]]",27.63177609443665,0.03173,0.03125,0.9688,0.03125,0.8281,0.8281,2.0,0.07978,0.03594,1.0,0.6406,,,,,,
breakhis_balanced_prototype,timm_dinov3_vit_lora,timm/vit_small_patch16_dinov3.lvd1689m,nicme_logit_adjustment,calibrated_cost_min,,malignant,"[[0.0, 1.0], [10.0, 0.0]]",,0.97,0.85,accuracy,0.05,0.5,1.0,0.0,0.5,1.0,0.5,0.5,0.3333333333333333,0.1725,0.84765625,0.8541133877211149,0.6897256581602618,0.4965785695239453,0.2475086653514127,0.5,,,,stop2a_tune_breakhis_balanced_prototype_timm_dinov3_vit_lora_logit_s0.35_04-28_07-02,results/timm_dinov3_vit_lora_test/stop2a_tune_breakhis_balanced_prototype_timm_dinov3_vit_lora_logit_s0.35_04-28_07-02/metrics_20260428_070224_nicme_logit_adjustment.json,results/stop2a_nicme_tuning/configs/065_stop2a_tune_breakhis_balanced_prototype_timm_dinov3_vit_lora_logit_s0.35.json,stop2a_nicme_tuning,0.35,0.0,"[""benign"", ""malignant""]",0.5,True,False,False,"[[0, 32], [0, 32]]",27.63177609443665,0.03173,0.03125,0.9688,0.03125,0.8281,0.8281,2.0,0.07978,0.03594,1.0,0.6406,,,,,,
breakhis_balanced_prototype,timm_dinov3_vit_lora,timm/vit_small_patch16_dinov3.lvd1689m,nicme_logit_adjustment,argmax,,malignant,"[[0.0, 1.0], [10.0, 0.0]]",,0.97,0.85,accuracy,0.090625,0.90625,0.84375,0.15625,0.7714285714285715,0.25,0.796875,0.796875,0.7964276975776854,0.1572035156249999,0.84375,0.84195150393765,0.6916502453569264,0.4985030680395147,0.2958157239481807,,,,,stop2a_tune_breakhis_balanced_prototype_timm_dinov3_vit_lora_logit_s0.5_04-28_07-02,results/timm_dinov3_vit_lora_test/stop2a_tune_breakhis_balanced_prototype_timm_dinov3_vit_lora_logit_s0.5_04-28_07-02/metrics_20260428_070252_nicme_logit_adjustment.json,results/stop2a_nicme_tuning/configs/066_stop2a_tune_breakhis_balanced_prototype_timm_dinov3_vit_lora_logit_s0.5.json,stop2a_nicme_tuning,0.5,0.0,"[""benign"", ""malignant""]",0.796875,False,False,False,"[[24, 8], [5, 27]]",27.65158200263977,0.02973,0.02969,0.9688,0.03125,0.8438,0.8438,2.0,0.06454,0.03281,1.0,0.6719,,,,,,
breakhis_balanced_prototype,timm_dinov3_vit_lora,timm/vit_small_patch16_dinov3.lvd1689m,nicme_logit_adjustment,calibrated_cost_min,,malignant,"[[0.0, 1.0], [10.0, 0.0]]",,0.97,0.85,accuracy,0.05,0.5,1.0,0.0,0.5,1.0,0.5,0.5,0.3333333333333333,0.1725,0.84375,0.84195150393765,0.6901600091866285,0.4970128877761842,0.2947564700977327,0.5,,,,stop2a_tune_breakhis_balanced_prototype_timm_dinov3_vit_lora_logit_s0.5_04-28_07-02,results/timm_dinov3_vit_lora_test/stop2a_tune_breakhis_balanced_prototype_timm_dinov3_vit_lora_logit_s0.5_04-28_07-02/metrics_20260428_070252_nicme_logit_adjustment.json,results/stop2a_nicme_tuning/configs/066_stop2a_tune_breakhis_balanced_prototype_timm_dinov3_vit_lora_logit_s0.5.json,stop2a_nicme_tuning,0.5,0.0,"[""benign"", ""malignant""]",0.5,True,False,False,"[[0, 32], [0, 32]]",27.65158200263977,0.02973,0.02969,0.9688,0.03125,0.8438,0.8438,2.0,0.06454,0.03281,1.0,0.6719,,,,,,
spider_balanced_prototype,timm_dinov3_vit_lora,timm/vit_small_patch16_dinov3.lvd1689m,nicme_hybrid,argmax,,black_widow,"[[0.0, 10.0], [1.0, 0.0]]",,0.95,0.8,accuracy,0.0515625,0.515625,0.96875,0.03125,0.5740740740740741,0.71875,0.625,0.625,0.5747508305647842,0.0821875,0.83203125,0.8348635167885816,0.690516460200211,0.4973694212194711,0.1221484132111072,,,,,stop2a_tune_spider_balanced_prototype_timm_dinov3_vit_lora_hybrid_s0.025_l0.1_04-28_06-36,results/timm_dinov3_vit_lora_test/stop2a_tune_spider_balanced_prototype_timm_dinov3_vit_lora_hybrid_s0.025_l0.1_04-28_06-36/metrics_20260428_063631_nicme_hybrid.json,results/stop2a_nicme_tuning/configs/019_stop2a_tune_spider_balanced_prototype_timm_dinov3_vit_lora_hybrid_s0.025_l0.1.json,stop2a_nicme_tuning,0.025,0.1,"[""black_widow"", ""false_widow""]",0.625,True,False,False,"[[31, 1], [23, 9]]",23.244281768798828,0.133,0.08281,0.9062,0.09375,0.5938,0.5938,5.0,0.133,0.08281,0.9062,0.5938,,,,,,
spider_balanced_prototype,timm_dinov3_vit_lora,timm/vit_small_patch16_dinov3.lvd1689m,nicme_hybrid,calibrated_cost_min,,black_widow,"[[0.0, 10.0], [1.0, 0.0]]",,0.95,0.8,accuracy,0.05,0.5,1.0,0.0,0.5,1.0,0.5,0.5,0.3333333333333333,0.14,0.83203125,0.8348635167885816,0.6879353558892349,0.4947892679758821,0.1192973768699221,0.5,,,,stop2a_tune_spider_balanced_prototype_timm_dinov3_vit_lora_hybrid_s0.025_l0.1_04-28_06-36,results/timm_dinov3_vit_lora_test/stop2a_tune_spider_balanced_prototype_timm_dinov3_vit_lora_hybrid_s0.025_l0.1_04-28_06-36/metrics_20260428_063631_nicme_hybrid.json,results/stop2a_nicme_tuning/configs/019_stop2a_tune_spider_balanced_prototype_timm_dinov3_vit_lora_hybrid_s0.025_l0.1.json,stop2a_nicme_tuning,0.025,0.1,"[""black_widow"", ""false_widow""]",0.5,True,False,False,"[[32, 0], [32, 0]]",23.244281768798828,0.133,0.08281,0.9062,0.09375,0.5938,0.5938,5.0,0.133,0.08281,0.9062,0.5938,,,,,,
spider_balanced_prototype,timm_dinov3_vit_lora,timm/vit_small_patch16_dinov3.lvd1689m,nicme_hybrid,argmax,,black_widow,"[[0.0, 10.0], [1.0, 0.0]]",,0.95,0.8,accuracy,0.0515625,0.515625,0.96875,0.03125,0.5740740740740741,0.71875,0.625,0.625,0.5747508305647842,0.0821875,0.83203125,0.8348635167885816,0.690516460200211,0.4973694212194711,0.1221484132111072,,,,,stop2a_tune_spider_balanced_prototype_timm_dinov3_vit_lora_hybrid_s0.05_l0.1_04-28_06-36,results/timm_dinov3_vit_lora_test/stop2a_tune_spider_balanced_prototype_timm_dinov3_vit_lora_hybrid_s0.05_l0.1_04-28_06-36/metrics_20260428_063655_nicme_hybrid.json,results/stop2a_nicme_tuning/configs/020_stop2a_tune_spider_balanced_prototype_timm_dinov3_vit_lora_hybrid_s0.05_l0.1.json,stop2a_nicme_tuning,0.05,0.1,"[""black_widow"", ""false_widow""]",0.625,True,False,False,"[[31, 1], [23, 9]]",23.282803297042847,0.133,0.08281,0.9062,0.09375,0.5938,0.5938,5.0,0.133,0.08281,0.9062,0.5938,,,,,,
spider_balanced_prototype,timm_dinov3_vit_lora,timm/vit_small_patch16_dinov3.lvd1689m,nicme_hybrid,calibrated_cost_min,,black_widow,"[[0.0, 10.0], [1.0, 0.0]]",,0.95,0.8,accuracy,0.05,0.5,1.0,0.0,0.5,1.0,0.5,0.5,0.3333333333333333,0.14,0.83203125,0.8348635167885816,0.6879353558892349,0.4947892679758821,0.1192973768699221,0.5,,,,stop2a_tune_spider_balanced_prototype_timm_dinov3_vit_lora_hybrid_s0.05_l0.1_04-28_06-36,results/timm_dinov3_vit_lora_test/stop2a_tune_spider_balanced_prototype_timm_dinov3_vit_lora_hybrid_s0.05_l0.1_04-28_06-36/metrics_20260428_063655_nicme_hybrid.json,results/stop2a_nicme_tuning/configs/020_stop2a_tune_spider_balanced_prototype_timm_dinov3_vit_lora_hybrid_s0.05_l0.1.json,stop2a_nicme_tuning,0.05,0.1,"[""black_widow"", ""false_widow""]",0.5,True,False,False,"[[32, 0], [32, 0]]",23.282803297042847,0.133,0.08281,0.9062,0.09375,0.5938,0.5938,5.0,0.133,0.08281,0.9062,0.5938,,,,,,
spider_balanced_prototype,timm_dinov3_vit_lora,timm/vit_small_patch16_dinov3.lvd1689m,nicme_hybrid,argmax,,black_widow,"[[0.0, 10.0], [1.0, 0.0]]",,0.95,0.8,accuracy,0.053125,0.53125,0.96875,0.03125,0.5636363636363636,0.75,0.609375,0.609375,0.551443790299972,0.089462890625,0.8193359375,0.8173414255646466,0.6904649226563202,0.4973179035186116,0.1063639353960752,,,,,stop2a_tune_spider_balanced_prototype_timm_dinov3_vit_lora_hybrid_s0.05_l0.25_04-28_06-37,results/timm_dinov3_vit_lora_test/stop2a_tune_spider_balanced_prototype_timm_dinov3_vit_lora_hybrid_s0.05_l0.25_04-28_06-37/metrics_20260428_063719_nicme_hybrid.json,results/stop2a_nicme_tuning/configs/021_stop2a_tune_spider_balanced_prototype_timm_dinov3_vit_lora_hybrid_s0.05_l0.25.json,stop2a_nicme_tuning,0.05,0.25,"[""black_widow"", ""false_widow""]",0.609375,True,False,False,"[[31, 1], [24, 8]]",24.13023924827576,0.133,0.08281,0.9062,0.09375,0.5938,0.5938,5.0,0.133,0.08281,0.9062,0.5938,,,,,,
spider_balanced_prototype,timm_dinov3_vit_lora,timm/vit_small_patch16_dinov3.lvd1689m,nicme_hybrid,calibrated_cost_min,,black_widow,"[[0.0, 10.0], [1.0, 0.0]]",,0.95,0.8,accuracy,0.05,0.5,1.0,0.0,0.5,1.0,0.5,0.5,0.3333333333333333,0.14,0.8193359375,0.8173414255646466,0.6878376781454734,0.4946917500175948,0.1033535019898305,0.5,,,,stop2a_tune_spider_balanced_prototype_timm_dinov3_vit_lora_hybrid_s0.05_l0.25_04-28_06-37,results/timm_dinov3_vit_lora_test/stop2a_tune_spider_balanced_prototype_timm_dinov3_vit_lora_hybrid_s0.05_l0.25_04-28_06-37/metrics_20260428_063719_nicme_hybrid.json,results/stop2a_nicme_tuning/configs/021_stop2a_tune_spider_balanced_prototype_timm_dinov3_vit_lora_hybrid_s0.05_l0.25.json,stop2a_nicme_tuning,0.05,0.25,"[""black_widow"", ""false_widow""]",0.5,True,False,False,"[[32, 0], [32, 0]]",24.13023924827576,0.133,0.08281,0.9062,0.09375,0.5938,0.5938,5.0,0.133,0.08281,0.9062,0.5938,,,,,,
spider_balanced_prototype,timm_dinov3_vit_lora,timm/vit_small_patch16_dinov3.lvd1689m,nicme_hybrid,argmax,,black_widow,"[[0.0, 10.0], [1.0, 0.0]]",,0.95,0.8,accuracy,0.0515625,0.515625,0.96875,0.03125,0.5740740740740741,0.71875,0.625,0.625,0.5747508305647842,0.0821875,0.83203125,0.8348635167885816,0.690516460200211,0.4973694212194711,0.1221484132111072,,,,,stop2a_tune_spider_balanced_prototype_timm_dinov3_vit_lora_hybrid_s0.1_l0.1_04-28_06-37,results/timm_dinov3_vit_lora_test/stop2a_tune_spider_balanced_prototype_timm_dinov3_vit_lora_hybrid_s0.1_l0.1_04-28_06-37/metrics_20260428_063742_nicme_hybrid.json,results/stop2a_nicme_tuning/configs/022_stop2a_tune_spider_balanced_prototype_timm_dinov3_vit_lora_hybrid_s0.1_l0.1.json,stop2a_nicme_tuning,0.1,0.1,"[""black_widow"", ""false_widow""]",0.625,True,False,False,"[[31, 1], [23, 9]]",23.65024423599243,0.133,0.08281,0.9062,0.09375,0.5938,0.5938,5.0,0.133,0.08281,0.9062,0.5938,,,,,,
spider_balanced_prototype,timm_dinov3_vit_lora,timm/vit_small_patch16_dinov3.lvd1689m,nicme_hybrid,calibrated_cost_min,,black_widow,"[[0.0, 10.0], [1.0, 0.0]]",,0.95,0.8,accuracy,0.05,0.5,1.0,0.0,0.5,1.0,0.5,0.5,0.3333333333333333,0.14,0.83203125,0.8348635167885816,0.6879353558892349,0.4947892679758821,0.1192973768699221,0.5,,,,stop2a_tune_spider_balanced_prototype_timm_dinov3_vit_lora_hybrid_s0.1_l0.1_04-28_06-37,results/timm_dinov3_vit_lora_test/stop2a_tune_spider_balanced_prototype_timm_dinov3_vit_lora_hybrid_s0.1_l0.1_04-28_06-37/metrics_20260428_063742_nicme_hybrid.json,results/stop2a_nicme_tuning/configs/022_stop2a_tune_spider_balanced_prototype_timm_dinov3_vit_lora_hybrid_s0.1_l0.1.json,stop2a_nicme_tuning,0.1,0.1,"[""black_widow"", ""false_widow""]",0.5,True,False,False,"[[32, 0], [32, 0]]",23.65024423599243,0.133,0.08281,0.9062,0.09375,0.5938,0.5938,5.0,0.133,0.08281,0.9062,0.5938,,,,,,
spider_balanced_prototype,timm_dinov3_vit_lora,timm/vit_small_patch16_dinov3.lvd1689m,nicme_hybrid,argmax,,black_widow,"[[0.0, 10.0], [1.0, 0.0]]",,0.95,0.8,accuracy,0.053125,0.53125,0.96875,0.03125,0.5636363636363636,0.75,0.609375,0.609375,0.551443790299972,0.089462890625,0.8193359375,0.8173414255646466,0.6904649226563202,0.4973179035186116,0.1063639353960752,,,,,stop2a_tune_spider_balanced_prototype_timm_dinov3_vit_lora_hybrid_s0.1_l0.25_04-28_06-38,results/timm_dinov3_vit_lora_test/stop2a_tune_spider_balanced_prototype_timm_dinov3_vit_lora_hybrid_s0.1_l0.25_04-28_06-38/metrics_20260428_063807_nicme_hybrid.json,results/stop2a_nicme_tuning/configs/023_stop2a_tune_spider_balanced_prototype_timm_dinov3_vit_lora_hybrid_s0.1_l0.25.json,stop2a_nicme_tuning,0.1,0.25,"[""black_widow"", ""false_widow""]",0.609375,True,False,False,"[[31, 1], [24, 8]]",24.178560495376587,0.133,0.08281,0.9062,0.09375,0.5938,0.5938,5.0,0.133,0.08281,0.9062,0.5938,,,,,,
spider_balanced_prototype,timm_dinov3_vit_lora,timm/vit_small_patch16_dinov3.lvd1689m,nicme_hybrid,calibrated_cost_min,,black_widow,"[[0.0, 10.0], [1.0, 0.0]]",,0.95,0.8,accuracy,0.05,0.5,1.0,0.0,0.5,1.0,0.5,0.5,0.3333333333333333,0.14,0.8193359375,0.8173414255646466,0.6878376781454734,0.4946917500175948,0.1033535019898305,0.5,,,,stop2a_tune_spider_balanced_prototype_timm_dinov3_vit_lora_hybrid_s0.1_l0.25_04-28_06-38,results/timm_dinov3_vit_lora_test/stop2a_tune_spider_balanced_prototype_timm_dinov3_vit_lora_hybrid_s0.1_l0.25_04-28_06-38/metrics_20260428_063807_nicme_hybrid.json,results/stop2a_nicme_tuning/configs/023_stop2a_tune_spider_balanced_prototype_timm_dinov3_vit_lora_hybrid_s0.1_l0.25.json,stop2a_nicme_tuning,0.1,0.25,"[""black_widow"", ""false_widow""]",0.5,True,False,False,"[[32, 0], [32, 0]]",24.178560495376587,0.133,0.08281,0.9062,0.09375,0.5938,0.5938,5.0,0.133,0.08281,0.9062,0.5938,,,,,,
spider_balanced_prototype,timm_dinov3_vit_lora,timm/vit_small_patch16_dinov3.lvd1689m,nicme_hybrid,argmax,,black_widow,"[[0.0, 10.0], [1.0, 0.0]]",,0.95,0.8,accuracy,0.053125,0.53125,0.96875,0.03125,0.5636363636363636,0.75,0.609375,0.609375,0.551443790299972,0.089462890625,0.8193359375,0.8173414255646466,0.6904649226563202,0.4973179035186116,0.1063639353960752,,,,,stop2a_tune_spider_balanced_prototype_timm_dinov3_vit_lora_hybrid_s0.2_l0.25_04-28_06-38,results/timm_dinov3_vit_lora_test/stop2a_tune_spider_balanced_prototype_timm_dinov3_vit_lora_hybrid_s0.2_l0.25_04-28_06-38/metrics_20260428_063830_nicme_hybrid.json,results/stop2a_nicme_tuning/configs/024_stop2a_tune_spider_balanced_prototype_timm_dinov3_vit_lora_hybrid_s0.2_l0.25.json,stop2a_nicme_tuning,0.2,0.25,"[""black_widow"", ""false_widow""]",0.609375,True,False,False,"[[31, 1], [24, 8]]",23.465187788009644,0.133,0.08281,0.9062,0.09375,0.5938,0.5938,5.0,0.133,0.08281,0.9062,0.5938,,,,,,
spider_balanced_prototype,timm_dinov3_vit_lora,timm/vit_small_patch16_dinov3.lvd1689m,nicme_hybrid,calibrated_cost_min,,black_widow,"[[0.0, 10.0], [1.0, 0.0]]",,0.95,0.8,accuracy,0.05,0.5,1.0,0.0,0.5,1.0,0.5,0.5,0.3333333333333333,0.14,0.8193359375,0.8173414255646466,0.6878376781454734,0.4946917500175948,0.1033535019898305,0.5,,,,stop2a_tune_spider_balanced_prototype_timm_dinov3_vit_lora_hybrid_s0.2_l0.25_04-28_06-38,results/timm_dinov3_vit_lora_test/stop2a_tune_spider_balanced_prototype_timm_dinov3_vit_lora_hybrid_s0.2_l0.25_04-28_06-38/metrics_20260428_063830_nicme_hybrid.json,results/stop2a_nicme_tuning/configs/024_stop2a_tune_spider_balanced_prototype_timm_dinov3_vit_lora_hybrid_s0.2_l0.25.json,stop2a_nicme_tuning,0.2,0.25,"[""black_widow"", ""false_widow""]",0.5,True,False,False,"[[32, 0], [32, 0]]",23.465187788009644,0.133,0.08281,0.9062,0.09375,0.5938,0.5938,5.0,0.133,0.08281,0.9062,0.5938,,,,,,
spider_balanced_prototype,timm_dinov3_vit_lora,timm/vit_small_patch16_dinov3.lvd1689m,nicme_logit_adjustment,argmax,,black_widow,"[[0.0, 10.0], [1.0, 0.0]]",,0.95,0.8,accuracy,0.0734375,0.734375,0.90625,0.09375,0.6304347826086957,0.53125,0.6875,0.6875,0.6717948717948719,0.09375,0.8095703125,0.8325317432260457,0.6882860593030564,0.4951394327769288,0.1831470020115375,,,,,stop2a_tune_spider_balanced_prototype_timm_dinov3_vit_lora_logit_s0.025_04-28_06-34,results/timm_dinov3_vit_lora_test/stop2a_tune_spider_balanced_prototype_timm_dinov3_vit_lora_logit_s0.025_04-28_06-34/metrics_20260428_063411_nicme_logit_adjustment.json,results/stop2a_nicme_tuning/configs/013_stop2a_tune_spider_balanced_prototype_timm_dinov3_vit_lora_logit_s0.025.json,stop2a_nicme_tuning,0.025,0.0,"[""black_widow"", ""false_widow""]",0.6875,False,False,False,"[[29, 3], [17, 15]]",24.095288515090942,0.1227,0.0875,0.875,0.125,0.6875,0.6875,4.0,0.1227,0.0875,0.875,0.6875,,,,,,
spider_balanced_prototype,timm_dinov3_vit_lora,timm/vit_small_patch16_dinov3.lvd1689m,nicme_logit_adjustment,calibrated_cost_min,,black_widow,"[[0.0, 10.0], [1.0, 0.0]]",,0.95,0.8,accuracy,0.05,0.5,1.0,0.0,0.5,1.0,0.5,0.5,0.3333333333333333,0.14,0.8095703125,0.8325317432260457,0.6835459502813989,0.4904031107125025,0.1787961290919812,0.5,,,,stop2a_tune_spider_balanced_prototype_timm_dinov3_vit_lora_logit_s0.025_04-28_06-34,results/timm_dinov3_vit_lora_test/stop2a_tune_spider_balanced_prototype_timm_dinov3_vit_lora_logit_s0.025_04-28_06-34/metrics_20260428_063411_nicme_logit_adjustment.json,results/stop2a_nicme_tuning/configs/013_stop2a_tune_spider_balanced_prototype_timm_dinov3_vit_lora_logit_s0.025.json,stop2a_nicme_tuning,0.025,0.0,"[""black_widow"", ""false_widow""]",0.5,True,False,False,"[[32, 0], [32, 0]]",24.095288515090942,0.1227,0.0875,0.875,0.125,0.6875,0.6875,4.0,0.1227,0.0875,0.875,0.6875,,,,,,
spider_balanced_prototype,timm_dinov3_vit_lora,timm/vit_small_patch16_dinov3.lvd1689m,nicme_logit_adjustment,argmax,,black_widow,"[[0.0, 10.0], [1.0, 0.0]]",,0.95,0.8,accuracy,0.059375,0.59375,0.9375,0.0625,0.625,0.5625,0.6875,0.6875,0.6666666666666667,0.07265625,0.8125,0.8357844562339967,0.6883567541803189,0.4952101716592597,0.1829769499599933,,,,,stop2a_tune_spider_balanced_prototype_timm_dinov3_vit_lora_logit_s0.05_04-28_06-34,results/timm_dinov3_vit_lora_test/stop2a_tune_spider_balanced_prototype_timm_dinov3_vit_lora_logit_s0.05_04-28_06-34/metrics_20260428_063436_nicme_logit_adjustment.json,results/stop2a_nicme_tuning/configs/014_stop2a_tune_spider_balanced_prototype_timm_dinov3_vit_lora_logit_s0.05.json,stop2a_nicme_tuning,0.05,0.0,"[""black_widow"", ""false_widow""]",0.6875,False,False,False,"[[30, 2], [18, 14]]",24.722150087356567,0.1338,0.09062,0.875,0.125,0.6562,0.6562,4.0,0.1338,0.09062,0.875,0.6562,,,,,,
spider_balanced_prototype,timm_dinov3_vit_lora,timm/vit_small_patch16_dinov3.lvd1689m,nicme_logit_adjustment,calibrated_cost_min,,black_widow,"[[0.0, 10.0], [1.0, 0.0]]",,0.95,0.8,accuracy,0.05,0.5,1.0,0.0,0.5,1.0,0.5,0.5,0.3333333333333333,0.14,0.8125,0.8357844562339967,0.6836966392519594,0.4905541437944573,0.1784562625971295,0.5,,,,stop2a_tune_spider_balanced_prototype_timm_dinov3_vit_lora_logit_s0.05_04-28_06-34,results/timm_dinov3_vit_lora_test/stop2a_tune_spider_balanced_prototype_timm_dinov3_vit_lora_logit_s0.05_04-28_06-34/metrics_20260428_063436_nicme_logit_adjustment.json,results/stop2a_nicme_tuning/configs/014_stop2a_tune_spider_balanced_prototype_timm_dinov3_vit_lora_logit_s0.05.json,stop2a_nicme_tuning,0.05,0.0,"[""black_widow"", ""false_widow""]",0.5,True,False,False,"[[32, 0], [32, 0]]",24.722150087356567,0.1338,0.09062,0.875,0.125,0.6562,0.6562,4.0,0.1338,0.09062,0.875,0.6562,,,,,,
spider_balanced_prototype,timm_dinov3_vit_lora,timm/vit_small_patch16_dinov3.lvd1689m,nicme_logit_adjustment,argmax,,black_widow,"[[0.0, 10.0], [1.0, 0.0]]",,0.95,0.8,accuracy,0.0734375,0.734375,0.90625,0.09375,0.6304347826086957,0.53125,0.6875,0.6875,0.6717948717948719,0.09375,0.8125,0.8342648639038148,0.6884103232931892,0.4952636462835582,0.183315735310316,,,,,stop2a_tune_spider_balanced_prototype_timm_dinov3_vit_lora_logit_s0.1_04-28_06-34,results/timm_dinov3_vit_lora_test/stop2a_tune_spider_balanced_prototype_timm_dinov3_vit_lora_logit_s0.1_04-28_06-34/metrics_20260428_063459_nicme_logit_adjustment.json,results/stop2a_nicme_tuning/configs/015_stop2a_tune_spider_balanced_prototype_timm_dinov3_vit_lora_logit_s0.1.json,stop2a_nicme_tuning,0.1,0.0,"[""black_widow"", ""false_widow""]",0.6875,False,False,False,"[[29, 3], [17, 15]]",23.33319997787476,0.1178,0.08594,0.875,0.125,0.7031,0.7031,4.0,0.1178,0.08594,0.875,0.7031,,,,,,
spider_balanced_prototype,timm_dinov3_vit_lora,timm/vit_small_patch16_dinov3.lvd1689m,nicme_logit_adjustment,calibrated_cost_min,,black_widow,"[[0.0, 10.0], [1.0, 0.0]]",,0.95,0.8,accuracy,0.05,0.5,1.0,0.0,0.5,1.0,0.5,0.5,0.3333333333333333,0.14,0.8125,0.8342648639038148,0.6837861028218389,0.4906428846671029,0.1791333935708422,0.5,,,,stop2a_tune_spider_balanced_prototype_timm_dinov3_vit_lora_logit_s0.1_04-28_06-34,results/timm_dinov3_vit_lora_test/stop2a_tune_spider_balanced_prototype_timm_dinov3_vit_lora_logit_s0.1_04-28_06-34/metrics_20260428_063459_nicme_logit_adjustment.json,results/stop2a_nicme_tuning/configs/015_stop2a_tune_spider_balanced_prototype_timm_dinov3_vit_lora_logit_s0.1.json,stop2a_nicme_tuning,0.1,0.0,"[""black_widow"", ""false_widow""]",0.5,True,False,False,"[[32, 0], [32, 0]]",23.33319997787476,0.1178,0.08594,0.875,0.125,0.7031,0.7031,4.0,0.1178,0.08594,0.875,0.7031,,,,,,
spider_balanced_prototype,timm_dinov3_vit_lora,timm/vit_small_patch16_dinov3.lvd1689m,nicme_logit_adjustment,argmax,,black_widow,"[[0.0, 10.0], [1.0, 0.0]]",,0.95,0.8,accuracy,0.059375,0.59375,0.9375,0.0625,0.625,0.5625,0.6875,0.6875,0.6666666666666667,0.07265625,0.8095703125,0.8309728961441203,0.6892110396013308,0.49606418406704,0.1838875953108072,,,,,stop2a_tune_spider_balanced_prototype_timm_dinov3_vit_lora_logit_s0.2_04-28_06-35,results/timm_dinov3_vit_lora_test/stop2a_tune_spider_balanced_prototype_timm_dinov3_vit_lora_logit_s0.2_04-28_06-35/metrics_20260428_063523_nicme_logit_adjustment.json,results/stop2a_nicme_tuning/configs/016_stop2a_tune_spider_balanced_prototype_timm_dinov3_vit_lora_logit_s0.2.json,stop2a_nicme_tuning,0.2,0.0,"[""black_widow"", ""false_widow""]",0.6875,False,False,False,"[[30, 2], [18, 14]]",23.690141916275024,0.1227,0.0875,0.875,0.125,0.6875,0.6875,3.0,0.1594,0.1016,0.8438,0.6875,,,,,,
spider_balanced_prototype,timm_dinov3_vit_lora,timm/vit_small_patch16_dinov3.lvd1689m,nicme_logit_adjustment,calibrated_cost_min,,black_widow,"[[0.0, 10.0], [1.0, 0.0]]",,0.95,0.8,accuracy,0.05,0.5,1.0,0.0,0.5,1.0,0.5,0.5,0.3333333333333333,0.14,0.8095703125,0.8309728961441203,0.6853597287378169,0.4922151079560095,0.1802764532873216,0.5,,,,stop2a_tune_spider_balanced_prototype_timm_dinov3_vit_lora_logit_s0.2_04-28_06-35,results/timm_dinov3_vit_lora_test/stop2a_tune_spider_balanced_prototype_timm_dinov3_vit_lora_logit_s0.2_04-28_06-35/metrics_20260428_063523_nicme_logit_adjustment.json,results/stop2a_nicme_tuning/configs/016_stop2a_tune_spider_balanced_prototype_timm_dinov3_vit_lora_logit_s0.2.json,stop2a_nicme_tuning,0.2,0.0,"[""black_widow"", ""false_widow""]",0.5,True,False,False,"[[32, 0], [32, 0]]",23.690141916275024,0.1227,0.0875,0.875,0.125,0.6875,0.6875,3.0,0.1594,0.1016,0.8438,0.6875,,,,,,
spider_balanced_prototype,timm_dinov3_vit_lora,timm/vit_small_patch16_dinov3.lvd1689m,nicme_logit_adjustment,argmax,,black_widow,"[[0.0, 10.0], [1.0, 0.0]]",,0.95,0.8,accuracy,0.0765625,0.765625,0.90625,0.09375,0.6041666666666666,0.59375,0.65625,0.65625,0.6333333333333333,0.1048828125,0.8115234375,0.8283756103113871,0.6903218687651974,0.497174816669379,0.1536299576982855,,,,,stop2a_tune_spider_balanced_prototype_timm_dinov3_vit_lora_logit_s0.35_04-28_06-35,results/timm_dinov3_vit_lora_test/stop2a_tune_spider_balanced_prototype_timm_dinov3_vit_lora_logit_s0.35_04-28_06-35/metrics_20260428_063544_nicme_logit_adjustment.json,results/stop2a_nicme_tuning/configs/017_stop2a_tune_spider_balanced_prototype_timm_dinov3_vit_lora_logit_s0.35.json,stop2a_nicme_tuning,0.35,0.0,"[""black_widow"", ""false_widow""]",0.65625,False,False,False,"[[29, 3], [19, 13]]",21.103237628936768,0.1227,0.0875,0.875,0.125,0.6875,0.6875,2.0,0.1401,0.09219,0.875,0.6406,,,,,,
spider_balanced_prototype,timm_dinov3_vit_lora,timm/vit_small_patch16_dinov3.lvd1689m,nicme_logit_adjustment,calibrated_cost_min,,black_widow,"[[0.0, 10.0], [1.0, 0.0]]",,0.95,0.8,accuracy,0.05,0.5,1.0,0.0,0.5,1.0,0.5,0.5,0.3333333333333333,0.14,0.8115234375,0.8283756103113871,0.6875417137205015,0.4943955372641467,0.151010417534777,0.5,,,,stop2a_tune_spider_balanced_prototype_timm_dinov3_vit_lora_logit_s0.35_04-28_06-35,results/timm_dinov3_vit_lora_test/stop2a_tune_spider_balanced_prototype_timm_dinov3_vit_lora_logit_s0.35_04-28_06-35/metrics_20260428_063544_nicme_logit_adjustment.json,results/stop2a_nicme_tuning/configs/017_stop2a_tune_spider_balanced_prototype_timm_dinov3_vit_lora_logit_s0.35.json,stop2a_nicme_tuning,0.35,0.0,"[""black_widow"", ""false_widow""]",0.5,True,False,False,"[[32, 0], [32, 0]]",21.103237628936768,0.1227,0.0875,0.875,0.125,0.6875,0.6875,2.0,0.1401,0.09219,0.875,0.6406,,,,,,
spider_balanced_prototype,timm_dinov3_vit_lora,timm/vit_small_patch16_dinov3.lvd1689m,nicme_logit_adjustment,argmax,,black_widow,"[[0.0, 10.0], [1.0, 0.0]]",,0.95,0.8,accuracy,0.0765625,0.765625,0.90625,0.09375,0.6041666666666666,0.59375,0.65625,0.65625,0.6333333333333333,0.1048828125,0.8232421875,0.8300952790408105,0.6898552365845901,0.496708242473676,0.1533005107194185,,,,,stop2a_tune_spider_balanced_prototype_timm_dinov3_vit_lora_logit_s0.5_04-28_06-36,results/timm_dinov3_vit_lora_test/stop2a_tune_spider_balanced_prototype_timm_dinov3_vit_lora_logit_s0.5_04-28_06-36/metrics_20260428_063608_nicme_logit_adjustment.json,results/stop2a_nicme_tuning/configs/018_stop2a_tune_spider_balanced_prototype_timm_dinov3_vit_lora_logit_s0.5.json,stop2a_nicme_tuning,0.5,0.0,"[""black_widow"", ""false_widow""]",0.65625,False,False,False,"[[29, 3], [19, 13]]",23.810426712036133,0.1227,0.0875,0.875,0.125,0.6875,0.6875,4.0,0.1227,0.0875,0.875,0.6875,,,,,,
spider_balanced_prototype,timm_dinov3_vit_lora,timm/vit_small_patch16_dinov3.lvd1689m,nicme_logit_adjustment,calibrated_cost_min,,black_widow,"[[0.0, 10.0], [1.0, 0.0]]",,0.95,0.8,accuracy,0.05,0.5,1.0,0.0,0.5,1.0,0.5,0.5,0.3333333333333333,0.14,0.8232421875,0.8300952790408105,0.6866198213970485,0.4934741266769038,0.1503517177076867,0.5,,,,stop2a_tune_spider_balanced_prototype_timm_dinov3_vit_lora_logit_s0.5_04-28_06-36,results/timm_dinov3_vit_lora_test/stop2a_tune_spider_balanced_prototype_timm_dinov3_vit_lora_logit_s0.5_04-28_06-36/metrics_20260428_063608_nicme_logit_adjustment.json,results/stop2a_nicme_tuning/configs/018_stop2a_tune_spider_balanced_prototype_timm_dinov3_vit_lora_logit_s0.5.json,stop2a_nicme_tuning,0.5,0.0,"[""black_widow"", ""false_widow""]",0.5,True,False,False,"[[32, 0], [32, 0]]",23.810426712036133,0.1227,0.0875,0.875,0.125,0.6875,0.6875,4.0,0.1227,0.0875,0.875,0.6875,,,,,,
breakhis_balanced_prototype,vit,google/vit-base-patch16-224-in21k,nicme_hybrid,argmax,,malignant,"[[0.0, 1.0], [10.0, 0.0]]",,0.97,0.85,accuracy,0.065625,0.65625,0.875,0.125,0.9333333333333332,0.0625,0.90625,0.90625,0.906158357771261,0.1017249999999999,0.9580078125,0.9704947857776692,0.6039456975098049,0.4114170040079589,0.3541017174720764,,,,,stop2a_tune_breakhis_balanced_prototype_vit_hybrid_s0.025_l0.1_04-28_06-56,results/vit_test/stop2a_tune_breakhis_balanced_prototype_vit_hybrid_s0.025_l0.1_04-28_06-56/metrics_20260428_065635_nicme_hybrid.json,results/stop2a_nicme_tuning/configs/055_stop2a_tune_breakhis_balanced_prototype_vit_hybrid_s0.025_l0.1.json,stop2a_nicme_tuning,0.025,0.1,"[""benign"", ""malignant""]",0.90625,False,True,False,"[[30, 2], [4, 28]]",36.63370966911316,0.01094,0.01094,1.0,0.0,0.8906,0.8906,3.0,0.05002,0.04531,0.9375,0.8281,,,,,,
breakhis_balanced_prototype,vit,google/vit-base-patch16-224-in21k,nicme_hybrid,calibrated_cost_min,,malignant,"[[0.0, 1.0], [10.0, 0.0]]",,0.97,0.85,accuracy,0.05,0.5,1.0,0.0,0.5,1.0,0.5,0.5,0.3333333333333333,0.1725,0.9580078125,0.9704947857776692,0.5286584198792483,0.339550491498687,0.3040968386088589,0.5,,,,stop2a_tune_breakhis_balanced_prototype_vit_hybrid_s0.025_l0.1_04-28_06-56,results/vit_test/stop2a_tune_breakhis_balanced_prototype_vit_hybrid_s0.025_l0.1_04-28_06-56/metrics_20260428_065635_nicme_hybrid.json,results/stop2a_nicme_tuning/configs/055_stop2a_tune_breakhis_balanced_prototype_vit_hybrid_s0.025_l0.1.json,stop2a_nicme_tuning,0.025,0.1,"[""benign"", ""malignant""]",0.5,True,False,False,"[[0, 32], [0, 32]]",36.63370966911316,0.01094,0.01094,1.0,0.0,0.8906,0.8906,3.0,0.05002,0.04531,0.9375,0.8281,,,,,,
breakhis_balanced_prototype,vit,google/vit-base-patch16-224-in21k,nicme_hybrid,argmax,,malignant,"[[0.0, 1.0], [10.0, 0.0]]",,0.97,0.85,accuracy,0.01875,0.1875,0.96875,0.03125,0.9393939393939394,0.0625,0.953125,0.953125,0.9531135531135532,0.01875625,0.9599609375,0.9726824129652965,0.6011191567900078,0.4087053298755816,0.399623792618513,,,,,stop2a_tune_breakhis_balanced_prototype_vit_hybrid_s0.05_l0.1_04-28_06-57,results/vit_test/stop2a_tune_breakhis_balanced_prototype_vit_hybrid_s0.05_l0.1_04-28_06-57/metrics_20260428_065712_nicme_hybrid.json,results/stop2a_nicme_tuning/configs/056_stop2a_tune_breakhis_balanced_prototype_vit_hybrid_s0.05_l0.1.json,stop2a_nicme_tuning,0.05,0.1,"[""benign"", ""malignant""]",0.953125,False,True,False,"[[30, 2], [1, 31]]",36.35754036903381,0.01406,0.01406,1.0,0.0,0.8594,0.8594,3.0,0.01566,0.01562,1.0,0.8438,,,,,,
breakhis_balanced_prototype,vit,google/vit-base-patch16-224-in21k,nicme_hybrid,calibrated_cost_min,,malignant,"[[0.0, 1.0], [10.0, 0.0]]",,0.97,0.85,accuracy,0.05,0.5,1.0,0.0,0.5,1.0,0.5,0.5,0.3333333333333333,0.1725,0.9599609375,0.9726824129652965,0.524122326216015,0.3356611750583853,0.3486264601487895,0.5,,,,stop2a_tune_breakhis_balanced_prototype_vit_hybrid_s0.05_l0.1_04-28_06-57,results/vit_test/stop2a_tune_breakhis_balanced_prototype_vit_hybrid_s0.05_l0.1_04-28_06-57/metrics_20260428_065712_nicme_hybrid.json,results/stop2a_nicme_tuning/configs/056_stop2a_tune_breakhis_balanced_prototype_vit_hybrid_s0.05_l0.1.json,stop2a_nicme_tuning,0.05,0.1,"[""benign"", ""malignant""]",0.5,True,False,False,"[[0, 32], [0, 32]]",36.35754036903381,0.01406,0.01406,1.0,0.0,0.8594,0.8594,3.0,0.01566,0.01562,1.0,0.8438,,,,,,
breakhis_balanced_prototype,vit,google/vit-base-patch16-224-in21k,nicme_hybrid,argmax,,malignant,"[[0.0, 1.0], [10.0, 0.0]]",,0.97,0.85,accuracy,0.01875,0.1875,0.96875,0.03125,0.9393939393939394,0.0625,0.953125,0.953125,0.9531135531135532,0.01875625,0.95703125,0.9709119862153616,0.5909394148753472,0.3987605132462903,0.3933011842891574,,,,,stop2a_tune_breakhis_balanced_prototype_vit_hybrid_s0.05_l0.25_04-28_06-57,results/vit_test/stop2a_tune_breakhis_balanced_prototype_vit_hybrid_s0.05_l0.25_04-28_06-57/metrics_20260428_065748_nicme_hybrid.json,results/stop2a_nicme_tuning/configs/057_stop2a_tune_breakhis_balanced_prototype_vit_hybrid_s0.05_l0.25.json,stop2a_nicme_tuning,0.05,0.25,"[""benign"", ""malignant""]",0.953125,False,True,False,"[[30, 2], [1, 31]]",36.28485608100891,0.01406,0.01406,1.0,0.0,0.8594,0.8594,3.0,0.01566,0.01562,1.0,0.8438,,,,,,
breakhis_balanced_prototype,vit,google/vit-base-patch16-224-in21k,nicme_hybrid,calibrated_cost_min,,malignant,"[[0.0, 1.0], [10.0, 0.0]]",,0.97,0.85,accuracy,0.05,0.5,1.0,0.0,0.5,1.0,0.5,0.5,0.3333333333333333,0.1725,0.95703125,0.9709119862153616,0.5071938723696697,0.3200628203293202,0.336819971070305,0.5,,,,stop2a_tune_breakhis_balanced_prototype_vit_hybrid_s0.05_l0.25_04-28_06-57,results/vit_test/stop2a_tune_breakhis_balanced_prototype_vit_hybrid_s0.05_l0.25_04-28_06-57/metrics_20260428_065748_nicme_hybrid.json,results/stop2a_nicme_tuning/configs/057_stop2a_tune_breakhis_balanced_prototype_vit_hybrid_s0.05_l0.25.json,stop2a_nicme_tuning,0.05,0.25,"[""benign"", ""malignant""]",0.5,True,False,False,"[[0, 32], [0, 32]]",36.28485608100891,0.01406,0.01406,1.0,0.0,0.8594,0.8594,3.0,0.01566,0.01562,1.0,0.8438,,,,,,
breakhis_balanced_prototype,vit,google/vit-base-patch16-224-in21k,nicme_hybrid,argmax,,malignant,"[[0.0, 1.0], [10.0, 0.0]]",,0.97,0.85,accuracy,0.01875,0.1875,0.96875,0.03125,0.9393939393939394,0.0625,0.953125,0.953125,0.9531135531135532,0.01875625,0.9580078125,0.970357677515561,0.6029658571699885,0.4105216623007648,0.4005639972165226,,,,,stop2a_tune_breakhis_balanced_prototype_vit_hybrid_s0.1_l0.1_04-28_06-58,results/vit_test/stop2a_tune_breakhis_balanced_prototype_vit_hybrid_s0.1_l0.1_04-28_06-58/metrics_20260428_065824_nicme_hybrid.json,results/stop2a_nicme_tuning/configs/058_stop2a_tune_breakhis_balanced_prototype_vit_hybrid_s0.1_l0.1.json,stop2a_nicme_tuning,0.1,0.1,"[""benign"", ""malignant""]",0.953125,False,True,False,"[[30, 2], [1, 31]]",35.54741311073303,0.01406,0.01406,1.0,0.0,0.8594,0.8594,3.0,0.01566,0.01562,1.0,0.8438,,,,,,
breakhis_balanced_prototype,vit,google/vit-base-patch16-224-in21k,nicme_hybrid,calibrated_cost_min,,malignant,"[[0.0, 1.0], [10.0, 0.0]]",,0.97,0.85,accuracy,0.05,0.5,1.0,0.0,0.5,1.0,0.5,0.5,0.3333333333333333,0.1725,0.9580078125,0.970357677515561,0.5274003976514667,0.3387608116233427,0.3504079802982589,0.5,,,,stop2a_tune_breakhis_balanced_prototype_vit_hybrid_s0.1_l0.1_04-28_06-58,results/vit_test/stop2a_tune_breakhis_balanced_prototype_vit_hybrid_s0.1_l0.1_04-28_06-58/metrics_20260428_065824_nicme_hybrid.json,results/stop2a_nicme_tuning/configs/058_stop2a_tune_breakhis_balanced_prototype_vit_hybrid_s0.1_l0.1.json,stop2a_nicme_tuning,0.1,0.1,"[""benign"", ""malignant""]",0.5,True,False,False,"[[0, 32], [0, 32]]",35.54741311073303,0.01406,0.01406,1.0,0.0,0.8594,0.8594,3.0,0.01566,0.01562,1.0,0.8438,,,,,,
breakhis_balanced_prototype,vit,google/vit-base-patch16-224-in21k,nicme_hybrid,argmax,,malignant,"[[0.0, 1.0], [10.0, 0.0]]",,0.97,0.85,accuracy,0.01875,0.1875,0.96875,0.03125,0.9393939393939394,0.0625,0.953125,0.953125,0.9531135531135532,0.01875625,0.95703125,0.9709119862153616,0.5912307325306811,0.3990383303750951,0.3934907810762525,,,,,stop2a_tune_breakhis_balanced_prototype_vit_hybrid_s0.1_l0.25_04-28_06-58,results/vit_test/stop2a_tune_breakhis_balanced_prototype_vit_hybrid_s0.1_l0.25_04-28_06-58/metrics_20260428_065900_nicme_hybrid.json,results/stop2a_nicme_tuning/configs/059_stop2a_tune_breakhis_balanced_prototype_vit_hybrid_s0.1_l0.25.json,stop2a_nicme_tuning,0.1,0.25,"[""benign"", ""malignant""]",0.953125,False,True,False,"[[30, 2], [1, 31]]",36.26115322113037,0.01406,0.01406,1.0,0.0,0.8594,0.8594,3.0,0.01406,0.01406,1.0,0.8594,,,,,,
breakhis_balanced_prototype,vit,google/vit-base-patch16-224-in21k,nicme_hybrid,calibrated_cost_min,,malignant,"[[0.0, 1.0], [10.0, 0.0]]",,0.97,0.85,accuracy,0.05,0.5,1.0,0.0,0.5,1.0,0.5,0.5,0.3333333333333333,0.1725,0.95703125,0.9709119862153616,0.507634859830361,0.3204341547565719,0.3371531271987908,0.5,,,,stop2a_tune_breakhis_balanced_prototype_vit_hybrid_s0.1_l0.25_04-28_06-58,results/vit_test/stop2a_tune_breakhis_balanced_prototype_vit_hybrid_s0.1_l0.25_04-28_06-58/metrics_20260428_065900_nicme_hybrid.json,results/stop2a_nicme_tuning/configs/059_stop2a_tune_breakhis_balanced_prototype_vit_hybrid_s0.1_l0.25.json,stop2a_nicme_tuning,0.1,0.25,"[""benign"", ""malignant""]",0.5,True,False,False,"[[0, 32], [0, 32]]",36.26115322113037,0.01406,0.01406,1.0,0.0,0.8594,0.8594,3.0,0.01406,0.01406,1.0,0.8594,,,,,,
breakhis_balanced_prototype,vit,google/vit-base-patch16-224-in21k,nicme_hybrid,argmax,,malignant,"[[0.0, 1.0], [10.0, 0.0]]",,0.97,0.85,accuracy,0.01875,0.1875,0.96875,0.03125,0.9393939393939394,0.0625,0.953125,0.953125,0.9531135531135532,0.01875625,0.95703125,0.9709119862153616,0.591057253076988,0.3988801723105168,0.393315153196454,,,,,stop2a_tune_breakhis_balanced_prototype_vit_hybrid_s0.2_l0.25_04-28_06-59,results/vit_test/stop2a_tune_breakhis_balanced_prototype_vit_hybrid_s0.2_l0.25_04-28_06-59/metrics_20260428_065936_nicme_hybrid.json,results/stop2a_nicme_tuning/configs/060_stop2a_tune_breakhis_balanced_prototype_vit_hybrid_s0.2_l0.25.json,stop2a_nicme_tuning,0.2,0.25,"[""benign"", ""malignant""]",0.953125,False,True,False,"[[30, 2], [1, 31]]",36.42791271209717,0.01406,0.01406,1.0,0.0,0.8594,0.8594,3.0,0.01406,0.01406,1.0,0.8594,,,,,,
breakhis_balanced_prototype,vit,google/vit-base-patch16-224-in21k,nicme_hybrid,calibrated_cost_min,,malignant,"[[0.0, 1.0], [10.0, 0.0]]",,0.97,0.85,accuracy,0.05,0.5,1.0,0.0,0.5,1.0,0.5,0.5,0.3333333333333333,0.1725,0.95703125,0.9709119862153616,0.5074432744533409,0.3203215554660413,0.3368539995248185,0.5,,,,stop2a_tune_breakhis_balanced_prototype_vit_hybrid_s0.2_l0.25_04-28_06-59,results/vit_test/stop2a_tune_breakhis_balanced_prototype_vit_hybrid_s0.2_l0.25_04-28_06-59/metrics_20260428_065936_nicme_hybrid.json,results/stop2a_nicme_tuning/configs/060_stop2a_tune_breakhis_balanced_prototype_vit_hybrid_s0.2_l0.25.json,stop2a_nicme_tuning,0.2,0.25,"[""benign"", ""malignant""]",0.5,True,False,False,"[[0, 32], [0, 32]]",36.42791271209717,0.01406,0.01406,1.0,0.0,0.8594,0.8594,3.0,0.01406,0.01406,1.0,0.8594,,,,,,
breakhis_balanced_prototype,vit,google/vit-base-patch16-224-in21k,nicme_logit_adjustment,argmax,,malignant,"[[0.0, 1.0], [10.0, 0.0]]",,0.97,0.85,accuracy,0.0484375,0.484375,0.90625,0.09375,0.9666666666666668,0.03125,0.9375,0.9375,0.9374389051808408,0.06469375,0.9609375,0.9757103930873472,0.4671751434216937,0.2829079055140612,0.2923739142715931,,,,,stop2a_tune_breakhis_balanced_prototype_vit_logit_s0.025_04-28_06-52,results/vit_test/stop2a_tune_breakhis_balanced_prototype_vit_logit_s0.025_04-28_06-52/metrics_20260428_065259_nicme_logit_adjustment.json,results/stop2a_nicme_tuning/configs/049_stop2a_tune_breakhis_balanced_prototype_vit_logit_s0.025.json,stop2a_nicme_tuning,0.025,0.0,"[""benign"", ""malignant""]",0.9375,False,True,False,"[[31, 1], [3, 29]]",31.70143246650696,0.0125,0.0125,1.0,0.0,0.875,0.875,2.0,0.05002,0.04531,0.9375,0.8281,,,,,,
breakhis_balanced_prototype,vit,google/vit-base-patch16-224-in21k,nicme_logit_adjustment,calibrated_cost_min,,malignant,"[[0.0, 1.0], [10.0, 0.0]]",,0.97,0.85,accuracy,0.05,0.5,1.0,0.0,0.5,1.0,0.5,0.5,0.3333333333333333,0.1725,0.9609375,0.9757103930873472,0.3340879084234353,0.1789865498497371,0.1884428455786606,0.5,,,,stop2a_tune_breakhis_balanced_prototype_vit_logit_s0.025_04-28_06-52,results/vit_test/stop2a_tune_breakhis_balanced_prototype_vit_logit_s0.025_04-28_06-52/metrics_20260428_065259_nicme_logit_adjustment.json,results/stop2a_nicme_tuning/configs/049_stop2a_tune_breakhis_balanced_prototype_vit_logit_s0.025.json,stop2a_nicme_tuning,0.025,0.0,"[""benign"", ""malignant""]",0.5,True,False,False,"[[0, 32], [0, 32]]",31.70143246650696,0.0125,0.0125,1.0,0.0,0.875,0.875,2.0,0.05002,0.04531,0.9375,0.8281,,,,,,
breakhis_balanced_prototype,vit,google/vit-base-patch16-224-in21k,nicme_logit_adjustment,argmax,,malignant,"[[0.0, 1.0], [10.0, 0.0]]",,0.97,0.85,accuracy,0.0515625,0.515625,0.90625,0.09375,0.90625,0.09375,0.90625,0.90625,0.90625,0.0678187499999999,0.9609375,0.9745707588772144,0.4786539395200682,0.2936288104260747,0.288148864172399,,,,,stop2a_tune_breakhis_balanced_prototype_vit_logit_s0.05_04-28_06-53,results/vit_test/stop2a_tune_breakhis_balanced_prototype_vit_logit_s0.05_04-28_06-53/metrics_20260428_065332_nicme_logit_adjustment.json,results/stop2a_nicme_tuning/configs/050_stop2a_tune_breakhis_balanced_prototype_vit_logit_s0.05.json,stop2a_nicme_tuning,0.05,0.0,"[""benign"", ""malignant""]",0.90625,False,True,False,"[[29, 3], [3, 29]]",32.21714162826538,0.0125,0.0125,1.0,0.0,0.875,0.875,2.0,0.05002,0.04531,0.9375,0.8281,,,,,,
breakhis_balanced_prototype,vit,google/vit-base-patch16-224-in21k,nicme_logit_adjustment,calibrated_cost_min,,malignant,"[[0.0, 1.0], [10.0, 0.0]]",,0.97,0.85,accuracy,0.05,0.5,1.0,0.0,0.5,1.0,0.5,0.5,0.3333333333333333,0.1725,0.9609375,0.9745707588772144,0.34754694603712,0.1897007908166705,0.1826453519063216,0.5,,,,stop2a_tune_breakhis_balanced_prototype_vit_logit_s0.05_04-28_06-53,results/vit_test/stop2a_tune_breakhis_balanced_prototype_vit_logit_s0.05_04-28_06-53/metrics_20260428_065332_nicme_logit_adjustment.json,results/stop2a_nicme_tuning/configs/050_stop2a_tune_breakhis_balanced_prototype_vit_logit_s0.05.json,stop2a_nicme_tuning,0.05,0.0,"[""benign"", ""malignant""]",0.5,True,False,False,"[[0, 32], [0, 32]]",32.21714162826538,0.0125,0.0125,1.0,0.0,0.875,0.875,2.0,0.05002,0.04531,0.9375,0.8281,,,,,,
breakhis_balanced_prototype,vit,google/vit-base-patch16-224-in21k,nicme_logit_adjustment,argmax,,malignant,"[[0.0, 1.0], [10.0, 0.0]]",,0.97,0.85,accuracy,0.0328125,0.328125,0.9375,0.0625,0.967741935483871,0.03125,0.953125,0.953125,0.9531135531135532,0.0370374999999999,0.9755859375,0.9823935198018088,0.3795692432053841,0.208618626937086,0.2490710839629173,,,,,stop2a_tune_breakhis_balanced_prototype_vit_logit_s0.1_04-28_06-54,results/vit_test/stop2a_tune_breakhis_balanced_prototype_vit_logit_s0.1_04-28_06-54/metrics_20260428_065408_nicme_logit_adjustment.json,results/stop2a_nicme_tuning/configs/051_stop2a_tune_breakhis_balanced_prototype_vit_logit_s0.1.json,stop2a_nicme_tuning,0.1,0.0,"[""benign"", ""malignant""]",0.953125,False,True,False,"[[31, 1], [2, 30]]",36.57017779350281,0.01406,0.01406,1.0,0.0,0.8594,0.8594,3.0,0.05548,0.04844,0.9375,0.7969,,,,,,
breakhis_balanced_prototype,vit,google/vit-base-patch16-224-in21k,nicme_logit_adjustment,calibrated_cost_min,,malignant,"[[0.0, 1.0], [10.0, 0.0]]",,0.97,0.85,accuracy,0.05,0.5,1.0,0.0,0.5,1.0,0.5,0.5,0.3333333333333333,0.1725,0.9755859375,0.9823935198018088,0.2360091884906678,0.1174177043492984,0.1337746743877275,0.5,,,,stop2a_tune_breakhis_balanced_prototype_vit_logit_s0.1_04-28_06-54,results/vit_test/stop2a_tune_breakhis_balanced_prototype_vit_logit_s0.1_04-28_06-54/metrics_20260428_065408_nicme_logit_adjustment.json,results/stop2a_nicme_tuning/configs/051_stop2a_tune_breakhis_balanced_prototype_vit_logit_s0.1.json,stop2a_nicme_tuning,0.1,0.0,"[""benign"", ""malignant""]",0.5,True,False,False,"[[0, 32], [0, 32]]",36.57017779350281,0.01406,0.01406,1.0,0.0,0.8594,0.8594,3.0,0.05548,0.04844,0.9375,0.7969,,,,,,
breakhis_balanced_prototype,vit,google/vit-base-patch16-224-in21k,nicme_logit_adjustment,argmax,,malignant,"[[0.0, 1.0], [10.0, 0.0]]",,0.97,0.85,accuracy,0.0484375,0.484375,0.90625,0.09375,0.9666666666666668,0.03125,0.9375,0.9375,0.9374389051808408,0.06469375,0.9755859375,0.9828332895658264,0.4210079418953614,0.2427487202725184,0.265287347137928,,,,,stop2a_tune_breakhis_balanced_prototype_vit_logit_s0.2_04-28_06-54,results/vit_test/stop2a_tune_breakhis_balanced_prototype_vit_logit_s0.2_04-28_06-54/metrics_20260428_065445_nicme_logit_adjustment.json,results/stop2a_nicme_tuning/configs/052_stop2a_tune_breakhis_balanced_prototype_vit_logit_s0.2.json,stop2a_nicme_tuning,0.2,0.0,"[""benign"", ""malignant""]",0.9375,False,True,False,"[[31, 1], [3, 29]]",36.69333171844482,0.0125,0.0125,1.0,0.0,0.875,0.875,3.0,0.05251,0.04688,0.9375,0.8125,,,,,,
breakhis_balanced_prototype,vit,google/vit-base-patch16-224-in21k,nicme_logit_adjustment,calibrated_cost_min,,malignant,"[[0.0, 1.0], [10.0, 0.0]]",,0.97,0.85,accuracy,0.05,0.5,1.0,0.0,0.5,1.0,0.5,0.5,0.3333333333333333,0.1725,0.9755859375,0.9828332895658264,0.2758564325093804,0.1379623898868775,0.1571196711992575,0.5,,,,stop2a_tune_breakhis_balanced_prototype_vit_logit_s0.2_04-28_06-54,results/vit_test/stop2a_tune_breakhis_balanced_prototype_vit_logit_s0.2_04-28_06-54/metrics_20260428_065445_nicme_logit_adjustment.json,results/stop2a_nicme_tuning/configs/052_stop2a_tune_breakhis_balanced_prototype_vit_logit_s0.2.json,stop2a_nicme_tuning,0.2,0.0,"[""benign"", ""malignant""]",0.5,True,False,False,"[[0, 32], [0, 32]]",36.69333171844482,0.0125,0.0125,1.0,0.0,0.875,0.875,3.0,0.05251,0.04688,0.9375,0.8125,,,,,,
breakhis_balanced_prototype,vit,google/vit-base-patch16-224-in21k,nicme_logit_adjustment,argmax,,malignant,"[[0.0, 1.0], [10.0, 0.0]]",,0.97,0.85,accuracy,0.109375,1.09375,0.78125,0.21875,1.0,0.0,0.890625,0.890625,0.8893007165801828,0.2518812499999999,0.9755859375,0.9822205149250518,0.5265638022263904,0.3379044010873695,0.3073502723127603,,,,,stop2a_tune_breakhis_balanced_prototype_vit_logit_s0.35_04-28_06-55,results/vit_test/stop2a_tune_breakhis_balanced_prototype_vit_logit_s0.35_04-28_06-55/metrics_20260428_065522_nicme_logit_adjustment.json,results/stop2a_nicme_tuning/configs/053_stop2a_tune_breakhis_balanced_prototype_vit_logit_s0.35.json,stop2a_nicme_tuning,0.35,0.0,"[""benign"", ""malignant""]",0.890625,False,True,False,"[[32, 0], [7, 25]]",37.04954648017883,0.01094,0.01094,1.0,0.0,0.8906,0.8906,3.0,0.05002,0.04531,0.9375,0.8281,,,,,,
breakhis_balanced_prototype,vit,google/vit-base-patch16-224-in21k,nicme_logit_adjustment,calibrated_cost_min,,malignant,"[[0.0, 1.0], [10.0, 0.0]]",,0.97,0.85,accuracy,0.05,0.5,1.0,0.0,0.5,1.0,0.5,0.5,0.3333333333333333,0.1725,0.9755859375,0.9822205149250518,0.4135759403754961,0.242012879809423,0.1966464712044356,0.5,,,,stop2a_tune_breakhis_balanced_prototype_vit_logit_s0.35_04-28_06-55,results/vit_test/stop2a_tune_breakhis_balanced_prototype_vit_logit_s0.35_04-28_06-55/metrics_20260428_065522_nicme_logit_adjustment.json,results/stop2a_nicme_tuning/configs/053_stop2a_tune_breakhis_balanced_prototype_vit_logit_s0.35.json,stop2a_nicme_tuning,0.35,0.0,"[""benign"", ""malignant""]",0.5,True,False,False,"[[0, 32], [0, 32]]",37.04954648017883,0.01094,0.01094,1.0,0.0,0.8906,0.8906,3.0,0.05002,0.04531,0.9375,0.8281,,,,,,
breakhis_balanced_prototype,vit,google/vit-base-patch16-224-in21k,nicme_logit_adjustment,argmax,,malignant,"[[0.0, 1.0], [10.0, 0.0]]",,0.97,0.85,accuracy,0.0640625,0.640625,0.875,0.125,0.9655172413793104,0.03125,0.921875,0.921875,0.921702960606802,0.1001624999999999,0.9658203125,0.9768881696596264,0.5707675821270595,0.3795154704697174,0.350011246278882,,,,,stop2a_tune_breakhis_balanced_prototype_vit_logit_s0.5_04-28_06-55,results/vit_test/stop2a_tune_breakhis_balanced_prototype_vit_logit_s0.5_04-28_06-55/metrics_20260428_065559_nicme_logit_adjustment.json,results/stop2a_nicme_tuning/configs/054_stop2a_tune_breakhis_balanced_prototype_vit_logit_s0.5.json,stop2a_nicme_tuning,0.5,0.0,"[""benign"", ""malignant""]",0.921875,False,True,False,"[[31, 1], [4, 28]]",36.6846137046814,0.0125,0.0125,1.0,0.0,0.875,0.875,3.0,0.01406,0.01406,1.0,0.8594,,,,,,
breakhis_balanced_prototype,vit,google/vit-base-patch16-224-in21k,nicme_logit_adjustment,calibrated_cost_min,,malignant,"[[0.0, 1.0], [10.0, 0.0]]",,0.97,0.85,accuracy,0.05,0.5,1.0,0.0,0.5,1.0,0.5,0.5,0.3333333333333333,0.1725,0.9658203125,0.9768881696596264,0.4759930064151454,0.2930320842784699,0.2846063411462699,0.5,,,,stop2a_tune_breakhis_balanced_prototype_vit_logit_s0.5_04-28_06-55,results/vit_test/stop2a_tune_breakhis_balanced_prototype_vit_logit_s0.5_04-28_06-55/metrics_20260428_065559_nicme_logit_adjustment.json,results/stop2a_nicme_tuning/configs/054_stop2a_tune_breakhis_balanced_prototype_vit_logit_s0.5.json,stop2a_nicme_tuning,0.5,0.0,"[""benign"", ""malignant""]",0.5,True,False,False,"[[0, 32], [0, 32]]",36.6846137046814,0.0125,0.0125,1.0,0.0,0.875,0.875,3.0,0.01406,0.01406,1.0,0.8594,,,,,,
spider_balanced_prototype,vit,google/vit-base-patch16-224-in21k,nicme_hybrid,argmax,,black_widow,"[[0.0, 10.0], [1.0, 0.0]]",,0.95,0.8,accuracy,0.065625,0.65625,0.96875,0.03125,0.492063492063492,1.0,0.484375,0.484375,0.3263157894736841,0.165244140625,0.703125,0.653160683518728,0.6817368170372977,0.4889628730443809,0.128693870268762,,,,,stop2a_tune_spider_balanced_prototype_vit_hybrid_s0.025_l0.1_04-28_06-31,results/vit_test/stop2a_tune_spider_balanced_prototype_vit_hybrid_s0.025_l0.1_04-28_06-31/metrics_20260428_063140_nicme_hybrid.json,results/stop2a_nicme_tuning/configs/007_stop2a_tune_spider_balanced_prototype_vit_hybrid_s0.025_l0.1.json,stop2a_nicme_tuning,0.025,0.1,"[""black_widow"", ""false_widow""]",0.484375,True,False,False,"[[31, 1], [32, 0]]",21.046547174453732,0.14,0.05,1.0,0.0,0.5,0.5,1.0,0.1846,0.1078,0.8125,0.7656,,,,,,
spider_balanced_prototype,vit,google/vit-base-patch16-224-in21k,nicme_hybrid,calibrated_cost_min,,black_widow,"[[0.0, 10.0], [1.0, 0.0]]",,0.95,0.8,accuracy,0.05,0.5,1.0,0.0,0.5,1.0,0.5,0.5,0.3333333333333333,0.14,0.703125,0.653160683518728,0.681736818973761,0.4889628743047276,0.1286938631484011,1.0,,,,stop2a_tune_spider_balanced_prototype_vit_hybrid_s0.025_l0.1_04-28_06-31,results/vit_test/stop2a_tune_spider_balanced_prototype_vit_hybrid_s0.025_l0.1_04-28_06-31/metrics_20260428_063140_nicme_hybrid.json,results/stop2a_nicme_tuning/configs/007_stop2a_tune_spider_balanced_prototype_vit_hybrid_s0.025_l0.1.json,stop2a_nicme_tuning,0.025,0.1,"[""black_widow"", ""false_widow""]",0.5,True,False,False,"[[32, 0], [32, 0]]",21.046547174453732,0.14,0.05,1.0,0.0,0.5,0.5,1.0,0.1846,0.1078,0.8125,0.7656,,,,,,
spider_balanced_prototype,vit,google/vit-base-patch16-224-in21k,nicme_hybrid,argmax,,black_widow,"[[0.0, 10.0], [1.0, 0.0]]",,0.95,0.8,accuracy,0.065625,0.65625,0.96875,0.03125,0.492063492063492,1.0,0.484375,0.484375,0.3263157894736841,0.165244140625,0.703125,0.653160683518728,0.681737052533401,0.48896312370934,0.1286948258057237,,,,,stop2a_tune_spider_balanced_prototype_vit_hybrid_s0.05_l0.1_04-28_06-31,results/vit_test/stop2a_tune_spider_balanced_prototype_vit_hybrid_s0.05_l0.1_04-28_06-31/metrics_20260428_063201_nicme_hybrid.json,results/stop2a_nicme_tuning/configs/008_stop2a_tune_spider_balanced_prototype_vit_hybrid_s0.05_l0.1.json,stop2a_nicme_tuning,0.05,0.1,"[""black_widow"", ""false_widow""]",0.484375,True,False,False,"[[31, 1], [32, 0]]",21.16973829269409,0.14,0.05,1.0,0.0,0.5,0.5,1.0,0.1846,0.1078,0.8125,0.7656,,,,,,
spider_balanced_prototype,vit,google/vit-base-patch16-224-in21k,nicme_hybrid,calibrated_cost_min,,black_widow,"[[0.0, 10.0], [1.0, 0.0]]",,0.95,0.8,accuracy,0.05,0.5,1.0,0.0,0.5,1.0,0.5,0.5,0.3333333333333333,0.14,0.703125,0.653160683518728,0.6817370525585171,0.4889631248293082,0.1286948221389955,1.0,,,,stop2a_tune_spider_balanced_prototype_vit_hybrid_s0.05_l0.1_04-28_06-31,results/vit_test/stop2a_tune_spider_balanced_prototype_vit_hybrid_s0.05_l0.1_04-28_06-31/metrics_20260428_063201_nicme_hybrid.json,results/stop2a_nicme_tuning/configs/008_stop2a_tune_spider_balanced_prototype_vit_hybrid_s0.05_l0.1.json,stop2a_nicme_tuning,0.05,0.1,"[""black_widow"", ""false_widow""]",0.5,True,False,False,"[[32, 0], [32, 0]]",21.16973829269409,0.14,0.05,1.0,0.0,0.5,0.5,1.0,0.1846,0.1078,0.8125,0.7656,,,,,,
spider_balanced_prototype,vit,google/vit-base-patch16-224-in21k,nicme_hybrid,argmax,,black_widow,"[[0.0, 10.0], [1.0, 0.0]]",,0.95,0.8,accuracy,0.05,0.5,0.9375,0.0625,0.7142857142857143,0.375,0.78125,0.78125,0.7757757757757757,0.0509765624999999,0.8984375,0.8953634520812176,0.6189190279251362,0.4267606021237549,0.2290484150871634,,,,,stop2a_tune_spider_balanced_prototype_vit_hybrid_s0.05_l0.25_04-28_06-32,results/vit_test/stop2a_tune_spider_balanced_prototype_vit_hybrid_s0.05_l0.25_04-28_06-32/metrics_20260428_063230_nicme_hybrid.json,results/stop2a_nicme_tuning/configs/009_stop2a_tune_spider_balanced_prototype_vit_hybrid_s0.05_l0.25.json,stop2a_nicme_tuning,0.05,0.25,"[""black_widow"", ""false_widow""]",0.78125,False,False,False,"[[30, 2], [12, 20]]",28.59748315811157,0.07734,0.06719,0.9062,0.09375,0.75,0.75,4.0,0.07734,0.06719,0.9062,0.75,,,,,,
spider_balanced_prototype,vit,google/vit-base-patch16-224-in21k,nicme_hybrid,calibrated_cost_min,,black_widow,"[[0.0, 10.0], [1.0, 0.0]]",,0.95,0.8,accuracy,0.05,0.5,1.0,0.0,0.5,1.0,0.5,0.5,0.3333333333333333,0.14,0.8984375,0.8953634520812176,0.5616260584538475,0.3739890626223792,0.2189618903527731,0.5,,,,stop2a_tune_spider_balanced_prototype_vit_hybrid_s0.05_l0.25_04-28_06-32,results/vit_test/stop2a_tune_spider_balanced_prototype_vit_hybrid_s0.05_l0.25_04-28_06-32/metrics_20260428_063230_nicme_hybrid.json,results/stop2a_nicme_tuning/configs/009_stop2a_tune_spider_balanced_prototype_vit_hybrid_s0.05_l0.25.json,stop2a_nicme_tuning,0.05,0.25,"[""black_widow"", ""false_widow""]",0.5,True,False,False,"[[32, 0], [32, 0]]",28.59748315811157,0.07734,0.06719,0.9062,0.09375,0.75,0.75,4.0,0.07734,0.06719,0.9062,0.75,,,,,,
spider_balanced_prototype,vit,google/vit-base-patch16-224-in21k,nicme_hybrid,argmax,,black_widow,"[[0.0, 10.0], [1.0, 0.0]]",,0.95,0.8,accuracy,0.065625,0.65625,0.96875,0.03125,0.492063492063492,1.0,0.484375,0.484375,0.3263157894736841,0.165244140625,0.703125,0.653160683518728,0.6817369483756992,0.488963014625805,0.1286943089216947,,,,,stop2a_tune_spider_balanced_prototype_vit_hybrid_s0.1_l0.1_04-28_06-32,results/vit_test/stop2a_tune_spider_balanced_prototype_vit_hybrid_s0.1_l0.1_04-28_06-32/metrics_20260428_063252_nicme_hybrid.json,results/stop2a_nicme_tuning/configs/010_stop2a_tune_spider_balanced_prototype_vit_hybrid_s0.1_l0.1.json,stop2a_nicme_tuning,0.1,0.1,"[""black_widow"", ""false_widow""]",0.484375,True,False,False,"[[31, 1], [32, 0]]",21.89526605606079,0.14,0.05,1.0,0.0,0.5,0.5,1.0,0.1846,0.1078,0.8125,0.7656,,,,,,
spider_balanced_prototype,vit,google/vit-base-patch16-224-in21k,nicme_hybrid,calibrated_cost_min,,black_widow,"[[0.0, 10.0], [1.0, 0.0]]",,0.95,0.8,accuracy,0.05,0.5,1.0,0.0,0.5,1.0,0.5,0.5,0.3333333333333333,0.14,0.703125,0.653160683518728,0.681736950629116,0.4889630144591021,0.128694309139605,1.0,,,,stop2a_tune_spider_balanced_prototype_vit_hybrid_s0.1_l0.1_04-28_06-32,results/vit_test/stop2a_tune_spider_balanced_prototype_vit_hybrid_s0.1_l0.1_04-28_06-32/metrics_20260428_063252_nicme_hybrid.json,results/stop2a_nicme_tuning/configs/010_stop2a_tune_spider_balanced_prototype_vit_hybrid_s0.1_l0.1.json,stop2a_nicme_tuning,0.1,0.1,"[""black_widow"", ""false_widow""]",0.5,True,False,False,"[[32, 0], [32, 0]]",21.89526605606079,0.14,0.05,1.0,0.0,0.5,0.5,1.0,0.1846,0.1078,0.8125,0.7656,,,,,,
spider_balanced_prototype,vit,google/vit-base-patch16-224-in21k,nicme_hybrid,argmax,,black_widow,"[[0.0, 10.0], [1.0, 0.0]]",,0.95,0.8,accuracy,0.05,0.5,0.9375,0.0625,0.7142857142857143,0.375,0.78125,0.78125,0.7757757757757757,0.0509765624999999,0.8994140625,0.8926991454029023,0.6189986660979941,0.4268485866549873,0.2289095940068364,,,,,stop2a_tune_spider_balanced_prototype_vit_hybrid_s0.1_l0.25_04-28_06-33,results/vit_test/stop2a_tune_spider_balanced_prototype_vit_hybrid_s0.1_l0.25_04-28_06-33/metrics_20260428_063320_nicme_hybrid.json,results/stop2a_nicme_tuning/configs/011_stop2a_tune_spider_balanced_prototype_vit_hybrid_s0.1_l0.25.json,stop2a_nicme_tuning,0.1,0.25,"[""black_widow"", ""false_widow""]",0.78125,False,False,False,"[[30, 2], [12, 20]]",27.985215187072757,0.07734,0.06719,0.9062,0.09375,0.75,0.75,4.0,0.07734,0.06719,0.9062,0.75,,,,,,
spider_balanced_prototype,vit,google/vit-base-patch16-224-in21k,nicme_hybrid,calibrated_cost_min,,black_widow,"[[0.0, 10.0], [1.0, 0.0]]",,0.95,0.8,accuracy,0.05,0.5,1.0,0.0,0.5,1.0,0.5,0.5,0.3333333333333333,0.14,0.8994140625,0.8926991454029023,0.5618505354930694,0.3742345691104283,0.1801482875655152,0.5,,,,stop2a_tune_spider_balanced_prototype_vit_hybrid_s0.1_l0.25_04-28_06-33,results/vit_test/stop2a_tune_spider_balanced_prototype_vit_hybrid_s0.1_l0.25_04-28_06-33/metrics_20260428_063320_nicme_hybrid.json,results/stop2a_nicme_tuning/configs/011_stop2a_tune_spider_balanced_prototype_vit_hybrid_s0.1_l0.25.json,stop2a_nicme_tuning,0.1,0.25,"[""black_widow"", ""false_widow""]",0.5,True,False,False,"[[32, 0], [32, 0]]",27.985215187072757,0.07734,0.06719,0.9062,0.09375,0.75,0.75,4.0,0.07734,0.06719,0.9062,0.75,,,,,,
spider_balanced_prototype,vit,google/vit-base-patch16-224-in21k,nicme_hybrid,argmax,,black_widow,"[[0.0, 10.0], [1.0, 0.0]]",,0.95,0.8,accuracy,0.0515625,0.515625,0.9375,0.0625,0.6976744186046512,0.40625,0.765625,0.765625,0.7584905660377359,0.0533691406249999,0.9013671875,0.8983814380280404,0.6204613857730309,0.4283232605238757,0.2129687592387199,,,,,stop2a_tune_spider_balanced_prototype_vit_hybrid_s0.2_l0.25_04-28_06-33,results/vit_test/stop2a_tune_spider_balanced_prototype_vit_hybrid_s0.2_l0.25_04-28_06-33/metrics_20260428_063347_nicme_hybrid.json,results/stop2a_nicme_tuning/configs/012_stop2a_tune_spider_balanced_prototype_vit_hybrid_s0.2_l0.25.json,stop2a_nicme_tuning,0.2,0.25,"[""black_widow"", ""false_widow""]",0.765625,False,False,False,"[[30, 2], [13, 19]]",27.631856203079224,0.05337,0.05156,0.9375,0.0625,0.7656,0.7656,4.0,0.05337,0.05156,0.9375,0.7656,,,,,,
spider_balanced_prototype,vit,google/vit-base-patch16-224-in21k,nicme_hybrid,calibrated_cost_min,,black_widow,"[[0.0, 10.0], [1.0, 0.0]]",,0.95,0.8,accuracy,0.05,0.5,1.0,0.0,0.5,1.0,0.5,0.5,0.3333333333333333,0.14,0.9013671875,0.8983814380280404,0.5649585056529116,0.3773609292653725,0.1893523097889054,0.5,,,,stop2a_tune_spider_balanced_prototype_vit_hybrid_s0.2_l0.25_04-28_06-33,results/vit_test/stop2a_tune_spider_balanced_prototype_vit_hybrid_s0.2_l0.25_04-28_06-33/metrics_20260428_063347_nicme_hybrid.json,results/stop2a_nicme_tuning/configs/012_stop2a_tune_spider_balanced_prototype_vit_hybrid_s0.2_l0.25.json,stop2a_nicme_tuning,0.2,0.25,"[""black_widow"", ""false_widow""]",0.5,True,False,False,"[[32, 0], [32, 0]]",27.631856203079224,0.05337,0.05156,0.9375,0.0625,0.7656,0.7656,4.0,0.05337,0.05156,0.9375,0.7656,,,,,,
spider_balanced_prototype,vit,google/vit-base-patch16-224-in21k,nicme_logit_adjustment,argmax,,black_widow,"[[0.0, 10.0], [1.0, 0.0]]",,0.95,0.8,accuracy,0.0859375,0.859375,0.84375,0.15625,0.84375,0.15625,0.84375,0.84375,0.84375,0.1310937499999999,0.9384765625,0.9540839739654394,0.4856645348614783,0.3023736067569981,0.2575498037040233,,,,,stop2a_tune_spider_balanced_prototype_vit_logit_s0.025_04-28_06-29,results/vit_test/stop2a_tune_spider_balanced_prototype_vit_logit_s0.025_04-28_06-29/metrics_20260428_062918_nicme_logit_adjustment.json,results/stop2a_nicme_tuning/configs/001_stop2a_tune_spider_balanced_prototype_vit_logit_s0.025.json,stop2a_nicme_tuning,0.025,0.0,"[""black_widow"", ""false_widow""]",0.84375,False,True,False,"[[27, 5], [5, 27]]",28.911895036697388,0.1772,0.1016,0.8125,0.1875,0.8281,0.8281,4.0,0.1772,0.1016,0.8125,0.8281,,,,,,
spider_balanced_prototype,vit,google/vit-base-patch16-224-in21k,nicme_logit_adjustment,calibrated_cost_min,,black_widow,"[[0.0, 10.0], [1.0, 0.0]]",,0.95,0.8,accuracy,0.05,0.5,1.0,0.0,0.5,1.0,0.5,0.5,0.3333333333333333,0.14,0.9384765625,0.9540839739654394,0.3740536572917119,0.2198716420363162,0.1366850310198051,0.5,,,,stop2a_tune_spider_balanced_prototype_vit_logit_s0.025_04-28_06-29,results/vit_test/stop2a_tune_spider_balanced_prototype_vit_logit_s0.025_04-28_06-29/metrics_20260428_062918_nicme_logit_adjustment.json,results/stop2a_nicme_tuning/configs/001_stop2a_tune_spider_balanced_prototype_vit_logit_s0.025.json,stop2a_nicme_tuning,0.025,0.0,"[""black_widow"", ""false_widow""]",0.5,True,False,False,"[[32, 0], [32, 0]]",28.911895036697388,0.1772,0.1016,0.8125,0.1875,0.8281,0.8281,4.0,0.1772,0.1016,0.8125,0.8281,,,,,,
spider_balanced_prototype,vit,google/vit-base-patch16-224-in21k,nicme_logit_adjustment,argmax,,black_widow,"[[0.0, 10.0], [1.0, 0.0]]",,0.95,0.8,accuracy,0.0859375,0.859375,0.84375,0.15625,0.84375,0.15625,0.84375,0.84375,0.84375,0.1310937499999999,0.9423828125,0.956203458406981,0.495232792382287,0.3106737128346057,0.2360218726098537,,,,,stop2a_tune_spider_balanced_prototype_vit_logit_s0.05_04-28_06-29,results/vit_test/stop2a_tune_spider_balanced_prototype_vit_logit_s0.05_04-28_06-29/metrics_20260428_062946_nicme_logit_adjustment.json,results/stop2a_nicme_tuning/configs/002_stop2a_tune_spider_balanced_prototype_vit_logit_s0.05.json,stop2a_nicme_tuning,0.05,0.0,"[""black_widow"", ""false_widow""]",0.84375,False,True,False,"[[27, 5], [5, 27]]",28.245666980743408,0.1787,0.1031,0.8125,0.1875,0.8125,0.8125,4.0,0.1787,0.1031,0.8125,0.8125,,,,,,
spider_balanced_prototype,vit,google/vit-base-patch16-224-in21k,nicme_logit_adjustment,calibrated_cost_min,,black_widow,"[[0.0, 10.0], [1.0, 0.0]]",,0.95,0.8,accuracy,0.05,0.5,1.0,0.0,0.5,1.0,0.5,0.5,0.3333333333333333,0.14,0.9423828125,0.956203458406981,0.3849691726479689,0.227006245150251,0.1376311410848749,0.5,,,,stop2a_tune_spider_balanced_prototype_vit_logit_s0.05_04-28_06-29,results/vit_test/stop2a_tune_spider_balanced_prototype_vit_logit_s0.05_04-28_06-29/metrics_20260428_062946_nicme_logit_adjustment.json,results/stop2a_nicme_tuning/configs/002_stop2a_tune_spider_balanced_prototype_vit_logit_s0.05.json,stop2a_nicme_tuning,0.05,0.0,"[""black_widow"", ""false_widow""]",0.5,True,False,False,"[[32, 0], [32, 0]]",28.245666980743408,0.1787,0.1031,0.8125,0.1875,0.8125,0.8125,4.0,0.1787,0.1031,0.8125,0.8125,,,,,,
spider_balanced_prototype,vit,google/vit-base-patch16-224-in21k,nicme_logit_adjustment,argmax,,black_widow,"[[0.0, 10.0], [1.0, 0.0]]",,0.95,0.8,accuracy,0.0546875,0.546875,0.9375,0.0625,0.6666666666666666,0.46875,0.734375,0.734375,0.722943722943723,0.059619140625,0.8515625,0.8206974809428464,0.6495115234660993,0.4567744321376731,0.1977098230272532,,,,,stop2a_tune_spider_balanced_prototype_vit_logit_s0.1_04-28_06-30,results/vit_test/stop2a_tune_spider_balanced_prototype_vit_logit_s0.1_04-28_06-30/metrics_20260428_063008_nicme_logit_adjustment.json,results/stop2a_nicme_tuning/configs/003_stop2a_tune_spider_balanced_prototype_vit_logit_s0.1.json,stop2a_nicme_tuning,0.1,0.0,"[""black_widow"", ""false_widow""]",0.734375,False,False,False,"[[30, 2], [15, 17]]",21.686848878860477,0.09907,0.075,0.9062,0.09375,0.6719,0.6719,1.0,0.2295,0.1156,0.7812,0.8281,,,,,,
spider_balanced_prototype,vit,google/vit-base-patch16-224-in21k,nicme_logit_adjustment,calibrated_cost_min,,black_widow,"[[0.0, 10.0], [1.0, 0.0]]",,0.95,0.8,accuracy,0.05,0.5,1.0,0.0,0.5,1.0,0.5,0.5,0.3333333333333333,0.14,0.8515625,0.8206974809428464,0.6149542294351147,0.4243372762440325,0.1625390953172336,0.5,,,,stop2a_tune_spider_balanced_prototype_vit_logit_s0.1_04-28_06-30,results/vit_test/stop2a_tune_spider_balanced_prototype_vit_logit_s0.1_04-28_06-30/metrics_20260428_063008_nicme_logit_adjustment.json,results/stop2a_nicme_tuning/configs/003_stop2a_tune_spider_balanced_prototype_vit_logit_s0.1.json,stop2a_nicme_tuning,0.1,0.0,"[""black_widow"", ""false_widow""]",0.5,True,False,False,"[[32, 0], [32, 0]]",21.686848878860477,0.09907,0.075,0.9062,0.09375,0.6719,0.6719,1.0,0.2295,0.1156,0.7812,0.8281,,,,,,
spider_balanced_prototype,vit,google/vit-base-patch16-224-in21k,nicme_logit_adjustment,argmax,,black_widow,"[[0.0, 10.0], [1.0, 0.0]]",,0.95,0.8,accuracy,0.075,0.75,0.9375,0.0625,0.5172413793103449,0.875,0.53125,0.53125,0.4385964912280702,0.1478515625,0.818359375,0.7696989891470547,0.6601872737489471,0.4675172694149683,0.1890318188816309,,,,,stop2a_tune_spider_balanced_prototype_vit_logit_s0.2_04-28_06-30,results/vit_test/stop2a_tune_spider_balanced_prototype_vit_logit_s0.2_04-28_06-30/metrics_20260428_063028_nicme_logit_adjustment.json,results/stop2a_nicme_tuning/configs/004_stop2a_tune_spider_balanced_prototype_vit_logit_s0.2.json,stop2a_nicme_tuning,0.2,0.0,"[""black_widow"", ""false_widow""]",0.53125,False,False,False,"[[30, 2], [28, 4]]",20.77886319160461,0.1234,0.05937,0.9688,0.03125,0.5469,0.5469,1.0,0.237,0.1219,0.7812,0.7656,,,,,,
spider_balanced_prototype,vit,google/vit-base-patch16-224-in21k,nicme_logit_adjustment,calibrated_cost_min,,black_widow,"[[0.0, 10.0], [1.0, 0.0]]",,0.95,0.8,accuracy,0.05,0.5,1.0,0.0,0.5,1.0,0.5,0.5,0.3333333333333333,0.14,0.818359375,0.7696989891470547,0.6391208322652513,0.4487881096996632,0.1678000476870259,0.5,,,,stop2a_tune_spider_balanced_prototype_vit_logit_s0.2_04-28_06-30,results/vit_test/stop2a_tune_spider_balanced_prototype_vit_logit_s0.2_04-28_06-30/metrics_20260428_063028_nicme_logit_adjustment.json,results/stop2a_nicme_tuning/configs/004_stop2a_tune_spider_balanced_prototype_vit_logit_s0.2.json,stop2a_nicme_tuning,0.2,0.0,"[""black_widow"", ""false_widow""]",0.5,True,False,False,"[[32, 0], [32, 0]]",20.77886319160461,0.1234,0.05937,0.9688,0.03125,0.5469,0.5469,1.0,0.237,0.1219,0.7812,0.7656,,,,,,
spider_balanced_prototype,vit,google/vit-base-patch16-224-in21k,nicme_logit_adjustment,argmax,,black_widow,"[[0.0, 10.0], [1.0, 0.0]]",,0.95,0.8,accuracy,0.0625,0.625,0.96875,0.03125,0.5081967213114754,0.9375,0.515625,0.515625,0.3904761904761905,0.143369140625,0.7822265625,0.7203957888139055,0.6692050884545496,0.4765341586833335,0.1151090916246175,,,,,stop2a_tune_spider_balanced_prototype_vit_logit_s0.35_04-28_06-30,results/vit_test/stop2a_tune_spider_balanced_prototype_vit_logit_s0.35_04-28_06-30/metrics_20260428_063050_nicme_logit_adjustment.json,results/stop2a_nicme_tuning/configs/005_stop2a_tune_spider_balanced_prototype_vit_logit_s0.35.json,stop2a_nicme_tuning,0.35,0.0,"[""black_widow"", ""false_widow""]",0.515625,True,False,False,"[[31, 1], [30, 2]]",21.66596293449402,0.14,0.05,1.0,0.0,0.5,0.5,1.0,0.1822,0.1062,0.8125,0.7812,,,,,,
spider_balanced_prototype,vit,google/vit-base-patch16-224-in21k,nicme_logit_adjustment,calibrated_cost_min,,black_widow,"[[0.0, 10.0], [1.0, 0.0]]",,0.95,0.8,accuracy,0.05,0.5,1.0,0.0,0.5,1.0,0.5,0.5,0.3333333333333333,0.14,0.7822265625,0.7203957888139055,0.6604399212741043,0.4694201933793373,0.1339216475321512,0.55,,,,stop2a_tune_spider_balanced_prototype_vit_logit_s0.35_04-28_06-30,results/vit_test/stop2a_tune_spider_balanced_prototype_vit_logit_s0.35_04-28_06-30/metrics_20260428_063050_nicme_logit_adjustment.json,results/stop2a_nicme_tuning/configs/005_stop2a_tune_spider_balanced_prototype_vit_logit_s0.35.json,stop2a_nicme_tuning,0.35,0.0,"[""black_widow"", ""false_widow""]",0.5,True,False,False,"[[32, 0], [32, 0]]",21.66596293449402,0.14,0.05,1.0,0.0,0.5,0.5,1.0,0.1822,0.1062,0.8125,0.7812,,,,,,
spider_balanced_prototype,vit,google/vit-base-patch16-224-in21k,nicme_logit_adjustment,argmax,,black_widow,"[[0.0, 10.0], [1.0, 0.0]]",,0.95,0.8,accuracy,0.0484375,0.484375,0.9375,0.0625,0.7317073170731707,0.34375,0.796875,0.796875,0.7927770859277707,0.0490722656249999,0.9052734375,0.9120255159649208,0.5942216897632482,0.4030976607937734,0.2258493257686495,,,,,stop2a_tune_spider_balanced_prototype_vit_logit_s0.5_04-28_06-31,results/vit_test/stop2a_tune_spider_balanced_prototype_vit_logit_s0.5_04-28_06-31/metrics_20260428_063119_nicme_logit_adjustment.json,results/stop2a_nicme_tuning/configs/006_stop2a_tune_spider_balanced_prototype_vit_logit_s0.5.json,stop2a_nicme_tuning,0.5,0.0,"[""black_widow"", ""false_widow""]",0.796875,False,False,False,"[[30, 2], [11, 21]]",28.676807403564453,0.07207,0.06406,0.9062,0.09375,0.7812,0.7812,5.0,0.07207,0.06406,0.9062,0.7812,,,,,,
spider_balanced_prototype,vit,google/vit-base-patch16-224-in21k,nicme_logit_adjustment,calibrated_cost_min,,black_widow,"[[0.0, 10.0], [1.0, 0.0]]",,0.95,0.8,accuracy,0.05,0.5,1.0,0.0,0.5,1.0,0.5,0.5,0.3333333333333333,0.14,0.9052734375,0.9120255159649208,0.5248152309745227,0.3419296113730617,0.1827743771851437,0.5,,,,stop2a_tune_spider_balanced_prototype_vit_logit_s0.5_04-28_06-31,results/vit_test/stop2a_tune_spider_balanced_prototype_vit_logit_s0.5_04-28_06-31/metrics_20260428_063119_nicme_logit_adjustment.json,results/stop2a_nicme_tuning/configs/006_stop2a_tune_spider_balanced_prototype_vit_logit_s0.5.json,stop2a_nicme_tuning,0.5,0.0,"[""black_widow"", ""false_widow""]",0.5,True,False,False,"[[32, 0], [32, 0]]",28.676807403564453,0.07207,0.06406,0.9062,0.09375,0.7812,0.7812,5.0,0.07207,0.06406,0.9062,0.7812,,,,,,
breakhis_balanced_prototype,convnext,facebook/convnext-tiny-224,ce,argmax,,malignant,"[[0.0, 1.0], [10.0, 0.0]]",,0.97,0.85,accuracy,0.0203125,0.203125,0.96875,0.03125,0.9117647058823528,0.09375,0.9375,0.9375,0.9374389051808408,0.02031875,0.9541015625,0.95269347946274,0.4319594544295094,0.2542031555072667,0.2576606320217252,,,,,stop2b_threshold_breakhis_convnext_ce_04-28_07-22,results/convnext_test/stop2b_threshold_breakhis_convnext_ce_04-28_07-22/metrics_20260428_072241_ce.json,results/stop2b_threshold_tuning/configs/008_stop2b_threshold_breakhis_convnext_ce.json,stop2b_threshold_tuning,1.0,10.0,,0.9375,False,True,False,"[[29, 3], [1, 31]]",37.748212814331055,,,,,,,,,,,,breakhis_convnext_ce,,,,,
breakhis_balanced_prototype,convnext,facebook/convnext-tiny-224,ce,calibrated_cost_min,,malignant,"[[0.0, 1.0], [10.0, 0.0]]",,0.97,0.85,accuracy,0.04375,0.4375,1.0,0.0,0.5333333333333333,0.875,0.5625,0.5625,0.4589371980676329,0.12640625,0.9541015625,0.95269347946274,0.3076623523227763,0.1677057374911871,0.1336059520308113,0.5,,,,stop2b_threshold_breakhis_convnext_ce_04-28_07-22,results/convnext_test/stop2b_threshold_breakhis_convnext_ce_04-28_07-22/metrics_20260428_072241_ce.json,results/stop2b_threshold_tuning/configs/008_stop2b_threshold_breakhis_convnext_ce.json,stop2b_threshold_tuning,1.0,10.0,,0.5625,True,False,False,"[[4, 28], [0, 32]]",37.748212814331055,,,,,,,,,,,,breakhis_convnext_ce,,,,,
breakhis_balanced_prototype,convnext,facebook/convnext-tiny-224,ce,calibrated_threshold,,malignant,"[[0.0, 1.0], [10.0, 0.0]]",,0.97,0.85,accuracy,0.028125,0.28125,0.96875,0.03125,0.7948717948717948,0.25,0.859375,0.859375,0.8576723498888065,0.02813125,0.9541015625,0.95269347946274,0.3076623523227763,0.1677057374911871,0.1336059520308113,0.5,,,,stop2b_threshold_breakhis_convnext_ce_04-28_07-22,results/convnext_test/stop2b_threshold_breakhis_convnext_ce_04-28_07-22/metrics_20260428_072241_ce.json,results/stop2b_threshold_tuning/configs/008_stop2b_threshold_breakhis_convnext_ce.json,stop2b_threshold_tuning,1.0,10.0,,0.859375,False,True,False,"[[24, 8], [1, 31]]",37.748212814331055,,,,,,,,,,,,breakhis_convnext_ce,0.2846278296621058,0.0125,1.0,0.875,0.0125
breakhis_balanced_prototype,convnext,facebook/convnext-tiny-224,nicme_logit_adjustment,argmax,,malignant,"[[0.0, 1.0], [10.0, 0.0]]",,0.97,0.85,accuracy,0.0203125,0.203125,0.96875,0.03125,0.9117647058823528,0.09375,0.9375,0.9375,0.9374389051808408,0.02031875,0.94921875,0.9489317462066356,0.4562800387813805,0.2749977216162287,0.2750216256827116,,,,,stop2b_threshold_breakhis_convnext_logit_s0.05_04-28_07-23,results/convnext_test/stop2b_threshold_breakhis_convnext_logit_s0.05_04-28_07-23/metrics_20260428_072319_nicme_logit_adjustment.json,results/stop2b_threshold_tuning/configs/009_stop2b_threshold_breakhis_convnext_logit_s0.05.json,stop2b_threshold_tuning,0.05,0.0,,0.9375,False,True,False,"[[29, 3], [1, 31]]",38.30792856216431,,,,,,,,,,,,breakhis_convnext_logit_s0.05,,,,,
breakhis_balanced_prototype,convnext,facebook/convnext-tiny-224,nicme_logit_adjustment,calibrated_cost_min,,malignant,"[[0.0, 1.0], [10.0, 0.0]]",,0.97,0.85,accuracy,0.0484375,0.484375,1.0,0.0,0.5079365079365079,0.96875,0.515625,0.515625,0.3671451355661882,0.1602441406249999,0.94921875,0.9489317462066356,0.3345776114629979,0.1850258110440951,0.1567769677821331,0.5,,,,stop2b_threshold_breakhis_convnext_logit_s0.05_04-28_07-23,results/convnext_test/stop2b_threshold_breakhis_convnext_logit_s0.05_04-28_07-23/metrics_20260428_072319_nicme_logit_adjustment.json,results/stop2b_threshold_tuning/configs/009_stop2b_threshold_breakhis_convnext_logit_s0.05.json,stop2b_threshold_tuning,0.05,0.0,,0.515625,True,False,False,"[[1, 31], [0, 32]]",38.30792856216431,,,,,,,,,,,,breakhis_convnext_logit_s0.05,,,,,
breakhis_balanced_prototype,convnext,facebook/convnext-tiny-224,nicme_logit_adjustment,calibrated_threshold,,malignant,"[[0.0, 1.0], [10.0, 0.0]]",,0.97,0.85,accuracy,0.03125,0.3125,0.96875,0.03125,0.7560975609756098,0.3125,0.828125,0.828125,0.8246575342465754,0.031734765625,0.94921875,0.9489317462066356,0.3345776114629979,0.1850258110440951,0.1567769677821331,0.5,,,,stop2b_threshold_breakhis_convnext_logit_s0.05_04-28_07-23,results/convnext_test/stop2b_threshold_breakhis_convnext_logit_s0.05_04-28_07-23/metrics_20260428_072319_nicme_logit_adjustment.json,results/stop2b_threshold_tuning/configs/009_stop2b_threshold_breakhis_convnext_logit_s0.05.json,stop2b_threshold_tuning,0.05,0.0,,0.828125,False,False,False,"[[22, 10], [1, 31]]",38.30792856216431,,,,,,,,,,,,breakhis_convnext_logit_s0.05,0.3337952329393518,0.0156640625,1.0,0.84375,0.015625
breakhis_balanced_prototype,timm_dinov3_convnext_lora,timm/convnext_tiny.dinov3_lvd1689m,nicme_logit_adjustment,argmax,,malignant,"[[0.0, 1.0], [10.0, 0.0]]",,0.97,0.85,accuracy,0.059375,0.59375,0.90625,0.09375,0.7837837837837838,0.25,0.828125,0.828125,0.8270695160894128,0.0761097656249999,0.8115234375,0.8227987662247433,0.5451961233649091,0.36568583866642,0.2206408139318227,,,,,stop2b_threshold_breakhis_timm_convnext_logit_s0.05_04-28_07-25,results/timm_dinov3_convnext_lora_test/stop2b_threshold_breakhis_timm_convnext_logit_s0.05_04-28_07-25/metrics_20260428_072542_nicme_logit_adjustment.json,results/stop2b_threshold_tuning/configs/013_stop2b_threshold_breakhis_timm_convnext_logit_s0.05.json,stop2b_threshold_tuning,0.05,0.0,,0.828125,False,False,False,"[[24, 8], [3, 29]]",44.9808714389801,,,,,,,,,,,,breakhis_timm_convnext_logit_s0.05,,,,,
breakhis_balanced_prototype,timm_dinov3_convnext_lora,timm/convnext_tiny.dinov3_lvd1689m,nicme_logit_adjustment,calibrated_cost_min,,malignant,"[[0.0, 1.0], [10.0, 0.0]]",,0.97,0.85,accuracy,0.0484375,0.484375,1.0,0.0,0.5079365079365079,0.96875,0.515625,0.515625,0.3671451355661882,0.1602441406249999,0.8115234375,0.8227987662247433,0.512844803788693,0.3450176083565503,0.1960558515327988,0.6,,,,stop2b_threshold_breakhis_timm_convnext_logit_s0.05_04-28_07-25,results/timm_dinov3_convnext_lora_test/stop2b_threshold_breakhis_timm_convnext_logit_s0.05_04-28_07-25/metrics_20260428_072542_nicme_logit_adjustment.json,results/stop2b_threshold_tuning/configs/013_stop2b_threshold_breakhis_timm_convnext_logit_s0.05.json,stop2b_threshold_tuning,0.05,0.0,,0.515625,True,False,False,"[[1, 31], [0, 32]]",44.9808714389801,,,,,,,,,,,,breakhis_timm_convnext_logit_s0.05,,,,,
breakhis_balanced_prototype,timm_dinov3_convnext_lora,timm/convnext_tiny.dinov3_lvd1689m,nicme_logit_adjustment,calibrated_threshold,,malignant,"[[0.0, 1.0], [10.0, 0.0]]",,0.97,0.85,accuracy,0.090625,0.90625,0.84375,0.15625,0.7714285714285715,0.25,0.796875,0.796875,0.7964276975776854,0.1572035156249999,0.8115234375,0.8227987662247433,0.512844803788693,0.3450176083565503,0.1960558515327988,0.6,,,,stop2b_threshold_breakhis_timm_convnext_logit_s0.05_04-28_07-25,results/timm_dinov3_convnext_lora_test/stop2b_threshold_breakhis_timm_convnext_logit_s0.05_04-28_07-25/metrics_20260428_072542_nicme_logit_adjustment.json,results/stop2b_threshold_tuning/configs/013_stop2b_threshold_breakhis_timm_convnext_logit_s0.05.json,stop2b_threshold_tuning,0.05,0.0,,0.796875,False,False,False,"[[24, 8], [5, 27]]",44.9808714389801,,,,,,,,,,,,breakhis_timm_convnext_logit_s0.05,0.5329404539835885,0.0934437499999999,0.90625,0.75,0.0671875
spider_balanced_prototype,timm_dinov3_convnext_lora,timm/convnext_tiny.dinov3_lvd1689m,nicme_logit_adjustment,argmax,,black_widow,"[[0.0, 10.0], [1.0, 0.0]]",,0.95,0.8,accuracy,0.134375,1.34375,0.78125,0.21875,0.6097560975609756,0.5,0.640625,0.640625,0.6333748443337484,0.2736816406249999,0.732421875,0.7484092240187423,0.6103715574846567,0.4233851504655614,0.1231719208881258,,,,,stop2b_threshold_spider_timm_convnext_logit_s0.5_04-28_07-21,results/timm_dinov3_convnext_lora_test/stop2b_threshold_spider_timm_convnext_logit_s0.5_04-28_07-21/metrics_20260428_072203_nicme_logit_adjustment.json,results/stop2b_threshold_tuning/configs/007_stop2b_threshold_spider_timm_convnext_logit_s0.5.json,stop2b_threshold_tuning,0.5,0.0,,0.640625,False,False,False,"[[25, 7], [16, 16]]",25.08632040023804,,,,,,,,,,,,spider_timm_convnext_logit_s0.5,,,,,
spider_balanced_prototype,timm_dinov3_convnext_lora,timm/convnext_tiny.dinov3_lvd1689m,nicme_logit_adjustment,calibrated_cost_min,,black_widow,"[[0.0, 10.0], [1.0, 0.0]]",,0.95,0.8,accuracy,0.05,0.5,1.0,0.0,0.5,1.0,0.5,0.5,0.3333333333333333,0.14,0.732421875,0.7484092240187423,0.6092990360353452,0.422583497958954,0.0820763405866904,1.1,,,,stop2b_threshold_spider_timm_convnext_logit_s0.5_04-28_07-21,results/timm_dinov3_convnext_lora_test/stop2b_threshold_spider_timm_convnext_logit_s0.5_04-28_07-21/metrics_20260428_072203_nicme_logit_adjustment.json,results/stop2b_threshold_tuning/configs/007_stop2b_threshold_spider_timm_convnext_logit_s0.5.json,stop2b_threshold_tuning,0.5,0.0,,0.5,True,False,False,"[[32, 0], [32, 0]]",25.08632040023804,,,,,,,,,,,,spider_timm_convnext_logit_s0.5,,,,,
spider_balanced_prototype,timm_dinov3_convnext_lora,timm/convnext_tiny.dinov3_lvd1689m,nicme_logit_adjustment,calibrated_threshold,,black_widow,"[[0.0, 10.0], [1.0, 0.0]]",,0.95,0.8,accuracy,0.0828125,0.828125,0.90625,0.09375,0.5576923076923077,0.71875,0.59375,0.59375,0.5497835497835498,0.1330078125,0.732421875,0.7484092240187423,0.6092990360353452,0.422583497958954,0.0820763405866904,1.1,,,,stop2b_threshold_spider_timm_convnext_logit_s0.5_04-28_07-21,results/timm_dinov3_convnext_lora_test/stop2b_threshold_spider_timm_convnext_logit_s0.5_04-28_07-21/metrics_20260428_072203_nicme_logit_adjustment.json,results/stop2b_threshold_tuning/configs/007_stop2b_threshold_spider_timm_convnext_logit_s0.5.json,stop2b_threshold_tuning,0.5,0.0,,0.59375,False,False,False,"[[29, 3], [23, 9]]",25.08632040023804,,,,,,,,,,,,spider_timm_convnext_logit_s0.5,0.3728326091568311,0.075400390625,1.0,0.609375,0.0390625
breakhis_balanced_prototype,timm_dinov3_vit_lora,timm/vit_small_patch16_dinov3.lvd1689m,nicme_logit_adjustment,argmax,,malignant,"[[0.0, 1.0], [10.0, 0.0]]",,0.97,0.85,accuracy,0.05625,0.5625,0.9375,0.0625,0.6521739130434783,0.5,0.71875,0.71875,0.7046153846153846,0.0777015624999999,0.83984375,0.8485552925223188,0.6901771922019732,0.4970301122226063,0.2162490310147404,,,,,stop2b_threshold_breakhis_timm_vit_logit_s0.2_04-28_07-24,results/timm_dinov3_vit_lora_test/stop2b_threshold_breakhis_timm_vit_logit_s0.2_04-28_07-24/metrics_20260428_072457_nicme_logit_adjustment.json,results/stop2b_threshold_tuning/configs/012_stop2b_threshold_breakhis_timm_vit_logit_s0.2.json,stop2b_threshold_tuning,0.2,0.0,,0.71875,False,False,False,"[[16, 16], [2, 30]]",30.560515642166138,,,,,,,,,,,,breakhis_timm_vit_logit_s0.2,,,,,
breakhis_balanced_prototype,timm_dinov3_vit_lora,timm/vit_small_patch16_dinov3.lvd1689m,nicme_logit_adjustment,calibrated_cost_min,,malignant,"[[0.0, 1.0], [10.0, 0.0]]",,0.97,0.85,accuracy,0.05,0.5,1.0,0.0,0.5,1.0,0.5,0.5,0.3333333333333333,0.1725,0.83984375,0.8485552925223188,0.6872456297876834,0.4940992456461228,0.2137484294697472,0.5,,,,stop2b_threshold_breakhis_timm_vit_logit_s0.2_04-28_07-24,results/timm_dinov3_vit_lora_test/stop2b_threshold_breakhis_timm_vit_logit_s0.2_04-28_07-24/metrics_20260428_072457_nicme_logit_adjustment.json,results/stop2b_threshold_tuning/configs/012_stop2b_threshold_breakhis_timm_vit_logit_s0.2.json,stop2b_threshold_tuning,0.2,0.0,,0.5,True,False,False,"[[0, 32], [0, 32]]",30.560515642166138,,,,,,,,,,,,breakhis_timm_vit_logit_s0.2,,,,,
breakhis_balanced_prototype,timm_dinov3_vit_lora,timm/vit_small_patch16_dinov3.lvd1689m,nicme_logit_adjustment,calibrated_threshold,,malignant,"[[0.0, 1.0], [10.0, 0.0]]",,0.97,0.85,accuracy,0.071875,0.71875,0.90625,0.09375,0.6444444444444445,0.5,0.703125,0.703125,0.6903488668194551,0.1097035156249999,0.83984375,0.8485552925223188,0.6872456297876834,0.4940992456461228,0.2137484294697472,0.5,,,,stop2b_threshold_breakhis_timm_vit_logit_s0.2_04-28_07-24,results/timm_dinov3_vit_lora_test/stop2b_threshold_breakhis_timm_vit_logit_s0.2_04-28_07-24/metrics_20260428_072457_nicme_logit_adjustment.json,results/stop2b_threshold_tuning/configs/012_stop2b_threshold_breakhis_timm_vit_logit_s0.2.json,stop2b_threshold_tuning,0.2,0.0,,0.703125,False,False,False,"[[16, 16], [3, 29]]",30.560515642166138,,,,,,,,,,,,breakhis_timm_vit_logit_s0.2,0.5001204931915204,0.1204749999999999,0.9375,0.625,0.065625
spider_balanced_prototype,timm_dinov3_vit_lora,timm/vit_small_patch16_dinov3.lvd1689m,ce,argmax,,black_widow,"[[0.0, 10.0], [1.0, 0.0]]",,0.95,0.8,accuracy,0.1375,1.375,0.75,0.25,0.75,0.25,0.75,0.75,0.75,0.2999999999999999,0.8095703125,0.8306759152269685,0.6884365551093603,0.4952896662796789,0.2465258548036217,,,,,stop2b_threshold_spider_timm_vit_ce_04-28_07-20,results/timm_dinov3_vit_lora_test/stop2b_threshold_spider_timm_vit_ce_04-28_07-20/metrics_20260428_072049_ce.json,results/stop2b_threshold_tuning/configs/004_stop2b_threshold_spider_timm_vit_ce.json,stop2b_threshold_tuning,1.0,10.0,,0.75,False,False,False,"[[24, 8], [8, 24]]",23.76066780090332,,,,,,,,,,,,spider_timm_vit_ce,,,,,
spider_balanced_prototype,timm_dinov3_vit_lora,timm/vit_small_patch16_dinov3.lvd1689m,ce,calibrated_cost_min,,black_widow,"[[0.0, 10.0], [1.0, 0.0]]",,0.95,0.8,accuracy,0.05,0.5,1.0,0.0,0.5,1.0,0.5,0.5,0.3333333333333333,0.14,0.8095703125,0.8306759152269685,0.6838013415136667,0.4906564792183069,0.2430527017734518,0.5,,,,stop2b_threshold_spider_timm_vit_ce_04-28_07-20,results/timm_dinov3_vit_lora_test/stop2b_threshold_spider_timm_vit_ce_04-28_07-20/metrics_20260428_072049_ce.json,results/stop2b_threshold_tuning/configs/004_stop2b_threshold_spider_timm_vit_ce.json,stop2b_threshold_tuning,1.0,10.0,,0.5,True,False,False,"[[32, 0], [32, 0]]",23.76066780090332,,,,,,,,,,,,spider_timm_vit_ce,,,,,
spider_balanced_prototype,timm_dinov3_vit_lora,timm/vit_small_patch16_dinov3.lvd1689m,ce,calibrated_threshold,,black_widow,"[[0.0, 10.0], [1.0, 0.0]]",,0.95,0.8,accuracy,0.0453125,0.453125,0.96875,0.03125,0.62,0.59375,0.6875,0.6875,0.6606574761399787,0.05796875,0.8095703125,0.8306759152269685,0.6838013415136667,0.4906564792183069,0.2430527017734518,0.5,,,,stop2b_threshold_spider_timm_vit_ce_04-28_07-20,results/timm_dinov3_vit_lora_test/stop2b_threshold_spider_timm_vit_ce_04-28_07-20/metrics_20260428_072049_ce.json,results/stop2b_threshold_tuning/configs/004_stop2b_threshold_spider_timm_vit_ce.json,stop2b_threshold_tuning,1.0,10.0,,0.6875,True,False,False,"[[31, 1], [19, 13]]",23.76066780090332,,,,,,,,,,,,spider_timm_vit_ce,0.4934615759621171,0.067822265625,0.9375,0.703125,0.0578125
spider_balanced_prototype,timm_dinov3_vit_lora,timm/vit_small_patch16_dinov3.lvd1689m,nicme_hybrid,argmax,,black_widow,"[[0.0, 10.0], [1.0, 0.0]]",,0.95,0.8,accuracy,0.0515625,0.515625,0.96875,0.03125,0.5740740740740741,0.71875,0.625,0.625,0.5747508305647842,0.0821875,0.83203125,0.8348635167885816,0.690516460200211,0.4973694212194711,0.1221484132111072,,,,,stop2b_threshold_spider_timm_vit_hybrid_s0.025_l0.1_04-28_07-21,results/timm_dinov3_vit_lora_test/stop2b_threshold_spider_timm_vit_hybrid_s0.025_l0.1_04-28_07-21/metrics_20260428_072138_nicme_hybrid.json,results/stop2b_threshold_tuning/configs/006_stop2b_threshold_spider_timm_vit_hybrid_s0.025_l0.1.json,stop2b_threshold_tuning,0.025,0.1,,0.625,True,False,False,"[[31, 1], [23, 9]]",24.12102699279785,,,,,,,,,,,,spider_timm_vit_hybrid_s0.025_l0.1,,,,,
spider_balanced_prototype,timm_dinov3_vit_lora,timm/vit_small_patch16_dinov3.lvd1689m,nicme_hybrid,calibrated_cost_min,,black_widow,"[[0.0, 10.0], [1.0, 0.0]]",,0.95,0.8,accuracy,0.05,0.5,1.0,0.0,0.5,1.0,0.5,0.5,0.3333333333333333,0.14,0.83203125,0.8348635167885816,0.6879353558892349,0.4947892679758821,0.1192973768699221,0.5,,,,stop2b_threshold_spider_timm_vit_hybrid_s0.025_l0.1_04-28_07-21,results/timm_dinov3_vit_lora_test/stop2b_threshold_spider_timm_vit_hybrid_s0.025_l0.1_04-28_07-21/metrics_20260428_072138_nicme_hybrid.json,results/stop2b_threshold_tuning/configs/006_stop2b_threshold_spider_timm_vit_hybrid_s0.025_l0.1.json,stop2b_threshold_tuning,0.025,0.1,,0.5,True,False,False,"[[32, 0], [32, 0]]",24.12102699279785,,,,,,,,,,,,spider_timm_vit_hybrid_s0.025_l0.1,,,,,
spider_balanced_prototype,timm_dinov3_vit_lora,timm/vit_small_patch16_dinov3.lvd1689m,nicme_hybrid,calibrated_threshold,,black_widow,"[[0.0, 10.0], [1.0, 0.0]]",,0.95,0.8,accuracy,0.0515625,0.515625,0.96875,0.03125,0.5740740740740741,0.71875,0.625,0.625,0.5747508305647842,0.0821875,0.83203125,0.8348635167885816,0.6879353558892349,0.4947892679758821,0.1192973768699221,0.5,,,,stop2b_threshold_spider_timm_vit_hybrid_s0.025_l0.1_04-28_07-21,results/timm_dinov3_vit_lora_test/stop2b_threshold_spider_timm_vit_hybrid_s0.025_l0.1_04-28_07-21/metrics_20260428_072138_nicme_hybrid.json,results/stop2b_threshold_tuning/configs/006_stop2b_threshold_spider_timm_vit_hybrid_s0.025_l0.1.json,stop2b_threshold_tuning,0.025,0.1,,0.625,True,False,False,"[[31, 1], [23, 9]]",24.12102699279785,,,,,,,,,,,,spider_timm_vit_hybrid_s0.025_l0.1,0.5011683460297035,0.0487890625,0.96875,0.71875,0.0421875
spider_balanced_prototype,timm_dinov3_vit_lora,timm/vit_small_patch16_dinov3.lvd1689m,nicme_logit_adjustment,argmax,,black_widow,"[[0.0, 10.0], [1.0, 0.0]]",,0.95,0.8,accuracy,0.059375,0.59375,0.9375,0.0625,0.625,0.5625,0.6875,0.6875,0.6666666666666667,0.07265625,0.8125,0.8357844562339967,0.6883567541803189,0.4952101716592597,0.1829769499599933,,,,,stop2b_threshold_spider_timm_vit_logit_s0.05_04-28_07-21,results/timm_dinov3_vit_lora_test/stop2b_threshold_spider_timm_vit_logit_s0.05_04-28_07-21/metrics_20260428_072114_nicme_logit_adjustment.json,results/stop2b_threshold_tuning/configs/005_stop2b_threshold_spider_timm_vit_logit_s0.05.json,stop2b_threshold_tuning,0.05,0.0,,0.6875,False,False,False,"[[30, 2], [18, 14]]",24.50941300392151,,,,,,,,,,,,spider_timm_vit_logit_s0.05,,,,,
spider_balanced_prototype,timm_dinov3_vit_lora,timm/vit_small_patch16_dinov3.lvd1689m,nicme_logit_adjustment,calibrated_cost_min,,black_widow,"[[0.0, 10.0], [1.0, 0.0]]",,0.95,0.8,accuracy,0.05,0.5,1.0,0.0,0.5,1.0,0.5,0.5,0.3333333333333333,0.14,0.8125,0.8357844562339967,0.6836966392519594,0.4905541437944573,0.1784562625971295,0.5,,,,stop2b_threshold_spider_timm_vit_logit_s0.05_04-28_07-21,results/timm_dinov3_vit_lora_test/stop2b_threshold_spider_timm_vit_logit_s0.05_04-28_07-21/metrics_20260428_072114_nicme_logit_adjustment.json,results/stop2b_threshold_tuning/configs/005_stop2b_threshold_spider_timm_vit_logit_s0.05.json,stop2b_threshold_tuning,0.05,0.0,,0.5,True,False,False,"[[32, 0], [32, 0]]",24.50941300392151,,,,,,,,,,,,spider_timm_vit_logit_s0.05,,,,,
spider_balanced_prototype,timm_dinov3_vit_lora,timm/vit_small_patch16_dinov3.lvd1689m,nicme_logit_adjustment,calibrated_threshold,,black_widow,"[[0.0, 10.0], [1.0, 0.0]]",,0.95,0.8,accuracy,0.059375,0.59375,0.9375,0.0625,0.625,0.5625,0.6875,0.6875,0.6666666666666667,0.07265625,0.8125,0.8357844562339967,0.6836966392519594,0.4905541437944573,0.1784562625971295,0.5,,,,stop2b_threshold_spider_timm_vit_logit_s0.05_04-28_07-21,results/timm_dinov3_vit_lora_test/stop2b_threshold_spider_timm_vit_logit_s0.05_04-28_07-21/metrics_20260428_072114_nicme_logit_adjustment.json,results/stop2b_threshold_tuning/configs/005_stop2b_threshold_spider_timm_vit_logit_s0.05.json,stop2b_threshold_tuning,0.05,0.0,,0.6875,False,False,False,"[[30, 2], [18, 14]]",24.50941300392151,,,,,,,,,,,,spider_timm_vit_logit_s0.05,0.499586942303232,0.067822265625,0.9375,0.703125,0.0578125
breakhis_balanced_prototype,vit,google/vit-base-patch16-224-in21k,ce,argmax,,malignant,"[[0.0, 1.0], [10.0, 0.0]]",,0.97,0.85,accuracy,0.046875,0.46875,0.90625,0.09375,1.0,0.0,0.953125,0.953125,0.9530217763640813,0.0631312499999999,0.9619140625,0.976970555599588,0.4420634668332453,0.2615709506656633,0.285442647524178,,,,,stop2b_threshold_breakhis_vit_ce_04-28_07-23,results/vit_test/stop2b_threshold_breakhis_vit_ce_04-28_07-23/metrics_20260428_072350_ce.json,results/stop2b_threshold_tuning/configs/010_stop2b_threshold_breakhis_vit_ce.json,stop2b_threshold_tuning,1.0,10.0,,0.953125,False,True,False,"[[32, 0], [3, 29]]",31.3823561668396,,,,,,,,,,,,breakhis_vit_ce,,,,,
breakhis_balanced_prototype,vit,google/vit-base-patch16-224-in21k,ce,calibrated_cost_min,,malignant,"[[0.0, 1.0], [10.0, 0.0]]",,0.97,0.85,accuracy,0.0484375,0.484375,1.0,0.0,0.5079365079365079,0.96875,0.515625,0.515625,0.3671451355661882,0.1602441406249999,0.9619140625,0.976970555599588,0.3142902767077591,0.1683336171086965,0.1659050188528392,0.5,,,,stop2b_threshold_breakhis_vit_ce_04-28_07-23,results/vit_test/stop2b_threshold_breakhis_vit_ce_04-28_07-23/metrics_20260428_072350_ce.json,results/stop2b_threshold_tuning/configs/010_stop2b_threshold_breakhis_vit_ce.json,stop2b_threshold_tuning,1.0,10.0,,0.515625,True,False,False,"[[1, 31], [0, 32]]",31.3823561668396,,,,,,,,,,,,breakhis_vit_ce,,,,,
breakhis_balanced_prototype,vit,google/vit-base-patch16-224-in21k,ce,calibrated_threshold,,malignant,"[[0.0, 1.0], [10.0, 0.0]]",,0.97,0.85,accuracy,0.0625,0.625,0.875,0.125,1.0,0.0,0.9375,0.9375,0.9372549019607844,0.0985999999999999,0.9619140625,0.976970555599588,0.3142902767077591,0.1683336171086965,0.1659050188528392,0.5,,,,stop2b_threshold_breakhis_vit_ce_04-28_07-23,results/vit_test/stop2b_threshold_breakhis_vit_ce_04-28_07-23/metrics_20260428_072350_ce.json,results/stop2b_threshold_tuning/configs/010_stop2b_threshold_breakhis_vit_ce.json,stop2b_threshold_tuning,1.0,10.0,,0.9375,False,True,False,"[[32, 0], [4, 28]]",31.3823561668396,,,,,,,,,,,,breakhis_vit_ce,0.5357806514380454,0.01719375,0.96875,0.96875,0.0171875
breakhis_balanced_prototype,vit,google/vit-base-patch16-224-in21k,nicme_hybrid,argmax,,malignant,"[[0.0, 1.0], [10.0, 0.0]]",,0.97,0.85,accuracy,0.01875,0.1875,0.96875,0.03125,0.9393939393939394,0.0625,0.953125,0.953125,0.9531135531135532,0.01875625,0.9599609375,0.9726824129652965,0.60162985096446,0.4092014704962722,0.3999186241999268,,,,,stop2b_threshold_breakhis_vit_hybrid_s0.05_l0.1_04-28_07-24,results/vit_test/stop2b_threshold_breakhis_vit_hybrid_s0.05_l0.1_04-28_07-24/metrics_20260428_072426_nicme_hybrid.json,results/stop2b_threshold_tuning/configs/011_stop2b_threshold_breakhis_vit_hybrid_s0.05_l0.1.json,stop2b_threshold_tuning,0.05,0.1,,0.953125,False,True,False,"[[30, 2], [1, 31]]",35.891310691833496,,,,,,,,,,,,breakhis_vit_hybrid_s0.05_l0.1,,,,,
breakhis_balanced_prototype,vit,google/vit-base-patch16-224-in21k,nicme_hybrid,calibrated_cost_min,,malignant,"[[0.0, 1.0], [10.0, 0.0]]",,0.97,0.85,accuracy,0.05,0.5,1.0,0.0,0.5,1.0,0.5,0.5,0.3333333333333333,0.1725,0.9599609375,0.9726824129652965,0.5249641137682843,0.3364235058029806,0.3491657208348712,0.5,,,,stop2b_threshold_breakhis_vit_hybrid_s0.05_l0.1_04-28_07-24,results/vit_test/stop2b_threshold_breakhis_vit_hybrid_s0.05_l0.1_04-28_07-24/metrics_20260428_072426_nicme_hybrid.json,results/stop2b_threshold_tuning/configs/011_stop2b_threshold_breakhis_vit_hybrid_s0.05_l0.1.json,stop2b_threshold_tuning,0.05,0.1,,0.5,True,False,False,"[[0, 32], [0, 32]]",35.891310691833496,,,,,,,,,,,,breakhis_vit_hybrid_s0.05_l0.1,,,,,
breakhis_balanced_prototype,vit,google/vit-base-patch16-224-in21k,nicme_hybrid,calibrated_threshold,,malignant,"[[0.0, 1.0], [10.0, 0.0]]",,0.97,0.85,accuracy,0.01875,0.1875,0.96875,0.03125,0.9393939393939394,0.0625,0.953125,0.953125,0.9531135531135532,0.01875625,0.9599609375,0.9726824129652965,0.5249641137682843,0.3364235058029806,0.3491657208348712,0.5,,,,stop2b_threshold_breakhis_vit_hybrid_s0.05_l0.1_04-28_07-24,results/vit_test/stop2b_threshold_breakhis_vit_hybrid_s0.05_l0.1_04-28_07-24/metrics_20260428_072426_nicme_hybrid.json,results/stop2b_threshold_tuning/configs/011_stop2b_threshold_breakhis_vit_hybrid_s0.05_l0.1.json,stop2b_threshold_tuning,0.05,0.1,,0.953125,False,True,False,"[[30, 2], [1, 31]]",35.891310691833496,,,,,,,,,,,,breakhis_vit_hybrid_s0.05_l0.1,0.5076368822903004,0.0078125,1.0,0.921875,0.0078125
spider_balanced_prototype,vit,google/vit-base-patch16-224-in21k,ce,argmax,,black_widow,"[[0.0, 10.0], [1.0, 0.0]]",,0.95,0.8,accuracy,0.1453125,1.453125,0.71875,0.28125,0.8846153846153846,0.09375,0.8125,0.8125,0.8108374384236454,0.3592187499999999,0.9326171875,0.944625109985692,0.5638894147649167,0.3737441062506659,0.2342203361913561,,,,,stop2b_threshold_spider_vit_ce_04-28_07-19,results/vit_test/stop2b_threshold_spider_vit_ce_04-28_07-19/metrics_20260428_071924_ce.json,results/stop2b_threshold_tuning/configs/001_stop2b_threshold_spider_vit_ce.json,stop2b_threshold_tuning,1.0,10.0,,0.8125,False,True,False,"[[23, 9], [3, 29]]",25.678479194641117,,,,,,,,,,,,spider_vit_ce,,,,,
spider_balanced_prototype,vit,google/vit-base-patch16-224-in21k,ce,calibrated_cost_min,,black_widow,"[[0.0, 10.0], [1.0, 0.0]]",,0.95,0.8,accuracy,0.05,0.5,1.0,0.0,0.5,1.0,0.5,0.5,0.3333333333333333,0.14,0.9326171875,0.944625109985692,0.4743855155533291,0.2973645596532322,0.1881917580554868,0.5,,,,stop2b_threshold_spider_vit_ce_04-28_07-19,results/vit_test/stop2b_threshold_spider_vit_ce_04-28_07-19/metrics_20260428_071924_ce.json,results/stop2b_threshold_tuning/configs/001_stop2b_threshold_spider_vit_ce.json,stop2b_threshold_tuning,1.0,10.0,,0.5,True,False,False,"[[32, 0], [32, 0]]",25.678479194641117,,,,,,,,,,,,spider_vit_ce,,,,,
spider_balanced_prototype,vit,google/vit-base-patch16-224-in21k,ce,calibrated_threshold,,black_widow,"[[0.0, 10.0], [1.0, 0.0]]",,0.95,0.8,accuracy,0.03125,0.3125,0.96875,0.03125,0.7560975609756098,0.3125,0.828125,0.828125,0.8246575342465754,0.03125,0.9326171875,0.944625109985692,0.4743855155533291,0.2973645596532322,0.1881917580554868,0.5,,,,stop2b_threshold_spider_vit_ce_04-28_07-19,results/vit_test/stop2b_threshold_spider_vit_ce_04-28_07-19/metrics_20260428_071924_ce.json,results/stop2b_threshold_tuning/configs/001_stop2b_threshold_spider_vit_ce.json,stop2b_threshold_tuning,1.0,10.0,,0.828125,True,True,True,"[[31, 1], [10, 22]]",25.678479194641117,,,,,,,,,,,,spider_vit_ce,0.3614128527683237,0.034384765625,0.96875,0.796875,0.034375
spider_balanced_prototype,vit,google/vit-base-patch16-224-in21k,nicme_hybrid,argmax,,black_widow,"[[0.0, 10.0], [1.0, 0.0]]",,0.95,0.8,accuracy,0.05,0.5,0.9375,0.0625,0.7142857142857143,0.375,0.78125,0.78125,0.7757757757757757,0.0509765624999999,0.8994140625,0.896387312480078,0.618772130369003,0.4266257232286687,0.2288203295320272,,,,,stop2b_threshold_spider_vit_hybrid_s0.05_l0.25_04-28_07-20,results/vit_test/stop2b_threshold_spider_vit_hybrid_s0.05_l0.25_04-28_07-20/metrics_20260428_072025_nicme_hybrid.json,results/stop2b_threshold_tuning/configs/003_stop2b_threshold_spider_vit_hybrid_s0.05_l0.25.json,stop2b_threshold_tuning,0.05,0.25,,0.78125,False,False,False,"[[30, 2], [12, 20]]",28.13833260536194,,,,,,,,,,,,spider_vit_hybrid_s0.05_l0.25,,,,,
spider_balanced_prototype,vit,google/vit-base-patch16-224-in21k,nicme_hybrid,calibrated_cost_min,,black_widow,"[[0.0, 10.0], [1.0, 0.0]]",,0.95,0.8,accuracy,0.05,0.5,1.0,0.0,0.5,1.0,0.5,0.5,0.3333333333333333,0.14,0.8994140625,0.896387312480078,0.5614479316305011,0.3738510185270464,0.1876650832256343,0.5,,,,stop2b_threshold_spider_vit_hybrid_s0.05_l0.25_04-28_07-20,results/vit_test/stop2b_threshold_spider_vit_hybrid_s0.05_l0.25_04-28_07-20/metrics_20260428_072025_nicme_hybrid.json,results/stop2b_threshold_tuning/configs/003_stop2b_threshold_spider_vit_hybrid_s0.05_l0.25.json,stop2b_threshold_tuning,0.05,0.25,,0.5,True,False,False,"[[32, 0], [32, 0]]",28.13833260536194,,,,,,,,,,,,spider_vit_hybrid_s0.05_l0.25,,,,,
spider_balanced_prototype,vit,google/vit-base-patch16-224-in21k,nicme_hybrid,calibrated_threshold,,black_widow,"[[0.0, 10.0], [1.0, 0.0]]",,0.95,0.8,accuracy,0.04375,0.4375,0.96875,0.03125,0.6326530612244898,0.5625,0.703125,0.703125,0.680588389808248,0.053134765625,0.8994140625,0.896387312480078,0.5614479316305011,0.3738510185270464,0.1876650832256343,0.5,,,,stop2b_threshold_spider_vit_hybrid_s0.05_l0.25_04-28_07-20,results/vit_test/stop2b_threshold_spider_vit_hybrid_s0.05_l0.25_04-28_07-20/metrics_20260428_072025_nicme_hybrid.json,results/stop2b_threshold_tuning/configs/003_stop2b_threshold_spider_vit_hybrid_s0.05_l0.25.json,stop2b_threshold_tuning,0.05,0.25,,0.703125,True,False,False,"[[31, 1], [18, 14]]",28.13833260536194,,,,,,,,,,,,spider_vit_hybrid_s0.05_l0.25,0.4569357766675364,0.0487890625,0.96875,0.71875,0.0421875
spider_balanced_prototype,vit,google/vit-base-patch16-224-in21k,nicme_logit_adjustment,argmax,,black_widow,"[[0.0, 10.0], [1.0, 0.0]]",,0.95,0.8,accuracy,0.0484375,0.484375,0.9375,0.0625,0.7317073170731707,0.34375,0.796875,0.796875,0.7927770859277707,0.0490722656249999,0.904296875,0.9113164823514756,0.5943306108275015,0.4031834936177242,0.2261818554252386,,,,,stop2b_threshold_spider_vit_logit_s0.5_04-28_07-19,results/vit_test/stop2b_threshold_spider_vit_logit_s0.5_04-28_07-19/metrics_20260428_071957_nicme_logit_adjustment.json,results/stop2b_threshold_tuning/configs/002_stop2b_threshold_spider_vit_logit_s0.5.json,stop2b_threshold_tuning,0.5,0.0,,0.796875,False,False,False,"[[30, 2], [11, 21]]",33.49789261817932,,,,,,,,,,,,spider_vit_logit_s0.5,,,,,
spider_balanced_prototype,vit,google/vit-base-patch16-224-in21k,nicme_logit_adjustment,calibrated_cost_min,,black_widow,"[[0.0, 10.0], [1.0, 0.0]]",,0.95,0.8,accuracy,0.05,0.5,1.0,0.0,0.5,1.0,0.5,0.5,0.3333333333333333,0.14,0.904296875,0.9113164823514756,0.5247059290570528,0.341758673523991,0.1832843591705414,0.5,,,,stop2b_threshold_spider_vit_logit_s0.5_04-28_07-19,results/vit_test/stop2b_threshold_spider_vit_logit_s0.5_04-28_07-19/metrics_20260428_071957_nicme_logit_adjustment.json,results/stop2b_threshold_tuning/configs/002_stop2b_threshold_spider_vit_logit_s0.5.json,stop2b_threshold_tuning,0.5,0.0,,0.5,True,False,False,"[[32, 0], [32, 0]]",33.49789261817932,,,,,,,,,,,,spider_vit_logit_s0.5,,,,,
spider_balanced_prototype,vit,google/vit-base-patch16-224-in21k,nicme_logit_adjustment,calibrated_threshold,,black_widow,"[[0.0, 10.0], [1.0, 0.0]]",,0.95,0.8,accuracy,0.0453125,0.453125,0.96875,0.03125,0.62,0.59375,0.6875,0.6875,0.6606574761399787,0.05796875,0.904296875,0.9113164823514756,0.5247059290570528,0.341758673523991,0.1832843591705414,0.5,,,,stop2b_threshold_spider_vit_logit_s0.5_04-28_07-19,results/vit_test/stop2b_threshold_spider_vit_logit_s0.5_04-28_07-19/metrics_20260428_071957_nicme_logit_adjustment.json,results/stop2b_threshold_tuning/configs/002_stop2b_threshold_spider_vit_logit_s0.5.json,stop2b_threshold_tuning,0.5,0.0,,0.6875,True,False,False,"[[31, 1], [19, 13]]",33.49789261817932,,,,,,,,,,,,spider_vit_logit_s0.5,0.425232905719298,0.024619140625,1.0,0.765625,0.0234375
breakhis_balanced_prototype,vit,google/vit-base-patch16-224-in21k,nicme_hybrid,argmax,,malignant,"[[0.0, 1.0], [10.0, 0.0]]",,0.97,0.85,accuracy,0.065625,0.65625,0.875,0.125,0.9333333333333333,0.0625,0.90625,0.90625,0.906158357771261,0.10172499999999998,0.9580078125,0.9721619862153615,0.5910878657757925,0.3989503457600917,0.34577018208801746,,,,,stop2c_frontier_breakhis_vit_hybrid_s0.1_l0.5_04-28_07-35,results/vit_test/stop2c_frontier_breakhis_vit_hybrid_s0.1_l0.5_04-28_07-35/metrics_20260428_073526_nicme_hybrid.json,results/stop2c_nicme_frontier/configs/017_stop2c_frontier_breakhis_vit_hybrid_s0.1_l0.5.json,stop2c_nicme_frontier,0.1,0.5,,0.90625,False,True,False,"[[30, 2], [4, 28]]",35.34440803527832,,,,,,,,,,,,breakhis_vit_hybrid_s0.1_l0.5,,,,,
breakhis_balanced_prototype,vit,google/vit-base-patch16-224-in21k,nicme_hybrid,calibrated_cost_min,,malignant,"[[0.0, 1.0], [10.0, 0.0]]",,0.97,0.85,accuracy,0.05,0.5,1.0,0.0,0.5,1.0,0.5,0.5,0.3333333333333333,0.1725,0.9580078125,0.9721619862153615,0.5077540549378848,0.32078877997127236,0.29351350023318085,0.5,,,,stop2c_frontier_breakhis_vit_hybrid_s0.1_l0.5_04-28_07-35,results/vit_test/stop2c_frontier_breakhis_vit_hybrid_s0.1_l0.5_04-28_07-35/metrics_20260428_073526_nicme_hybrid.json,results/stop2c_nicme_frontier/configs/017_stop2c_frontier_breakhis_vit_hybrid_s0.1_l0.5.json,stop2c_nicme_frontier,0.1,0.5,,0.5,True,False,False,"[[0, 32], [0, 32]]",35.34440803527832,,,,,,,,,,,,breakhis_vit_hybrid_s0.1_l0.5,,,,,
breakhis_balanced_prototype,vit,google/vit-base-patch16-224-in21k,nicme_hybrid,calibrated_threshold,,malignant,"[[0.0, 1.0], [10.0, 0.0]]",,0.97,0.85,accuracy,0.05,0.5,0.90625,0.09375,0.9354838709677419,0.0625,0.921875,0.921875,0.9218559218559218,0.06625624999999999,0.9580078125,0.9721619862153615,0.5077540549378848,0.32078877997127236,0.29351350023318085,0.5,,,,stop2c_frontier_breakhis_vit_hybrid_s0.1_l0.5_04-28_07-35,results/vit_test/stop2c_frontier_breakhis_vit_hybrid_s0.1_l0.5_04-28_07-35/metrics_20260428_073526_nicme_hybrid.json,results/stop2c_nicme_frontier/configs/017_stop2c_frontier_breakhis_vit_hybrid_s0.1_l0.5.json,stop2c_nicme_frontier,0.1,0.5,,0.921875,False,True,False,"[[30, 2], [3, 29]]",35.34440803527832,,,,,,,,,,,,breakhis_vit_hybrid_s0.1_l0.5,0.47457679344653836,0.009375,,,
breakhis_balanced_prototype,vit,google/vit-base-patch16-224-in21k,nicme_hybrid,argmax,,malignant,"[[0.0, 1.0], [10.0, 0.0]]",,0.97,0.85,accuracy,0.065625,0.65625,0.875,0.125,0.9333333333333333,0.0625,0.90625,0.90625,0.906158357771261,0.10172499999999998,0.955078125,0.9691109454804974,0.5916736211314355,0.3995224139783962,0.34597395919263363,,,,,stop2c_frontier_breakhis_vit_hybrid_s0.2_l0.5_04-28_07-35,results/vit_test/stop2c_frontier_breakhis_vit_hybrid_s0.2_l0.5_04-28_07-35/metrics_20260428_073602_nicme_hybrid.json,results/stop2c_nicme_frontier/configs/018_stop2c_frontier_breakhis_vit_hybrid_s0.2_l0.5.json,stop2c_nicme_frontier,0.2,0.5,,0.90625,False,True,False,"[[30, 2], [4, 28]]",35.7894926071167,,,,,,,,,,,,breakhis_vit_hybrid_s0.2_l0.5,,,,,
breakhis_balanced_prototype,vit,google/vit-base-patch16-224-in21k,nicme_hybrid,calibrated_cost_min,,malignant,"[[0.0, 1.0], [10.0, 0.0]]",,0.97,0.85,accuracy,0.05,0.5,1.0,0.0,0.5,1.0,0.5,0.5,0.3333333333333333,0.1725,0.955078125,0.9691109454804974,0.5087653238149666,0.32171922366387584,0.291909247534617,0.5,,,,stop2c_frontier_breakhis_vit_hybrid_s0.2_l0.5_04-28_07-35,results/vit_test/stop2c_frontier_breakhis_vit_hybrid_s0.2_l0.5_04-28_07-35/metrics_20260428_073602_nicme_hybrid.json,results/stop2c_nicme_frontier/configs/018_stop2c_frontier_breakhis_vit_hybrid_s0.2_l0.5.json,stop2c_nicme_frontier,0.2,0.5,,0.5,True,False,False,"[[0, 32], [0, 32]]",35.7894926071167,,,,,,,,,,,,breakhis_vit_hybrid_s0.2_l0.5,,,,,
breakhis_balanced_prototype,vit,google/vit-base-patch16-224-in21k,nicme_hybrid,calibrated_threshold,,malignant,"[[0.0, 1.0], [10.0, 0.0]]",,0.97,0.85,accuracy,0.05,0.5,0.90625,0.09375,0.9354838709677419,0.0625,0.921875,0.921875,0.9218559218559218,0.06625624999999999,0.955078125,0.9691109454804974,0.5087653238149666,0.32171922366387584,0.291909247534617,0.5,,,,stop2c_frontier_breakhis_vit_hybrid_s0.2_l0.5_04-28_07-35,results/vit_test/stop2c_frontier_breakhis_vit_hybrid_s0.2_l0.5_04-28_07-35/metrics_20260428_073602_nicme_hybrid.json,results/stop2c_nicme_frontier/configs/018_stop2c_frontier_breakhis_vit_hybrid_s0.2_l0.5.json,stop2c_nicme_frontier,0.2,0.5,,0.921875,False,True,False,"[[30, 2], [3, 29]]",35.7894926071167,,,,,,,,,,,,breakhis_vit_hybrid_s0.2_l0.5,0.472548837007836,0.0078125,,,
breakhis_balanced_prototype,vit,google/vit-base-patch16-224-in21k,nicme_hybrid,argmax,,malignant,"[[0.0, 1.0], [10.0, 0.0]]",,0.97,0.85,accuracy,0.01875,0.1875,0.96875,0.03125,0.9393939393939394,0.0625,0.953125,0.953125,0.9531135531135531,0.01875625,0.9580078125,0.9721619862153615,0.590491742287901,0.3983155595547777,0.3931551817804575,,,,,stop2c_frontier_breakhis_vit_hybrid_s0.3_l0.25_04-28_07-32,results/vit_test/stop2c_frontier_breakhis_vit_hybrid_s0.3_l0.25_04-28_07-32/metrics_20260428_073224_nicme_hybrid.json,results/stop2c_nicme_frontier/configs/012_stop2c_frontier_breakhis_vit_hybrid_s0.3_l0.25.json,stop2c_nicme_frontier,0.3,0.25,,0.953125,False,True,False,"[[30, 2], [1, 31]]",35.85852098464966,,,,,,,,,,,,breakhis_vit_hybrid_s0.3_l0.25,,,,,
breakhis_balanced_prototype,vit,google/vit-base-patch16-224-in21k,nicme_hybrid,calibrated_cost_min,,malignant,"[[0.0, 1.0], [10.0, 0.0]]",,0.97,0.85,accuracy,0.05,0.5,1.0,0.0,0.5,1.0,0.5,0.5,0.3333333333333333,0.1725,0.9580078125,0.9721619862153615,0.5063772191282652,0.31926681622796715,0.3365404976150789,0.5,,,,stop2c_frontier_breakhis_vit_hybrid_s0.3_l0.25_04-28_07-32,results/vit_test/stop2c_frontier_breakhis_vit_hybrid_s0.3_l0.25_04-28_07-32/metrics_20260428_073224_nicme_hybrid.json,results/stop2c_nicme_frontier/configs/012_stop2c_frontier_breakhis_vit_hybrid_s0.3_l0.25.json,stop2c_nicme_frontier,0.3,0.25,,0.5,True,False,False,"[[0, 32], [0, 32]]",35.85852098464966,,,,,,,,,,,,breakhis_vit_hybrid_s0.3_l0.25,,,,,
breakhis_balanced_prototype,vit,google/vit-base-patch16-224-in21k,nicme_hybrid,calibrated_threshold,,malignant,"[[0.0, 1.0], [10.0, 0.0]]",,0.97,0.85,accuracy,0.01875,0.1875,0.96875,0.03125,0.9393939393939394,0.0625,0.953125,0.953125,0.9531135531135531,0.01875625,0.9580078125,0.9721619862153615,0.5063772191282652,0.31926681622796715,0.3365404976150789,0.5,,,,stop2c_frontier_breakhis_vit_hybrid_s0.3_l0.25_04-28_07-32,results/vit_test/stop2c_frontier_breakhis_vit_hybrid_s0.3_l0.25_04-28_07-32/metrics_20260428_073224_nicme_hybrid.json,results/stop2c_nicme_frontier/configs/012_stop2c_frontier_breakhis_vit_hybrid_s0.3_l0.25.json,stop2c_nicme_frontier,0.3,0.25,,0.953125,False,True,False,"[[30, 2], [1, 31]]",35.85852098464966,,,,,,,,,,,,breakhis_vit_hybrid_s0.3_l0.25,0.4922103060480328,0.0109375,,,
breakhis_balanced_prototype,vit,google/vit-base-patch16-224-in21k,nicme_hybrid,argmax,,malignant,"[[0.0, 1.0], [10.0, 0.0]]",,0.97,0.85,accuracy,0.065625,0.65625,0.875,0.125,0.9333333333333333,0.0625,0.90625,0.90625,0.906158357771261,0.10172499999999998,0.9560546875,0.9699743590277343,0.5912849879600537,0.39914829428951765,0.34575742017477745,,,,,stop2c_frontier_breakhis_vit_hybrid_s0.3_l0.5_04-28_07-34,results/vit_test/stop2c_frontier_breakhis_vit_hybrid_s0.3_l0.5_04-28_07-34/metrics_20260428_073414_nicme_hybrid.json,results/stop2c_nicme_frontier/configs/015_stop2c_frontier_breakhis_vit_hybrid_s0.3_l0.5.json,stop2c_nicme_frontier,0.3,0.5,,0.90625,False,True,False,"[[30, 2], [4, 28]]",37.04631233215332,,,,,,,,,,,,breakhis_vit_hybrid_s0.3_l0.5,,,,,
breakhis_balanced_prototype,vit,google/vit-base-patch16-224-in21k,nicme_hybrid,calibrated_cost_min,,malignant,"[[0.0, 1.0], [10.0, 0.0]]",,0.97,0.85,accuracy,0.05,0.5,1.0,0.0,0.5,1.0,0.5,0.5,0.3333333333333333,0.1725,0.9560546875,0.9699743590277343,0.5081453509870919,0.32117683572358247,0.28873659049843453,0.5,,,,stop2c_frontier_breakhis_vit_hybrid_s0.3_l0.5_04-28_07-34,results/vit_test/stop2c_frontier_breakhis_vit_hybrid_s0.3_l0.5_04-28_07-34/metrics_20260428_073414_nicme_hybrid.json,results/stop2c_nicme_frontier/configs/015_stop2c_frontier_breakhis_vit_hybrid_s0.3_l0.5.json,stop2c_nicme_frontier,0.3,0.5,,0.5,True,False,False,"[[0, 32], [0, 32]]",37.04631233215332,,,,,,,,,,,,breakhis_vit_hybrid_s0.3_l0.5,,,,,
breakhis_balanced_prototype,vit,google/vit-base-patch16-224-in21k,nicme_hybrid,calibrated_threshold,,malignant,"[[0.0, 1.0], [10.0, 0.0]]",,0.97,0.85,accuracy,0.05,0.5,0.90625,0.09375,0.9354838709677419,0.0625,0.921875,0.921875,0.9218559218559218,0.06625624999999999,0.9560546875,0.9699743590277343,0.5081453509870919,0.32117683572358247,0.28873659049843453,0.5,,,,stop2c_frontier_breakhis_vit_hybrid_s0.3_l0.5_04-28_07-34,results/vit_test/stop2c_frontier_breakhis_vit_hybrid_s0.3_l0.5_04-28_07-34/metrics_20260428_073414_nicme_hybrid.json,results/stop2c_nicme_frontier/configs/015_stop2c_frontier_breakhis_vit_hybrid_s0.3_l0.5.json,stop2c_nicme_frontier,0.3,0.5,,0.921875,False,True,False,"[[30, 2], [3, 29]]",37.04631233215332,,,,,,,,,,,,breakhis_vit_hybrid_s0.3_l0.5,0.4718301279016144,0.0078125,,,
breakhis_balanced_prototype,vit,google/vit-base-patch16-224-in21k,nicme_hybrid,argmax,,malignant,"[[0.0, 1.0], [10.0, 0.0]]",,0.97,0.85,accuracy,0.01875,0.1875,0.96875,0.03125,0.9393939393939394,0.0625,0.953125,0.953125,0.9531135531135531,0.01875625,0.95703125,0.9709119862153615,0.5911369864781395,0.398950588196265,0.39343438949435955,,,,,stop2c_frontier_breakhis_vit_hybrid_s0.5_l0.25_04-28_07-32,results/vit_test/stop2c_frontier_breakhis_vit_hybrid_s0.5_l0.25_04-28_07-32/metrics_20260428_073301_nicme_hybrid.json,results/stop2c_nicme_frontier/configs/013_stop2c_frontier_breakhis_vit_hybrid_s0.5_l0.25.json,stop2c_nicme_frontier,0.5,0.25,,0.953125,False,True,False,"[[30, 2], [1, 31]]",37.07240033149719,,,,,,,,,,,,breakhis_vit_hybrid_s0.5_l0.25,,,,,
breakhis_balanced_prototype,vit,google/vit-base-patch16-224-in21k,nicme_hybrid,calibrated_cost_min,,malignant,"[[0.0, 1.0], [10.0, 0.0]]",,0.97,0.85,accuracy,0.05,0.5,1.0,0.0,0.5,1.0,0.5,0.5,0.3333333333333333,0.1725,0.95703125,0.9709119862153615,0.5075026816013819,0.3203345847481983,0.3370590107842041,0.5,,,,stop2c_frontier_breakhis_vit_hybrid_s0.5_l0.25_04-28_07-32,results/vit_test/stop2c_frontier_breakhis_vit_hybrid_s0.5_l0.25_04-28_07-32/metrics_20260428_073301_nicme_hybrid.json,results/stop2c_nicme_frontier/configs/013_stop2c_frontier_breakhis_vit_hybrid_s0.5_l0.25.json,stop2c_nicme_frontier,0.5,0.25,,0.5,True,False,False,"[[0, 32], [0, 32]]",37.07240033149719,,,,,,,,,,,,breakhis_vit_hybrid_s0.5_l0.25,,,,,
breakhis_balanced_prototype,vit,google/vit-base-patch16-224-in21k,nicme_hybrid,calibrated_threshold,,malignant,"[[0.0, 1.0], [10.0, 0.0]]",,0.97,0.85,accuracy,0.01875,0.1875,0.96875,0.03125,0.9393939393939394,0.0625,0.953125,0.953125,0.9531135531135531,0.01875625,0.95703125,0.9709119862153615,0.5075026816013819,0.3203345847481983,0.3370590107842041,0.5,,,,stop2c_frontier_breakhis_vit_hybrid_s0.5_l0.25_04-28_07-32,results/vit_test/stop2c_frontier_breakhis_vit_hybrid_s0.5_l0.25_04-28_07-32/metrics_20260428_073301_nicme_hybrid.json,results/stop2c_nicme_frontier/configs/013_stop2c_frontier_breakhis_vit_hybrid_s0.5_l0.25.json,stop2c_nicme_frontier,0.5,0.25,,0.953125,False,True,False,"[[30, 2], [1, 31]]",37.07240033149719,,,,,,,,,,,,breakhis_vit_hybrid_s0.5_l0.25,0.490120121742021,0.0125,,,
breakhis_balanced_prototype,vit,google/vit-base-patch16-224-in21k,nicme_hybrid,argmax,,malignant,"[[0.0, 1.0], [10.0, 0.0]]",,0.97,0.85,accuracy,0.065625,0.65625,0.875,0.125,0.9333333333333333,0.0625,0.90625,0.90625,0.906158357771261,0.10172499999999998,0.9541015625,0.9682231613895882,0.5916424679325929,0.3995057479751878,0.34590711724013085,,,,,stop2c_frontier_breakhis_vit_hybrid_s0.5_l0.5_04-28_07-34,results/vit_test/stop2c_frontier_breakhis_vit_hybrid_s0.5_l0.5_04-28_07-34/metrics_20260428_073451_nicme_hybrid.json,results/stop2c_nicme_frontier/configs/016_stop2c_frontier_breakhis_vit_hybrid_s0.5_l0.5.json,stop2c_nicme_frontier,0.5,0.5,,0.90625,False,True,False,"[[30, 2], [4, 28]]",37.032289028167725,,,,,,,,,,,,breakhis_vit_hybrid_s0.5_l0.5,,,,,
breakhis_balanced_prototype,vit,google/vit-base-patch16-224-in21k,nicme_hybrid,calibrated_cost_min,,malignant,"[[0.0, 1.0], [10.0, 0.0]]",,0.97,0.85,accuracy,0.05,0.5,1.0,0.0,0.5,1.0,0.5,0.5,0.3333333333333333,0.1725,0.9541015625,0.9682231613895882,0.5088190738878033,0.32183594488241607,0.28903958618839193,0.5,,,,stop2c_frontier_breakhis_vit_hybrid_s0.5_l0.5_04-28_07-34,results/vit_test/stop2c_frontier_breakhis_vit_hybrid_s0.5_l0.5_04-28_07-34/metrics_20260428_073451_nicme_hybrid.json,results/stop2c_nicme_frontier/configs/016_stop2c_frontier_breakhis_vit_hybrid_s0.5_l0.5.json,stop2c_nicme_frontier,0.5,0.5,,0.5,True,False,False,"[[0, 32], [0, 32]]",37.032289028167725,,,,,,,,,,,,breakhis_vit_hybrid_s0.5_l0.5,,,,,
breakhis_balanced_prototype,vit,google/vit-base-patch16-224-in21k,nicme_hybrid,calibrated_threshold,,malignant,"[[0.0, 1.0], [10.0, 0.0]]",,0.97,0.85,accuracy,0.05,0.5,0.90625,0.09375,0.9354838709677419,0.0625,0.921875,0.921875,0.9218559218559218,0.06625624999999999,0.9541015625,0.9682231613895882,0.5088190738878033,0.32183594488241607,0.28903958618839193,0.5,,,,stop2c_frontier_breakhis_vit_hybrid_s0.5_l0.5_04-28_07-34,results/vit_test/stop2c_frontier_breakhis_vit_hybrid_s0.5_l0.5_04-28_07-34/metrics_20260428_073451_nicme_hybrid.json,results/stop2c_nicme_frontier/configs/016_stop2c_frontier_breakhis_vit_hybrid_s0.5_l0.5.json,stop2c_nicme_frontier,0.5,0.5,,0.921875,False,True,False,"[[30, 2], [3, 29]]",37.032289028167725,,,,,,,,,,,,breakhis_vit_hybrid_s0.5_l0.5,0.4735528385795965,0.0078125,,,
breakhis_balanced_prototype,vit,google/vit-base-patch16-224-in21k,nicme_hybrid,argmax,,malignant,"[[0.0, 1.0], [10.0, 0.0]]",,0.97,0.85,accuracy,0.01875,0.1875,0.96875,0.03125,0.9393939393939394,0.0625,0.953125,0.953125,0.9531135531135531,0.01875625,0.95703125,0.9709119862153615,0.5913469513339672,0.39916761509501597,0.3934938134625554,,,,,stop2c_frontier_breakhis_vit_hybrid_s0.75_l0.25_04-28_07-33,results/vit_test/stop2c_frontier_breakhis_vit_hybrid_s0.75_l0.25_04-28_07-33/metrics_20260428_073337_nicme_hybrid.json,results/stop2c_nicme_frontier/configs/014_stop2c_frontier_breakhis_vit_hybrid_s0.75_l0.25.json,stop2c_nicme_frontier,0.75,0.25,,0.953125,False,True,False,"[[30, 2], [1, 31]]",35.95296859741211,,,,,,,,,,,,breakhis_vit_hybrid_s0.75_l0.25,,,,,
breakhis_balanced_prototype,vit,google/vit-base-patch16-224-in21k,nicme_hybrid,calibrated_cost_min,,malignant,"[[0.0, 1.0], [10.0, 0.0]]",,0.97,0.85,accuracy,0.05,0.5,1.0,0.0,0.5,1.0,0.5,0.5,0.3333333333333333,0.1725,0.95703125,0.9709119862153615,0.5079589030455565,0.3208161868452176,0.3372042964577919,0.5,,,,stop2c_frontier_breakhis_vit_hybrid_s0.75_l0.25_04-28_07-33,results/vit_test/stop2c_frontier_breakhis_vit_hybrid_s0.75_l0.25_04-28_07-33/metrics_20260428_073337_nicme_hybrid.json,results/stop2c_nicme_frontier/configs/014_stop2c_frontier_breakhis_vit_hybrid_s0.75_l0.25.json,stop2c_nicme_frontier,0.75,0.25,,0.5,True,False,False,"[[0, 32], [0, 32]]",35.95296859741211,,,,,,,,,,,,breakhis_vit_hybrid_s0.75_l0.25,,,,,
breakhis_balanced_prototype,vit,google/vit-base-patch16-224-in21k,nicme_hybrid,calibrated_threshold,,malignant,"[[0.0, 1.0], [10.0, 0.0]]",,0.97,0.85,accuracy,0.01875,0.1875,0.96875,0.03125,0.9393939393939394,0.0625,0.953125,0.953125,0.9531135531135531,0.01875625,0.95703125,0.9709119862153615,0.5079589030455565,0.3208161868452176,0.3372042964577919,0.5,,,,stop2c_frontier_breakhis_vit_hybrid_s0.75_l0.25_04-28_07-33,results/vit_test/stop2c_frontier_breakhis_vit_hybrid_s0.75_l0.25_04-28_07-33/metrics_20260428_073337_nicme_hybrid.json,results/stop2c_nicme_frontier/configs/014_stop2c_frontier_breakhis_vit_hybrid_s0.75_l0.25.json,stop2c_nicme_frontier,0.75,0.25,,0.953125,False,True,False,"[[30, 2], [1, 31]]",35.95296859741211,,,,,,,,,,,,breakhis_vit_hybrid_s0.75_l0.25,0.4897129004160664,0.0125,,,
breakhis_balanced_prototype,vit,google/vit-base-patch16-224-in21k,nicme_logit_adjustment,argmax,,malignant,"[[0.0, 1.0], [10.0, 0.0]]",,0.97,0.85,accuracy,0.0625,0.625,0.875,0.125,1.0,0.0,0.9375,0.9375,0.9372549019607843,0.09859999999999998,0.978515625,0.9849029356060606,0.4893213987508128,0.3032206567764478,0.3115151599049568,,,,,stop2c_frontier_breakhis_vit_logit_s0.3_04-28_07-36,results/vit_test/stop2c_frontier_breakhis_vit_logit_s0.3_04-28_07-36/metrics_20260428_073638_nicme_logit_adjustment.json,results/stop2c_nicme_frontier/configs/019_stop2c_frontier_breakhis_vit_logit_s0.3.json,stop2c_nicme_frontier,0.3,0.0,,0.9375,False,True,False,"[[32, 0], [4, 28]]",35.37187910079956,,,,,,,,,,,,breakhis_vit_logit_s0.3,,,,,
breakhis_balanced_prototype,vit,google/vit-base-patch16-224-in21k,nicme_logit_adjustment,calibrated_cost_min,,malignant,"[[0.0, 1.0], [10.0, 0.0]]",,0.97,0.85,accuracy,0.05,0.5,1.0,0.0,0.5,1.0,0.5,0.5,0.3333333333333333,0.1725,0.978515625,0.9849029356060606,0.3595056905533921,0.1979825223050215,0.20970569865266772,0.5,,,,stop2c_frontier_breakhis_vit_logit_s0.3_04-28_07-36,results/vit_test/stop2c_frontier_breakhis_vit_logit_s0.3_04-28_07-36/metrics_20260428_073638_nicme_logit_adjustment.json,results/stop2c_nicme_frontier/configs/019_stop2c_frontier_breakhis_vit_logit_s0.3.json,stop2c_nicme_frontier,0.3,0.0,,0.5,True,False,False,"[[0, 32], [0, 32]]",35.37187910079956,,,,,,,,,,,,breakhis_vit_logit_s0.3,,,,,
breakhis_balanced_prototype,vit,google/vit-base-patch16-224-in21k,nicme_logit_adjustment,calibrated_threshold,,malignant,"[[0.0, 1.0], [10.0, 0.0]]",,0.97,0.85,accuracy,0.0203125,0.203125,0.96875,0.03125,0.9117647058823529,0.09375,0.9375,0.9375,0.9374389051808407,0.02031875,0.978515625,0.9849029356060606,0.3595056905533921,0.1979825223050215,0.20970569865266772,0.5,,,,stop2c_frontier_breakhis_vit_logit_s0.3_04-28_07-36,results/vit_test/stop2c_frontier_breakhis_vit_logit_s0.3_04-28_07-36/metrics_20260428_073638_nicme_logit_adjustment.json,results/stop2c_nicme_frontier/configs/019_stop2c_frontier_breakhis_vit_logit_s0.3.json,stop2c_nicme_frontier,0.3,0.0,,0.9375,False,True,False,"[[29, 3], [1, 31]]",35.37187910079956,,,,,,,,,,,,breakhis_vit_logit_s0.3,0.3255161378982787,0.009375,,,
breakhis_balanced_prototype,vit,google/vit-base-patch16-224-in21k,nicme_logit_adjustment,argmax,,malignant,"[[0.0, 1.0], [10.0, 0.0]]",,0.97,0.85,accuracy,0.0640625,0.640625,0.875,0.125,0.9655172413793104,0.03125,0.921875,0.921875,0.921702960606802,0.10016249999999997,0.9658203125,0.9768881696596263,0.5701102110885331,0.37886221133409115,0.3496088422834873,,,,,stop2c_frontier_breakhis_vit_logit_s0.5_04-28_07-37,results/vit_test/stop2c_frontier_breakhis_vit_logit_s0.5_04-28_07-37/metrics_20260428_073715_nicme_logit_adjustment.json,results/stop2c_nicme_frontier/configs/020_stop2c_frontier_breakhis_vit_logit_s0.5.json,stop2c_nicme_frontier,0.5,0.0,,0.921875,False,True,False,"[[31, 1], [4, 28]]",37.057740688323975,,,,,,,,,,,,breakhis_vit_logit_s0.5,,,,,
breakhis_balanced_prototype,vit,google/vit-base-patch16-224-in21k,nicme_logit_adjustment,calibrated_cost_min,,malignant,"[[0.0, 1.0], [10.0, 0.0]]",,0.97,0.85,accuracy,0.05,0.5,1.0,0.0,0.5,1.0,0.5,0.5,0.3333333333333333,0.1725,0.9658203125,0.9768881696596263,0.4747949983189631,0.2918588895621692,0.28381725410924313,0.5,,,,stop2c_frontier_breakhis_vit_logit_s0.5_04-28_07-37,results/vit_test/stop2c_frontier_breakhis_vit_logit_s0.5_04-28_07-37/metrics_20260428_073715_nicme_logit_adjustment.json,results/stop2c_nicme_frontier/configs/020_stop2c_frontier_breakhis_vit_logit_s0.5.json,stop2c_nicme_frontier,0.5,0.0,,0.5,True,False,False,"[[0, 32], [0, 32]]",37.057740688323975,,,,,,,,,,,,breakhis_vit_logit_s0.5,,,,,
breakhis_balanced_prototype,vit,google/vit-base-patch16-224-in21k,nicme_logit_adjustment,calibrated_threshold,,malignant,"[[0.0, 1.0], [10.0, 0.0]]",,0.97,0.85,accuracy,0.0359375,0.359375,0.9375,0.0625,0.9090909090909091,0.09375,0.921875,0.921875,0.9218559218559218,0.04016249999999999,0.9658203125,0.9768881696596263,0.4747949983189631,0.2918588895621692,0.28381725410924313,0.5,,,,stop2c_frontier_breakhis_vit_logit_s0.5_04-28_07-37,results/vit_test/stop2c_frontier_breakhis_vit_logit_s0.5_04-28_07-37/metrics_20260428_073715_nicme_logit_adjustment.json,results/stop2c_nicme_frontier/configs/020_stop2c_frontier_breakhis_vit_logit_s0.5.json,stop2c_nicme_frontier,0.5,0.0,,0.921875,False,True,False,"[[29, 3], [2, 30]]",37.057740688323975,,,,,,,,,,,,breakhis_vit_logit_s0.5,0.4437511933027276,0.00625,,,
breakhis_balanced_prototype,vit,google/vit-base-patch16-224-in21k,nicme_logit_adjustment,argmax,,malignant,"[[0.0, 1.0], [10.0, 0.0]]",,0.97,0.85,accuracy,0.0640625,0.640625,0.875,0.125,0.9655172413793104,0.03125,0.921875,0.921875,0.921702960606802,0.10016249999999997,0.9580078125,0.97298238500381,0.5897252651500805,0.39756503179817704,0.36069724895060057,,,,,stop2c_frontier_breakhis_vit_logit_s0.75_04-28_07-37,results/vit_test/stop2c_frontier_breakhis_vit_logit_s0.75_04-28_07-37/metrics_20260428_073751_nicme_logit_adjustment.json,results/stop2c_nicme_frontier/configs/021_stop2c_frontier_breakhis_vit_logit_s0.75.json,stop2c_nicme_frontier,0.75,0.0,,0.921875,False,True,False,"[[31, 1], [4, 28]]",35.89850997924805,,,,,,,,,,,,breakhis_vit_logit_s0.75,,,,,
breakhis_balanced_prototype,vit,google/vit-base-patch16-224-in21k,nicme_logit_adjustment,calibrated_cost_min,,malignant,"[[0.0, 1.0], [10.0, 0.0]]",,0.97,0.85,accuracy,0.05,0.5,1.0,0.0,0.5,1.0,0.5,0.5,0.3333333333333333,0.1725,0.9580078125,0.97298238500381,0.5052640017491734,0.31818389342830006,0.3029746070025579,0.5,,,,stop2c_frontier_breakhis_vit_logit_s0.75_04-28_07-37,results/vit_test/stop2c_frontier_breakhis_vit_logit_s0.75_04-28_07-37/metrics_20260428_073751_nicme_logit_adjustment.json,results/stop2c_nicme_frontier/configs/021_stop2c_frontier_breakhis_vit_logit_s0.75.json,stop2c_nicme_frontier,0.75,0.0,,0.5,True,False,False,"[[0, 32], [0, 32]]",35.89850997924805,,,,,,,,,,,,breakhis_vit_logit_s0.75,,,,,
breakhis_balanced_prototype,vit,google/vit-base-patch16-224-in21k,nicme_logit_adjustment,calibrated_threshold,,malignant,"[[0.0, 1.0], [10.0, 0.0]]",,0.97,0.85,accuracy,0.05,0.5,0.90625,0.09375,0.9354838709677419,0.0625,0.921875,0.921875,0.9218559218559218,0.06625624999999999,0.9580078125,0.97298238500381,0.5052640017491734,0.31818389342830006,0.3029746070025579,0.5,,,,stop2c_frontier_breakhis_vit_logit_s0.75_04-28_07-37,results/vit_test/stop2c_frontier_breakhis_vit_logit_s0.75_04-28_07-37/metrics_20260428_073751_nicme_logit_adjustment.json,results/stop2c_nicme_frontier/configs/021_stop2c_frontier_breakhis_vit_logit_s0.75.json,stop2c_nicme_frontier,0.75,0.0,,0.921875,False,True,False,"[[30, 2], [3, 29]]",35.89850997924805,,,,,,,,,,,,breakhis_vit_logit_s0.75,0.4666549532863822,0.00625,,,
breakhis_balanced_prototype,vit,google/vit-base-patch16-224-in21k,nicme_logit_adjustment,argmax,,malignant,"[[0.0, 1.0], [10.0, 0.0]]",,0.97,0.85,accuracy,0.034375,0.34375,0.9375,0.0625,0.9375,0.0625,0.9375,0.9375,0.9375,0.038599999999999995,0.966796875,0.97707960118005,0.6131479146990086,0.42044100288158426,0.39209924638271326,,,,,stop2c_frontier_breakhis_vit_logit_s1_04-28_07-38,results/vit_test/stop2c_frontier_breakhis_vit_logit_s1_04-28_07-38/metrics_20260428_073826_nicme_logit_adjustment.json,results/stop2c_nicme_frontier/configs/022_stop2c_frontier_breakhis_vit_logit_s1.json,stop2c_nicme_frontier,1.0,0.0,,0.9375,False,True,False,"[[30, 2], [2, 30]]",35.84071898460388,,,,,,,,,,,,breakhis_vit_logit_s1,,,,,
breakhis_balanced_prototype,vit,google/vit-base-patch16-224-in21k,nicme_logit_adjustment,calibrated_cost_min,,malignant,"[[0.0, 1.0], [10.0, 0.0]]",,0.97,0.85,accuracy,0.05,0.5,1.0,0.0,0.5,1.0,0.5,0.5,0.3333333333333333,0.1725,0.966796875,0.97707960118005,0.5437950742028415,0.35359964761438134,0.3481754880756949,0.5,,,,stop2c_frontier_breakhis_vit_logit_s1_04-28_07-38,results/vit_test/stop2c_frontier_breakhis_vit_logit_s1_04-28_07-38/metrics_20260428_073826_nicme_logit_adjustment.json,results/stop2c_nicme_frontier/configs/022_stop2c_frontier_breakhis_vit_logit_s1.json,stop2c_nicme_frontier,1.0,0.0,,0.5,True,False,False,"[[0, 32], [0, 32]]",35.84071898460388,,,,,,,,,,,,breakhis_vit_logit_s1,,,,,
breakhis_balanced_prototype,vit,google/vit-base-patch16-224-in21k,nicme_logit_adjustment,calibrated_threshold,,malignant,"[[0.0, 1.0], [10.0, 0.0]]",,0.97,0.85,accuracy,0.05,0.5,0.90625,0.09375,0.9354838709677419,0.0625,0.921875,0.921875,0.9218559218559218,0.06625624999999999,0.966796875,0.97707960118005,0.5437950742028415,0.35359964761438134,0.3481754880756949,0.5,,,,stop2c_frontier_breakhis_vit_logit_s1_04-28_07-38,results/vit_test/stop2c_frontier_breakhis_vit_logit_s1_04-28_07-38/metrics_20260428_073826_nicme_logit_adjustment.json,results/stop2c_nicme_frontier/configs/022_stop2c_frontier_breakhis_vit_logit_s1.json,stop2c_nicme_frontier,1.0,0.0,,0.921875,False,True,False,"[[30, 2], [3, 29]]",35.84071898460388,,,,,,,,,,,,breakhis_vit_logit_s1,0.5083244145620984,0.009375,,,
spider_balanced_prototype,vit,google/vit-base-patch16-224-in21k,nicme_hybrid,argmax,,black_widow,"[[0.0, 10.0], [1.0, 0.0]]",,0.95,0.8,accuracy,0.05,0.5,0.9375,0.0625,0.7142857142857143,0.375,0.78125,0.78125,0.7757757757757757,0.050976562499999996,0.90234375,0.9015097290201775,0.6184210161368596,0.4262814098690932,0.22870911657810214,,,,,stop2c_frontier_spider_vit_hybrid_s0.35_l0.25_04-28_07-30,results/vit_test/stop2c_frontier_spider_vit_hybrid_s0.35_l0.25_04-28_07-30/metrics_20260428_073030_nicme_hybrid.json,results/stop2c_nicme_frontier/configs/008_stop2c_frontier_spider_vit_hybrid_s0.35_l0.25.json,stop2c_nicme_frontier,0.35,0.25,,0.78125,False,False,False,"[[30, 2], [12, 20]]",28.011322498321533,,,,,,,,,,,,spider_vit_hybrid_s0.35_l0.25,,,,,
spider_balanced_prototype,vit,google/vit-base-patch16-224-in21k,nicme_hybrid,calibrated_cost_min,,black_widow,"[[0.0, 10.0], [1.0, 0.0]]",,0.95,0.8,accuracy,0.05,0.5,1.0,0.0,0.5,1.0,0.5,0.5,0.3333333333333333,0.14,0.90234375,0.9015097290201775,0.5608004888292419,0.3732338308747042,0.20221119723391656,0.5,,,,stop2c_frontier_spider_vit_hybrid_s0.35_l0.25_04-28_07-30,results/vit_test/stop2c_frontier_spider_vit_hybrid_s0.35_l0.25_04-28_07-30/metrics_20260428_073030_nicme_hybrid.json,results/stop2c_nicme_frontier/configs/008_stop2c_frontier_spider_vit_hybrid_s0.35_l0.25.json,stop2c_nicme_frontier,0.35,0.25,,0.5,True,False,False,"[[32, 0], [32, 0]]",28.011322498321533,,,,,,,,,,,,spider_vit_hybrid_s0.35_l0.25,,,,,
spider_balanced_prototype,vit,google/vit-base-patch16-224-in21k,nicme_hybrid,calibrated_threshold,,black_widow,"[[0.0, 10.0], [1.0, 0.0]]",,0.95,0.8,accuracy,0.0421875,0.421875,0.96875,0.03125,0.6458333333333334,0.53125,0.71875,0.71875,0.7,0.04878906250000001,0.90234375,0.9015097290201775,0.5608004888292419,0.3732338308747042,0.20221119723391656,0.5,,,,stop2c_frontier_spider_vit_hybrid_s0.35_l0.25_04-28_07-30,results/vit_test/stop2c_frontier_spider_vit_hybrid_s0.35_l0.25_04-28_07-30/metrics_20260428_073030_nicme_hybrid.json,results/stop2c_nicme_frontier/configs/008_stop2c_frontier_spider_vit_hybrid_s0.35_l0.25.json,stop2c_nicme_frontier,0.35,0.25,,0.71875,True,False,False,"[[31, 1], [17, 15]]",28.011322498321533,,,,,,,,,,,,spider_vit_hybrid_s0.35_l0.25,0.45673348615188447,0.04878906250000001,,,
spider_balanced_prototype,vit,google/vit-base-patch16-224-in21k,nicme_hybrid,argmax,,black_widow,"[[0.0, 10.0], [1.0, 0.0]]",,0.95,0.8,accuracy,0.065625,0.65625,0.96875,0.03125,0.49206349206349204,1.0,0.484375,0.484375,0.32631578947368417,0.16524414062500004,0.703125,0.653160683518728,0.6817365929056255,0.4889626349877373,0.12869309447705746,,,,,stop2c_frontier_spider_vit_hybrid_s0.5_l0.1_04-28_07-31,results/vit_test/stop2c_frontier_spider_vit_hybrid_s0.5_l0.1_04-28_07-31/metrics_20260428_073148_nicme_hybrid.json,results/stop2c_nicme_frontier/configs/011_stop2c_frontier_spider_vit_hybrid_s0.5_l0.1.json,stop2c_nicme_frontier,0.5,0.1,,0.484375,True,False,False,"[[31, 1], [32, 0]]",21.412529706954956,,,,,,,,,,,,spider_vit_hybrid_s0.5_l0.1,,,,,
spider_balanced_prototype,vit,google/vit-base-patch16-224-in21k,nicme_hybrid,calibrated_cost_min,,black_widow,"[[0.0, 10.0], [1.0, 0.0]]",,0.95,0.8,accuracy,0.05,0.5,1.0,0.0,0.5,1.0,0.5,0.5,0.3333333333333333,0.14,0.703125,0.653160683518728,0.6817365839321319,0.4889626273516454,0.12869308990108494,1.0,,,,stop2c_frontier_spider_vit_hybrid_s0.5_l0.1_04-28_07-31,results/vit_test/stop2c_frontier_spider_vit_hybrid_s0.5_l0.1_04-28_07-31/metrics_20260428_073148_nicme_hybrid.json,results/stop2c_nicme_frontier/configs/011_stop2c_frontier_spider_vit_hybrid_s0.5_l0.1.json,stop2c_nicme_frontier,0.5,0.1,,0.5,True,False,False,"[[32, 0], [32, 0]]",21.412529706954956,,,,,,,,,,,,spider_vit_hybrid_s0.5_l0.1,,,,,
spider_balanced_prototype,vit,google/vit-base-patch16-224-in21k,nicme_hybrid,calibrated_threshold,,black_widow,"[[0.0, 10.0], [1.0, 0.0]]",,0.95,0.8,accuracy,0.075,0.75,0.9375,0.0625,0.5172413793103449,0.875,0.53125,0.53125,0.4385964912280702,0.14785156250000003,0.703125,0.653160683518728,0.6817365839321319,0.4889626273516454,0.12869308990108494,1.0,,,,stop2c_frontier_spider_vit_hybrid_s0.5_l0.1_04-28_07-31,results/vit_test/stop2c_frontier_spider_vit_hybrid_s0.5_l0.1_04-28_07-31/metrics_20260428_073148_nicme_hybrid.json,results/stop2c_nicme_frontier/configs/011_stop2c_frontier_spider_vit_hybrid_s0.5_l0.1.json,stop2c_nicme_frontier,0.5,0.1,,0.53125,False,False,False,"[[30, 2], [28, 4]]",21.412529706954956,,,,,,,,,,,,spider_vit_hybrid_s0.5_l0.1,0.5220994467037452,0.10015625000000002,,,
spider_balanced_prototype,vit,google/vit-base-patch16-224-in21k,nicme_hybrid,argmax,,black_widow,"[[0.0, 10.0], [1.0, 0.0]]",,0.95,0.8,accuracy,0.0515625,0.515625,0.9375,0.0625,0.6976744186046512,0.40625,0.765625,0.765625,0.7584905660377359,0.05336914062499999,0.90234375,0.8995272713613737,0.6204225109818485,0.42828083544526796,0.21302365325391295,,,,,stop2c_frontier_spider_vit_hybrid_s0.5_l0.25_04-28_07-30,results/vit_test/stop2c_frontier_spider_vit_hybrid_s0.5_l0.25_04-28_07-30/metrics_20260428_073058_nicme_hybrid.json,results/stop2c_nicme_frontier/configs/009_stop2c_frontier_spider_vit_hybrid_s0.5_l0.25.json,stop2c_nicme_frontier,0.5,0.25,,0.765625,False,False,False,"[[30, 2], [13, 19]]",27.95233702659607,,,,,,,,,,,,spider_vit_hybrid_s0.5_l0.25,,,,,
spider_balanced_prototype,vit,google/vit-base-patch16-224-in21k,nicme_hybrid,calibrated_cost_min,,black_widow,"[[0.0, 10.0], [1.0, 0.0]]",,0.95,0.8,accuracy,0.05,0.5,1.0,0.0,0.5,1.0,0.5,0.5,0.3333333333333333,0.14,0.90234375,0.8995272713613737,0.5648434566828672,0.37723441331437346,0.2040872261878263,0.5,,,,stop2c_frontier_spider_vit_hybrid_s0.5_l0.25_04-28_07-30,results/vit_test/stop2c_frontier_spider_vit_hybrid_s0.5_l0.25_04-28_07-30/metrics_20260428_073058_nicme_hybrid.json,results/stop2c_nicme_frontier/configs/009_stop2c_frontier_spider_vit_hybrid_s0.5_l0.25.json,stop2c_nicme_frontier,0.5,0.25,,0.5,True,False,False,"[[32, 0], [32, 0]]",27.95233702659607,,,,,,,,,,,,spider_vit_hybrid_s0.5_l0.25,,,,,
spider_balanced_prototype,vit,google/vit-base-patch16-224-in21k,nicme_hybrid,calibrated_threshold,,black_widow,"[[0.0, 10.0], [1.0, 0.0]]",,0.95,0.8,accuracy,0.046875,0.46875,0.96875,0.03125,0.6078431372549019,0.625,0.671875,0.671875,0.640160642570281,0.06329101562500002,0.90234375,0.8995272713613737,0.5648434566828672,0.37723441331437346,0.2040872261878263,0.5,,,,stop2c_frontier_spider_vit_hybrid_s0.5_l0.25_04-28_07-30,results/vit_test/stop2c_frontier_spider_vit_hybrid_s0.5_l0.25_04-28_07-30/metrics_20260428_073058_nicme_hybrid.json,results/stop2c_nicme_frontier/configs/009_stop2c_frontier_spider_vit_hybrid_s0.5_l0.25.json,stop2c_nicme_frontier,0.5,0.25,,0.671875,True,False,False,"[[31, 1], [20, 12]]",27.95233702659607,,,,,,,,,,,,spider_vit_hybrid_s0.5_l0.25,0.4547824692869244,0.053134765625000004,,,
spider_balanced_prototype,vit,google/vit-base-patch16-224-in21k,nicme_hybrid,argmax,,black_widow,"[[0.0, 10.0], [1.0, 0.0]]",,0.95,0.8,accuracy,0.05,0.5,0.9375,0.0625,0.7142857142857143,0.375,0.78125,0.78125,0.7757757757757757,0.050976562499999996,0.896484375,0.89074302021089,0.620200834409425,0.4280315282494255,0.22932431846857068,,,,,stop2c_frontier_spider_vit_hybrid_s0.6_l0.25_04-28_07-31,results/vit_test/stop2c_frontier_spider_vit_hybrid_s0.6_l0.25_04-28_07-31/metrics_20260428_073126_nicme_hybrid.json,results/stop2c_nicme_frontier/configs/010_stop2c_frontier_spider_vit_hybrid_s0.6_l0.25.json,stop2c_nicme_frontier,0.6,0.25,,0.78125,False,False,False,"[[30, 2], [12, 20]]",28.582499742507935,,,,,,,,,,,,spider_vit_hybrid_s0.6_l0.25,,,,,
spider_balanced_prototype,vit,google/vit-base-patch16-224-in21k,nicme_hybrid,calibrated_cost_min,,black_widow,"[[0.0, 10.0], [1.0, 0.0]]",,0.95,0.8,accuracy,0.05,0.5,1.0,0.0,0.5,1.0,0.5,0.5,0.3333333333333333,0.14,0.896484375,0.89074302021089,0.5640270036993,0.37630857170227644,0.1809169632628428,0.5,,,,stop2c_frontier_spider_vit_hybrid_s0.6_l0.25_04-28_07-31,results/vit_test/stop2c_frontier_spider_vit_hybrid_s0.6_l0.25_04-28_07-31/metrics_20260428_073126_nicme_hybrid.json,results/stop2c_nicme_frontier/configs/010_stop2c_frontier_spider_vit_hybrid_s0.6_l0.25.json,stop2c_nicme_frontier,0.6,0.25,,0.5,True,False,False,"[[32, 0], [32, 0]]",28.582499742507935,,,,,,,,,,,,spider_vit_hybrid_s0.6_l0.25,,,,,
spider_balanced_prototype,vit,google/vit-base-patch16-224-in21k,nicme_hybrid,calibrated_threshold,,black_widow,"[[0.0, 10.0], [1.0, 0.0]]",,0.95,0.8,accuracy,0.04375,0.4375,0.96875,0.03125,0.6326530612244898,0.5625,0.703125,0.703125,0.680588389808248,0.053134765625000004,0.896484375,0.89074302021089,0.5640270036993,0.37630857170227644,0.1809169632628428,0.5,,,,stop2c_frontier_spider_vit_hybrid_s0.6_l0.25_04-28_07-31,results/vit_test/stop2c_frontier_spider_vit_hybrid_s0.6_l0.25_04-28_07-31/metrics_20260428_073126_nicme_hybrid.json,results/stop2c_nicme_frontier/configs/010_stop2c_frontier_spider_vit_hybrid_s0.6_l0.25.json,stop2c_nicme_frontier,0.6,0.25,,0.703125,True,False,False,"[[31, 1], [18, 14]]",28.582499742507935,,,,,,,,,,,,spider_vit_hybrid_s0.6_l0.25,0.45949545279022025,0.04878906250000001,,,
spider_balanced_prototype,vit,google/vit-base-patch16-224-in21k,nicme_logit_adjustment,argmax,,black_widow,"[[0.0, 10.0], [1.0, 0.0]]",,0.95,0.8,accuracy,0.065625,0.65625,0.96875,0.03125,0.49206349206349204,1.0,0.484375,0.484375,0.32631578947368417,0.16524414062500004,0.7490234375,0.6969581851822062,0.6753535545120589,0.4826386091329786,0.14302184525877232,,,,,stop2c_frontier_spider_vit_logit_s0.55_04-28_07-27,results/vit_test/stop2c_frontier_spider_vit_logit_s0.55_04-28_07-27/metrics_20260428_072741_nicme_logit_adjustment.json,results/stop2c_nicme_frontier/configs/001_stop2c_frontier_spider_vit_logit_s0.55.json,stop2c_nicme_frontier,0.55,0.0,,0.484375,True,False,False,"[[31, 1], [32, 0]]",21.38999891281128,,,,,,,,,,,,spider_vit_logit_s0.55,,,,,
spider_balanced_prototype,vit,google/vit-base-patch16-224-in21k,nicme_logit_adjustment,calibrated_cost_min,,black_widow,"[[0.0, 10.0], [1.0, 0.0]]",,0.95,0.8,accuracy,0.05,0.5,1.0,0.0,0.5,1.0,0.5,0.5,0.3333333333333333,0.14,0.7490234375,0.6969581851822062,0.6730257263038253,0.48077485409565063,0.17552632638215426,0.75,,,,stop2c_frontier_spider_vit_logit_s0.55_04-28_07-27,results/vit_test/stop2c_frontier_spider_vit_logit_s0.55_04-28_07-27/metrics_20260428_072741_nicme_logit_adjustment.json,results/stop2c_nicme_frontier/configs/001_stop2c_frontier_spider_vit_logit_s0.55.json,stop2c_nicme_frontier,0.55,0.0,,0.5,True,False,False,"[[32, 0], [32, 0]]",21.38999891281128,,,,,,,,,,,,spider_vit_logit_s0.55,,,,,
spider_balanced_prototype,vit,google/vit-base-patch16-224-in21k,nicme_logit_adjustment,calibrated_threshold,,black_widow,"[[0.0, 10.0], [1.0, 0.0]]",,0.95,0.8,accuracy,0.09375,0.9375,0.875,0.125,0.5833333333333334,0.625,0.625,0.625,0.6000000000000001,0.146875,0.7490234375,0.6969581851822062,0.6730257263038253,0.48077485409565063,0.17552632638215426,0.75,,,,stop2c_frontier_spider_vit_logit_s0.55_04-28_07-27,results/vit_test/stop2c_frontier_spider_vit_logit_s0.55_04-28_07-27/metrics_20260428_072741_nicme_logit_adjustment.json,results/stop2c_nicme_frontier/configs/001_stop2c_frontier_spider_vit_logit_s0.55.json,stop2c_nicme_frontier,0.55,0.0,,0.625,False,False,False,"[[28, 4], [20, 12]]",21.38999891281128,,,,,,,,,,,,spider_vit_logit_s0.55,0.5443166895018448,0.07797851562500001,,,
spider_balanced_prototype,vit,google/vit-base-patch16-224-in21k,nicme_logit_adjustment,argmax,,black_widow,"[[0.0, 10.0], [1.0, 0.0]]",,0.95,0.8,accuracy,0.065625,0.65625,0.96875,0.03125,0.49206349206349204,1.0,0.484375,0.484375,0.32631578947368417,0.16524414062500004,0.7275390625,0.6769586154614144,0.6782124463138149,0.48548551591133837,0.1447981158271432,,,,,stop2c_frontier_spider_vit_logit_s0.65_04-28_07-28,results/vit_test/stop2c_frontier_spider_vit_logit_s0.65_04-28_07-28/metrics_20260428_072829_nicme_logit_adjustment.json,results/stop2c_nicme_frontier/configs/003_stop2c_frontier_spider_vit_logit_s0.65.json,stop2c_nicme_frontier,0.65,0.0,,0.484375,True,False,False,"[[31, 1], [32, 0]]",20.93026852607727,,,,,,,,,,,,spider_vit_logit_s0.65,,,,,
spider_balanced_prototype,vit,google/vit-base-patch16-224-in21k,nicme_logit_adjustment,calibrated_cost_min,,black_widow,"[[0.0, 10.0], [1.0, 0.0]]",,0.95,0.8,accuracy,0.05,0.5,1.0,0.0,0.5,1.0,0.5,0.5,0.3333333333333333,0.14,0.7275390625,0.6769586154614144,0.6773446990234033,0.48483261448041,0.16827354696438335,0.8500000000000001,,,,stop2c_frontier_spider_vit_logit_s0.65_04-28_07-28,results/vit_test/stop2c_frontier_spider_vit_logit_s0.65_04-28_07-28/metrics_20260428_072829_nicme_logit_adjustment.json,results/stop2c_nicme_frontier/configs/003_stop2c_frontier_spider_vit_logit_s0.65.json,stop2c_nicme_frontier,0.65,0.0,,0.5,True,False,False,"[[32, 0], [32, 0]]",20.93026852607727,,,,,,,,,,,,spider_vit_logit_s0.65,,,,,
spider_balanced_prototype,vit,google/vit-base-patch16-224-in21k,nicme_logit_adjustment,calibrated_threshold,,black_widow,"[[0.0, 10.0], [1.0, 0.0]]",,0.95,0.8,accuracy,0.0984375,0.984375,0.875,0.125,0.5490196078431373,0.71875,0.578125,0.578125,0.5373493975903615,0.170166015625,0.7275390625,0.6769586154614144,0.6773446990234033,0.48483261448041,0.16827354696438335,0.8500000000000001,,,,stop2c_frontier_spider_vit_logit_s0.65_04-28_07-28,results/vit_test/stop2c_frontier_spider_vit_logit_s0.65_04-28_07-28/metrics_20260428_072829_nicme_logit_adjustment.json,results/stop2c_nicme_frontier/configs/003_stop2c_frontier_spider_vit_logit_s0.65.json,stop2c_nicme_frontier,0.65,0.0,,0.578125,False,False,False,"[[28, 4], [23, 9]]",20.93026852607727,,,,,,,,,,,,spider_vit_logit_s0.65,0.5390018713053459,0.08378906250000001,,,
spider_balanced_prototype,vit,google/vit-base-patch16-224-in21k,nicme_logit_adjustment,argmax,,black_widow,"[[0.0, 10.0], [1.0, 0.0]]",,0.95,0.8,accuracy,0.065625,0.65625,0.96875,0.03125,0.49206349206349204,1.0,0.484375,0.484375,0.32631578947368417,0.16524414062500004,0.740234375,0.682579732527731,0.6766206929011291,0.48389105960416334,0.1437758766114712,,,,,stop2c_frontier_spider_vit_logit_s0.6_04-28_07-27,results/vit_test/stop2c_frontier_spider_vit_logit_s0.6_04-28_07-27/metrics_20260428_072808_nicme_logit_adjustment.json,results/stop2c_nicme_frontier/configs/002_stop2c_frontier_spider_vit_logit_s0.6.json,stop2c_nicme_frontier,0.6,0.0,,0.484375,True,False,False,"[[31, 1], [32, 0]]",26.18339228630066,,,,,,,,,,,,spider_vit_logit_s0.6,,,,,
spider_balanced_prototype,vit,google/vit-base-patch16-224-in21k,nicme_logit_adjustment,calibrated_cost_min,,black_widow,"[[0.0, 10.0], [1.0, 0.0]]",,0.95,0.8,accuracy,0.05,0.5,1.0,0.0,0.5,1.0,0.5,0.5,0.3333333333333333,0.14,0.740234375,0.682579732527731,0.6747519662274635,0.48246718281768053,0.1887359987358547,0.75,,,,stop2c_frontier_spider_vit_logit_s0.6_04-28_07-27,results/vit_test/stop2c_frontier_spider_vit_logit_s0.6_04-28_07-27/metrics_20260428_072808_nicme_logit_adjustment.json,results/stop2c_nicme_frontier/configs/002_stop2c_frontier_spider_vit_logit_s0.6.json,stop2c_nicme_frontier,0.6,0.0,,0.5,True,False,False,"[[32, 0], [32, 0]]",26.18339228630066,,,,,,,,,,,,spider_vit_logit_s0.6,,,,,
spider_balanced_prototype,vit,google/vit-base-patch16-224-in21k,nicme_logit_adjustment,calibrated_threshold,,black_widow,"[[0.0, 10.0], [1.0, 0.0]]",,0.95,0.8,accuracy,0.096875,0.96875,0.875,0.125,0.56,0.6875,0.59375,0.59375,0.5588547189819725,0.1619140625,0.740234375,0.682579732527731,0.6747519662274635,0.48246718281768053,0.1887359987358547,0.75,,,,stop2c_frontier_spider_vit_logit_s0.6_04-28_07-27,results/vit_test/stop2c_frontier_spider_vit_logit_s0.6_04-28_07-27/metrics_20260428_072808_nicme_logit_adjustment.json,results/stop2c_nicme_frontier/configs/002_stop2c_frontier_spider_vit_logit_s0.6.json,stop2c_nicme_frontier,0.6,0.0,,0.59375,False,False,False,"[[28, 4], [22, 10]]",26.18339228630066,,,,,,,,,,,,spider_vit_logit_s0.6,0.5446974383128118,0.07797851562500001,,,
spider_balanced_prototype,vit,google/vit-base-patch16-224-in21k,nicme_logit_adjustment,argmax,,black_widow,"[[0.0, 10.0], [1.0, 0.0]]",,0.95,0.8,accuracy,0.065625,0.65625,0.96875,0.03125,0.49206349206349204,1.0,0.484375,0.484375,0.32631578947368417,0.16524414062500004,0.724609375,0.6755379696759533,0.6783923650558381,0.4856535437713966,0.13281071092933422,,,,,stop2c_frontier_spider_vit_logit_s0.7_04-28_07-28,results/vit_test/stop2c_frontier_spider_vit_logit_s0.7_04-28_07-28/metrics_20260428_072851_nicme_logit_adjustment.json,results/stop2c_nicme_frontier/configs/004_stop2c_frontier_spider_vit_logit_s0.7.json,stop2c_nicme_frontier,0.7,0.0,,0.484375,True,False,False,"[[31, 1], [32, 0]]",21.983099699020386,,,,,,,,,,,,spider_vit_logit_s0.7,,,,,
spider_balanced_prototype,vit,google/vit-base-patch16-224-in21k,nicme_logit_adjustment,calibrated_cost_min,,black_widow,"[[0.0, 10.0], [1.0, 0.0]]",,0.95,0.8,accuracy,0.05,0.5,1.0,0.0,0.5,1.0,0.5,0.5,0.3333333333333333,0.14,0.724609375,0.6755379696759533,0.6775550613450141,0.48502462726920104,0.16886910003635958,0.8500000000000001,,,,stop2c_frontier_spider_vit_logit_s0.7_04-28_07-28,results/vit_test/stop2c_frontier_spider_vit_logit_s0.7_04-28_07-28/metrics_20260428_072851_nicme_logit_adjustment.json,results/stop2c_nicme_frontier/configs/004_stop2c_frontier_spider_vit_logit_s0.7.json,stop2c_nicme_frontier,0.7,0.0,,0.5,True,False,False,"[[32, 0], [32, 0]]",21.983099699020386,,,,,,,,,,,,spider_vit_logit_s0.7,,,,,
spider_balanced_prototype,vit,google/vit-base-patch16-224-in21k,nicme_logit_adjustment,calibrated_threshold,,black_widow,"[[0.0, 10.0], [1.0, 0.0]]",,0.95,0.8,accuracy,0.075,0.75,0.9375,0.0625,0.5172413793103449,0.875,0.53125,0.53125,0.4385964912280702,0.14785156250000003,0.724609375,0.6755379696759533,0.6775550613450141,0.48502462726920104,0.16886910003635958,0.8500000000000001,,,,stop2c_frontier_spider_vit_logit_s0.7_04-28_07-28,results/vit_test/stop2c_frontier_spider_vit_logit_s0.7_04-28_07-28/metrics_20260428_072851_nicme_logit_adjustment.json,results/stop2c_nicme_frontier/configs/004_stop2c_frontier_spider_vit_logit_s0.7.json,stop2c_nicme_frontier,0.7,0.0,,0.53125,False,False,False,"[[30, 2], [28, 4]]",21.983099699020386,,,,,,,,,,,,spider_vit_logit_s0.7,0.5243804396542384,0.09141601562500001,,,
spider_balanced_prototype,vit,google/vit-base-patch16-224-in21k,nicme_logit_adjustment,argmax,,black_widow,"[[0.0, 10.0], [1.0, 0.0]]",,0.95,0.8,accuracy,0.0484375,0.484375,0.9375,0.0625,0.7317073170731707,0.34375,0.796875,0.796875,0.7927770859277707,0.04907226562499999,0.9013671875,0.9007927708869636,0.6156138594442735,0.4235594431917835,0.24093751050531861,,,,,stop2c_frontier_spider_vit_logit_s0.8_04-28_07-29,results/vit_test/stop2c_frontier_spider_vit_logit_s0.8_04-28_07-29/metrics_20260428_072918_nicme_logit_adjustment.json,results/stop2c_nicme_frontier/configs/005_stop2c_frontier_spider_vit_logit_s0.8.json,stop2c_nicme_frontier,0.8,0.0,,0.796875,False,False,False,"[[30, 2], [11, 21]]",27.86460256576538,,,,,,,,,,,,spider_vit_logit_s0.8,,,,,
spider_balanced_prototype,vit,google/vit-base-patch16-224-in21k,nicme_logit_adjustment,calibrated_cost_min,,black_widow,"[[0.0, 10.0], [1.0, 0.0]]",,0.95,0.8,accuracy,0.05,0.5,1.0,0.0,0.5,1.0,0.5,0.5,0.3333333333333333,0.14,0.9013671875,0.9007927708869636,0.5567451941134134,0.369655687572367,0.18896189522743898,0.5,,,,stop2c_frontier_spider_vit_logit_s0.8_04-28_07-29,results/vit_test/stop2c_frontier_spider_vit_logit_s0.8_04-28_07-29/metrics_20260428_072918_nicme_logit_adjustment.json,results/stop2c_nicme_frontier/configs/005_stop2c_frontier_spider_vit_logit_s0.8.json,stop2c_nicme_frontier,0.8,0.0,,0.5,True,False,False,"[[32, 0], [32, 0]]",27.86460256576538,,,,,,,,,,,,spider_vit_logit_s0.8,,,,,
spider_balanced_prototype,vit,google/vit-base-patch16-224-in21k,nicme_logit_adjustment,calibrated_threshold,,black_widow,"[[0.0, 10.0], [1.0, 0.0]]",,0.95,0.8,accuracy,0.040625,0.40625,0.96875,0.03125,0.6595744680851063,0.5,0.734375,0.734375,0.7189356755360372,0.044931640625000005,0.9013671875,0.9007927708869636,0.5567451941134134,0.369655687572367,0.18896189522743898,0.5,,,,stop2c_frontier_spider_vit_logit_s0.8_04-28_07-29,results/vit_test/stop2c_frontier_spider_vit_logit_s0.8_04-28_07-29/metrics_20260428_072918_nicme_logit_adjustment.json,results/stop2c_nicme_frontier/configs/005_stop2c_frontier_spider_vit_logit_s0.8.json,stop2c_nicme_frontier,0.8,0.0,,0.734375,True,False,False,"[[31, 1], [16, 16]]",27.86460256576538,,,,,,,,,,,,spider_vit_logit_s0.8,0.4659155408523806,0.038681640625,,,
spider_balanced_prototype,vit,google/vit-base-patch16-224-in21k,nicme_logit_adjustment,argmax,,black_widow,"[[0.0, 10.0], [1.0, 0.0]]",,0.95,0.8,accuracy,0.065625,0.65625,0.96875,0.03125,0.49206349206349204,1.0,0.484375,0.484375,0.32631578947368417,0.16524414062500004,0.71484375,0.6610146114003912,0.6805731647483202,0.4877958154608313,0.11472426075488334,,,,,stop2c_frontier_spider_vit_logit_s0.9_04-28_07-29,results/vit_test/stop2c_frontier_spider_vit_logit_s0.9_04-28_07-29/metrics_20260428_072940_nicme_logit_adjustment.json,results/stop2c_nicme_frontier/configs/006_stop2c_frontier_spider_vit_logit_s0.9.json,stop2c_nicme_frontier,0.9,0.0,,0.484375,True,False,False,"[[31, 1], [32, 0]]",21.44873332977295,,,,,,,,,,,,spider_vit_logit_s0.9,,,,,
spider_balanced_prototype,vit,google/vit-base-patch16-224-in21k,nicme_logit_adjustment,calibrated_cost_min,,black_widow,"[[0.0, 10.0], [1.0, 0.0]]",,0.95,0.8,accuracy,0.05,0.5,1.0,0.0,0.5,1.0,0.5,0.5,0.3333333333333333,0.14,0.71484375,0.6610146114003912,0.6802264897608381,0.487562038358205,0.15561059339121747,0.9,,,,stop2c_frontier_spider_vit_logit_s0.9_04-28_07-29,results/vit_test/stop2c_frontier_spider_vit_logit_s0.9_04-28_07-29/metrics_20260428_072940_nicme_logit_adjustment.json,results/stop2c_nicme_frontier/configs/006_stop2c_frontier_spider_vit_logit_s0.9.json,stop2c_nicme_frontier,0.9,0.0,,0.5,True,False,False,"[[32, 0], [32, 0]]",21.44873332977295,,,,,,,,,,,,spider_vit_logit_s0.9,,,,,
spider_balanced_prototype,vit,google/vit-base-patch16-224-in21k,nicme_logit_adjustment,calibrated_threshold,,black_widow,"[[0.0, 10.0], [1.0, 0.0]]",,0.95,0.8,accuracy,0.1125,1.125,0.84375,0.15625,0.5510204081632653,0.6875,0.578125,0.578125,0.5460992907801419,0.206884765625,0.71484375,0.6610146114003912,0.6802264897608381,0.487562038358205,0.15561059339121747,0.9,,,,stop2c_frontier_spider_vit_logit_s0.9_04-28_07-29,results/vit_test/stop2c_frontier_spider_vit_logit_s0.9_04-28_07-29/metrics_20260428_072940_nicme_logit_adjustment.json,results/stop2c_nicme_frontier/configs/006_stop2c_frontier_spider_vit_logit_s0.9.json,stop2c_nicme_frontier,0.9,0.0,,0.578125,False,False,False,"[[27, 5], [22, 10]]",21.44873332977295,,,,,,,,,,,,spider_vit_logit_s0.9,0.5436741692367048,0.099072265625,,,
spider_balanced_prototype,vit,google/vit-base-patch16-224-in21k,nicme_logit_adjustment,argmax,,black_widow,"[[0.0, 10.0], [1.0, 0.0]]",,0.95,0.8,accuracy,0.065625,0.65625,0.96875,0.03125,0.49206349206349204,1.0,0.484375,0.484375,0.32631578947368417,0.16524414062500004,0.703125,0.6542035642491087,0.6816540950666558,0.48887301331609956,0.12817386630922556,,,,,stop2c_frontier_spider_vit_logit_s1_04-28_07-29,results/vit_test/stop2c_frontier_spider_vit_logit_s1_04-28_07-29/metrics_20260428_073002_nicme_logit_adjustment.json,results/stop2c_nicme_frontier/configs/007_stop2c_frontier_spider_vit_logit_s1.json,stop2c_nicme_frontier,1.0,0.0,,0.484375,True,False,False,"[[31, 1], [32, 0]]",21.812740087509155,,,,,,,,,,,,spider_vit_logit_s1,,,,,
spider_balanced_prototype,vit,google/vit-base-patch16-224-in21k,nicme_logit_adjustment,calibrated_cost_min,,black_widow,"[[0.0, 10.0], [1.0, 0.0]]",,0.95,0.8,accuracy,0.05,0.5,1.0,0.0,0.5,1.0,0.5,0.5,0.3333333333333333,0.14,0.703125,0.6542035642491087,0.6816540894115324,0.48887300694615143,0.12817386217110177,1.0,,,,stop2c_frontier_spider_vit_logit_s1_04-28_07-29,results/vit_test/stop2c_frontier_spider_vit_logit_s1_04-28_07-29/metrics_20260428_073002_nicme_logit_adjustment.json,results/stop2c_nicme_frontier/configs/007_stop2c_frontier_spider_vit_logit_s1.json,stop2c_nicme_frontier,1.0,0.0,,0.5,True,False,False,"[[32, 0], [32, 0]]",21.812740087509155,,,,,,,,,,,,spider_vit_logit_s1,,,,,
spider_balanced_prototype,vit,google/vit-base-patch16-224-in21k,nicme_logit_adjustment,calibrated_threshold,,black_widow,"[[0.0, 10.0], [1.0, 0.0]]",,0.95,0.8,accuracy,0.075,0.75,0.9375,0.0625,0.5172413793103449,0.875,0.53125,0.53125,0.4385964912280702,0.14785156250000003,0.703125,0.6542035642491087,0.6816540894115324,0.48887300694615143,0.12817386217110177,1.0,,,,stop2c_frontier_spider_vit_logit_s1_04-28_07-29,results/vit_test/stop2c_frontier_spider_vit_logit_s1_04-28_07-29/metrics_20260428_073002_nicme_logit_adjustment.json,results/stop2c_nicme_frontier/configs/007_stop2c_frontier_spider_vit_logit_s1.json,stop2c_nicme_frontier,1.0,0.0,,0.53125,False,False,False,"[[30, 2], [28, 4]]",21.812740087509155,,,,,,,,,,,,spider_vit_logit_s1,0.5215227397755371,0.10015625000000002,,,
