seed,method,display_name,source_method,sample_index,true_id,pred_id,true_label,costly_pred_label,critical_cost,predicted_id,margin,is_positive_margin,checkpoint_path,metric_path
42,CE,CE,ce_anchor_pmi20,160,5,2,50111-0434,00591-0461,10.0,5,5.843986749649048,True,checkpoints/pmi20_run_ce_anchor_pmi20_lr5e5_s42,results/pmi20_sota_convnext_base_test/pmi20_run_ce_anchor_pmi20_lr5e5_s42_05-04_09-05/metrics_20260504_090537_cross_entropy.json
42,CE,CE,ce_anchor_pmi20,161,5,2,50111-0434,00591-0461,10.0,5,5.8609631061553955,True,checkpoints/pmi20_run_ce_anchor_pmi20_lr5e5_s42,results/pmi20_sota_convnext_base_test/pmi20_run_ce_anchor_pmi20_lr5e5_s42_05-04_09-05/metrics_20260504_090537_cross_entropy.json
42,CE,CE,ce_anchor_pmi20,162,5,2,50111-0434,00591-0461,10.0,5,6.5110697746276855,True,checkpoints/pmi20_run_ce_anchor_pmi20_lr5e5_s42,results/pmi20_sota_convnext_base_test/pmi20_run_ce_anchor_pmi20_lr5e5_s42_05-04_09-05/metrics_20260504_090537_cross_entropy.json
42,CE,CE,ce_anchor_pmi20,163,5,2,50111-0434,00591-0461,10.0,5,6.379224061965942,True,checkpoints/pmi20_run_ce_anchor_pmi20_lr5e5_s42,results/pmi20_sota_convnext_base_test/pmi20_run_ce_anchor_pmi20_lr5e5_s42_05-04_09-05/metrics_20260504_090537_cross_entropy.json
42,CE,CE,ce_anchor_pmi20,164,5,2,50111-0434,00591-0461,10.0,5,8.003288626670837,True,checkpoints/pmi20_run_ce_anchor_pmi20_lr5e5_s42,results/pmi20_sota_convnext_base_test/pmi20_run_ce_anchor_pmi20_lr5e5_s42_05-04_09-05/metrics_20260504_090537_cross_entropy.json
42,CE,CE,ce_anchor_pmi20,165,5,2,50111-0434,00591-0461,10.0,5,7.471212029457092,True,checkpoints/pmi20_run_ce_anchor_pmi20_lr5e5_s42,results/pmi20_sota_convnext_base_test/pmi20_run_ce_anchor_pmi20_lr5e5_s42_05-04_09-05/metrics_20260504_090537_cross_entropy.json
42,CE,CE,ce_anchor_pmi20,166,5,2,50111-0434,00591-0461,10.0,5,5.896389722824097,True,checkpoints/pmi20_run_ce_anchor_pmi20_lr5e5_s42,results/pmi20_sota_convnext_base_test/pmi20_run_ce_anchor_pmi20_lr5e5_s42_05-04_09-05/metrics_20260504_090537_cross_entropy.json
42,CE,CE,ce_anchor_pmi20,167,5,2,50111-0434,00591-0461,10.0,5,5.401310920715332,True,checkpoints/pmi20_run_ce_anchor_pmi20_lr5e5_s42,results/pmi20_sota_convnext_base_test/pmi20_run_ce_anchor_pmi20_lr5e5_s42_05-04_09-05/metrics_20260504_090537_cross_entropy.json
42,CE,CE,ce_anchor_pmi20,168,5,2,50111-0434,00591-0461,10.0,5,6.348845601081848,True,checkpoints/pmi20_run_ce_anchor_pmi20_lr5e5_s42,results/pmi20_sota_convnext_base_test/pmi20_run_ce_anchor_pmi20_lr5e5_s42_05-04_09-05/metrics_20260504_090537_cross_entropy.json
42,CE,CE,ce_anchor_pmi20,169,5,2,50111-0434,00591-0461,10.0,5,5.735660791397095,True,checkpoints/pmi20_run_ce_anchor_pmi20_lr5e5_s42,results/pmi20_sota_convnext_base_test/pmi20_run_ce_anchor_pmi20_lr5e5_s42_05-04_09-05/metrics_20260504_090537_cross_entropy.json
42,CE,CE,ce_anchor_pmi20,170,5,2,50111-0434,00591-0461,10.0,5,6.595699071884155,True,checkpoints/pmi20_run_ce_anchor_pmi20_lr5e5_s42,results/pmi20_sota_convnext_base_test/pmi20_run_ce_anchor_pmi20_lr5e5_s42_05-04_09-05/metrics_20260504_090537_cross_entropy.json
42,CE,CE,ce_anchor_pmi20,171,5,2,50111-0434,00591-0461,10.0,5,6.172341585159302,True,checkpoints/pmi20_run_ce_anchor_pmi20_lr5e5_s42,results/pmi20_sota_convnext_base_test/pmi20_run_ce_anchor_pmi20_lr5e5_s42_05-04_09-05/metrics_20260504_090537_cross_entropy.json
42,CE,CE,ce_anchor_pmi20,172,5,2,50111-0434,00591-0461,10.0,5,4.382936954498291,True,checkpoints/pmi20_run_ce_anchor_pmi20_lr5e5_s42,results/pmi20_sota_convnext_base_test/pmi20_run_ce_anchor_pmi20_lr5e5_s42_05-04_09-05/metrics_20260504_090537_cross_entropy.json
42,CE,CE,ce_anchor_pmi20,173,5,2,50111-0434,00591-0461,10.0,5,5.618432521820068,True,checkpoints/pmi20_run_ce_anchor_pmi20_lr5e5_s42,results/pmi20_sota_convnext_base_test/pmi20_run_ce_anchor_pmi20_lr5e5_s42_05-04_09-05/metrics_20260504_090537_cross_entropy.json
42,CE,CE,ce_anchor_pmi20,174,5,2,50111-0434,00591-0461,10.0,5,7.003411889076233,True,checkpoints/pmi20_run_ce_anchor_pmi20_lr5e5_s42,results/pmi20_sota_convnext_base_test/pmi20_run_ce_anchor_pmi20_lr5e5_s42_05-04_09-05/metrics_20260504_090537_cross_entropy.json
42,CE,CE,ce_anchor_pmi20,175,5,2,50111-0434,00591-0461,10.0,5,6.496700286865234,True,checkpoints/pmi20_run_ce_anchor_pmi20_lr5e5_s42,results/pmi20_sota_convnext_base_test/pmi20_run_ce_anchor_pmi20_lr5e5_s42_05-04_09-05/metrics_20260504_090537_cross_entropy.json
42,CE,CE,ce_anchor_pmi20,176,5,2,50111-0434,00591-0461,10.0,5,2.343425750732422,True,checkpoints/pmi20_run_ce_anchor_pmi20_lr5e5_s42,results/pmi20_sota_convnext_base_test/pmi20_run_ce_anchor_pmi20_lr5e5_s42_05-04_09-05/metrics_20260504_090537_cross_entropy.json
42,CE,CE,ce_anchor_pmi20,177,5,2,50111-0434,00591-0461,10.0,5,5.758254051208496,True,checkpoints/pmi20_run_ce_anchor_pmi20_lr5e5_s42,results/pmi20_sota_convnext_base_test/pmi20_run_ce_anchor_pmi20_lr5e5_s42_05-04_09-05/metrics_20260504_090537_cross_entropy.json
42,CE,CE,ce_anchor_pmi20,178,5,2,50111-0434,00591-0461,10.0,2,-0.4332704544067383,False,checkpoints/pmi20_run_ce_anchor_pmi20_lr5e5_s42,results/pmi20_sota_convnext_base_test/pmi20_run_ce_anchor_pmi20_lr5e5_s42_05-04_09-05/metrics_20260504_090537_cross_entropy.json
42,CE,CE,ce_anchor_pmi20,179,5,2,50111-0434,00591-0461,10.0,5,7.2466312646865845,True,checkpoints/pmi20_run_ce_anchor_pmi20_lr5e5_s42,results/pmi20_sota_convnext_base_test/pmi20_run_ce_anchor_pmi20_lr5e5_s42_05-04_09-05/metrics_20260504_090537_cross_entropy.json
42,CE,CE,ce_anchor_pmi20,180,5,2,50111-0434,00591-0461,10.0,5,5.764660358428955,True,checkpoints/pmi20_run_ce_anchor_pmi20_lr5e5_s42,results/pmi20_sota_convnext_base_test/pmi20_run_ce_anchor_pmi20_lr5e5_s42_05-04_09-05/metrics_20260504_090537_cross_entropy.json
42,CE,CE,ce_anchor_pmi20,181,5,2,50111-0434,00591-0461,10.0,5,5.936110019683838,True,checkpoints/pmi20_run_ce_anchor_pmi20_lr5e5_s42,results/pmi20_sota_convnext_base_test/pmi20_run_ce_anchor_pmi20_lr5e5_s42_05-04_09-05/metrics_20260504_090537_cross_entropy.json
42,CE,CE,ce_anchor_pmi20,182,5,2,50111-0434,00591-0461,10.0,5,6.735212087631226,True,checkpoints/pmi20_run_ce_anchor_pmi20_lr5e5_s42,results/pmi20_sota_convnext_base_test/pmi20_run_ce_anchor_pmi20_lr5e5_s42_05-04_09-05/metrics_20260504_090537_cross_entropy.json
42,CE,CE,ce_anchor_pmi20,183,5,2,50111-0434,00591-0461,10.0,5,3.407397747039795,True,checkpoints/pmi20_run_ce_anchor_pmi20_lr5e5_s42,results/pmi20_sota_convnext_base_test/pmi20_run_ce_anchor_pmi20_lr5e5_s42_05-04_09-05/metrics_20260504_090537_cross_entropy.json
42,CE,CE,ce_anchor_pmi20,184,5,2,50111-0434,00591-0461,10.0,5,5.453092336654663,True,checkpoints/pmi20_run_ce_anchor_pmi20_lr5e5_s42,results/pmi20_sota_convnext_base_test/pmi20_run_ce_anchor_pmi20_lr5e5_s42_05-04_09-05/metrics_20260504_090537_cross_entropy.json
42,CE,CE,ce_anchor_pmi20,185,5,2,50111-0434,00591-0461,10.0,5,6.384495735168457,True,checkpoints/pmi20_run_ce_anchor_pmi20_lr5e5_s42,results/pmi20_sota_convnext_base_test/pmi20_run_ce_anchor_pmi20_lr5e5_s42_05-04_09-05/metrics_20260504_090537_cross_entropy.json
42,CE,CE,ce_anchor_pmi20,186,5,2,50111-0434,00591-0461,10.0,5,1.6913957595825195,True,checkpoints/pmi20_run_ce_anchor_pmi20_lr5e5_s42,results/pmi20_sota_convnext_base_test/pmi20_run_ce_anchor_pmi20_lr5e5_s42_05-04_09-05/metrics_20260504_090537_cross_entropy.json
42,CE,CE,ce_anchor_pmi20,187,5,2,50111-0434,00591-0461,10.0,5,6.386273622512817,True,checkpoints/pmi20_run_ce_anchor_pmi20_lr5e5_s42,results/pmi20_sota_convnext_base_test/pmi20_run_ce_anchor_pmi20_lr5e5_s42_05-04_09-05/metrics_20260504_090537_cross_entropy.json
42,CE,CE,ce_anchor_pmi20,188,5,2,50111-0434,00591-0461,10.0,5,6.127960205078125,True,checkpoints/pmi20_run_ce_anchor_pmi20_lr5e5_s42,results/pmi20_sota_convnext_base_test/pmi20_run_ce_anchor_pmi20_lr5e5_s42_05-04_09-05/metrics_20260504_090537_cross_entropy.json
42,CE,CE,ce_anchor_pmi20,189,5,2,50111-0434,00591-0461,10.0,5,4.8150224685668945,True,checkpoints/pmi20_run_ce_anchor_pmi20_lr5e5_s42,results/pmi20_sota_convnext_base_test/pmi20_run_ce_anchor_pmi20_lr5e5_s42_05-04_09-05/metrics_20260504_090537_cross_entropy.json
42,CE,CE,ce_anchor_pmi20,190,5,2,50111-0434,00591-0461,10.0,5,5.848418474197388,True,checkpoints/pmi20_run_ce_anchor_pmi20_lr5e5_s42,results/pmi20_sota_convnext_base_test/pmi20_run_ce_anchor_pmi20_lr5e5_s42_05-04_09-05/metrics_20260504_090537_cross_entropy.json
42,CE,CE,ce_anchor_pmi20,191,5,2,50111-0434,00591-0461,10.0,5,6.115682125091553,True,checkpoints/pmi20_run_ce_anchor_pmi20_lr5e5_s42,results/pmi20_sota_convnext_base_test/pmi20_run_ce_anchor_pmi20_lr5e5_s42_05-04_09-05/metrics_20260504_090537_cross_entropy.json
42,CE,CE,ce_anchor_pmi20,192,6,15,53489-0156,68382-0227,10.0,6,4.75568413734436,True,checkpoints/pmi20_run_ce_anchor_pmi20_lr5e5_s42,results/pmi20_sota_convnext_base_test/pmi20_run_ce_anchor_pmi20_lr5e5_s42_05-04_09-05/metrics_20260504_090537_cross_entropy.json
42,CE,CE,ce_anchor_pmi20,193,6,15,53489-0156,68382-0227,10.0,6,6.380214214324951,True,checkpoints/pmi20_run_ce_anchor_pmi20_lr5e5_s42,results/pmi20_sota_convnext_base_test/pmi20_run_ce_anchor_pmi20_lr5e5_s42_05-04_09-05/metrics_20260504_090537_cross_entropy.json
42,CE,CE,ce_anchor_pmi20,194,6,15,53489-0156,68382-0227,10.0,6,5.018758058547974,True,checkpoints/pmi20_run_ce_anchor_pmi20_lr5e5_s42,results/pmi20_sota_convnext_base_test/pmi20_run_ce_anchor_pmi20_lr5e5_s42_05-04_09-05/metrics_20260504_090537_cross_entropy.json
42,CE,CE,ce_anchor_pmi20,195,6,15,53489-0156,68382-0227,10.0,6,6.41589879989624,True,checkpoints/pmi20_run_ce_anchor_pmi20_lr5e5_s42,results/pmi20_sota_convnext_base_test/pmi20_run_ce_anchor_pmi20_lr5e5_s42_05-04_09-05/metrics_20260504_090537_cross_entropy.json
42,CE,CE,ce_anchor_pmi20,196,6,15,53489-0156,68382-0227,10.0,6,6.164690732955933,True,checkpoints/pmi20_run_ce_anchor_pmi20_lr5e5_s42,results/pmi20_sota_convnext_base_test/pmi20_run_ce_anchor_pmi20_lr5e5_s42_05-04_09-05/metrics_20260504_090537_cross_entropy.json
42,CE,CE,ce_anchor_pmi20,197,6,15,53489-0156,68382-0227,10.0,6,5.200160026550293,True,checkpoints/pmi20_run_ce_anchor_pmi20_lr5e5_s42,results/pmi20_sota_convnext_base_test/pmi20_run_ce_anchor_pmi20_lr5e5_s42_05-04_09-05/metrics_20260504_090537_cross_entropy.json
42,CE,CE,ce_anchor_pmi20,198,6,15,53489-0156,68382-0227,10.0,6,4.961307764053345,True,checkpoints/pmi20_run_ce_anchor_pmi20_lr5e5_s42,results/pmi20_sota_convnext_base_test/pmi20_run_ce_anchor_pmi20_lr5e5_s42_05-04_09-05/metrics_20260504_090537_cross_entropy.json
42,CE,CE,ce_anchor_pmi20,199,6,15,53489-0156,68382-0227,10.0,6,6.115273594856262,True,checkpoints/pmi20_run_ce_anchor_pmi20_lr5e5_s42,results/pmi20_sota_convnext_base_test/pmi20_run_ce_anchor_pmi20_lr5e5_s42_05-04_09-05/metrics_20260504_090537_cross_entropy.json
42,CE,CE,ce_anchor_pmi20,200,6,15,53489-0156,68382-0227,10.0,7,0.3722521662712097,True,checkpoints/pmi20_run_ce_anchor_pmi20_lr5e5_s42,results/pmi20_sota_convnext_base_test/pmi20_run_ce_anchor_pmi20_lr5e5_s42_05-04_09-05/metrics_20260504_090537_cross_entropy.json
42,CE,CE,ce_anchor_pmi20,201,6,15,53489-0156,68382-0227,10.0,6,6.275327444076538,True,checkpoints/pmi20_run_ce_anchor_pmi20_lr5e5_s42,results/pmi20_sota_convnext_base_test/pmi20_run_ce_anchor_pmi20_lr5e5_s42_05-04_09-05/metrics_20260504_090537_cross_entropy.json
42,CE,CE,ce_anchor_pmi20,202,6,15,53489-0156,68382-0227,10.0,6,5.676048994064331,True,checkpoints/pmi20_run_ce_anchor_pmi20_lr5e5_s42,results/pmi20_sota_convnext_base_test/pmi20_run_ce_anchor_pmi20_lr5e5_s42_05-04_09-05/metrics_20260504_090537_cross_entropy.json
42,CE,CE,ce_anchor_pmi20,203,6,15,53489-0156,68382-0227,10.0,6,5.7410277128219604,True,checkpoints/pmi20_run_ce_anchor_pmi20_lr5e5_s42,results/pmi20_sota_convnext_base_test/pmi20_run_ce_anchor_pmi20_lr5e5_s42_05-04_09-05/metrics_20260504_090537_cross_entropy.json
42,CE,CE,ce_anchor_pmi20,204,6,15,53489-0156,68382-0227,10.0,6,6.073838949203491,True,checkpoints/pmi20_run_ce_anchor_pmi20_lr5e5_s42,results/pmi20_sota_convnext_base_test/pmi20_run_ce_anchor_pmi20_lr5e5_s42_05-04_09-05/metrics_20260504_090537_cross_entropy.json
42,CE,CE,ce_anchor_pmi20,205,6,15,53489-0156,68382-0227,10.0,6,6.8544793128967285,True,checkpoints/pmi20_run_ce_anchor_pmi20_lr5e5_s42,results/pmi20_sota_convnext_base_test/pmi20_run_ce_anchor_pmi20_lr5e5_s42_05-04_09-05/metrics_20260504_090537_cross_entropy.json
42,CE,CE,ce_anchor_pmi20,206,6,15,53489-0156,68382-0227,10.0,6,4.370765924453735,True,checkpoints/pmi20_run_ce_anchor_pmi20_lr5e5_s42,results/pmi20_sota_convnext_base_test/pmi20_run_ce_anchor_pmi20_lr5e5_s42_05-04_09-05/metrics_20260504_090537_cross_entropy.json
42,CE,CE,ce_anchor_pmi20,207,6,15,53489-0156,68382-0227,10.0,6,5.712132453918457,True,checkpoints/pmi20_run_ce_anchor_pmi20_lr5e5_s42,results/pmi20_sota_convnext_base_test/pmi20_run_ce_anchor_pmi20_lr5e5_s42_05-04_09-05/metrics_20260504_090537_cross_entropy.json
42,CE,CE,ce_anchor_pmi20,208,6,15,53489-0156,68382-0227,10.0,6,5.856436014175415,True,checkpoints/pmi20_run_ce_anchor_pmi20_lr5e5_s42,results/pmi20_sota_convnext_base_test/pmi20_run_ce_anchor_pmi20_lr5e5_s42_05-04_09-05/metrics_20260504_090537_cross_entropy.json
42,CE,CE,ce_anchor_pmi20,209,6,15,53489-0156,68382-0227,10.0,6,5.253320932388306,True,checkpoints/pmi20_run_ce_anchor_pmi20_lr5e5_s42,results/pmi20_sota_convnext_base_test/pmi20_run_ce_anchor_pmi20_lr5e5_s42_05-04_09-05/metrics_20260504_090537_cross_entropy.json
42,CE,CE,ce_anchor_pmi20,210,6,15,53489-0156,68382-0227,10.0,6,4.498045444488525,True,checkpoints/pmi20_run_ce_anchor_pmi20_lr5e5_s42,results/pmi20_sota_convnext_base_test/pmi20_run_ce_anchor_pmi20_lr5e5_s42_05-04_09-05/metrics_20260504_090537_cross_entropy.json
42,CE,CE,ce_anchor_pmi20,211,6,15,53489-0156,68382-0227,10.0,6,3.2484233379364014,True,checkpoints/pmi20_run_ce_anchor_pmi20_lr5e5_s42,results/pmi20_sota_convnext_base_test/pmi20_run_ce_anchor_pmi20_lr5e5_s42_05-04_09-05/metrics_20260504_090537_cross_entropy.json
42,CE,CE,ce_anchor_pmi20,212,6,15,53489-0156,68382-0227,10.0,6,6.104506492614746,True,checkpoints/pmi20_run_ce_anchor_pmi20_lr5e5_s42,results/pmi20_sota_convnext_base_test/pmi20_run_ce_anchor_pmi20_lr5e5_s42_05-04_09-05/metrics_20260504_090537_cross_entropy.json
42,CE,CE,ce_anchor_pmi20,213,6,15,53489-0156,68382-0227,10.0,6,3.6899707317352295,True,checkpoints/pmi20_run_ce_anchor_pmi20_lr5e5_s42,results/pmi20_sota_convnext_base_test/pmi20_run_ce_anchor_pmi20_lr5e5_s42_05-04_09-05/metrics_20260504_090537_cross_entropy.json
42,CE,CE,ce_anchor_pmi20,214,6,15,53489-0156,68382-0227,10.0,16,2.182423382997513,True,checkpoints/pmi20_run_ce_anchor_pmi20_lr5e5_s42,results/pmi20_sota_convnext_base_test/pmi20_run_ce_anchor_pmi20_lr5e5_s42_05-04_09-05/metrics_20260504_090537_cross_entropy.json
42,CE,CE,ce_anchor_pmi20,215,6,15,53489-0156,68382-0227,10.0,6,5.084621548652649,True,checkpoints/pmi20_run_ce_anchor_pmi20_lr5e5_s42,results/pmi20_sota_convnext_base_test/pmi20_run_ce_anchor_pmi20_lr5e5_s42_05-04_09-05/metrics_20260504_090537_cross_entropy.json
42,CE,CE,ce_anchor_pmi20,216,6,15,53489-0156,68382-0227,10.0,6,5.829166412353516,True,checkpoints/pmi20_run_ce_anchor_pmi20_lr5e5_s42,results/pmi20_sota_convnext_base_test/pmi20_run_ce_anchor_pmi20_lr5e5_s42_05-04_09-05/metrics_20260504_090537_cross_entropy.json
42,CE,CE,ce_anchor_pmi20,217,6,15,53489-0156,68382-0227,10.0,6,5.621906757354736,True,checkpoints/pmi20_run_ce_anchor_pmi20_lr5e5_s42,results/pmi20_sota_convnext_base_test/pmi20_run_ce_anchor_pmi20_lr5e5_s42_05-04_09-05/metrics_20260504_090537_cross_entropy.json
42,CE,CE,ce_anchor_pmi20,218,6,15,53489-0156,68382-0227,10.0,6,1.1156702041625977,True,checkpoints/pmi20_run_ce_anchor_pmi20_lr5e5_s42,results/pmi20_sota_convnext_base_test/pmi20_run_ce_anchor_pmi20_lr5e5_s42_05-04_09-05/metrics_20260504_090537_cross_entropy.json
42,CE,CE,ce_anchor_pmi20,219,6,15,53489-0156,68382-0227,10.0,15,-1.3612983226776123,False,checkpoints/pmi20_run_ce_anchor_pmi20_lr5e5_s42,results/pmi20_sota_convnext_base_test/pmi20_run_ce_anchor_pmi20_lr5e5_s42_05-04_09-05/metrics_20260504_090537_cross_entropy.json
42,CE,CE,ce_anchor_pmi20,220,6,15,53489-0156,68382-0227,10.0,6,6.443073868751526,True,checkpoints/pmi20_run_ce_anchor_pmi20_lr5e5_s42,results/pmi20_sota_convnext_base_test/pmi20_run_ce_anchor_pmi20_lr5e5_s42_05-04_09-05/metrics_20260504_090537_cross_entropy.json
42,CE,CE,ce_anchor_pmi20,221,6,15,53489-0156,68382-0227,10.0,6,6.420148611068726,True,checkpoints/pmi20_run_ce_anchor_pmi20_lr5e5_s42,results/pmi20_sota_convnext_base_test/pmi20_run_ce_anchor_pmi20_lr5e5_s42_05-04_09-05/metrics_20260504_090537_cross_entropy.json
42,CE,CE,ce_anchor_pmi20,222,6,15,53489-0156,68382-0227,10.0,6,6.331950426101685,True,checkpoints/pmi20_run_ce_anchor_pmi20_lr5e5_s42,results/pmi20_sota_convnext_base_test/pmi20_run_ce_anchor_pmi20_lr5e5_s42_05-04_09-05/metrics_20260504_090537_cross_entropy.json
42,CE,CE,ce_anchor_pmi20,223,6,15,53489-0156,68382-0227,10.0,6,6.310515761375427,True,checkpoints/pmi20_run_ce_anchor_pmi20_lr5e5_s42,results/pmi20_sota_convnext_base_test/pmi20_run_ce_anchor_pmi20_lr5e5_s42_05-04_09-05/metrics_20260504_090537_cross_entropy.json
42,CE,CE,ce_anchor_pmi20,224,7,0,53746-0544,00378-0208,10.0,7,5.228454351425171,True,checkpoints/pmi20_run_ce_anchor_pmi20_lr5e5_s42,results/pmi20_sota_convnext_base_test/pmi20_run_ce_anchor_pmi20_lr5e5_s42_05-04_09-05/metrics_20260504_090537_cross_entropy.json
42,CE,CE,ce_anchor_pmi20,225,7,0,53746-0544,00378-0208,10.0,7,5.830519914627075,True,checkpoints/pmi20_run_ce_anchor_pmi20_lr5e5_s42,results/pmi20_sota_convnext_base_test/pmi20_run_ce_anchor_pmi20_lr5e5_s42_05-04_09-05/metrics_20260504_090537_cross_entropy.json
42,CE,CE,ce_anchor_pmi20,226,7,0,53746-0544,00378-0208,10.0,7,5.9816590547561646,True,checkpoints/pmi20_run_ce_anchor_pmi20_lr5e5_s42,results/pmi20_sota_convnext_base_test/pmi20_run_ce_anchor_pmi20_lr5e5_s42_05-04_09-05/metrics_20260504_090537_cross_entropy.json
42,CE,CE,ce_anchor_pmi20,227,7,0,53746-0544,00378-0208,10.0,7,6.8909472823143005,True,checkpoints/pmi20_run_ce_anchor_pmi20_lr5e5_s42,results/pmi20_sota_convnext_base_test/pmi20_run_ce_anchor_pmi20_lr5e5_s42_05-04_09-05/metrics_20260504_090537_cross_entropy.json
42,CE,CE,ce_anchor_pmi20,228,7,0,53746-0544,00378-0208,10.0,7,5.357511281967163,True,checkpoints/pmi20_run_ce_anchor_pmi20_lr5e5_s42,results/pmi20_sota_convnext_base_test/pmi20_run_ce_anchor_pmi20_lr5e5_s42_05-04_09-05/metrics_20260504_090537_cross_entropy.json
42,CE,CE,ce_anchor_pmi20,229,7,0,53746-0544,00378-0208,10.0,7,6.484629929065704,True,checkpoints/pmi20_run_ce_anchor_pmi20_lr5e5_s42,results/pmi20_sota_convnext_base_test/pmi20_run_ce_anchor_pmi20_lr5e5_s42_05-04_09-05/metrics_20260504_090537_cross_entropy.json
42,CE,CE,ce_anchor_pmi20,230,7,0,53746-0544,00378-0208,10.0,7,6.636901378631592,True,checkpoints/pmi20_run_ce_anchor_pmi20_lr5e5_s42,results/pmi20_sota_convnext_base_test/pmi20_run_ce_anchor_pmi20_lr5e5_s42_05-04_09-05/metrics_20260504_090537_cross_entropy.json
42,CE,CE,ce_anchor_pmi20,231,7,0,53746-0544,00378-0208,10.0,7,6.573270678520203,True,checkpoints/pmi20_run_ce_anchor_pmi20_lr5e5_s42,results/pmi20_sota_convnext_base_test/pmi20_run_ce_anchor_pmi20_lr5e5_s42_05-04_09-05/metrics_20260504_090537_cross_entropy.json
42,CE,CE,ce_anchor_pmi20,232,7,0,53746-0544,00378-0208,10.0,7,5.919478058815002,True,checkpoints/pmi20_run_ce_anchor_pmi20_lr5e5_s42,results/pmi20_sota_convnext_base_test/pmi20_run_ce_anchor_pmi20_lr5e5_s42_05-04_09-05/metrics_20260504_090537_cross_entropy.json
42,CE,CE,ce_anchor_pmi20,233,7,0,53746-0544,00378-0208,10.0,7,7.508285966832773,True,checkpoints/pmi20_run_ce_anchor_pmi20_lr5e5_s42,results/pmi20_sota_convnext_base_test/pmi20_run_ce_anchor_pmi20_lr5e5_s42_05-04_09-05/metrics_20260504_090537_cross_entropy.json
42,CE,CE,ce_anchor_pmi20,234,7,0,53746-0544,00378-0208,10.0,7,5.565883040428162,True,checkpoints/pmi20_run_ce_anchor_pmi20_lr5e5_s42,results/pmi20_sota_convnext_base_test/pmi20_run_ce_anchor_pmi20_lr5e5_s42_05-04_09-05/metrics_20260504_090537_cross_entropy.json
42,CE,CE,ce_anchor_pmi20,235,7,0,53746-0544,00378-0208,10.0,7,7.405714064836502,True,checkpoints/pmi20_run_ce_anchor_pmi20_lr5e5_s42,results/pmi20_sota_convnext_base_test/pmi20_run_ce_anchor_pmi20_lr5e5_s42_05-04_09-05/metrics_20260504_090537_cross_entropy.json
42,CE,CE,ce_anchor_pmi20,236,7,0,53746-0544,00378-0208,10.0,7,7.000936508178711,True,checkpoints/pmi20_run_ce_anchor_pmi20_lr5e5_s42,results/pmi20_sota_convnext_base_test/pmi20_run_ce_anchor_pmi20_lr5e5_s42_05-04_09-05/metrics_20260504_090537_cross_entropy.json
42,CE,CE,ce_anchor_pmi20,237,7,0,53746-0544,00378-0208,10.0,7,6.477502703666687,True,checkpoints/pmi20_run_ce_anchor_pmi20_lr5e5_s42,results/pmi20_sota_convnext_base_test/pmi20_run_ce_anchor_pmi20_lr5e5_s42_05-04_09-05/metrics_20260504_090537_cross_entropy.json
42,CE,CE,ce_anchor_pmi20,238,7,0,53746-0544,00378-0208,10.0,7,5.083702325820923,True,checkpoints/pmi20_run_ce_anchor_pmi20_lr5e5_s42,results/pmi20_sota_convnext_base_test/pmi20_run_ce_anchor_pmi20_lr5e5_s42_05-04_09-05/metrics_20260504_090537_cross_entropy.json
42,CE,CE,ce_anchor_pmi20,239,7,0,53746-0544,00378-0208,10.0,0,-1.092221736907959,False,checkpoints/pmi20_run_ce_anchor_pmi20_lr5e5_s42,results/pmi20_sota_convnext_base_test/pmi20_run_ce_anchor_pmi20_lr5e5_s42_05-04_09-05/metrics_20260504_090537_cross_entropy.json
42,CE,CE,ce_anchor_pmi20,240,7,0,53746-0544,00378-0208,10.0,7,6.0008368492126465,True,checkpoints/pmi20_run_ce_anchor_pmi20_lr5e5_s42,results/pmi20_sota_convnext_base_test/pmi20_run_ce_anchor_pmi20_lr5e5_s42_05-04_09-05/metrics_20260504_090537_cross_entropy.json
42,CE,CE,ce_anchor_pmi20,241,7,0,53746-0544,00378-0208,10.0,7,6.7994571924209595,True,checkpoints/pmi20_run_ce_anchor_pmi20_lr5e5_s42,results/pmi20_sota_convnext_base_test/pmi20_run_ce_anchor_pmi20_lr5e5_s42_05-04_09-05/metrics_20260504_090537_cross_entropy.json
42,CE,CE,ce_anchor_pmi20,242,7,0,53746-0544,00378-0208,10.0,7,7.322925955057144,True,checkpoints/pmi20_run_ce_anchor_pmi20_lr5e5_s42,results/pmi20_sota_convnext_base_test/pmi20_run_ce_anchor_pmi20_lr5e5_s42_05-04_09-05/metrics_20260504_090537_cross_entropy.json
42,CE,CE,ce_anchor_pmi20,243,7,0,53746-0544,00378-0208,10.0,7,7.040899991989136,True,checkpoints/pmi20_run_ce_anchor_pmi20_lr5e5_s42,results/pmi20_sota_convnext_base_test/pmi20_run_ce_anchor_pmi20_lr5e5_s42_05-04_09-05/metrics_20260504_090537_cross_entropy.json
42,CE,CE,ce_anchor_pmi20,244,7,0,53746-0544,00378-0208,10.0,7,5.409494757652283,True,checkpoints/pmi20_run_ce_anchor_pmi20_lr5e5_s42,results/pmi20_sota_convnext_base_test/pmi20_run_ce_anchor_pmi20_lr5e5_s42_05-04_09-05/metrics_20260504_090537_cross_entropy.json
42,CE,CE,ce_anchor_pmi20,245,7,0,53746-0544,00378-0208,10.0,7,7.247127830982208,True,checkpoints/pmi20_run_ce_anchor_pmi20_lr5e5_s42,results/pmi20_sota_convnext_base_test/pmi20_run_ce_anchor_pmi20_lr5e5_s42_05-04_09-05/metrics_20260504_090537_cross_entropy.json
42,CE,CE,ce_anchor_pmi20,246,7,0,53746-0544,00378-0208,10.0,7,7.001580834388733,True,checkpoints/pmi20_run_ce_anchor_pmi20_lr5e5_s42,results/pmi20_sota_convnext_base_test/pmi20_run_ce_anchor_pmi20_lr5e5_s42_05-04_09-05/metrics_20260504_090537_cross_entropy.json
42,CE,CE,ce_anchor_pmi20,247,7,0,53746-0544,00378-0208,10.0,7,7.403718709945679,True,checkpoints/pmi20_run_ce_anchor_pmi20_lr5e5_s42,results/pmi20_sota_convnext_base_test/pmi20_run_ce_anchor_pmi20_lr5e5_s42_05-04_09-05/metrics_20260504_090537_cross_entropy.json
42,CE,CE,ce_anchor_pmi20,248,7,0,53746-0544,00378-0208,10.0,7,6.271074295043945,True,checkpoints/pmi20_run_ce_anchor_pmi20_lr5e5_s42,results/pmi20_sota_convnext_base_test/pmi20_run_ce_anchor_pmi20_lr5e5_s42_05-04_09-05/metrics_20260504_090537_cross_entropy.json
42,CE,CE,ce_anchor_pmi20,249,7,0,53746-0544,00378-0208,10.0,7,6.693732500076294,True,checkpoints/pmi20_run_ce_anchor_pmi20_lr5e5_s42,results/pmi20_sota_convnext_base_test/pmi20_run_ce_anchor_pmi20_lr5e5_s42_05-04_09-05/metrics_20260504_090537_cross_entropy.json
42,CE,CE,ce_anchor_pmi20,250,7,0,53746-0544,00378-0208,10.0,7,6.377253174781799,True,checkpoints/pmi20_run_ce_anchor_pmi20_lr5e5_s42,results/pmi20_sota_convnext_base_test/pmi20_run_ce_anchor_pmi20_lr5e5_s42_05-04_09-05/metrics_20260504_090537_cross_entropy.json
42,CE,CE,ce_anchor_pmi20,251,7,0,53746-0544,00378-0208,10.0,7,7.613290011882782,True,checkpoints/pmi20_run_ce_anchor_pmi20_lr5e5_s42,results/pmi20_sota_convnext_base_test/pmi20_run_ce_anchor_pmi20_lr5e5_s42_05-04_09-05/metrics_20260504_090537_cross_entropy.json
42,CE,CE,ce_anchor_pmi20,252,7,0,53746-0544,00378-0208,10.0,7,7.22354818880558,True,checkpoints/pmi20_run_ce_anchor_pmi20_lr5e5_s42,results/pmi20_sota_convnext_base_test/pmi20_run_ce_anchor_pmi20_lr5e5_s42_05-04_09-05/metrics_20260504_090537_cross_entropy.json
42,CE,CE,ce_anchor_pmi20,253,7,0,53746-0544,00378-0208,10.0,7,6.42093300819397,True,checkpoints/pmi20_run_ce_anchor_pmi20_lr5e5_s42,results/pmi20_sota_convnext_base_test/pmi20_run_ce_anchor_pmi20_lr5e5_s42_05-04_09-05/metrics_20260504_090537_cross_entropy.json
42,CE,CE,ce_anchor_pmi20,254,7,0,53746-0544,00378-0208,10.0,7,4.996220111846924,True,checkpoints/pmi20_run_ce_anchor_pmi20_lr5e5_s42,results/pmi20_sota_convnext_base_test/pmi20_run_ce_anchor_pmi20_lr5e5_s42_05-04_09-05/metrics_20260504_090537_cross_entropy.json
42,CE,CE,ce_anchor_pmi20,255,7,0,53746-0544,00378-0208,10.0,7,6.805612683296204,True,checkpoints/pmi20_run_ce_anchor_pmi20_lr5e5_s42,results/pmi20_sota_convnext_base_test/pmi20_run_ce_anchor_pmi20_lr5e5_s42_05-04_09-05/metrics_20260504_090537_cross_entropy.json
42,CE,CE,ce_anchor_pmi20,480,15,6,68382-0227,53489-0156,8.0,15,2.702610969543457,True,checkpoints/pmi20_run_ce_anchor_pmi20_lr5e5_s42,results/pmi20_sota_convnext_base_test/pmi20_run_ce_anchor_pmi20_lr5e5_s42_05-04_09-05/metrics_20260504_090537_cross_entropy.json
42,CE,CE,ce_anchor_pmi20,481,15,6,68382-0227,53489-0156,8.0,15,3.9878478050231934,True,checkpoints/pmi20_run_ce_anchor_pmi20_lr5e5_s42,results/pmi20_sota_convnext_base_test/pmi20_run_ce_anchor_pmi20_lr5e5_s42_05-04_09-05/metrics_20260504_090537_cross_entropy.json
42,CE,CE,ce_anchor_pmi20,482,15,6,68382-0227,53489-0156,8.0,15,3.3966846466064453,True,checkpoints/pmi20_run_ce_anchor_pmi20_lr5e5_s42,results/pmi20_sota_convnext_base_test/pmi20_run_ce_anchor_pmi20_lr5e5_s42_05-04_09-05/metrics_20260504_090537_cross_entropy.json
42,CE,CE,ce_anchor_pmi20,483,15,6,68382-0227,53489-0156,8.0,15,0.21035528182983398,True,checkpoints/pmi20_run_ce_anchor_pmi20_lr5e5_s42,results/pmi20_sota_convnext_base_test/pmi20_run_ce_anchor_pmi20_lr5e5_s42_05-04_09-05/metrics_20260504_090537_cross_entropy.json
42,CE,CE,ce_anchor_pmi20,484,15,6,68382-0227,53489-0156,8.0,15,5.3232773542404175,True,checkpoints/pmi20_run_ce_anchor_pmi20_lr5e5_s42,results/pmi20_sota_convnext_base_test/pmi20_run_ce_anchor_pmi20_lr5e5_s42_05-04_09-05/metrics_20260504_090537_cross_entropy.json
42,CE,CE,ce_anchor_pmi20,485,15,6,68382-0227,53489-0156,8.0,15,2.9202592372894287,True,checkpoints/pmi20_run_ce_anchor_pmi20_lr5e5_s42,results/pmi20_sota_convnext_base_test/pmi20_run_ce_anchor_pmi20_lr5e5_s42_05-04_09-05/metrics_20260504_090537_cross_entropy.json
42,CE,CE,ce_anchor_pmi20,486,15,6,68382-0227,53489-0156,8.0,15,2.2892093658447266,True,checkpoints/pmi20_run_ce_anchor_pmi20_lr5e5_s42,results/pmi20_sota_convnext_base_test/pmi20_run_ce_anchor_pmi20_lr5e5_s42_05-04_09-05/metrics_20260504_090537_cross_entropy.json
42,CE,CE,ce_anchor_pmi20,487,15,6,68382-0227,53489-0156,8.0,15,1.7732257843017578,True,checkpoints/pmi20_run_ce_anchor_pmi20_lr5e5_s42,results/pmi20_sota_convnext_base_test/pmi20_run_ce_anchor_pmi20_lr5e5_s42_05-04_09-05/metrics_20260504_090537_cross_entropy.json
42,CE,CE,ce_anchor_pmi20,488,15,6,68382-0227,53489-0156,8.0,15,1.052558422088623,True,checkpoints/pmi20_run_ce_anchor_pmi20_lr5e5_s42,results/pmi20_sota_convnext_base_test/pmi20_run_ce_anchor_pmi20_lr5e5_s42_05-04_09-05/metrics_20260504_090537_cross_entropy.json
42,CE,CE,ce_anchor_pmi20,489,15,6,68382-0227,53489-0156,8.0,15,4.834017276763916,True,checkpoints/pmi20_run_ce_anchor_pmi20_lr5e5_s42,results/pmi20_sota_convnext_base_test/pmi20_run_ce_anchor_pmi20_lr5e5_s42_05-04_09-05/metrics_20260504_090537_cross_entropy.json
42,CE,CE,ce_anchor_pmi20,490,15,6,68382-0227,53489-0156,8.0,15,4.0876994132995605,True,checkpoints/pmi20_run_ce_anchor_pmi20_lr5e5_s42,results/pmi20_sota_convnext_base_test/pmi20_run_ce_anchor_pmi20_lr5e5_s42_05-04_09-05/metrics_20260504_090537_cross_entropy.json
42,CE,CE,ce_anchor_pmi20,491,15,6,68382-0227,53489-0156,8.0,15,3.0290889739990234,True,checkpoints/pmi20_run_ce_anchor_pmi20_lr5e5_s42,results/pmi20_sota_convnext_base_test/pmi20_run_ce_anchor_pmi20_lr5e5_s42_05-04_09-05/metrics_20260504_090537_cross_entropy.json
42,CE,CE,ce_anchor_pmi20,492,15,6,68382-0227,53489-0156,8.0,15,0.8555212020874023,True,checkpoints/pmi20_run_ce_anchor_pmi20_lr5e5_s42,results/pmi20_sota_convnext_base_test/pmi20_run_ce_anchor_pmi20_lr5e5_s42_05-04_09-05/metrics_20260504_090537_cross_entropy.json
42,CE,CE,ce_anchor_pmi20,493,15,6,68382-0227,53489-0156,8.0,15,3.551778793334961,True,checkpoints/pmi20_run_ce_anchor_pmi20_lr5e5_s42,results/pmi20_sota_convnext_base_test/pmi20_run_ce_anchor_pmi20_lr5e5_s42_05-04_09-05/metrics_20260504_090537_cross_entropy.json
42,CE,CE,ce_anchor_pmi20,494,15,6,68382-0227,53489-0156,8.0,15,3.482635498046875,True,checkpoints/pmi20_run_ce_anchor_pmi20_lr5e5_s42,results/pmi20_sota_convnext_base_test/pmi20_run_ce_anchor_pmi20_lr5e5_s42_05-04_09-05/metrics_20260504_090537_cross_entropy.json
42,CE,CE,ce_anchor_pmi20,495,15,6,68382-0227,53489-0156,8.0,15,1.0948753356933594,True,checkpoints/pmi20_run_ce_anchor_pmi20_lr5e5_s42,results/pmi20_sota_convnext_base_test/pmi20_run_ce_anchor_pmi20_lr5e5_s42_05-04_09-05/metrics_20260504_090537_cross_entropy.json
42,CE,CE,ce_anchor_pmi20,496,15,6,68382-0227,53489-0156,8.0,15,2.6390037536621094,True,checkpoints/pmi20_run_ce_anchor_pmi20_lr5e5_s42,results/pmi20_sota_convnext_base_test/pmi20_run_ce_anchor_pmi20_lr5e5_s42_05-04_09-05/metrics_20260504_090537_cross_entropy.json
42,CE,CE,ce_anchor_pmi20,497,15,6,68382-0227,53489-0156,8.0,15,5.3873560428619385,True,checkpoints/pmi20_run_ce_anchor_pmi20_lr5e5_s42,results/pmi20_sota_convnext_base_test/pmi20_run_ce_anchor_pmi20_lr5e5_s42_05-04_09-05/metrics_20260504_090537_cross_entropy.json
42,CE,CE,ce_anchor_pmi20,498,15,6,68382-0227,53489-0156,8.0,15,3.9555773735046387,True,checkpoints/pmi20_run_ce_anchor_pmi20_lr5e5_s42,results/pmi20_sota_convnext_base_test/pmi20_run_ce_anchor_pmi20_lr5e5_s42_05-04_09-05/metrics_20260504_090537_cross_entropy.json
42,CE,CE,ce_anchor_pmi20,499,15,6,68382-0227,53489-0156,8.0,15,3.423839569091797,True,checkpoints/pmi20_run_ce_anchor_pmi20_lr5e5_s42,results/pmi20_sota_convnext_base_test/pmi20_run_ce_anchor_pmi20_lr5e5_s42_05-04_09-05/metrics_20260504_090537_cross_entropy.json
42,CE,CE,ce_anchor_pmi20,500,15,6,68382-0227,53489-0156,8.0,15,2.517902374267578,True,checkpoints/pmi20_run_ce_anchor_pmi20_lr5e5_s42,results/pmi20_sota_convnext_base_test/pmi20_run_ce_anchor_pmi20_lr5e5_s42_05-04_09-05/metrics_20260504_090537_cross_entropy.json
42,CE,CE,ce_anchor_pmi20,501,15,6,68382-0227,53489-0156,8.0,15,3.5239925384521484,True,checkpoints/pmi20_run_ce_anchor_pmi20_lr5e5_s42,results/pmi20_sota_convnext_base_test/pmi20_run_ce_anchor_pmi20_lr5e5_s42_05-04_09-05/metrics_20260504_090537_cross_entropy.json
42,CE,CE,ce_anchor_pmi20,502,15,6,68382-0227,53489-0156,8.0,15,3.1584959030151367,True,checkpoints/pmi20_run_ce_anchor_pmi20_lr5e5_s42,results/pmi20_sota_convnext_base_test/pmi20_run_ce_anchor_pmi20_lr5e5_s42_05-04_09-05/metrics_20260504_090537_cross_entropy.json
42,CE,CE,ce_anchor_pmi20,503,15,6,68382-0227,53489-0156,8.0,15,3.7189559936523438,True,checkpoints/pmi20_run_ce_anchor_pmi20_lr5e5_s42,results/pmi20_sota_convnext_base_test/pmi20_run_ce_anchor_pmi20_lr5e5_s42_05-04_09-05/metrics_20260504_090537_cross_entropy.json
42,CE,CE,ce_anchor_pmi20,504,15,6,68382-0227,53489-0156,8.0,15,2.209015369415283,True,checkpoints/pmi20_run_ce_anchor_pmi20_lr5e5_s42,results/pmi20_sota_convnext_base_test/pmi20_run_ce_anchor_pmi20_lr5e5_s42_05-04_09-05/metrics_20260504_090537_cross_entropy.json
42,CE,CE,ce_anchor_pmi20,505,15,6,68382-0227,53489-0156,8.0,15,1.934898853302002,True,checkpoints/pmi20_run_ce_anchor_pmi20_lr5e5_s42,results/pmi20_sota_convnext_base_test/pmi20_run_ce_anchor_pmi20_lr5e5_s42_05-04_09-05/metrics_20260504_090537_cross_entropy.json
42,CE,CE,ce_anchor_pmi20,506,15,6,68382-0227,53489-0156,8.0,15,2.0251853466033936,True,checkpoints/pmi20_run_ce_anchor_pmi20_lr5e5_s42,results/pmi20_sota_convnext_base_test/pmi20_run_ce_anchor_pmi20_lr5e5_s42_05-04_09-05/metrics_20260504_090537_cross_entropy.json
42,CE,CE,ce_anchor_pmi20,507,15,6,68382-0227,53489-0156,8.0,15,3.8620781898498535,True,checkpoints/pmi20_run_ce_anchor_pmi20_lr5e5_s42,results/pmi20_sota_convnext_base_test/pmi20_run_ce_anchor_pmi20_lr5e5_s42_05-04_09-05/metrics_20260504_090537_cross_entropy.json
42,CE,CE,ce_anchor_pmi20,508,15,6,68382-0227,53489-0156,8.0,15,2.5352115631103516,True,checkpoints/pmi20_run_ce_anchor_pmi20_lr5e5_s42,results/pmi20_sota_convnext_base_test/pmi20_run_ce_anchor_pmi20_lr5e5_s42_05-04_09-05/metrics_20260504_090537_cross_entropy.json
42,CE,CE,ce_anchor_pmi20,509,15,6,68382-0227,53489-0156,8.0,15,4.107808351516724,True,checkpoints/pmi20_run_ce_anchor_pmi20_lr5e5_s42,results/pmi20_sota_convnext_base_test/pmi20_run_ce_anchor_pmi20_lr5e5_s42_05-04_09-05/metrics_20260504_090537_cross_entropy.json
42,CE,CE,ce_anchor_pmi20,510,15,6,68382-0227,53489-0156,8.0,15,3.5935044288635254,True,checkpoints/pmi20_run_ce_anchor_pmi20_lr5e5_s42,results/pmi20_sota_convnext_base_test/pmi20_run_ce_anchor_pmi20_lr5e5_s42_05-04_09-05/metrics_20260504_090537_cross_entropy.json
42,CE,CE,ce_anchor_pmi20,511,15,6,68382-0227,53489-0156,8.0,15,4.792269468307495,True,checkpoints/pmi20_run_ce_anchor_pmi20_lr5e5_s42,results/pmi20_sota_convnext_base_test/pmi20_run_ce_anchor_pmi20_lr5e5_s42_05-04_09-05/metrics_20260504_090537_cross_entropy.json
42,cost_sensitive_regularized_ce,cost-sensitive regularized CE,cost_sensitive_regularized_ce,160,5,2,50111-0434,00591-0461,10.0,5,6.911296606063843,True,checkpoints/pmi20_run_cost_sensitive_regularized_ce_lr5e5_s42,results/pmi20_sota_convnext_base_test/pmi20_run_cost_sensitive_regularized_ce_lr5e5_s42_05-04_09-23/metrics_20260504_092355_cost_sensitive_regularized_ce.json
42,cost_sensitive_regularized_ce,cost-sensitive regularized CE,cost_sensitive_regularized_ce,161,5,2,50111-0434,00591-0461,10.0,5,7.009381175041199,True,checkpoints/pmi20_run_cost_sensitive_regularized_ce_lr5e5_s42,results/pmi20_sota_convnext_base_test/pmi20_run_cost_sensitive_regularized_ce_lr5e5_s42_05-04_09-23/metrics_20260504_092355_cost_sensitive_regularized_ce.json
42,cost_sensitive_regularized_ce,cost-sensitive regularized CE,cost_sensitive_regularized_ce,162,5,2,50111-0434,00591-0461,10.0,5,7.841542363166809,True,checkpoints/pmi20_run_cost_sensitive_regularized_ce_lr5e5_s42,results/pmi20_sota_convnext_base_test/pmi20_run_cost_sensitive_regularized_ce_lr5e5_s42_05-04_09-23/metrics_20260504_092355_cost_sensitive_regularized_ce.json
42,cost_sensitive_regularized_ce,cost-sensitive regularized CE,cost_sensitive_regularized_ce,163,5,2,50111-0434,00591-0461,10.0,5,7.637420177459717,True,checkpoints/pmi20_run_cost_sensitive_regularized_ce_lr5e5_s42,results/pmi20_sota_convnext_base_test/pmi20_run_cost_sensitive_regularized_ce_lr5e5_s42_05-04_09-23/metrics_20260504_092355_cost_sensitive_regularized_ce.json
42,cost_sensitive_regularized_ce,cost-sensitive regularized CE,cost_sensitive_regularized_ce,164,5,2,50111-0434,00591-0461,10.0,5,9.107224524021149,True,checkpoints/pmi20_run_cost_sensitive_regularized_ce_lr5e5_s42,results/pmi20_sota_convnext_base_test/pmi20_run_cost_sensitive_regularized_ce_lr5e5_s42_05-04_09-23/metrics_20260504_092355_cost_sensitive_regularized_ce.json
42,cost_sensitive_regularized_ce,cost-sensitive regularized CE,cost_sensitive_regularized_ce,165,5,2,50111-0434,00591-0461,10.0,5,8.72668570280075,True,checkpoints/pmi20_run_cost_sensitive_regularized_ce_lr5e5_s42,results/pmi20_sota_convnext_base_test/pmi20_run_cost_sensitive_regularized_ce_lr5e5_s42_05-04_09-23/metrics_20260504_092355_cost_sensitive_regularized_ce.json
42,cost_sensitive_regularized_ce,cost-sensitive regularized CE,cost_sensitive_regularized_ce,166,5,2,50111-0434,00591-0461,10.0,5,7.298319339752197,True,checkpoints/pmi20_run_cost_sensitive_regularized_ce_lr5e5_s42,results/pmi20_sota_convnext_base_test/pmi20_run_cost_sensitive_regularized_ce_lr5e5_s42_05-04_09-23/metrics_20260504_092355_cost_sensitive_regularized_ce.json
42,cost_sensitive_regularized_ce,cost-sensitive regularized CE,cost_sensitive_regularized_ce,167,5,2,50111-0434,00591-0461,10.0,5,6.778688907623291,True,checkpoints/pmi20_run_cost_sensitive_regularized_ce_lr5e5_s42,results/pmi20_sota_convnext_base_test/pmi20_run_cost_sensitive_regularized_ce_lr5e5_s42_05-04_09-23/metrics_20260504_092355_cost_sensitive_regularized_ce.json
42,cost_sensitive_regularized_ce,cost-sensitive regularized CE,cost_sensitive_regularized_ce,168,5,2,50111-0434,00591-0461,10.0,5,7.594691276550293,True,checkpoints/pmi20_run_cost_sensitive_regularized_ce_lr5e5_s42,results/pmi20_sota_convnext_base_test/pmi20_run_cost_sensitive_regularized_ce_lr5e5_s42_05-04_09-23/metrics_20260504_092355_cost_sensitive_regularized_ce.json
42,cost_sensitive_regularized_ce,cost-sensitive regularized CE,cost_sensitive_regularized_ce,169,5,2,50111-0434,00591-0461,10.0,5,7.120093107223511,True,checkpoints/pmi20_run_cost_sensitive_regularized_ce_lr5e5_s42,results/pmi20_sota_convnext_base_test/pmi20_run_cost_sensitive_regularized_ce_lr5e5_s42_05-04_09-23/metrics_20260504_092355_cost_sensitive_regularized_ce.json
42,cost_sensitive_regularized_ce,cost-sensitive regularized CE,cost_sensitive_regularized_ce,170,5,2,50111-0434,00591-0461,10.0,5,7.787484049797058,True,checkpoints/pmi20_run_cost_sensitive_regularized_ce_lr5e5_s42,results/pmi20_sota_convnext_base_test/pmi20_run_cost_sensitive_regularized_ce_lr5e5_s42_05-04_09-23/metrics_20260504_092355_cost_sensitive_regularized_ce.json
42,cost_sensitive_regularized_ce,cost-sensitive regularized CE,cost_sensitive_regularized_ce,171,5,2,50111-0434,00591-0461,10.0,5,7.652329921722412,True,checkpoints/pmi20_run_cost_sensitive_regularized_ce_lr5e5_s42,results/pmi20_sota_convnext_base_test/pmi20_run_cost_sensitive_regularized_ce_lr5e5_s42_05-04_09-23/metrics_20260504_092355_cost_sensitive_regularized_ce.json
42,cost_sensitive_regularized_ce,cost-sensitive regularized CE,cost_sensitive_regularized_ce,172,5,2,50111-0434,00591-0461,10.0,5,5.587263345718384,True,checkpoints/pmi20_run_cost_sensitive_regularized_ce_lr5e5_s42,results/pmi20_sota_convnext_base_test/pmi20_run_cost_sensitive_regularized_ce_lr5e5_s42_05-04_09-23/metrics_20260504_092355_cost_sensitive_regularized_ce.json
42,cost_sensitive_regularized_ce,cost-sensitive regularized CE,cost_sensitive_regularized_ce,173,5,2,50111-0434,00591-0461,10.0,5,6.58172345161438,True,checkpoints/pmi20_run_cost_sensitive_regularized_ce_lr5e5_s42,results/pmi20_sota_convnext_base_test/pmi20_run_cost_sensitive_regularized_ce_lr5e5_s42_05-04_09-23/metrics_20260504_092355_cost_sensitive_regularized_ce.json
42,cost_sensitive_regularized_ce,cost-sensitive regularized CE,cost_sensitive_regularized_ce,174,5,2,50111-0434,00591-0461,10.0,5,7.972489595413208,True,checkpoints/pmi20_run_cost_sensitive_regularized_ce_lr5e5_s42,results/pmi20_sota_convnext_base_test/pmi20_run_cost_sensitive_regularized_ce_lr5e5_s42_05-04_09-23/metrics_20260504_092355_cost_sensitive_regularized_ce.json
42,cost_sensitive_regularized_ce,cost-sensitive regularized CE,cost_sensitive_regularized_ce,175,5,2,50111-0434,00591-0461,10.0,5,7.90582013130188,True,checkpoints/pmi20_run_cost_sensitive_regularized_ce_lr5e5_s42,results/pmi20_sota_convnext_base_test/pmi20_run_cost_sensitive_regularized_ce_lr5e5_s42_05-04_09-23/metrics_20260504_092355_cost_sensitive_regularized_ce.json
42,cost_sensitive_regularized_ce,cost-sensitive regularized CE,cost_sensitive_regularized_ce,176,5,2,50111-0434,00591-0461,10.0,5,3.2592759132385254,True,checkpoints/pmi20_run_cost_sensitive_regularized_ce_lr5e5_s42,results/pmi20_sota_convnext_base_test/pmi20_run_cost_sensitive_regularized_ce_lr5e5_s42_05-04_09-23/metrics_20260504_092355_cost_sensitive_regularized_ce.json
42,cost_sensitive_regularized_ce,cost-sensitive regularized CE,cost_sensitive_regularized_ce,177,5,2,50111-0434,00591-0461,10.0,5,7.035123705863953,True,checkpoints/pmi20_run_cost_sensitive_regularized_ce_lr5e5_s42,results/pmi20_sota_convnext_base_test/pmi20_run_cost_sensitive_regularized_ce_lr5e5_s42_05-04_09-23/metrics_20260504_092355_cost_sensitive_regularized_ce.json
42,cost_sensitive_regularized_ce,cost-sensitive regularized CE,cost_sensitive_regularized_ce,178,5,2,50111-0434,00591-0461,10.0,2,-0.38941097259521484,False,checkpoints/pmi20_run_cost_sensitive_regularized_ce_lr5e5_s42,results/pmi20_sota_convnext_base_test/pmi20_run_cost_sensitive_regularized_ce_lr5e5_s42_05-04_09-23/metrics_20260504_092355_cost_sensitive_regularized_ce.json
42,cost_sensitive_regularized_ce,cost-sensitive regularized CE,cost_sensitive_regularized_ce,179,5,2,50111-0434,00591-0461,10.0,5,8.449576377868652,True,checkpoints/pmi20_run_cost_sensitive_regularized_ce_lr5e5_s42,results/pmi20_sota_convnext_base_test/pmi20_run_cost_sensitive_regularized_ce_lr5e5_s42_05-04_09-23/metrics_20260504_092355_cost_sensitive_regularized_ce.json
42,cost_sensitive_regularized_ce,cost-sensitive regularized CE,cost_sensitive_regularized_ce,180,5,2,50111-0434,00591-0461,10.0,5,7.269474029541016,True,checkpoints/pmi20_run_cost_sensitive_regularized_ce_lr5e5_s42,results/pmi20_sota_convnext_base_test/pmi20_run_cost_sensitive_regularized_ce_lr5e5_s42_05-04_09-23/metrics_20260504_092355_cost_sensitive_regularized_ce.json
42,cost_sensitive_regularized_ce,cost-sensitive regularized CE,cost_sensitive_regularized_ce,181,5,2,50111-0434,00591-0461,10.0,5,7.118472933769226,True,checkpoints/pmi20_run_cost_sensitive_regularized_ce_lr5e5_s42,results/pmi20_sota_convnext_base_test/pmi20_run_cost_sensitive_regularized_ce_lr5e5_s42_05-04_09-23/metrics_20260504_092355_cost_sensitive_regularized_ce.json
42,cost_sensitive_regularized_ce,cost-sensitive regularized CE,cost_sensitive_regularized_ce,182,5,2,50111-0434,00591-0461,10.0,5,8.001293659210205,True,checkpoints/pmi20_run_cost_sensitive_regularized_ce_lr5e5_s42,results/pmi20_sota_convnext_base_test/pmi20_run_cost_sensitive_regularized_ce_lr5e5_s42_05-04_09-23/metrics_20260504_092355_cost_sensitive_regularized_ce.json
42,cost_sensitive_regularized_ce,cost-sensitive regularized CE,cost_sensitive_regularized_ce,183,5,2,50111-0434,00591-0461,10.0,5,4.910663604736328,True,checkpoints/pmi20_run_cost_sensitive_regularized_ce_lr5e5_s42,results/pmi20_sota_convnext_base_test/pmi20_run_cost_sensitive_regularized_ce_lr5e5_s42_05-04_09-23/metrics_20260504_092355_cost_sensitive_regularized_ce.json
42,cost_sensitive_regularized_ce,cost-sensitive regularized CE,cost_sensitive_regularized_ce,184,5,2,50111-0434,00591-0461,10.0,5,6.682735919952393,True,checkpoints/pmi20_run_cost_sensitive_regularized_ce_lr5e5_s42,results/pmi20_sota_convnext_base_test/pmi20_run_cost_sensitive_regularized_ce_lr5e5_s42_05-04_09-23/metrics_20260504_092355_cost_sensitive_regularized_ce.json
42,cost_sensitive_regularized_ce,cost-sensitive regularized CE,cost_sensitive_regularized_ce,185,5,2,50111-0434,00591-0461,10.0,5,7.227394223213196,True,checkpoints/pmi20_run_cost_sensitive_regularized_ce_lr5e5_s42,results/pmi20_sota_convnext_base_test/pmi20_run_cost_sensitive_regularized_ce_lr5e5_s42_05-04_09-23/metrics_20260504_092355_cost_sensitive_regularized_ce.json
42,cost_sensitive_regularized_ce,cost-sensitive regularized CE,cost_sensitive_regularized_ce,186,5,2,50111-0434,00591-0461,10.0,5,2.580662727355957,True,checkpoints/pmi20_run_cost_sensitive_regularized_ce_lr5e5_s42,results/pmi20_sota_convnext_base_test/pmi20_run_cost_sensitive_regularized_ce_lr5e5_s42_05-04_09-23/metrics_20260504_092355_cost_sensitive_regularized_ce.json
42,cost_sensitive_regularized_ce,cost-sensitive regularized CE,cost_sensitive_regularized_ce,187,5,2,50111-0434,00591-0461,10.0,5,7.733770370483398,True,checkpoints/pmi20_run_cost_sensitive_regularized_ce_lr5e5_s42,results/pmi20_sota_convnext_base_test/pmi20_run_cost_sensitive_regularized_ce_lr5e5_s42_05-04_09-23/metrics_20260504_092355_cost_sensitive_regularized_ce.json
42,cost_sensitive_regularized_ce,cost-sensitive regularized CE,cost_sensitive_regularized_ce,188,5,2,50111-0434,00591-0461,10.0,5,7.591471433639526,True,checkpoints/pmi20_run_cost_sensitive_regularized_ce_lr5e5_s42,results/pmi20_sota_convnext_base_test/pmi20_run_cost_sensitive_regularized_ce_lr5e5_s42_05-04_09-23/metrics_20260504_092355_cost_sensitive_regularized_ce.json
42,cost_sensitive_regularized_ce,cost-sensitive regularized CE,cost_sensitive_regularized_ce,189,5,2,50111-0434,00591-0461,10.0,5,6.0282299518585205,True,checkpoints/pmi20_run_cost_sensitive_regularized_ce_lr5e5_s42,results/pmi20_sota_convnext_base_test/pmi20_run_cost_sensitive_regularized_ce_lr5e5_s42_05-04_09-23/metrics_20260504_092355_cost_sensitive_regularized_ce.json
42,cost_sensitive_regularized_ce,cost-sensitive regularized CE,cost_sensitive_regularized_ce,190,5,2,50111-0434,00591-0461,10.0,5,6.548839211463928,True,checkpoints/pmi20_run_cost_sensitive_regularized_ce_lr5e5_s42,results/pmi20_sota_convnext_base_test/pmi20_run_cost_sensitive_regularized_ce_lr5e5_s42_05-04_09-23/metrics_20260504_092355_cost_sensitive_regularized_ce.json
42,cost_sensitive_regularized_ce,cost-sensitive regularized CE,cost_sensitive_regularized_ce,191,5,2,50111-0434,00591-0461,10.0,5,7.605578184127808,True,checkpoints/pmi20_run_cost_sensitive_regularized_ce_lr5e5_s42,results/pmi20_sota_convnext_base_test/pmi20_run_cost_sensitive_regularized_ce_lr5e5_s42_05-04_09-23/metrics_20260504_092355_cost_sensitive_regularized_ce.json
42,cost_sensitive_regularized_ce,cost-sensitive regularized CE,cost_sensitive_regularized_ce,192,6,15,53489-0156,68382-0227,10.0,6,6.5634050369262695,True,checkpoints/pmi20_run_cost_sensitive_regularized_ce_lr5e5_s42,results/pmi20_sota_convnext_base_test/pmi20_run_cost_sensitive_regularized_ce_lr5e5_s42_05-04_09-23/metrics_20260504_092355_cost_sensitive_regularized_ce.json
42,cost_sensitive_regularized_ce,cost-sensitive regularized CE,cost_sensitive_regularized_ce,193,6,15,53489-0156,68382-0227,10.0,6,8.159306645393372,True,checkpoints/pmi20_run_cost_sensitive_regularized_ce_lr5e5_s42,results/pmi20_sota_convnext_base_test/pmi20_run_cost_sensitive_regularized_ce_lr5e5_s42_05-04_09-23/metrics_20260504_092355_cost_sensitive_regularized_ce.json
42,cost_sensitive_regularized_ce,cost-sensitive regularized CE,cost_sensitive_regularized_ce,194,6,15,53489-0156,68382-0227,10.0,6,7.082042217254639,True,checkpoints/pmi20_run_cost_sensitive_regularized_ce_lr5e5_s42,results/pmi20_sota_convnext_base_test/pmi20_run_cost_sensitive_regularized_ce_lr5e5_s42_05-04_09-23/metrics_20260504_092355_cost_sensitive_regularized_ce.json
42,cost_sensitive_regularized_ce,cost-sensitive regularized CE,cost_sensitive_regularized_ce,195,6,15,53489-0156,68382-0227,10.0,6,7.818346589803696,True,checkpoints/pmi20_run_cost_sensitive_regularized_ce_lr5e5_s42,results/pmi20_sota_convnext_base_test/pmi20_run_cost_sensitive_regularized_ce_lr5e5_s42_05-04_09-23/metrics_20260504_092355_cost_sensitive_regularized_ce.json
42,cost_sensitive_regularized_ce,cost-sensitive regularized CE,cost_sensitive_regularized_ce,196,6,15,53489-0156,68382-0227,10.0,6,8.170232057571411,True,checkpoints/pmi20_run_cost_sensitive_regularized_ce_lr5e5_s42,results/pmi20_sota_convnext_base_test/pmi20_run_cost_sensitive_regularized_ce_lr5e5_s42_05-04_09-23/metrics_20260504_092355_cost_sensitive_regularized_ce.json
42,cost_sensitive_regularized_ce,cost-sensitive regularized CE,cost_sensitive_regularized_ce,197,6,15,53489-0156,68382-0227,10.0,6,6.218396961688995,True,checkpoints/pmi20_run_cost_sensitive_regularized_ce_lr5e5_s42,results/pmi20_sota_convnext_base_test/pmi20_run_cost_sensitive_regularized_ce_lr5e5_s42_05-04_09-23/metrics_20260504_092355_cost_sensitive_regularized_ce.json
42,cost_sensitive_regularized_ce,cost-sensitive regularized CE,cost_sensitive_regularized_ce,198,6,15,53489-0156,68382-0227,10.0,6,6.460887551307678,True,checkpoints/pmi20_run_cost_sensitive_regularized_ce_lr5e5_s42,results/pmi20_sota_convnext_base_test/pmi20_run_cost_sensitive_regularized_ce_lr5e5_s42_05-04_09-23/metrics_20260504_092355_cost_sensitive_regularized_ce.json
42,cost_sensitive_regularized_ce,cost-sensitive regularized CE,cost_sensitive_regularized_ce,199,6,15,53489-0156,68382-0227,10.0,6,7.945218980312347,True,checkpoints/pmi20_run_cost_sensitive_regularized_ce_lr5e5_s42,results/pmi20_sota_convnext_base_test/pmi20_run_cost_sensitive_regularized_ce_lr5e5_s42_05-04_09-23/metrics_20260504_092355_cost_sensitive_regularized_ce.json
42,cost_sensitive_regularized_ce,cost-sensitive regularized CE,cost_sensitive_regularized_ce,200,6,15,53489-0156,68382-0227,10.0,7,0.5813165605068207,True,checkpoints/pmi20_run_cost_sensitive_regularized_ce_lr5e5_s42,results/pmi20_sota_convnext_base_test/pmi20_run_cost_sensitive_regularized_ce_lr5e5_s42_05-04_09-23/metrics_20260504_092355_cost_sensitive_regularized_ce.json
42,cost_sensitive_regularized_ce,cost-sensitive regularized CE,cost_sensitive_regularized_ce,201,6,15,53489-0156,68382-0227,10.0,6,7.9278097078204155,True,checkpoints/pmi20_run_cost_sensitive_regularized_ce_lr5e5_s42,results/pmi20_sota_convnext_base_test/pmi20_run_cost_sensitive_regularized_ce_lr5e5_s42_05-04_09-23/metrics_20260504_092355_cost_sensitive_regularized_ce.json
42,cost_sensitive_regularized_ce,cost-sensitive regularized CE,cost_sensitive_regularized_ce,202,6,15,53489-0156,68382-0227,10.0,6,7.48453164100647,True,checkpoints/pmi20_run_cost_sensitive_regularized_ce_lr5e5_s42,results/pmi20_sota_convnext_base_test/pmi20_run_cost_sensitive_regularized_ce_lr5e5_s42_05-04_09-23/metrics_20260504_092355_cost_sensitive_regularized_ce.json
42,cost_sensitive_regularized_ce,cost-sensitive regularized CE,cost_sensitive_regularized_ce,203,6,15,53489-0156,68382-0227,10.0,6,7.289247125387192,True,checkpoints/pmi20_run_cost_sensitive_regularized_ce_lr5e5_s42,results/pmi20_sota_convnext_base_test/pmi20_run_cost_sensitive_regularized_ce_lr5e5_s42_05-04_09-23/metrics_20260504_092355_cost_sensitive_regularized_ce.json
42,cost_sensitive_regularized_ce,cost-sensitive regularized CE,cost_sensitive_regularized_ce,204,6,15,53489-0156,68382-0227,10.0,6,7.382438063621521,True,checkpoints/pmi20_run_cost_sensitive_regularized_ce_lr5e5_s42,results/pmi20_sota_convnext_base_test/pmi20_run_cost_sensitive_regularized_ce_lr5e5_s42_05-04_09-23/metrics_20260504_092355_cost_sensitive_regularized_ce.json
42,cost_sensitive_regularized_ce,cost-sensitive regularized CE,cost_sensitive_regularized_ce,205,6,15,53489-0156,68382-0227,10.0,6,8.881086736917496,True,checkpoints/pmi20_run_cost_sensitive_regularized_ce_lr5e5_s42,results/pmi20_sota_convnext_base_test/pmi20_run_cost_sensitive_regularized_ce_lr5e5_s42_05-04_09-23/metrics_20260504_092355_cost_sensitive_regularized_ce.json
42,cost_sensitive_regularized_ce,cost-sensitive regularized CE,cost_sensitive_regularized_ce,206,6,15,53489-0156,68382-0227,10.0,6,5.78214430809021,True,checkpoints/pmi20_run_cost_sensitive_regularized_ce_lr5e5_s42,results/pmi20_sota_convnext_base_test/pmi20_run_cost_sensitive_regularized_ce_lr5e5_s42_05-04_09-23/metrics_20260504_092355_cost_sensitive_regularized_ce.json
42,cost_sensitive_regularized_ce,cost-sensitive regularized CE,cost_sensitive_regularized_ce,207,6,15,53489-0156,68382-0227,10.0,6,7.542572379112244,True,checkpoints/pmi20_run_cost_sensitive_regularized_ce_lr5e5_s42,results/pmi20_sota_convnext_base_test/pmi20_run_cost_sensitive_regularized_ce_lr5e5_s42_05-04_09-23/metrics_20260504_092355_cost_sensitive_regularized_ce.json
42,cost_sensitive_regularized_ce,cost-sensitive regularized CE,cost_sensitive_regularized_ce,208,6,15,53489-0156,68382-0227,10.0,6,7.9711527824401855,True,checkpoints/pmi20_run_cost_sensitive_regularized_ce_lr5e5_s42,results/pmi20_sota_convnext_base_test/pmi20_run_cost_sensitive_regularized_ce_lr5e5_s42_05-04_09-23/metrics_20260504_092355_cost_sensitive_regularized_ce.json
42,cost_sensitive_regularized_ce,cost-sensitive regularized CE,cost_sensitive_regularized_ce,209,6,15,53489-0156,68382-0227,10.0,6,6.631819486618042,True,checkpoints/pmi20_run_cost_sensitive_regularized_ce_lr5e5_s42,results/pmi20_sota_convnext_base_test/pmi20_run_cost_sensitive_regularized_ce_lr5e5_s42_05-04_09-23/metrics_20260504_092355_cost_sensitive_regularized_ce.json
42,cost_sensitive_regularized_ce,cost-sensitive regularized CE,cost_sensitive_regularized_ce,210,6,15,53489-0156,68382-0227,10.0,6,6.161053538322449,True,checkpoints/pmi20_run_cost_sensitive_regularized_ce_lr5e5_s42,results/pmi20_sota_convnext_base_test/pmi20_run_cost_sensitive_regularized_ce_lr5e5_s42_05-04_09-23/metrics_20260504_092355_cost_sensitive_regularized_ce.json
42,cost_sensitive_regularized_ce,cost-sensitive regularized CE,cost_sensitive_regularized_ce,211,6,15,53489-0156,68382-0227,10.0,6,3.915069818496704,True,checkpoints/pmi20_run_cost_sensitive_regularized_ce_lr5e5_s42,results/pmi20_sota_convnext_base_test/pmi20_run_cost_sensitive_regularized_ce_lr5e5_s42_05-04_09-23/metrics_20260504_092355_cost_sensitive_regularized_ce.json
42,cost_sensitive_regularized_ce,cost-sensitive regularized CE,cost_sensitive_regularized_ce,212,6,15,53489-0156,68382-0227,10.0,6,7.76544862985611,True,checkpoints/pmi20_run_cost_sensitive_regularized_ce_lr5e5_s42,results/pmi20_sota_convnext_base_test/pmi20_run_cost_sensitive_regularized_ce_lr5e5_s42_05-04_09-23/metrics_20260504_092355_cost_sensitive_regularized_ce.json
42,cost_sensitive_regularized_ce,cost-sensitive regularized CE,cost_sensitive_regularized_ce,213,6,15,53489-0156,68382-0227,10.0,6,5.268509387969971,True,checkpoints/pmi20_run_cost_sensitive_regularized_ce_lr5e5_s42,results/pmi20_sota_convnext_base_test/pmi20_run_cost_sensitive_regularized_ce_lr5e5_s42_05-04_09-23/metrics_20260504_092355_cost_sensitive_regularized_ce.json
42,cost_sensitive_regularized_ce,cost-sensitive regularized CE,cost_sensitive_regularized_ce,214,6,15,53489-0156,68382-0227,10.0,16,1.5489834696054459,True,checkpoints/pmi20_run_cost_sensitive_regularized_ce_lr5e5_s42,results/pmi20_sota_convnext_base_test/pmi20_run_cost_sensitive_regularized_ce_lr5e5_s42_05-04_09-23/metrics_20260504_092355_cost_sensitive_regularized_ce.json
42,cost_sensitive_regularized_ce,cost-sensitive regularized CE,cost_sensitive_regularized_ce,215,6,15,53489-0156,68382-0227,10.0,6,6.711008906364441,True,checkpoints/pmi20_run_cost_sensitive_regularized_ce_lr5e5_s42,results/pmi20_sota_convnext_base_test/pmi20_run_cost_sensitive_regularized_ce_lr5e5_s42_05-04_09-23/metrics_20260504_092355_cost_sensitive_regularized_ce.json
42,cost_sensitive_regularized_ce,cost-sensitive regularized CE,cost_sensitive_regularized_ce,216,6,15,53489-0156,68382-0227,10.0,6,7.7154921889305115,True,checkpoints/pmi20_run_cost_sensitive_regularized_ce_lr5e5_s42,results/pmi20_sota_convnext_base_test/pmi20_run_cost_sensitive_regularized_ce_lr5e5_s42_05-04_09-23/metrics_20260504_092355_cost_sensitive_regularized_ce.json
42,cost_sensitive_regularized_ce,cost-sensitive regularized CE,cost_sensitive_regularized_ce,217,6,15,53489-0156,68382-0227,10.0,6,7.440125465393066,True,checkpoints/pmi20_run_cost_sensitive_regularized_ce_lr5e5_s42,results/pmi20_sota_convnext_base_test/pmi20_run_cost_sensitive_regularized_ce_lr5e5_s42_05-04_09-23/metrics_20260504_092355_cost_sensitive_regularized_ce.json
42,cost_sensitive_regularized_ce,cost-sensitive regularized CE,cost_sensitive_regularized_ce,218,6,15,53489-0156,68382-0227,10.0,6,1.9511079788208008,True,checkpoints/pmi20_run_cost_sensitive_regularized_ce_lr5e5_s42,results/pmi20_sota_convnext_base_test/pmi20_run_cost_sensitive_regularized_ce_lr5e5_s42_05-04_09-23/metrics_20260504_092355_cost_sensitive_regularized_ce.json
42,cost_sensitive_regularized_ce,cost-sensitive regularized CE,cost_sensitive_regularized_ce,219,6,15,53489-0156,68382-0227,10.0,15,-0.9992020130157471,False,checkpoints/pmi20_run_cost_sensitive_regularized_ce_lr5e5_s42,results/pmi20_sota_convnext_base_test/pmi20_run_cost_sensitive_regularized_ce_lr5e5_s42_05-04_09-23/metrics_20260504_092355_cost_sensitive_regularized_ce.json
42,cost_sensitive_regularized_ce,cost-sensitive regularized CE,cost_sensitive_regularized_ce,220,6,15,53489-0156,68382-0227,10.0,6,8.49928605556488,True,checkpoints/pmi20_run_cost_sensitive_regularized_ce_lr5e5_s42,results/pmi20_sota_convnext_base_test/pmi20_run_cost_sensitive_regularized_ce_lr5e5_s42_05-04_09-23/metrics_20260504_092355_cost_sensitive_regularized_ce.json
42,cost_sensitive_regularized_ce,cost-sensitive regularized CE,cost_sensitive_regularized_ce,221,6,15,53489-0156,68382-0227,10.0,6,8.4389888048172,True,checkpoints/pmi20_run_cost_sensitive_regularized_ce_lr5e5_s42,results/pmi20_sota_convnext_base_test/pmi20_run_cost_sensitive_regularized_ce_lr5e5_s42_05-04_09-23/metrics_20260504_092355_cost_sensitive_regularized_ce.json
42,cost_sensitive_regularized_ce,cost-sensitive regularized CE,cost_sensitive_regularized_ce,222,6,15,53489-0156,68382-0227,10.0,6,8.152408599853516,True,checkpoints/pmi20_run_cost_sensitive_regularized_ce_lr5e5_s42,results/pmi20_sota_convnext_base_test/pmi20_run_cost_sensitive_regularized_ce_lr5e5_s42_05-04_09-23/metrics_20260504_092355_cost_sensitive_regularized_ce.json
42,cost_sensitive_regularized_ce,cost-sensitive regularized CE,cost_sensitive_regularized_ce,223,6,15,53489-0156,68382-0227,10.0,6,7.821481674909592,True,checkpoints/pmi20_run_cost_sensitive_regularized_ce_lr5e5_s42,results/pmi20_sota_convnext_base_test/pmi20_run_cost_sensitive_regularized_ce_lr5e5_s42_05-04_09-23/metrics_20260504_092355_cost_sensitive_regularized_ce.json
42,cost_sensitive_regularized_ce,cost-sensitive regularized CE,cost_sensitive_regularized_ce,224,7,0,53746-0544,00378-0208,10.0,7,5.470817804336548,True,checkpoints/pmi20_run_cost_sensitive_regularized_ce_lr5e5_s42,results/pmi20_sota_convnext_base_test/pmi20_run_cost_sensitive_regularized_ce_lr5e5_s42_05-04_09-23/metrics_20260504_092355_cost_sensitive_regularized_ce.json
42,cost_sensitive_regularized_ce,cost-sensitive regularized CE,cost_sensitive_regularized_ce,225,7,0,53746-0544,00378-0208,10.0,7,5.046486854553223,True,checkpoints/pmi20_run_cost_sensitive_regularized_ce_lr5e5_s42,results/pmi20_sota_convnext_base_test/pmi20_run_cost_sensitive_regularized_ce_lr5e5_s42_05-04_09-23/metrics_20260504_092355_cost_sensitive_regularized_ce.json
42,cost_sensitive_regularized_ce,cost-sensitive regularized CE,cost_sensitive_regularized_ce,226,7,0,53746-0544,00378-0208,10.0,7,5.81115984916687,True,checkpoints/pmi20_run_cost_sensitive_regularized_ce_lr5e5_s42,results/pmi20_sota_convnext_base_test/pmi20_run_cost_sensitive_regularized_ce_lr5e5_s42_05-04_09-23/metrics_20260504_092355_cost_sensitive_regularized_ce.json
42,cost_sensitive_regularized_ce,cost-sensitive regularized CE,cost_sensitive_regularized_ce,227,7,0,53746-0544,00378-0208,10.0,7,7.486064434051514,True,checkpoints/pmi20_run_cost_sensitive_regularized_ce_lr5e5_s42,results/pmi20_sota_convnext_base_test/pmi20_run_cost_sensitive_regularized_ce_lr5e5_s42_05-04_09-23/metrics_20260504_092355_cost_sensitive_regularized_ce.json
42,cost_sensitive_regularized_ce,cost-sensitive regularized CE,cost_sensitive_regularized_ce,228,7,0,53746-0544,00378-0208,10.0,7,4.280533075332642,True,checkpoints/pmi20_run_cost_sensitive_regularized_ce_lr5e5_s42,results/pmi20_sota_convnext_base_test/pmi20_run_cost_sensitive_regularized_ce_lr5e5_s42_05-04_09-23/metrics_20260504_092355_cost_sensitive_regularized_ce.json
42,cost_sensitive_regularized_ce,cost-sensitive regularized CE,cost_sensitive_regularized_ce,229,7,0,53746-0544,00378-0208,10.0,7,6.1053383350372314,True,checkpoints/pmi20_run_cost_sensitive_regularized_ce_lr5e5_s42,results/pmi20_sota_convnext_base_test/pmi20_run_cost_sensitive_regularized_ce_lr5e5_s42_05-04_09-23/metrics_20260504_092355_cost_sensitive_regularized_ce.json
42,cost_sensitive_regularized_ce,cost-sensitive regularized CE,cost_sensitive_regularized_ce,230,7,0,53746-0544,00378-0208,10.0,7,7.150757670402527,True,checkpoints/pmi20_run_cost_sensitive_regularized_ce_lr5e5_s42,results/pmi20_sota_convnext_base_test/pmi20_run_cost_sensitive_regularized_ce_lr5e5_s42_05-04_09-23/metrics_20260504_092355_cost_sensitive_regularized_ce.json
42,cost_sensitive_regularized_ce,cost-sensitive regularized CE,cost_sensitive_regularized_ce,231,7,0,53746-0544,00378-0208,10.0,7,6.908186912536621,True,checkpoints/pmi20_run_cost_sensitive_regularized_ce_lr5e5_s42,results/pmi20_sota_convnext_base_test/pmi20_run_cost_sensitive_regularized_ce_lr5e5_s42_05-04_09-23/metrics_20260504_092355_cost_sensitive_regularized_ce.json
42,cost_sensitive_regularized_ce,cost-sensitive regularized CE,cost_sensitive_regularized_ce,232,7,0,53746-0544,00378-0208,10.0,7,5.230682134628296,True,checkpoints/pmi20_run_cost_sensitive_regularized_ce_lr5e5_s42,results/pmi20_sota_convnext_base_test/pmi20_run_cost_sensitive_regularized_ce_lr5e5_s42_05-04_09-23/metrics_20260504_092355_cost_sensitive_regularized_ce.json
42,cost_sensitive_regularized_ce,cost-sensitive regularized CE,cost_sensitive_regularized_ce,233,7,0,53746-0544,00378-0208,10.0,7,8.539680689573288,True,checkpoints/pmi20_run_cost_sensitive_regularized_ce_lr5e5_s42,results/pmi20_sota_convnext_base_test/pmi20_run_cost_sensitive_regularized_ce_lr5e5_s42_05-04_09-23/metrics_20260504_092355_cost_sensitive_regularized_ce.json
42,cost_sensitive_regularized_ce,cost-sensitive regularized CE,cost_sensitive_regularized_ce,234,7,0,53746-0544,00378-0208,10.0,7,6.250104665756226,True,checkpoints/pmi20_run_cost_sensitive_regularized_ce_lr5e5_s42,results/pmi20_sota_convnext_base_test/pmi20_run_cost_sensitive_regularized_ce_lr5e5_s42_05-04_09-23/metrics_20260504_092355_cost_sensitive_regularized_ce.json
42,cost_sensitive_regularized_ce,cost-sensitive regularized CE,cost_sensitive_regularized_ce,235,7,0,53746-0544,00378-0208,10.0,7,7.904655575752258,True,checkpoints/pmi20_run_cost_sensitive_regularized_ce_lr5e5_s42,results/pmi20_sota_convnext_base_test/pmi20_run_cost_sensitive_regularized_ce_lr5e5_s42_05-04_09-23/metrics_20260504_092355_cost_sensitive_regularized_ce.json
42,cost_sensitive_regularized_ce,cost-sensitive regularized CE,cost_sensitive_regularized_ce,236,7,0,53746-0544,00378-0208,10.0,7,7.5835490226745605,True,checkpoints/pmi20_run_cost_sensitive_regularized_ce_lr5e5_s42,results/pmi20_sota_convnext_base_test/pmi20_run_cost_sensitive_regularized_ce_lr5e5_s42_05-04_09-23/metrics_20260504_092355_cost_sensitive_regularized_ce.json
42,cost_sensitive_regularized_ce,cost-sensitive regularized CE,cost_sensitive_regularized_ce,237,7,0,53746-0544,00378-0208,10.0,7,6.065519094467163,True,checkpoints/pmi20_run_cost_sensitive_regularized_ce_lr5e5_s42,results/pmi20_sota_convnext_base_test/pmi20_run_cost_sensitive_regularized_ce_lr5e5_s42_05-04_09-23/metrics_20260504_092355_cost_sensitive_regularized_ce.json
42,cost_sensitive_regularized_ce,cost-sensitive regularized CE,cost_sensitive_regularized_ce,238,7,0,53746-0544,00378-0208,10.0,7,3.612985610961914,True,checkpoints/pmi20_run_cost_sensitive_regularized_ce_lr5e5_s42,results/pmi20_sota_convnext_base_test/pmi20_run_cost_sensitive_regularized_ce_lr5e5_s42_05-04_09-23/metrics_20260504_092355_cost_sensitive_regularized_ce.json
42,cost_sensitive_regularized_ce,cost-sensitive regularized CE,cost_sensitive_regularized_ce,239,7,0,53746-0544,00378-0208,10.0,0,-0.6610968112945557,False,checkpoints/pmi20_run_cost_sensitive_regularized_ce_lr5e5_s42,results/pmi20_sota_convnext_base_test/pmi20_run_cost_sensitive_regularized_ce_lr5e5_s42_05-04_09-23/metrics_20260504_092355_cost_sensitive_regularized_ce.json
42,cost_sensitive_regularized_ce,cost-sensitive regularized CE,cost_sensitive_regularized_ce,240,7,0,53746-0544,00378-0208,10.0,7,5.880895376205444,True,checkpoints/pmi20_run_cost_sensitive_regularized_ce_lr5e5_s42,results/pmi20_sota_convnext_base_test/pmi20_run_cost_sensitive_regularized_ce_lr5e5_s42_05-04_09-23/metrics_20260504_092355_cost_sensitive_regularized_ce.json
42,cost_sensitive_regularized_ce,cost-sensitive regularized CE,cost_sensitive_regularized_ce,241,7,0,53746-0544,00378-0208,10.0,7,7.1447248458862305,True,checkpoints/pmi20_run_cost_sensitive_regularized_ce_lr5e5_s42,results/pmi20_sota_convnext_base_test/pmi20_run_cost_sensitive_regularized_ce_lr5e5_s42_05-04_09-23/metrics_20260504_092355_cost_sensitive_regularized_ce.json
42,cost_sensitive_regularized_ce,cost-sensitive regularized CE,cost_sensitive_regularized_ce,242,7,0,53746-0544,00378-0208,10.0,7,8.16296762228012,True,checkpoints/pmi20_run_cost_sensitive_regularized_ce_lr5e5_s42,results/pmi20_sota_convnext_base_test/pmi20_run_cost_sensitive_regularized_ce_lr5e5_s42_05-04_09-23/metrics_20260504_092355_cost_sensitive_regularized_ce.json
42,cost_sensitive_regularized_ce,cost-sensitive regularized CE,cost_sensitive_regularized_ce,243,7,0,53746-0544,00378-0208,10.0,7,6.856102228164673,True,checkpoints/pmi20_run_cost_sensitive_regularized_ce_lr5e5_s42,results/pmi20_sota_convnext_base_test/pmi20_run_cost_sensitive_regularized_ce_lr5e5_s42_05-04_09-23/metrics_20260504_092355_cost_sensitive_regularized_ce.json
42,cost_sensitive_regularized_ce,cost-sensitive regularized CE,cost_sensitive_regularized_ce,244,7,0,53746-0544,00378-0208,10.0,7,4.56740140914917,True,checkpoints/pmi20_run_cost_sensitive_regularized_ce_lr5e5_s42,results/pmi20_sota_convnext_base_test/pmi20_run_cost_sensitive_regularized_ce_lr5e5_s42_05-04_09-23/metrics_20260504_092355_cost_sensitive_regularized_ce.json
42,cost_sensitive_regularized_ce,cost-sensitive regularized CE,cost_sensitive_regularized_ce,245,7,0,53746-0544,00378-0208,10.0,7,6.854388475418091,True,checkpoints/pmi20_run_cost_sensitive_regularized_ce_lr5e5_s42,results/pmi20_sota_convnext_base_test/pmi20_run_cost_sensitive_regularized_ce_lr5e5_s42_05-04_09-23/metrics_20260504_092355_cost_sensitive_regularized_ce.json
42,cost_sensitive_regularized_ce,cost-sensitive regularized CE,cost_sensitive_regularized_ce,246,7,0,53746-0544,00378-0208,10.0,7,7.02265191078186,True,checkpoints/pmi20_run_cost_sensitive_regularized_ce_lr5e5_s42,results/pmi20_sota_convnext_base_test/pmi20_run_cost_sensitive_regularized_ce_lr5e5_s42_05-04_09-23/metrics_20260504_092355_cost_sensitive_regularized_ce.json
42,cost_sensitive_regularized_ce,cost-sensitive regularized CE,cost_sensitive_regularized_ce,247,7,0,53746-0544,00378-0208,10.0,7,8.279019176959991,True,checkpoints/pmi20_run_cost_sensitive_regularized_ce_lr5e5_s42,results/pmi20_sota_convnext_base_test/pmi20_run_cost_sensitive_regularized_ce_lr5e5_s42_05-04_09-23/metrics_20260504_092355_cost_sensitive_regularized_ce.json
42,cost_sensitive_regularized_ce,cost-sensitive regularized CE,cost_sensitive_regularized_ce,248,7,0,53746-0544,00378-0208,10.0,7,6.471193075180054,True,checkpoints/pmi20_run_cost_sensitive_regularized_ce_lr5e5_s42,results/pmi20_sota_convnext_base_test/pmi20_run_cost_sensitive_regularized_ce_lr5e5_s42_05-04_09-23/metrics_20260504_092355_cost_sensitive_regularized_ce.json
42,cost_sensitive_regularized_ce,cost-sensitive regularized CE,cost_sensitive_regularized_ce,249,7,0,53746-0544,00378-0208,10.0,7,6.816516757011414,True,checkpoints/pmi20_run_cost_sensitive_regularized_ce_lr5e5_s42,results/pmi20_sota_convnext_base_test/pmi20_run_cost_sensitive_regularized_ce_lr5e5_s42_05-04_09-23/metrics_20260504_092355_cost_sensitive_regularized_ce.json
42,cost_sensitive_regularized_ce,cost-sensitive regularized CE,cost_sensitive_regularized_ce,250,7,0,53746-0544,00378-0208,10.0,7,6.5315821170806885,True,checkpoints/pmi20_run_cost_sensitive_regularized_ce_lr5e5_s42,results/pmi20_sota_convnext_base_test/pmi20_run_cost_sensitive_regularized_ce_lr5e5_s42_05-04_09-23/metrics_20260504_092355_cost_sensitive_regularized_ce.json
42,cost_sensitive_regularized_ce,cost-sensitive regularized CE,cost_sensitive_regularized_ce,251,7,0,53746-0544,00378-0208,10.0,7,8.036313354969025,True,checkpoints/pmi20_run_cost_sensitive_regularized_ce_lr5e5_s42,results/pmi20_sota_convnext_base_test/pmi20_run_cost_sensitive_regularized_ce_lr5e5_s42_05-04_09-23/metrics_20260504_092355_cost_sensitive_regularized_ce.json
42,cost_sensitive_regularized_ce,cost-sensitive regularized CE,cost_sensitive_regularized_ce,252,7,0,53746-0544,00378-0208,10.0,7,7.543768525123596,True,checkpoints/pmi20_run_cost_sensitive_regularized_ce_lr5e5_s42,results/pmi20_sota_convnext_base_test/pmi20_run_cost_sensitive_regularized_ce_lr5e5_s42_05-04_09-23/metrics_20260504_092355_cost_sensitive_regularized_ce.json
42,cost_sensitive_regularized_ce,cost-sensitive regularized CE,cost_sensitive_regularized_ce,253,7,0,53746-0544,00378-0208,10.0,7,5.572420120239258,True,checkpoints/pmi20_run_cost_sensitive_regularized_ce_lr5e5_s42,results/pmi20_sota_convnext_base_test/pmi20_run_cost_sensitive_regularized_ce_lr5e5_s42_05-04_09-23/metrics_20260504_092355_cost_sensitive_regularized_ce.json
42,cost_sensitive_regularized_ce,cost-sensitive regularized CE,cost_sensitive_regularized_ce,254,7,0,53746-0544,00378-0208,10.0,7,4.295637130737305,True,checkpoints/pmi20_run_cost_sensitive_regularized_ce_lr5e5_s42,results/pmi20_sota_convnext_base_test/pmi20_run_cost_sensitive_regularized_ce_lr5e5_s42_05-04_09-23/metrics_20260504_092355_cost_sensitive_regularized_ce.json
42,cost_sensitive_regularized_ce,cost-sensitive regularized CE,cost_sensitive_regularized_ce,255,7,0,53746-0544,00378-0208,10.0,7,6.447380542755127,True,checkpoints/pmi20_run_cost_sensitive_regularized_ce_lr5e5_s42,results/pmi20_sota_convnext_base_test/pmi20_run_cost_sensitive_regularized_ce_lr5e5_s42_05-04_09-23/metrics_20260504_092355_cost_sensitive_regularized_ce.json
42,cost_sensitive_regularized_ce,cost-sensitive regularized CE,cost_sensitive_regularized_ce,480,15,6,68382-0227,53489-0156,8.0,15,4.673988580703735,True,checkpoints/pmi20_run_cost_sensitive_regularized_ce_lr5e5_s42,results/pmi20_sota_convnext_base_test/pmi20_run_cost_sensitive_regularized_ce_lr5e5_s42_05-04_09-23/metrics_20260504_092355_cost_sensitive_regularized_ce.json
42,cost_sensitive_regularized_ce,cost-sensitive regularized CE,cost_sensitive_regularized_ce,481,15,6,68382-0227,53489-0156,8.0,15,5.960684061050415,True,checkpoints/pmi20_run_cost_sensitive_regularized_ce_lr5e5_s42,results/pmi20_sota_convnext_base_test/pmi20_run_cost_sensitive_regularized_ce_lr5e5_s42_05-04_09-23/metrics_20260504_092355_cost_sensitive_regularized_ce.json
42,cost_sensitive_regularized_ce,cost-sensitive regularized CE,cost_sensitive_regularized_ce,482,15,6,68382-0227,53489-0156,8.0,15,4.857026815414429,True,checkpoints/pmi20_run_cost_sensitive_regularized_ce_lr5e5_s42,results/pmi20_sota_convnext_base_test/pmi20_run_cost_sensitive_regularized_ce_lr5e5_s42_05-04_09-23/metrics_20260504_092355_cost_sensitive_regularized_ce.json
42,cost_sensitive_regularized_ce,cost-sensitive regularized CE,cost_sensitive_regularized_ce,483,15,6,68382-0227,53489-0156,8.0,15,1.2352309226989746,True,checkpoints/pmi20_run_cost_sensitive_regularized_ce_lr5e5_s42,results/pmi20_sota_convnext_base_test/pmi20_run_cost_sensitive_regularized_ce_lr5e5_s42_05-04_09-23/metrics_20260504_092355_cost_sensitive_regularized_ce.json
42,cost_sensitive_regularized_ce,cost-sensitive regularized CE,cost_sensitive_regularized_ce,484,15,6,68382-0227,53489-0156,8.0,15,7.281872630119324,True,checkpoints/pmi20_run_cost_sensitive_regularized_ce_lr5e5_s42,results/pmi20_sota_convnext_base_test/pmi20_run_cost_sensitive_regularized_ce_lr5e5_s42_05-04_09-23/metrics_20260504_092355_cost_sensitive_regularized_ce.json
42,cost_sensitive_regularized_ce,cost-sensitive regularized CE,cost_sensitive_regularized_ce,485,15,6,68382-0227,53489-0156,8.0,15,4.791500568389893,True,checkpoints/pmi20_run_cost_sensitive_regularized_ce_lr5e5_s42,results/pmi20_sota_convnext_base_test/pmi20_run_cost_sensitive_regularized_ce_lr5e5_s42_05-04_09-23/metrics_20260504_092355_cost_sensitive_regularized_ce.json
42,cost_sensitive_regularized_ce,cost-sensitive regularized CE,cost_sensitive_regularized_ce,486,15,6,68382-0227,53489-0156,8.0,15,2.5804262161254883,True,checkpoints/pmi20_run_cost_sensitive_regularized_ce_lr5e5_s42,results/pmi20_sota_convnext_base_test/pmi20_run_cost_sensitive_regularized_ce_lr5e5_s42_05-04_09-23/metrics_20260504_092355_cost_sensitive_regularized_ce.json
42,cost_sensitive_regularized_ce,cost-sensitive regularized CE,cost_sensitive_regularized_ce,487,15,6,68382-0227,53489-0156,8.0,15,2.4752087593078613,True,checkpoints/pmi20_run_cost_sensitive_regularized_ce_lr5e5_s42,results/pmi20_sota_convnext_base_test/pmi20_run_cost_sensitive_regularized_ce_lr5e5_s42_05-04_09-23/metrics_20260504_092355_cost_sensitive_regularized_ce.json
42,cost_sensitive_regularized_ce,cost-sensitive regularized CE,cost_sensitive_regularized_ce,488,15,6,68382-0227,53489-0156,8.0,15,2.8744730949401855,True,checkpoints/pmi20_run_cost_sensitive_regularized_ce_lr5e5_s42,results/pmi20_sota_convnext_base_test/pmi20_run_cost_sensitive_regularized_ce_lr5e5_s42_05-04_09-23/metrics_20260504_092355_cost_sensitive_regularized_ce.json
42,cost_sensitive_regularized_ce,cost-sensitive regularized CE,cost_sensitive_regularized_ce,489,15,6,68382-0227,53489-0156,8.0,15,6.899726748466492,True,checkpoints/pmi20_run_cost_sensitive_regularized_ce_lr5e5_s42,results/pmi20_sota_convnext_base_test/pmi20_run_cost_sensitive_regularized_ce_lr5e5_s42_05-04_09-23/metrics_20260504_092355_cost_sensitive_regularized_ce.json
42,cost_sensitive_regularized_ce,cost-sensitive regularized CE,cost_sensitive_regularized_ce,490,15,6,68382-0227,53489-0156,8.0,15,4.917511224746704,True,checkpoints/pmi20_run_cost_sensitive_regularized_ce_lr5e5_s42,results/pmi20_sota_convnext_base_test/pmi20_run_cost_sensitive_regularized_ce_lr5e5_s42_05-04_09-23/metrics_20260504_092355_cost_sensitive_regularized_ce.json
42,cost_sensitive_regularized_ce,cost-sensitive regularized CE,cost_sensitive_regularized_ce,491,15,6,68382-0227,53489-0156,8.0,15,4.609565258026123,True,checkpoints/pmi20_run_cost_sensitive_regularized_ce_lr5e5_s42,results/pmi20_sota_convnext_base_test/pmi20_run_cost_sensitive_regularized_ce_lr5e5_s42_05-04_09-23/metrics_20260504_092355_cost_sensitive_regularized_ce.json
42,cost_sensitive_regularized_ce,cost-sensitive regularized CE,cost_sensitive_regularized_ce,492,15,6,68382-0227,53489-0156,8.0,15,1.0842766761779785,True,checkpoints/pmi20_run_cost_sensitive_regularized_ce_lr5e5_s42,results/pmi20_sota_convnext_base_test/pmi20_run_cost_sensitive_regularized_ce_lr5e5_s42_05-04_09-23/metrics_20260504_092355_cost_sensitive_regularized_ce.json
42,cost_sensitive_regularized_ce,cost-sensitive regularized CE,cost_sensitive_regularized_ce,493,15,6,68382-0227,53489-0156,8.0,15,5.746357202529907,True,checkpoints/pmi20_run_cost_sensitive_regularized_ce_lr5e5_s42,results/pmi20_sota_convnext_base_test/pmi20_run_cost_sensitive_regularized_ce_lr5e5_s42_05-04_09-23/metrics_20260504_092355_cost_sensitive_regularized_ce.json
42,cost_sensitive_regularized_ce,cost-sensitive regularized CE,cost_sensitive_regularized_ce,494,15,6,68382-0227,53489-0156,8.0,15,5.333056211471558,True,checkpoints/pmi20_run_cost_sensitive_regularized_ce_lr5e5_s42,results/pmi20_sota_convnext_base_test/pmi20_run_cost_sensitive_regularized_ce_lr5e5_s42_05-04_09-23/metrics_20260504_092355_cost_sensitive_regularized_ce.json
42,cost_sensitive_regularized_ce,cost-sensitive regularized CE,cost_sensitive_regularized_ce,495,15,6,68382-0227,53489-0156,8.0,15,2.8387973308563232,True,checkpoints/pmi20_run_cost_sensitive_regularized_ce_lr5e5_s42,results/pmi20_sota_convnext_base_test/pmi20_run_cost_sensitive_regularized_ce_lr5e5_s42_05-04_09-23/metrics_20260504_092355_cost_sensitive_regularized_ce.json
42,cost_sensitive_regularized_ce,cost-sensitive regularized CE,cost_sensitive_regularized_ce,496,15,6,68382-0227,53489-0156,8.0,15,3.140474319458008,True,checkpoints/pmi20_run_cost_sensitive_regularized_ce_lr5e5_s42,results/pmi20_sota_convnext_base_test/pmi20_run_cost_sensitive_regularized_ce_lr5e5_s42_05-04_09-23/metrics_20260504_092355_cost_sensitive_regularized_ce.json
42,cost_sensitive_regularized_ce,cost-sensitive regularized CE,cost_sensitive_regularized_ce,497,15,6,68382-0227,53489-0156,8.0,15,7.358283996582031,True,checkpoints/pmi20_run_cost_sensitive_regularized_ce_lr5e5_s42,results/pmi20_sota_convnext_base_test/pmi20_run_cost_sensitive_regularized_ce_lr5e5_s42_05-04_09-23/metrics_20260504_092355_cost_sensitive_regularized_ce.json
42,cost_sensitive_regularized_ce,cost-sensitive regularized CE,cost_sensitive_regularized_ce,498,15,6,68382-0227,53489-0156,8.0,15,5.207257270812988,True,checkpoints/pmi20_run_cost_sensitive_regularized_ce_lr5e5_s42,results/pmi20_sota_convnext_base_test/pmi20_run_cost_sensitive_regularized_ce_lr5e5_s42_05-04_09-23/metrics_20260504_092355_cost_sensitive_regularized_ce.json
42,cost_sensitive_regularized_ce,cost-sensitive regularized CE,cost_sensitive_regularized_ce,499,15,6,68382-0227,53489-0156,8.0,15,6.156105041503906,True,checkpoints/pmi20_run_cost_sensitive_regularized_ce_lr5e5_s42,results/pmi20_sota_convnext_base_test/pmi20_run_cost_sensitive_regularized_ce_lr5e5_s42_05-04_09-23/metrics_20260504_092355_cost_sensitive_regularized_ce.json
42,cost_sensitive_regularized_ce,cost-sensitive regularized CE,cost_sensitive_regularized_ce,500,15,6,68382-0227,53489-0156,8.0,15,4.776349067687988,True,checkpoints/pmi20_run_cost_sensitive_regularized_ce_lr5e5_s42,results/pmi20_sota_convnext_base_test/pmi20_run_cost_sensitive_regularized_ce_lr5e5_s42_05-04_09-23/metrics_20260504_092355_cost_sensitive_regularized_ce.json
42,cost_sensitive_regularized_ce,cost-sensitive regularized CE,cost_sensitive_regularized_ce,501,15,6,68382-0227,53489-0156,8.0,15,5.434279441833496,True,checkpoints/pmi20_run_cost_sensitive_regularized_ce_lr5e5_s42,results/pmi20_sota_convnext_base_test/pmi20_run_cost_sensitive_regularized_ce_lr5e5_s42_05-04_09-23/metrics_20260504_092355_cost_sensitive_regularized_ce.json
42,cost_sensitive_regularized_ce,cost-sensitive regularized CE,cost_sensitive_regularized_ce,502,15,6,68382-0227,53489-0156,8.0,15,4.746163368225098,True,checkpoints/pmi20_run_cost_sensitive_regularized_ce_lr5e5_s42,results/pmi20_sota_convnext_base_test/pmi20_run_cost_sensitive_regularized_ce_lr5e5_s42_05-04_09-23/metrics_20260504_092355_cost_sensitive_regularized_ce.json
42,cost_sensitive_regularized_ce,cost-sensitive regularized CE,cost_sensitive_regularized_ce,503,15,6,68382-0227,53489-0156,8.0,15,5.23009991645813,True,checkpoints/pmi20_run_cost_sensitive_regularized_ce_lr5e5_s42,results/pmi20_sota_convnext_base_test/pmi20_run_cost_sensitive_regularized_ce_lr5e5_s42_05-04_09-23/metrics_20260504_092355_cost_sensitive_regularized_ce.json
42,cost_sensitive_regularized_ce,cost-sensitive regularized CE,cost_sensitive_regularized_ce,504,15,6,68382-0227,53489-0156,8.0,15,3.8059895038604736,True,checkpoints/pmi20_run_cost_sensitive_regularized_ce_lr5e5_s42,results/pmi20_sota_convnext_base_test/pmi20_run_cost_sensitive_regularized_ce_lr5e5_s42_05-04_09-23/metrics_20260504_092355_cost_sensitive_regularized_ce.json
42,cost_sensitive_regularized_ce,cost-sensitive regularized CE,cost_sensitive_regularized_ce,505,15,6,68382-0227,53489-0156,8.0,15,2.4926085472106934,True,checkpoints/pmi20_run_cost_sensitive_regularized_ce_lr5e5_s42,results/pmi20_sota_convnext_base_test/pmi20_run_cost_sensitive_regularized_ce_lr5e5_s42_05-04_09-23/metrics_20260504_092355_cost_sensitive_regularized_ce.json
42,cost_sensitive_regularized_ce,cost-sensitive regularized CE,cost_sensitive_regularized_ce,506,15,6,68382-0227,53489-0156,8.0,15,2.362053871154785,True,checkpoints/pmi20_run_cost_sensitive_regularized_ce_lr5e5_s42,results/pmi20_sota_convnext_base_test/pmi20_run_cost_sensitive_regularized_ce_lr5e5_s42_05-04_09-23/metrics_20260504_092355_cost_sensitive_regularized_ce.json
42,cost_sensitive_regularized_ce,cost-sensitive regularized CE,cost_sensitive_regularized_ce,507,15,6,68382-0227,53489-0156,8.0,15,5.5402750968933105,True,checkpoints/pmi20_run_cost_sensitive_regularized_ce_lr5e5_s42,results/pmi20_sota_convnext_base_test/pmi20_run_cost_sensitive_regularized_ce_lr5e5_s42_05-04_09-23/metrics_20260504_092355_cost_sensitive_regularized_ce.json
42,cost_sensitive_regularized_ce,cost-sensitive regularized CE,cost_sensitive_regularized_ce,508,15,6,68382-0227,53489-0156,8.0,15,4.490086555480957,True,checkpoints/pmi20_run_cost_sensitive_regularized_ce_lr5e5_s42,results/pmi20_sota_convnext_base_test/pmi20_run_cost_sensitive_regularized_ce_lr5e5_s42_05-04_09-23/metrics_20260504_092355_cost_sensitive_regularized_ce.json
42,cost_sensitive_regularized_ce,cost-sensitive regularized CE,cost_sensitive_regularized_ce,509,15,6,68382-0227,53489-0156,8.0,15,5.8836517333984375,True,checkpoints/pmi20_run_cost_sensitive_regularized_ce_lr5e5_s42,results/pmi20_sota_convnext_base_test/pmi20_run_cost_sensitive_regularized_ce_lr5e5_s42_05-04_09-23/metrics_20260504_092355_cost_sensitive_regularized_ce.json
42,cost_sensitive_regularized_ce,cost-sensitive regularized CE,cost_sensitive_regularized_ce,510,15,6,68382-0227,53489-0156,8.0,15,5.605837106704712,True,checkpoints/pmi20_run_cost_sensitive_regularized_ce_lr5e5_s42,results/pmi20_sota_convnext_base_test/pmi20_run_cost_sensitive_regularized_ce_lr5e5_s42_05-04_09-23/metrics_20260504_092355_cost_sensitive_regularized_ce.json
42,cost_sensitive_regularized_ce,cost-sensitive regularized CE,cost_sensitive_regularized_ce,511,15,6,68382-0227,53489-0156,8.0,15,6.7173285484313965,True,checkpoints/pmi20_run_cost_sensitive_regularized_ce_lr5e5_s42,results/pmi20_sota_convnext_base_test/pmi20_run_cost_sensitive_regularized_ce_lr5e5_s42_05-04_09-23/metrics_20260504_092355_cost_sensitive_regularized_ce.json
42,CSADA,CSADA,csada,160,5,2,50111-0434,00591-0461,10.0,5,8.692451059818268,True,checkpoints/pmi20_run_csada_lr5e5_s42,results/pmi20_sota_convnext_base_test/pmi20_run_csada_lr5e5_s42_05-04_09-27/metrics_20260504_092806_csada.json
42,CSADA,CSADA,csada,161,5,2,50111-0434,00591-0461,10.0,5,8.755992949008942,True,checkpoints/pmi20_run_csada_lr5e5_s42,results/pmi20_sota_convnext_base_test/pmi20_run_csada_lr5e5_s42_05-04_09-27/metrics_20260504_092806_csada.json
42,CSADA,CSADA,csada,162,5,2,50111-0434,00591-0461,10.0,5,8.841907858848572,True,checkpoints/pmi20_run_csada_lr5e5_s42,results/pmi20_sota_convnext_base_test/pmi20_run_csada_lr5e5_s42_05-04_09-27/metrics_20260504_092806_csada.json
42,CSADA,CSADA,csada,163,5,2,50111-0434,00591-0461,10.0,5,8.90574124455452,True,checkpoints/pmi20_run_csada_lr5e5_s42,results/pmi20_sota_convnext_base_test/pmi20_run_csada_lr5e5_s42_05-04_09-27/metrics_20260504_092806_csada.json
42,CSADA,CSADA,csada,164,5,2,50111-0434,00591-0461,10.0,5,9.633234485983849,True,checkpoints/pmi20_run_csada_lr5e5_s42,results/pmi20_sota_convnext_base_test/pmi20_run_csada_lr5e5_s42_05-04_09-27/metrics_20260504_092806_csada.json
42,CSADA,CSADA,csada,165,5,2,50111-0434,00591-0461,10.0,5,9.16881150007248,True,checkpoints/pmi20_run_csada_lr5e5_s42,results/pmi20_sota_convnext_base_test/pmi20_run_csada_lr5e5_s42_05-04_09-27/metrics_20260504_092806_csada.json
42,CSADA,CSADA,csada,166,5,2,50111-0434,00591-0461,10.0,5,8.410489439964294,True,checkpoints/pmi20_run_csada_lr5e5_s42,results/pmi20_sota_convnext_base_test/pmi20_run_csada_lr5e5_s42_05-04_09-27/metrics_20260504_092806_csada.json
42,CSADA,CSADA,csada,167,5,2,50111-0434,00591-0461,10.0,5,8.481911778450012,True,checkpoints/pmi20_run_csada_lr5e5_s42,results/pmi20_sota_convnext_base_test/pmi20_run_csada_lr5e5_s42_05-04_09-27/metrics_20260504_092806_csada.json
42,CSADA,CSADA,csada,168,5,2,50111-0434,00591-0461,10.0,5,8.754320979118347,True,checkpoints/pmi20_run_csada_lr5e5_s42,results/pmi20_sota_convnext_base_test/pmi20_run_csada_lr5e5_s42_05-04_09-27/metrics_20260504_092806_csada.json
42,CSADA,CSADA,csada,169,5,2,50111-0434,00591-0461,10.0,5,8.257625818252563,True,checkpoints/pmi20_run_csada_lr5e5_s42,results/pmi20_sota_convnext_base_test/pmi20_run_csada_lr5e5_s42_05-04_09-27/metrics_20260504_092806_csada.json
42,CSADA,CSADA,csada,170,5,2,50111-0434,00591-0461,10.0,5,9.116817772388458,True,checkpoints/pmi20_run_csada_lr5e5_s42,results/pmi20_sota_convnext_base_test/pmi20_run_csada_lr5e5_s42_05-04_09-27/metrics_20260504_092806_csada.json
42,CSADA,CSADA,csada,171,5,2,50111-0434,00591-0461,10.0,5,8.821099162101746,True,checkpoints/pmi20_run_csada_lr5e5_s42,results/pmi20_sota_convnext_base_test/pmi20_run_csada_lr5e5_s42_05-04_09-27/metrics_20260504_092806_csada.json
42,CSADA,CSADA,csada,172,5,2,50111-0434,00591-0461,10.0,5,7.751196503639221,True,checkpoints/pmi20_run_csada_lr5e5_s42,results/pmi20_sota_convnext_base_test/pmi20_run_csada_lr5e5_s42_05-04_09-27/metrics_20260504_092806_csada.json
42,CSADA,CSADA,csada,173,5,2,50111-0434,00591-0461,10.0,5,8.568901479244232,True,checkpoints/pmi20_run_csada_lr5e5_s42,results/pmi20_sota_convnext_base_test/pmi20_run_csada_lr5e5_s42_05-04_09-27/metrics_20260504_092806_csada.json
42,CSADA,CSADA,csada,174,5,2,50111-0434,00591-0461,10.0,5,9.253820598125458,True,checkpoints/pmi20_run_csada_lr5e5_s42,results/pmi20_sota_convnext_base_test/pmi20_run_csada_lr5e5_s42_05-04_09-27/metrics_20260504_092806_csada.json
42,CSADA,CSADA,csada,175,5,2,50111-0434,00591-0461,10.0,5,8.751603245735168,True,checkpoints/pmi20_run_csada_lr5e5_s42,results/pmi20_sota_convnext_base_test/pmi20_run_csada_lr5e5_s42_05-04_09-27/metrics_20260504_092806_csada.json
42,CSADA,CSADA,csada,176,5,2,50111-0434,00591-0461,10.0,5,5.854012489318848,True,checkpoints/pmi20_run_csada_lr5e5_s42,results/pmi20_sota_convnext_base_test/pmi20_run_csada_lr5e5_s42_05-04_09-27/metrics_20260504_092806_csada.json
42,CSADA,CSADA,csada,177,5,2,50111-0434,00591-0461,10.0,5,8.175557017326355,True,checkpoints/pmi20_run_csada_lr5e5_s42,results/pmi20_sota_convnext_base_test/pmi20_run_csada_lr5e5_s42_05-04_09-27/metrics_20260504_092806_csada.json
42,CSADA,CSADA,csada,178,5,2,50111-0434,00591-0461,10.0,5,5.389141082763672,True,checkpoints/pmi20_run_csada_lr5e5_s42,results/pmi20_sota_convnext_base_test/pmi20_run_csada_lr5e5_s42_05-04_09-27/metrics_20260504_092806_csada.json
42,CSADA,CSADA,csada,179,5,2,50111-0434,00591-0461,10.0,5,9.093634605407715,True,checkpoints/pmi20_run_csada_lr5e5_s42,results/pmi20_sota_convnext_base_test/pmi20_run_csada_lr5e5_s42_05-04_09-27/metrics_20260504_092806_csada.json
42,CSADA,CSADA,csada,180,5,2,50111-0434,00591-0461,10.0,5,8.325182795524597,True,checkpoints/pmi20_run_csada_lr5e5_s42,results/pmi20_sota_convnext_base_test/pmi20_run_csada_lr5e5_s42_05-04_09-27/metrics_20260504_092806_csada.json
42,CSADA,CSADA,csada,181,5,2,50111-0434,00591-0461,10.0,5,8.758697748184204,True,checkpoints/pmi20_run_csada_lr5e5_s42,results/pmi20_sota_convnext_base_test/pmi20_run_csada_lr5e5_s42_05-04_09-27/metrics_20260504_092806_csada.json
42,CSADA,CSADA,csada,182,5,2,50111-0434,00591-0461,10.0,5,9.075382351875305,True,checkpoints/pmi20_run_csada_lr5e5_s42,results/pmi20_sota_convnext_base_test/pmi20_run_csada_lr5e5_s42_05-04_09-27/metrics_20260504_092806_csada.json
42,CSADA,CSADA,csada,183,5,2,50111-0434,00591-0461,10.0,5,7.008016109466553,True,checkpoints/pmi20_run_csada_lr5e5_s42,results/pmi20_sota_convnext_base_test/pmi20_run_csada_lr5e5_s42_05-04_09-27/metrics_20260504_092806_csada.json
42,CSADA,CSADA,csada,184,5,2,50111-0434,00591-0461,10.0,5,8.46238648891449,True,checkpoints/pmi20_run_csada_lr5e5_s42,results/pmi20_sota_convnext_base_test/pmi20_run_csada_lr5e5_s42_05-04_09-27/metrics_20260504_092806_csada.json
42,CSADA,CSADA,csada,185,5,2,50111-0434,00591-0461,10.0,5,8.631479144096375,True,checkpoints/pmi20_run_csada_lr5e5_s42,results/pmi20_sota_convnext_base_test/pmi20_run_csada_lr5e5_s42_05-04_09-27/metrics_20260504_092806_csada.json
42,CSADA,CSADA,csada,186,5,2,50111-0434,00591-0461,10.0,5,5.928382635116577,True,checkpoints/pmi20_run_csada_lr5e5_s42,results/pmi20_sota_convnext_base_test/pmi20_run_csada_lr5e5_s42_05-04_09-27/metrics_20260504_092806_csada.json
42,CSADA,CSADA,csada,187,5,2,50111-0434,00591-0461,10.0,5,9.01751708984375,True,checkpoints/pmi20_run_csada_lr5e5_s42,results/pmi20_sota_convnext_base_test/pmi20_run_csada_lr5e5_s42_05-04_09-27/metrics_20260504_092806_csada.json
42,CSADA,CSADA,csada,188,5,2,50111-0434,00591-0461,10.0,5,8.296041488647461,True,checkpoints/pmi20_run_csada_lr5e5_s42,results/pmi20_sota_convnext_base_test/pmi20_run_csada_lr5e5_s42_05-04_09-27/metrics_20260504_092806_csada.json
42,CSADA,CSADA,csada,189,5,2,50111-0434,00591-0461,10.0,5,8.155505776405334,True,checkpoints/pmi20_run_csada_lr5e5_s42,results/pmi20_sota_convnext_base_test/pmi20_run_csada_lr5e5_s42_05-04_09-27/metrics_20260504_092806_csada.json
42,CSADA,CSADA,csada,190,5,2,50111-0434,00591-0461,10.0,5,8.678868651390076,True,checkpoints/pmi20_run_csada_lr5e5_s42,results/pmi20_sota_convnext_base_test/pmi20_run_csada_lr5e5_s42_05-04_09-27/metrics_20260504_092806_csada.json
42,CSADA,CSADA,csada,191,5,2,50111-0434,00591-0461,10.0,5,8.520649790763855,True,checkpoints/pmi20_run_csada_lr5e5_s42,results/pmi20_sota_convnext_base_test/pmi20_run_csada_lr5e5_s42_05-04_09-27/metrics_20260504_092806_csada.json
42,CSADA,CSADA,csada,192,6,15,53489-0156,68382-0227,10.0,6,1.000403881072998,True,checkpoints/pmi20_run_csada_lr5e5_s42,results/pmi20_sota_convnext_base_test/pmi20_run_csada_lr5e5_s42_05-04_09-27/metrics_20260504_092806_csada.json
42,CSADA,CSADA,csada,193,6,15,53489-0156,68382-0227,10.0,6,1.7753911018371582,True,checkpoints/pmi20_run_csada_lr5e5_s42,results/pmi20_sota_convnext_base_test/pmi20_run_csada_lr5e5_s42_05-04_09-27/metrics_20260504_092806_csada.json
42,CSADA,CSADA,csada,194,6,15,53489-0156,68382-0227,10.0,6,0.7557854652404785,True,checkpoints/pmi20_run_csada_lr5e5_s42,results/pmi20_sota_convnext_base_test/pmi20_run_csada_lr5e5_s42_05-04_09-27/metrics_20260504_092806_csada.json
42,CSADA,CSADA,csada,195,6,15,53489-0156,68382-0227,10.0,6,2.119077682495117,True,checkpoints/pmi20_run_csada_lr5e5_s42,results/pmi20_sota_convnext_base_test/pmi20_run_csada_lr5e5_s42_05-04_09-27/metrics_20260504_092806_csada.json
42,CSADA,CSADA,csada,196,6,15,53489-0156,68382-0227,10.0,6,1.888289451599121,True,checkpoints/pmi20_run_csada_lr5e5_s42,results/pmi20_sota_convnext_base_test/pmi20_run_csada_lr5e5_s42_05-04_09-27/metrics_20260504_092806_csada.json
42,CSADA,CSADA,csada,197,6,15,53489-0156,68382-0227,10.0,6,1.7401602268218994,True,checkpoints/pmi20_run_csada_lr5e5_s42,results/pmi20_sota_convnext_base_test/pmi20_run_csada_lr5e5_s42_05-04_09-27/metrics_20260504_092806_csada.json
42,CSADA,CSADA,csada,198,6,15,53489-0156,68382-0227,10.0,6,1.414355993270874,True,checkpoints/pmi20_run_csada_lr5e5_s42,results/pmi20_sota_convnext_base_test/pmi20_run_csada_lr5e5_s42_05-04_09-27/metrics_20260504_092806_csada.json
42,CSADA,CSADA,csada,199,6,15,53489-0156,68382-0227,10.0,6,1.8758113384246826,True,checkpoints/pmi20_run_csada_lr5e5_s42,results/pmi20_sota_convnext_base_test/pmi20_run_csada_lr5e5_s42_05-04_09-27/metrics_20260504_092806_csada.json
42,CSADA,CSADA,csada,200,6,15,53489-0156,68382-0227,10.0,7,-0.21893835067749023,False,checkpoints/pmi20_run_csada_lr5e5_s42,results/pmi20_sota_convnext_base_test/pmi20_run_csada_lr5e5_s42_05-04_09-27/metrics_20260504_092806_csada.json
42,CSADA,CSADA,csada,201,6,15,53489-0156,68382-0227,10.0,6,2.1790053844451904,True,checkpoints/pmi20_run_csada_lr5e5_s42,results/pmi20_sota_convnext_base_test/pmi20_run_csada_lr5e5_s42_05-04_09-27/metrics_20260504_092806_csada.json
42,CSADA,CSADA,csada,202,6,15,53489-0156,68382-0227,10.0,6,1.4071345329284668,True,checkpoints/pmi20_run_csada_lr5e5_s42,results/pmi20_sota_convnext_base_test/pmi20_run_csada_lr5e5_s42_05-04_09-27/metrics_20260504_092806_csada.json
42,CSADA,CSADA,csada,203,6,15,53489-0156,68382-0227,10.0,6,1.640172004699707,True,checkpoints/pmi20_run_csada_lr5e5_s42,results/pmi20_sota_convnext_base_test/pmi20_run_csada_lr5e5_s42_05-04_09-27/metrics_20260504_092806_csada.json
42,CSADA,CSADA,csada,204,6,15,53489-0156,68382-0227,10.0,6,1.7588815689086914,True,checkpoints/pmi20_run_csada_lr5e5_s42,results/pmi20_sota_convnext_base_test/pmi20_run_csada_lr5e5_s42_05-04_09-27/metrics_20260504_092806_csada.json
42,CSADA,CSADA,csada,205,6,15,53489-0156,68382-0227,10.0,6,2.284099817276001,True,checkpoints/pmi20_run_csada_lr5e5_s42,results/pmi20_sota_convnext_base_test/pmi20_run_csada_lr5e5_s42_05-04_09-27/metrics_20260504_092806_csada.json
42,CSADA,CSADA,csada,206,6,15,53489-0156,68382-0227,10.0,6,0.39417219161987305,True,checkpoints/pmi20_run_csada_lr5e5_s42,results/pmi20_sota_convnext_base_test/pmi20_run_csada_lr5e5_s42_05-04_09-27/metrics_20260504_092806_csada.json
42,CSADA,CSADA,csada,207,6,15,53489-0156,68382-0227,10.0,6,0.9635252952575684,True,checkpoints/pmi20_run_csada_lr5e5_s42,results/pmi20_sota_convnext_base_test/pmi20_run_csada_lr5e5_s42_05-04_09-27/metrics_20260504_092806_csada.json
42,CSADA,CSADA,csada,208,6,15,53489-0156,68382-0227,10.0,6,1.0823893547058105,True,checkpoints/pmi20_run_csada_lr5e5_s42,results/pmi20_sota_convnext_base_test/pmi20_run_csada_lr5e5_s42_05-04_09-27/metrics_20260504_092806_csada.json
42,CSADA,CSADA,csada,209,6,15,53489-0156,68382-0227,10.0,6,1.5381386280059814,True,checkpoints/pmi20_run_csada_lr5e5_s42,results/pmi20_sota_convnext_base_test/pmi20_run_csada_lr5e5_s42_05-04_09-27/metrics_20260504_092806_csada.json
42,CSADA,CSADA,csada,210,6,15,53489-0156,68382-0227,10.0,6,1.1717276573181152,True,checkpoints/pmi20_run_csada_lr5e5_s42,results/pmi20_sota_convnext_base_test/pmi20_run_csada_lr5e5_s42_05-04_09-27/metrics_20260504_092806_csada.json
42,CSADA,CSADA,csada,211,6,15,53489-0156,68382-0227,10.0,6,0.018599510192871094,True,checkpoints/pmi20_run_csada_lr5e5_s42,results/pmi20_sota_convnext_base_test/pmi20_run_csada_lr5e5_s42_05-04_09-27/metrics_20260504_092806_csada.json
42,CSADA,CSADA,csada,212,6,15,53489-0156,68382-0227,10.0,6,1.6803193092346191,True,checkpoints/pmi20_run_csada_lr5e5_s42,results/pmi20_sota_convnext_base_test/pmi20_run_csada_lr5e5_s42_05-04_09-27/metrics_20260504_092806_csada.json
42,CSADA,CSADA,csada,213,6,15,53489-0156,68382-0227,10.0,6,0.6826157569885254,True,checkpoints/pmi20_run_csada_lr5e5_s42,results/pmi20_sota_convnext_base_test/pmi20_run_csada_lr5e5_s42_05-04_09-27/metrics_20260504_092806_csada.json
42,CSADA,CSADA,csada,214,6,15,53489-0156,68382-0227,10.0,7,0.24690032005310059,True,checkpoints/pmi20_run_csada_lr5e5_s42,results/pmi20_sota_convnext_base_test/pmi20_run_csada_lr5e5_s42_05-04_09-27/metrics_20260504_092806_csada.json
42,CSADA,CSADA,csada,215,6,15,53489-0156,68382-0227,10.0,6,1.752516508102417,True,checkpoints/pmi20_run_csada_lr5e5_s42,results/pmi20_sota_convnext_base_test/pmi20_run_csada_lr5e5_s42_05-04_09-27/metrics_20260504_092806_csada.json
42,CSADA,CSADA,csada,216,6,15,53489-0156,68382-0227,10.0,6,1.6624114513397217,True,checkpoints/pmi20_run_csada_lr5e5_s42,results/pmi20_sota_convnext_base_test/pmi20_run_csada_lr5e5_s42_05-04_09-27/metrics_20260504_092806_csada.json
42,CSADA,CSADA,csada,217,6,15,53489-0156,68382-0227,10.0,6,1.6637139320373535,True,checkpoints/pmi20_run_csada_lr5e5_s42,results/pmi20_sota_convnext_base_test/pmi20_run_csada_lr5e5_s42_05-04_09-27/metrics_20260504_092806_csada.json
42,CSADA,CSADA,csada,218,6,15,53489-0156,68382-0227,10.0,15,-0.7400860786437988,False,checkpoints/pmi20_run_csada_lr5e5_s42,results/pmi20_sota_convnext_base_test/pmi20_run_csada_lr5e5_s42_05-04_09-27/metrics_20260504_092806_csada.json
42,CSADA,CSADA,csada,219,6,15,53489-0156,68382-0227,10.0,15,-1.2691378593444824,False,checkpoints/pmi20_run_csada_lr5e5_s42,results/pmi20_sota_convnext_base_test/pmi20_run_csada_lr5e5_s42_05-04_09-27/metrics_20260504_092806_csada.json
42,CSADA,CSADA,csada,220,6,15,53489-0156,68382-0227,10.0,6,2.0737645626068115,True,checkpoints/pmi20_run_csada_lr5e5_s42,results/pmi20_sota_convnext_base_test/pmi20_run_csada_lr5e5_s42_05-04_09-27/metrics_20260504_092806_csada.json
42,CSADA,CSADA,csada,221,6,15,53489-0156,68382-0227,10.0,6,1.4983506202697754,True,checkpoints/pmi20_run_csada_lr5e5_s42,results/pmi20_sota_convnext_base_test/pmi20_run_csada_lr5e5_s42_05-04_09-27/metrics_20260504_092806_csada.json
42,CSADA,CSADA,csada,222,6,15,53489-0156,68382-0227,10.0,6,1.979872226715088,True,checkpoints/pmi20_run_csada_lr5e5_s42,results/pmi20_sota_convnext_base_test/pmi20_run_csada_lr5e5_s42_05-04_09-27/metrics_20260504_092806_csada.json
42,CSADA,CSADA,csada,223,6,15,53489-0156,68382-0227,10.0,6,2.173354148864746,True,checkpoints/pmi20_run_csada_lr5e5_s42,results/pmi20_sota_convnext_base_test/pmi20_run_csada_lr5e5_s42_05-04_09-27/metrics_20260504_092806_csada.json
42,CSADA,CSADA,csada,224,7,0,53746-0544,00378-0208,10.0,7,7.882271647453308,True,checkpoints/pmi20_run_csada_lr5e5_s42,results/pmi20_sota_convnext_base_test/pmi20_run_csada_lr5e5_s42_05-04_09-27/metrics_20260504_092806_csada.json
42,CSADA,CSADA,csada,225,7,0,53746-0544,00378-0208,10.0,7,8.728190422058105,True,checkpoints/pmi20_run_csada_lr5e5_s42,results/pmi20_sota_convnext_base_test/pmi20_run_csada_lr5e5_s42_05-04_09-27/metrics_20260504_092806_csada.json
42,CSADA,CSADA,csada,226,7,0,53746-0544,00378-0208,10.0,7,8.695289134979248,True,checkpoints/pmi20_run_csada_lr5e5_s42,results/pmi20_sota_convnext_base_test/pmi20_run_csada_lr5e5_s42_05-04_09-27/metrics_20260504_092806_csada.json
42,CSADA,CSADA,csada,227,7,0,53746-0544,00378-0208,10.0,7,8.091156840324402,True,checkpoints/pmi20_run_csada_lr5e5_s42,results/pmi20_sota_convnext_base_test/pmi20_run_csada_lr5e5_s42_05-04_09-27/metrics_20260504_092806_csada.json
42,CSADA,CSADA,csada,228,7,0,53746-0544,00378-0208,10.0,7,8.294259786605835,True,checkpoints/pmi20_run_csada_lr5e5_s42,results/pmi20_sota_convnext_base_test/pmi20_run_csada_lr5e5_s42_05-04_09-27/metrics_20260504_092806_csada.json
42,CSADA,CSADA,csada,229,7,0,53746-0544,00378-0208,10.0,7,8.178119838237762,True,checkpoints/pmi20_run_csada_lr5e5_s42,results/pmi20_sota_convnext_base_test/pmi20_run_csada_lr5e5_s42_05-04_09-27/metrics_20260504_092806_csada.json
42,CSADA,CSADA,csada,230,7,0,53746-0544,00378-0208,10.0,7,8.542678356170654,True,checkpoints/pmi20_run_csada_lr5e5_s42,results/pmi20_sota_convnext_base_test/pmi20_run_csada_lr5e5_s42_05-04_09-27/metrics_20260504_092806_csada.json
42,CSADA,CSADA,csada,231,7,0,53746-0544,00378-0208,10.0,7,7.991984844207764,True,checkpoints/pmi20_run_csada_lr5e5_s42,results/pmi20_sota_convnext_base_test/pmi20_run_csada_lr5e5_s42_05-04_09-27/metrics_20260504_092806_csada.json
42,CSADA,CSADA,csada,232,7,0,53746-0544,00378-0208,10.0,7,8.50539755821228,True,checkpoints/pmi20_run_csada_lr5e5_s42,results/pmi20_sota_convnext_base_test/pmi20_run_csada_lr5e5_s42_05-04_09-27/metrics_20260504_092806_csada.json
42,CSADA,CSADA,csada,233,7,0,53746-0544,00378-0208,10.0,7,9.006611347198486,True,checkpoints/pmi20_run_csada_lr5e5_s42,results/pmi20_sota_convnext_base_test/pmi20_run_csada_lr5e5_s42_05-04_09-27/metrics_20260504_092806_csada.json
42,CSADA,CSADA,csada,234,7,0,53746-0544,00378-0208,10.0,7,7.315826773643494,True,checkpoints/pmi20_run_csada_lr5e5_s42,results/pmi20_sota_convnext_base_test/pmi20_run_csada_lr5e5_s42_05-04_09-27/metrics_20260504_092806_csada.json
42,CSADA,CSADA,csada,235,7,0,53746-0544,00378-0208,10.0,7,8.599679112434387,True,checkpoints/pmi20_run_csada_lr5e5_s42,results/pmi20_sota_convnext_base_test/pmi20_run_csada_lr5e5_s42_05-04_09-27/metrics_20260504_092806_csada.json
42,CSADA,CSADA,csada,236,7,0,53746-0544,00378-0208,10.0,7,9.013346314430237,True,checkpoints/pmi20_run_csada_lr5e5_s42,results/pmi20_sota_convnext_base_test/pmi20_run_csada_lr5e5_s42_05-04_09-27/metrics_20260504_092806_csada.json
42,CSADA,CSADA,csada,237,7,0,53746-0544,00378-0208,10.0,7,8.690391182899475,True,checkpoints/pmi20_run_csada_lr5e5_s42,results/pmi20_sota_convnext_base_test/pmi20_run_csada_lr5e5_s42_05-04_09-27/metrics_20260504_092806_csada.json
42,CSADA,CSADA,csada,238,7,0,53746-0544,00378-0208,10.0,7,8.609460592269897,True,checkpoints/pmi20_run_csada_lr5e5_s42,results/pmi20_sota_convnext_base_test/pmi20_run_csada_lr5e5_s42_05-04_09-27/metrics_20260504_092806_csada.json
42,CSADA,CSADA,csada,239,7,0,53746-0544,00378-0208,10.0,7,3.41387140750885,True,checkpoints/pmi20_run_csada_lr5e5_s42,results/pmi20_sota_convnext_base_test/pmi20_run_csada_lr5e5_s42_05-04_09-27/metrics_20260504_092806_csada.json
42,CSADA,CSADA,csada,240,7,0,53746-0544,00378-0208,10.0,7,8.72198235988617,True,checkpoints/pmi20_run_csada_lr5e5_s42,results/pmi20_sota_convnext_base_test/pmi20_run_csada_lr5e5_s42_05-04_09-27/metrics_20260504_092806_csada.json
42,CSADA,CSADA,csada,241,7,0,53746-0544,00378-0208,10.0,7,8.1475670337677,True,checkpoints/pmi20_run_csada_lr5e5_s42,results/pmi20_sota_convnext_base_test/pmi20_run_csada_lr5e5_s42_05-04_09-27/metrics_20260504_092806_csada.json
42,CSADA,CSADA,csada,242,7,0,53746-0544,00378-0208,10.0,7,8.781679630279541,True,checkpoints/pmi20_run_csada_lr5e5_s42,results/pmi20_sota_convnext_base_test/pmi20_run_csada_lr5e5_s42_05-04_09-27/metrics_20260504_092806_csada.json
42,CSADA,CSADA,csada,243,7,0,53746-0544,00378-0208,10.0,7,8.501869678497314,True,checkpoints/pmi20_run_csada_lr5e5_s42,results/pmi20_sota_convnext_base_test/pmi20_run_csada_lr5e5_s42_05-04_09-27/metrics_20260504_092806_csada.json
42,CSADA,CSADA,csada,244,7,0,53746-0544,00378-0208,10.0,7,7.6019397377967834,True,checkpoints/pmi20_run_csada_lr5e5_s42,results/pmi20_sota_convnext_base_test/pmi20_run_csada_lr5e5_s42_05-04_09-27/metrics_20260504_092806_csada.json
42,CSADA,CSADA,csada,245,7,0,53746-0544,00378-0208,10.0,7,8.708100438117981,True,checkpoints/pmi20_run_csada_lr5e5_s42,results/pmi20_sota_convnext_base_test/pmi20_run_csada_lr5e5_s42_05-04_09-27/metrics_20260504_092806_csada.json
42,CSADA,CSADA,csada,246,7,0,53746-0544,00378-0208,10.0,7,8.955182790756226,True,checkpoints/pmi20_run_csada_lr5e5_s42,results/pmi20_sota_convnext_base_test/pmi20_run_csada_lr5e5_s42_05-04_09-27/metrics_20260504_092806_csada.json
42,CSADA,CSADA,csada,247,7,0,53746-0544,00378-0208,10.0,7,8.688831686973572,True,checkpoints/pmi20_run_csada_lr5e5_s42,results/pmi20_sota_convnext_base_test/pmi20_run_csada_lr5e5_s42_05-04_09-27/metrics_20260504_092806_csada.json
42,CSADA,CSADA,csada,248,7,0,53746-0544,00378-0208,10.0,7,8.560047507286072,True,checkpoints/pmi20_run_csada_lr5e5_s42,results/pmi20_sota_convnext_base_test/pmi20_run_csada_lr5e5_s42_05-04_09-27/metrics_20260504_092806_csada.json
42,CSADA,CSADA,csada,249,7,0,53746-0544,00378-0208,10.0,7,8.4074627161026,True,checkpoints/pmi20_run_csada_lr5e5_s42,results/pmi20_sota_convnext_base_test/pmi20_run_csada_lr5e5_s42_05-04_09-27/metrics_20260504_092806_csada.json
42,CSADA,CSADA,csada,250,7,0,53746-0544,00378-0208,10.0,7,8.113176167011261,True,checkpoints/pmi20_run_csada_lr5e5_s42,results/pmi20_sota_convnext_base_test/pmi20_run_csada_lr5e5_s42_05-04_09-27/metrics_20260504_092806_csada.json
42,CSADA,CSADA,csada,251,7,0,53746-0544,00378-0208,10.0,7,8.763597130775452,True,checkpoints/pmi20_run_csada_lr5e5_s42,results/pmi20_sota_convnext_base_test/pmi20_run_csada_lr5e5_s42_05-04_09-27/metrics_20260504_092806_csada.json
42,CSADA,CSADA,csada,252,7,0,53746-0544,00378-0208,10.0,7,8.627248525619507,True,checkpoints/pmi20_run_csada_lr5e5_s42,results/pmi20_sota_convnext_base_test/pmi20_run_csada_lr5e5_s42_05-04_09-27/metrics_20260504_092806_csada.json
42,CSADA,CSADA,csada,253,7,0,53746-0544,00378-0208,10.0,7,8.381577849388123,True,checkpoints/pmi20_run_csada_lr5e5_s42,results/pmi20_sota_convnext_base_test/pmi20_run_csada_lr5e5_s42_05-04_09-27/metrics_20260504_092806_csada.json
42,CSADA,CSADA,csada,254,7,0,53746-0544,00378-0208,10.0,7,8.557178378105164,True,checkpoints/pmi20_run_csada_lr5e5_s42,results/pmi20_sota_convnext_base_test/pmi20_run_csada_lr5e5_s42_05-04_09-27/metrics_20260504_092806_csada.json
42,CSADA,CSADA,csada,255,7,0,53746-0544,00378-0208,10.0,7,8.841857194900513,True,checkpoints/pmi20_run_csada_lr5e5_s42,results/pmi20_sota_convnext_base_test/pmi20_run_csada_lr5e5_s42_05-04_09-27/metrics_20260504_092806_csada.json
42,CSADA,CSADA,csada,480,15,6,68382-0227,53489-0156,8.0,15,2.003096103668213,True,checkpoints/pmi20_run_csada_lr5e5_s42,results/pmi20_sota_convnext_base_test/pmi20_run_csada_lr5e5_s42_05-04_09-27/metrics_20260504_092806_csada.json
42,CSADA,CSADA,csada,481,15,6,68382-0227,53489-0156,8.0,15,2.657961130142212,True,checkpoints/pmi20_run_csada_lr5e5_s42,results/pmi20_sota_convnext_base_test/pmi20_run_csada_lr5e5_s42_05-04_09-27/metrics_20260504_092806_csada.json
42,CSADA,CSADA,csada,482,15,6,68382-0227,53489-0156,8.0,15,2.173227310180664,True,checkpoints/pmi20_run_csada_lr5e5_s42,results/pmi20_sota_convnext_base_test/pmi20_run_csada_lr5e5_s42_05-04_09-27/metrics_20260504_092806_csada.json
42,CSADA,CSADA,csada,483,15,6,68382-0227,53489-0156,8.0,15,1.4693827629089355,True,checkpoints/pmi20_run_csada_lr5e5_s42,results/pmi20_sota_convnext_base_test/pmi20_run_csada_lr5e5_s42_05-04_09-27/metrics_20260504_092806_csada.json
42,CSADA,CSADA,csada,484,15,6,68382-0227,53489-0156,8.0,15,2.991377830505371,True,checkpoints/pmi20_run_csada_lr5e5_s42,results/pmi20_sota_convnext_base_test/pmi20_run_csada_lr5e5_s42_05-04_09-27/metrics_20260504_092806_csada.json
42,CSADA,CSADA,csada,485,15,6,68382-0227,53489-0156,8.0,15,2.200303316116333,True,checkpoints/pmi20_run_csada_lr5e5_s42,results/pmi20_sota_convnext_base_test/pmi20_run_csada_lr5e5_s42_05-04_09-27/metrics_20260504_092806_csada.json
42,CSADA,CSADA,csada,486,15,6,68382-0227,53489-0156,8.0,15,1.9801092147827148,True,checkpoints/pmi20_run_csada_lr5e5_s42,results/pmi20_sota_convnext_base_test/pmi20_run_csada_lr5e5_s42_05-04_09-27/metrics_20260504_092806_csada.json
42,CSADA,CSADA,csada,487,15,6,68382-0227,53489-0156,8.0,15,1.513709545135498,True,checkpoints/pmi20_run_csada_lr5e5_s42,results/pmi20_sota_convnext_base_test/pmi20_run_csada_lr5e5_s42_05-04_09-27/metrics_20260504_092806_csada.json
42,CSADA,CSADA,csada,488,15,6,68382-0227,53489-0156,8.0,15,1.55686616897583,True,checkpoints/pmi20_run_csada_lr5e5_s42,results/pmi20_sota_convnext_base_test/pmi20_run_csada_lr5e5_s42_05-04_09-27/metrics_20260504_092806_csada.json
42,CSADA,CSADA,csada,489,15,6,68382-0227,53489-0156,8.0,15,2.9626216888427734,True,checkpoints/pmi20_run_csada_lr5e5_s42,results/pmi20_sota_convnext_base_test/pmi20_run_csada_lr5e5_s42_05-04_09-27/metrics_20260504_092806_csada.json
42,CSADA,CSADA,csada,490,15,6,68382-0227,53489-0156,8.0,15,2.587313413619995,True,checkpoints/pmi20_run_csada_lr5e5_s42,results/pmi20_sota_convnext_base_test/pmi20_run_csada_lr5e5_s42_05-04_09-27/metrics_20260504_092806_csada.json
42,CSADA,CSADA,csada,491,15,6,68382-0227,53489-0156,8.0,15,2.1790127754211426,True,checkpoints/pmi20_run_csada_lr5e5_s42,results/pmi20_sota_convnext_base_test/pmi20_run_csada_lr5e5_s42_05-04_09-27/metrics_20260504_092806_csada.json
42,CSADA,CSADA,csada,492,15,6,68382-0227,53489-0156,8.0,15,1.3962621688842773,True,checkpoints/pmi20_run_csada_lr5e5_s42,results/pmi20_sota_convnext_base_test/pmi20_run_csada_lr5e5_s42_05-04_09-27/metrics_20260504_092806_csada.json
42,CSADA,CSADA,csada,493,15,6,68382-0227,53489-0156,8.0,15,2.2798821926116943,True,checkpoints/pmi20_run_csada_lr5e5_s42,results/pmi20_sota_convnext_base_test/pmi20_run_csada_lr5e5_s42_05-04_09-27/metrics_20260504_092806_csada.json
42,CSADA,CSADA,csada,494,15,6,68382-0227,53489-0156,8.0,15,2.2204699516296387,True,checkpoints/pmi20_run_csada_lr5e5_s42,results/pmi20_sota_convnext_base_test/pmi20_run_csada_lr5e5_s42_05-04_09-27/metrics_20260504_092806_csada.json
42,CSADA,CSADA,csada,495,15,6,68382-0227,53489-0156,8.0,15,1.6482367515563965,True,checkpoints/pmi20_run_csada_lr5e5_s42,results/pmi20_sota_convnext_base_test/pmi20_run_csada_lr5e5_s42_05-04_09-27/metrics_20260504_092806_csada.json
42,CSADA,CSADA,csada,496,15,6,68382-0227,53489-0156,8.0,15,1.8075175285339355,True,checkpoints/pmi20_run_csada_lr5e5_s42,results/pmi20_sota_convnext_base_test/pmi20_run_csada_lr5e5_s42_05-04_09-27/metrics_20260504_092806_csada.json
42,CSADA,CSADA,csada,497,15,6,68382-0227,53489-0156,8.0,15,3.1263604164123535,True,checkpoints/pmi20_run_csada_lr5e5_s42,results/pmi20_sota_convnext_base_test/pmi20_run_csada_lr5e5_s42_05-04_09-27/metrics_20260504_092806_csada.json
42,CSADA,CSADA,csada,498,15,6,68382-0227,53489-0156,8.0,15,2.0653929710388184,True,checkpoints/pmi20_run_csada_lr5e5_s42,results/pmi20_sota_convnext_base_test/pmi20_run_csada_lr5e5_s42_05-04_09-27/metrics_20260504_092806_csada.json
42,CSADA,CSADA,csada,499,15,6,68382-0227,53489-0156,8.0,15,2.4411840438842773,True,checkpoints/pmi20_run_csada_lr5e5_s42,results/pmi20_sota_convnext_base_test/pmi20_run_csada_lr5e5_s42_05-04_09-27/metrics_20260504_092806_csada.json
42,CSADA,CSADA,csada,500,15,6,68382-0227,53489-0156,8.0,15,1.8102259635925293,True,checkpoints/pmi20_run_csada_lr5e5_s42,results/pmi20_sota_convnext_base_test/pmi20_run_csada_lr5e5_s42_05-04_09-27/metrics_20260504_092806_csada.json
42,CSADA,CSADA,csada,501,15,6,68382-0227,53489-0156,8.0,15,2.3300557136535645,True,checkpoints/pmi20_run_csada_lr5e5_s42,results/pmi20_sota_convnext_base_test/pmi20_run_csada_lr5e5_s42_05-04_09-27/metrics_20260504_092806_csada.json
42,CSADA,CSADA,csada,502,15,6,68382-0227,53489-0156,8.0,15,2.3479678630828857,True,checkpoints/pmi20_run_csada_lr5e5_s42,results/pmi20_sota_convnext_base_test/pmi20_run_csada_lr5e5_s42_05-04_09-27/metrics_20260504_092806_csada.json
42,CSADA,CSADA,csada,503,15,6,68382-0227,53489-0156,8.0,15,2.0656652450561523,True,checkpoints/pmi20_run_csada_lr5e5_s42,results/pmi20_sota_convnext_base_test/pmi20_run_csada_lr5e5_s42_05-04_09-27/metrics_20260504_092806_csada.json
42,CSADA,CSADA,csada,504,15,6,68382-0227,53489-0156,8.0,15,2.0263633728027344,True,checkpoints/pmi20_run_csada_lr5e5_s42,results/pmi20_sota_convnext_base_test/pmi20_run_csada_lr5e5_s42_05-04_09-27/metrics_20260504_092806_csada.json
42,CSADA,CSADA,csada,505,15,6,68382-0227,53489-0156,8.0,15,1.8686878681182861,True,checkpoints/pmi20_run_csada_lr5e5_s42,results/pmi20_sota_convnext_base_test/pmi20_run_csada_lr5e5_s42_05-04_09-27/metrics_20260504_092806_csada.json
42,CSADA,CSADA,csada,506,15,6,68382-0227,53489-0156,8.0,15,2.0991413593292236,True,checkpoints/pmi20_run_csada_lr5e5_s42,results/pmi20_sota_convnext_base_test/pmi20_run_csada_lr5e5_s42_05-04_09-27/metrics_20260504_092806_csada.json
42,CSADA,CSADA,csada,507,15,6,68382-0227,53489-0156,8.0,15,2.5919480323791504,True,checkpoints/pmi20_run_csada_lr5e5_s42,results/pmi20_sota_convnext_base_test/pmi20_run_csada_lr5e5_s42_05-04_09-27/metrics_20260504_092806_csada.json
42,CSADA,CSADA,csada,508,15,6,68382-0227,53489-0156,8.0,15,1.8936762809753418,True,checkpoints/pmi20_run_csada_lr5e5_s42,results/pmi20_sota_convnext_base_test/pmi20_run_csada_lr5e5_s42_05-04_09-27/metrics_20260504_092806_csada.json
42,CSADA,CSADA,csada,509,15,6,68382-0227,53489-0156,8.0,15,2.523277759552002,True,checkpoints/pmi20_run_csada_lr5e5_s42,results/pmi20_sota_convnext_base_test/pmi20_run_csada_lr5e5_s42_05-04_09-27/metrics_20260504_092806_csada.json
42,CSADA,CSADA,csada,510,15,6,68382-0227,53489-0156,8.0,15,2.5431952476501465,True,checkpoints/pmi20_run_csada_lr5e5_s42,results/pmi20_sota_convnext_base_test/pmi20_run_csada_lr5e5_s42_05-04_09-27/metrics_20260504_092806_csada.json
42,CSADA,CSADA,csada,511,15,6,68382-0227,53489-0156,8.0,15,2.430539131164551,True,checkpoints/pmi20_run_csada_lr5e5_s42,results/pmi20_sota_convnext_base_test/pmi20_run_csada_lr5e5_s42_05-04_09-27/metrics_20260504_092806_csada.json
42,NICME,"NICME (alpha=0.5, lambda=0.1)",nicme_extra_a0p5_l0p1_pmi20,160,5,2,50111-0434,00591-0461,10.0,5,8.057891011238098,True,checkpoints/pmi20_alpha_lambda6_run_nicme_v3_extra_a0p5_l0p1_pmi20_lr5e5_s42,results/pmi20_sota_convnext_base_test/pmi20_alpha_lambda6_run_nicme_extra_a0p5_l0p1_pmi20_lr5e5_s42_05-04_14-50/metrics_20260504_145014_nicme_hybrid.json
42,NICME,"NICME (alpha=0.5, lambda=0.1)",nicme_extra_a0p5_l0p1_pmi20,161,5,2,50111-0434,00591-0461,10.0,5,7.6392733454704285,True,checkpoints/pmi20_alpha_lambda6_run_nicme_v3_extra_a0p5_l0p1_pmi20_lr5e5_s42,results/pmi20_sota_convnext_base_test/pmi20_alpha_lambda6_run_nicme_extra_a0p5_l0p1_pmi20_lr5e5_s42_05-04_14-50/metrics_20260504_145014_nicme_hybrid.json
42,NICME,"NICME (alpha=0.5, lambda=0.1)",nicme_extra_a0p5_l0p1_pmi20,162,5,2,50111-0434,00591-0461,10.0,5,9.309260606765747,True,checkpoints/pmi20_alpha_lambda6_run_nicme_v3_extra_a0p5_l0p1_pmi20_lr5e5_s42,results/pmi20_sota_convnext_base_test/pmi20_alpha_lambda6_run_nicme_extra_a0p5_l0p1_pmi20_lr5e5_s42_05-04_14-50/metrics_20260504_145014_nicme_hybrid.json
42,NICME,"NICME (alpha=0.5, lambda=0.1)",nicme_extra_a0p5_l0p1_pmi20,163,5,2,50111-0434,00591-0461,10.0,5,9.134087681770325,True,checkpoints/pmi20_alpha_lambda6_run_nicme_v3_extra_a0p5_l0p1_pmi20_lr5e5_s42,results/pmi20_sota_convnext_base_test/pmi20_alpha_lambda6_run_nicme_extra_a0p5_l0p1_pmi20_lr5e5_s42_05-04_14-50/metrics_20260504_145014_nicme_hybrid.json
42,NICME,"NICME (alpha=0.5, lambda=0.1)",nicme_extra_a0p5_l0p1_pmi20,164,5,2,50111-0434,00591-0461,10.0,5,10.191029168665409,True,checkpoints/pmi20_alpha_lambda6_run_nicme_v3_extra_a0p5_l0p1_pmi20_lr5e5_s42,results/pmi20_sota_convnext_base_test/pmi20_alpha_lambda6_run_nicme_extra_a0p5_l0p1_pmi20_lr5e5_s42_05-04_14-50/metrics_20260504_145014_nicme_hybrid.json
42,NICME,"NICME (alpha=0.5, lambda=0.1)",nicme_extra_a0p5_l0p1_pmi20,165,5,2,50111-0434,00591-0461,10.0,5,9.718883156776428,True,checkpoints/pmi20_alpha_lambda6_run_nicme_v3_extra_a0p5_l0p1_pmi20_lr5e5_s42,results/pmi20_sota_convnext_base_test/pmi20_alpha_lambda6_run_nicme_extra_a0p5_l0p1_pmi20_lr5e5_s42_05-04_14-50/metrics_20260504_145014_nicme_hybrid.json
42,NICME,"NICME (alpha=0.5, lambda=0.1)",nicme_extra_a0p5_l0p1_pmi20,166,5,2,50111-0434,00591-0461,10.0,5,8.279771327972412,True,checkpoints/pmi20_alpha_lambda6_run_nicme_v3_extra_a0p5_l0p1_pmi20_lr5e5_s42,results/pmi20_sota_convnext_base_test/pmi20_alpha_lambda6_run_nicme_extra_a0p5_l0p1_pmi20_lr5e5_s42_05-04_14-50/metrics_20260504_145014_nicme_hybrid.json
42,NICME,"NICME (alpha=0.5, lambda=0.1)",nicme_extra_a0p5_l0p1_pmi20,167,5,2,50111-0434,00591-0461,10.0,5,8.48281180858612,True,checkpoints/pmi20_alpha_lambda6_run_nicme_v3_extra_a0p5_l0p1_pmi20_lr5e5_s42,results/pmi20_sota_convnext_base_test/pmi20_alpha_lambda6_run_nicme_extra_a0p5_l0p1_pmi20_lr5e5_s42_05-04_14-50/metrics_20260504_145014_nicme_hybrid.json
42,NICME,"NICME (alpha=0.5, lambda=0.1)",nicme_extra_a0p5_l0p1_pmi20,168,5,2,50111-0434,00591-0461,10.0,5,8.581721283495426,True,checkpoints/pmi20_alpha_lambda6_run_nicme_v3_extra_a0p5_l0p1_pmi20_lr5e5_s42,results/pmi20_sota_convnext_base_test/pmi20_alpha_lambda6_run_nicme_extra_a0p5_l0p1_pmi20_lr5e5_s42_05-04_14-50/metrics_20260504_145014_nicme_hybrid.json
42,NICME,"NICME (alpha=0.5, lambda=0.1)",nicme_extra_a0p5_l0p1_pmi20,169,5,2,50111-0434,00591-0461,10.0,5,7.938746452331543,True,checkpoints/pmi20_alpha_lambda6_run_nicme_v3_extra_a0p5_l0p1_pmi20_lr5e5_s42,results/pmi20_sota_convnext_base_test/pmi20_alpha_lambda6_run_nicme_extra_a0p5_l0p1_pmi20_lr5e5_s42_05-04_14-50/metrics_20260504_145014_nicme_hybrid.json
42,NICME,"NICME (alpha=0.5, lambda=0.1)",nicme_extra_a0p5_l0p1_pmi20,170,5,2,50111-0434,00591-0461,10.0,5,9.410766214132309,True,checkpoints/pmi20_alpha_lambda6_run_nicme_v3_extra_a0p5_l0p1_pmi20_lr5e5_s42,results/pmi20_sota_convnext_base_test/pmi20_alpha_lambda6_run_nicme_extra_a0p5_l0p1_pmi20_lr5e5_s42_05-04_14-50/metrics_20260504_145014_nicme_hybrid.json
42,NICME,"NICME (alpha=0.5, lambda=0.1)",nicme_extra_a0p5_l0p1_pmi20,171,5,2,50111-0434,00591-0461,10.0,5,8.76249349117279,True,checkpoints/pmi20_alpha_lambda6_run_nicme_v3_extra_a0p5_l0p1_pmi20_lr5e5_s42,results/pmi20_sota_convnext_base_test/pmi20_alpha_lambda6_run_nicme_extra_a0p5_l0p1_pmi20_lr5e5_s42_05-04_14-50/metrics_20260504_145014_nicme_hybrid.json
42,NICME,"NICME (alpha=0.5, lambda=0.1)",nicme_extra_a0p5_l0p1_pmi20,172,5,2,50111-0434,00591-0461,10.0,5,6.727463006973267,True,checkpoints/pmi20_alpha_lambda6_run_nicme_v3_extra_a0p5_l0p1_pmi20_lr5e5_s42,results/pmi20_sota_convnext_base_test/pmi20_alpha_lambda6_run_nicme_extra_a0p5_l0p1_pmi20_lr5e5_s42_05-04_14-50/metrics_20260504_145014_nicme_hybrid.json
42,NICME,"NICME (alpha=0.5, lambda=0.1)",nicme_extra_a0p5_l0p1_pmi20,173,5,2,50111-0434,00591-0461,10.0,5,7.6470746994018555,True,checkpoints/pmi20_alpha_lambda6_run_nicme_v3_extra_a0p5_l0p1_pmi20_lr5e5_s42,results/pmi20_sota_convnext_base_test/pmi20_alpha_lambda6_run_nicme_extra_a0p5_l0p1_pmi20_lr5e5_s42_05-04_14-50/metrics_20260504_145014_nicme_hybrid.json
42,NICME,"NICME (alpha=0.5, lambda=0.1)",nicme_extra_a0p5_l0p1_pmi20,174,5,2,50111-0434,00591-0461,10.0,5,8.90761706372723,True,checkpoints/pmi20_alpha_lambda6_run_nicme_v3_extra_a0p5_l0p1_pmi20_lr5e5_s42,results/pmi20_sota_convnext_base_test/pmi20_alpha_lambda6_run_nicme_extra_a0p5_l0p1_pmi20_lr5e5_s42_05-04_14-50/metrics_20260504_145014_nicme_hybrid.json
42,NICME,"NICME (alpha=0.5, lambda=0.1)",nicme_extra_a0p5_l0p1_pmi20,175,5,2,50111-0434,00591-0461,10.0,5,9.017522096633911,True,checkpoints/pmi20_alpha_lambda6_run_nicme_v3_extra_a0p5_l0p1_pmi20_lr5e5_s42,results/pmi20_sota_convnext_base_test/pmi20_alpha_lambda6_run_nicme_extra_a0p5_l0p1_pmi20_lr5e5_s42_05-04_14-50/metrics_20260504_145014_nicme_hybrid.json
42,NICME,"NICME (alpha=0.5, lambda=0.1)",nicme_extra_a0p5_l0p1_pmi20,176,5,2,50111-0434,00591-0461,10.0,5,3.840070962905884,True,checkpoints/pmi20_alpha_lambda6_run_nicme_v3_extra_a0p5_l0p1_pmi20_lr5e5_s42,results/pmi20_sota_convnext_base_test/pmi20_alpha_lambda6_run_nicme_extra_a0p5_l0p1_pmi20_lr5e5_s42_05-04_14-50/metrics_20260504_145014_nicme_hybrid.json
42,NICME,"NICME (alpha=0.5, lambda=0.1)",nicme_extra_a0p5_l0p1_pmi20,177,5,2,50111-0434,00591-0461,10.0,5,7.8331602811813354,True,checkpoints/pmi20_alpha_lambda6_run_nicme_v3_extra_a0p5_l0p1_pmi20_lr5e5_s42,results/pmi20_sota_convnext_base_test/pmi20_alpha_lambda6_run_nicme_extra_a0p5_l0p1_pmi20_lr5e5_s42_05-04_14-50/metrics_20260504_145014_nicme_hybrid.json
42,NICME,"NICME (alpha=0.5, lambda=0.1)",nicme_extra_a0p5_l0p1_pmi20,178,5,2,50111-0434,00591-0461,10.0,5,1.2023701667785645,True,checkpoints/pmi20_alpha_lambda6_run_nicme_v3_extra_a0p5_l0p1_pmi20_lr5e5_s42,results/pmi20_sota_convnext_base_test/pmi20_alpha_lambda6_run_nicme_extra_a0p5_l0p1_pmi20_lr5e5_s42_05-04_14-50/metrics_20260504_145014_nicme_hybrid.json
42,NICME,"NICME (alpha=0.5, lambda=0.1)",nicme_extra_a0p5_l0p1_pmi20,179,5,2,50111-0434,00591-0461,10.0,5,9.818798780441284,True,checkpoints/pmi20_alpha_lambda6_run_nicme_v3_extra_a0p5_l0p1_pmi20_lr5e5_s42,results/pmi20_sota_convnext_base_test/pmi20_alpha_lambda6_run_nicme_extra_a0p5_l0p1_pmi20_lr5e5_s42_05-04_14-50/metrics_20260504_145014_nicme_hybrid.json
42,NICME,"NICME (alpha=0.5, lambda=0.1)",nicme_extra_a0p5_l0p1_pmi20,180,5,2,50111-0434,00591-0461,10.0,5,7.712270259857178,True,checkpoints/pmi20_alpha_lambda6_run_nicme_v3_extra_a0p5_l0p1_pmi20_lr5e5_s42,results/pmi20_sota_convnext_base_test/pmi20_alpha_lambda6_run_nicme_extra_a0p5_l0p1_pmi20_lr5e5_s42_05-04_14-50/metrics_20260504_145014_nicme_hybrid.json
42,NICME,"NICME (alpha=0.5, lambda=0.1)",nicme_extra_a0p5_l0p1_pmi20,181,5,2,50111-0434,00591-0461,10.0,5,8.396046131849289,True,checkpoints/pmi20_alpha_lambda6_run_nicme_v3_extra_a0p5_l0p1_pmi20_lr5e5_s42,results/pmi20_sota_convnext_base_test/pmi20_alpha_lambda6_run_nicme_extra_a0p5_l0p1_pmi20_lr5e5_s42_05-04_14-50/metrics_20260504_145014_nicme_hybrid.json
42,NICME,"NICME (alpha=0.5, lambda=0.1)",nicme_extra_a0p5_l0p1_pmi20,182,5,2,50111-0434,00591-0461,10.0,5,8.627874612808228,True,checkpoints/pmi20_alpha_lambda6_run_nicme_v3_extra_a0p5_l0p1_pmi20_lr5e5_s42,results/pmi20_sota_convnext_base_test/pmi20_alpha_lambda6_run_nicme_extra_a0p5_l0p1_pmi20_lr5e5_s42_05-04_14-50/metrics_20260504_145014_nicme_hybrid.json
42,NICME,"NICME (alpha=0.5, lambda=0.1)",nicme_extra_a0p5_l0p1_pmi20,183,5,2,50111-0434,00591-0461,10.0,5,5.70386528968811,True,checkpoints/pmi20_alpha_lambda6_run_nicme_v3_extra_a0p5_l0p1_pmi20_lr5e5_s42,results/pmi20_sota_convnext_base_test/pmi20_alpha_lambda6_run_nicme_extra_a0p5_l0p1_pmi20_lr5e5_s42_05-04_14-50/metrics_20260504_145014_nicme_hybrid.json
42,NICME,"NICME (alpha=0.5, lambda=0.1)",nicme_extra_a0p5_l0p1_pmi20,184,5,2,50111-0434,00591-0461,10.0,5,7.28137731552124,True,checkpoints/pmi20_alpha_lambda6_run_nicme_v3_extra_a0p5_l0p1_pmi20_lr5e5_s42,results/pmi20_sota_convnext_base_test/pmi20_alpha_lambda6_run_nicme_extra_a0p5_l0p1_pmi20_lr5e5_s42_05-04_14-50/metrics_20260504_145014_nicme_hybrid.json
42,NICME,"NICME (alpha=0.5, lambda=0.1)",nicme_extra_a0p5_l0p1_pmi20,185,5,2,50111-0434,00591-0461,10.0,5,8.555998623371124,True,checkpoints/pmi20_alpha_lambda6_run_nicme_v3_extra_a0p5_l0p1_pmi20_lr5e5_s42,results/pmi20_sota_convnext_base_test/pmi20_alpha_lambda6_run_nicme_extra_a0p5_l0p1_pmi20_lr5e5_s42_05-04_14-50/metrics_20260504_145014_nicme_hybrid.json
42,NICME,"NICME (alpha=0.5, lambda=0.1)",nicme_extra_a0p5_l0p1_pmi20,186,5,2,50111-0434,00591-0461,10.0,5,2.5695481300354004,True,checkpoints/pmi20_alpha_lambda6_run_nicme_v3_extra_a0p5_l0p1_pmi20_lr5e5_s42,results/pmi20_sota_convnext_base_test/pmi20_alpha_lambda6_run_nicme_extra_a0p5_l0p1_pmi20_lr5e5_s42_05-04_14-50/metrics_20260504_145014_nicme_hybrid.json
42,NICME,"NICME (alpha=0.5, lambda=0.1)",nicme_extra_a0p5_l0p1_pmi20,187,5,2,50111-0434,00591-0461,10.0,5,8.520672798156738,True,checkpoints/pmi20_alpha_lambda6_run_nicme_v3_extra_a0p5_l0p1_pmi20_lr5e5_s42,results/pmi20_sota_convnext_base_test/pmi20_alpha_lambda6_run_nicme_extra_a0p5_l0p1_pmi20_lr5e5_s42_05-04_14-50/metrics_20260504_145014_nicme_hybrid.json
42,NICME,"NICME (alpha=0.5, lambda=0.1)",nicme_extra_a0p5_l0p1_pmi20,188,5,2,50111-0434,00591-0461,10.0,5,8.531959891319275,True,checkpoints/pmi20_alpha_lambda6_run_nicme_v3_extra_a0p5_l0p1_pmi20_lr5e5_s42,results/pmi20_sota_convnext_base_test/pmi20_alpha_lambda6_run_nicme_extra_a0p5_l0p1_pmi20_lr5e5_s42_05-04_14-50/metrics_20260504_145014_nicme_hybrid.json
42,NICME,"NICME (alpha=0.5, lambda=0.1)",nicme_extra_a0p5_l0p1_pmi20,189,5,2,50111-0434,00591-0461,10.0,5,6.66470730304718,True,checkpoints/pmi20_alpha_lambda6_run_nicme_v3_extra_a0p5_l0p1_pmi20_lr5e5_s42,results/pmi20_sota_convnext_base_test/pmi20_alpha_lambda6_run_nicme_extra_a0p5_l0p1_pmi20_lr5e5_s42_05-04_14-50/metrics_20260504_145014_nicme_hybrid.json
42,NICME,"NICME (alpha=0.5, lambda=0.1)",nicme_extra_a0p5_l0p1_pmi20,190,5,2,50111-0434,00591-0461,10.0,5,7.632893919944763,True,checkpoints/pmi20_alpha_lambda6_run_nicme_v3_extra_a0p5_l0p1_pmi20_lr5e5_s42,results/pmi20_sota_convnext_base_test/pmi20_alpha_lambda6_run_nicme_extra_a0p5_l0p1_pmi20_lr5e5_s42_05-04_14-50/metrics_20260504_145014_nicme_hybrid.json
42,NICME,"NICME (alpha=0.5, lambda=0.1)",nicme_extra_a0p5_l0p1_pmi20,191,5,2,50111-0434,00591-0461,10.0,5,9.033583998680115,True,checkpoints/pmi20_alpha_lambda6_run_nicme_v3_extra_a0p5_l0p1_pmi20_lr5e5_s42,results/pmi20_sota_convnext_base_test/pmi20_alpha_lambda6_run_nicme_extra_a0p5_l0p1_pmi20_lr5e5_s42_05-04_14-50/metrics_20260504_145014_nicme_hybrid.json
42,NICME,"NICME (alpha=0.5, lambda=0.1)",nicme_extra_a0p5_l0p1_pmi20,192,6,15,53489-0156,68382-0227,10.0,6,7.857709884643555,True,checkpoints/pmi20_alpha_lambda6_run_nicme_v3_extra_a0p5_l0p1_pmi20_lr5e5_s42,results/pmi20_sota_convnext_base_test/pmi20_alpha_lambda6_run_nicme_extra_a0p5_l0p1_pmi20_lr5e5_s42_05-04_14-50/metrics_20260504_145014_nicme_hybrid.json
42,NICME,"NICME (alpha=0.5, lambda=0.1)",nicme_extra_a0p5_l0p1_pmi20,193,6,15,53489-0156,68382-0227,10.0,6,9.062278389930725,True,checkpoints/pmi20_alpha_lambda6_run_nicme_v3_extra_a0p5_l0p1_pmi20_lr5e5_s42,results/pmi20_sota_convnext_base_test/pmi20_alpha_lambda6_run_nicme_extra_a0p5_l0p1_pmi20_lr5e5_s42_05-04_14-50/metrics_20260504_145014_nicme_hybrid.json
42,NICME,"NICME (alpha=0.5, lambda=0.1)",nicme_extra_a0p5_l0p1_pmi20,194,6,15,53489-0156,68382-0227,10.0,6,8.765189528465271,True,checkpoints/pmi20_alpha_lambda6_run_nicme_v3_extra_a0p5_l0p1_pmi20_lr5e5_s42,results/pmi20_sota_convnext_base_test/pmi20_alpha_lambda6_run_nicme_extra_a0p5_l0p1_pmi20_lr5e5_s42_05-04_14-50/metrics_20260504_145014_nicme_hybrid.json
42,NICME,"NICME (alpha=0.5, lambda=0.1)",nicme_extra_a0p5_l0p1_pmi20,195,6,15,53489-0156,68382-0227,10.0,6,8.639504551887512,True,checkpoints/pmi20_alpha_lambda6_run_nicme_v3_extra_a0p5_l0p1_pmi20_lr5e5_s42,results/pmi20_sota_convnext_base_test/pmi20_alpha_lambda6_run_nicme_extra_a0p5_l0p1_pmi20_lr5e5_s42_05-04_14-50/metrics_20260504_145014_nicme_hybrid.json
42,NICME,"NICME (alpha=0.5, lambda=0.1)",nicme_extra_a0p5_l0p1_pmi20,196,6,15,53489-0156,68382-0227,10.0,6,8.800838887691498,True,checkpoints/pmi20_alpha_lambda6_run_nicme_v3_extra_a0p5_l0p1_pmi20_lr5e5_s42,results/pmi20_sota_convnext_base_test/pmi20_alpha_lambda6_run_nicme_extra_a0p5_l0p1_pmi20_lr5e5_s42_05-04_14-50/metrics_20260504_145014_nicme_hybrid.json
42,NICME,"NICME (alpha=0.5, lambda=0.1)",nicme_extra_a0p5_l0p1_pmi20,197,6,15,53489-0156,68382-0227,10.0,6,6.3490391075611115,True,checkpoints/pmi20_alpha_lambda6_run_nicme_v3_extra_a0p5_l0p1_pmi20_lr5e5_s42,results/pmi20_sota_convnext_base_test/pmi20_alpha_lambda6_run_nicme_extra_a0p5_l0p1_pmi20_lr5e5_s42_05-04_14-50/metrics_20260504_145014_nicme_hybrid.json
42,NICME,"NICME (alpha=0.5, lambda=0.1)",nicme_extra_a0p5_l0p1_pmi20,198,6,15,53489-0156,68382-0227,10.0,6,6.815774142742157,True,checkpoints/pmi20_alpha_lambda6_run_nicme_v3_extra_a0p5_l0p1_pmi20_lr5e5_s42,results/pmi20_sota_convnext_base_test/pmi20_alpha_lambda6_run_nicme_extra_a0p5_l0p1_pmi20_lr5e5_s42_05-04_14-50/metrics_20260504_145014_nicme_hybrid.json
42,NICME,"NICME (alpha=0.5, lambda=0.1)",nicme_extra_a0p5_l0p1_pmi20,199,6,15,53489-0156,68382-0227,10.0,6,8.347449511289597,True,checkpoints/pmi20_alpha_lambda6_run_nicme_v3_extra_a0p5_l0p1_pmi20_lr5e5_s42,results/pmi20_sota_convnext_base_test/pmi20_alpha_lambda6_run_nicme_extra_a0p5_l0p1_pmi20_lr5e5_s42_05-04_14-50/metrics_20260504_145014_nicme_hybrid.json
42,NICME,"NICME (alpha=0.5, lambda=0.1)",nicme_extra_a0p5_l0p1_pmi20,200,6,15,53489-0156,68382-0227,10.0,7,0.609517514705658,True,checkpoints/pmi20_alpha_lambda6_run_nicme_v3_extra_a0p5_l0p1_pmi20_lr5e5_s42,results/pmi20_sota_convnext_base_test/pmi20_alpha_lambda6_run_nicme_extra_a0p5_l0p1_pmi20_lr5e5_s42_05-04_14-50/metrics_20260504_145014_nicme_hybrid.json
42,NICME,"NICME (alpha=0.5, lambda=0.1)",nicme_extra_a0p5_l0p1_pmi20,201,6,15,53489-0156,68382-0227,10.0,6,7.939030945301056,True,checkpoints/pmi20_alpha_lambda6_run_nicme_v3_extra_a0p5_l0p1_pmi20_lr5e5_s42,results/pmi20_sota_convnext_base_test/pmi20_alpha_lambda6_run_nicme_extra_a0p5_l0p1_pmi20_lr5e5_s42_05-04_14-50/metrics_20260504_145014_nicme_hybrid.json
42,NICME,"NICME (alpha=0.5, lambda=0.1)",nicme_extra_a0p5_l0p1_pmi20,202,6,15,53489-0156,68382-0227,10.0,6,7.409671902656555,True,checkpoints/pmi20_alpha_lambda6_run_nicme_v3_extra_a0p5_l0p1_pmi20_lr5e5_s42,results/pmi20_sota_convnext_base_test/pmi20_alpha_lambda6_run_nicme_extra_a0p5_l0p1_pmi20_lr5e5_s42_05-04_14-50/metrics_20260504_145014_nicme_hybrid.json
42,NICME,"NICME (alpha=0.5, lambda=0.1)",nicme_extra_a0p5_l0p1_pmi20,203,6,15,53489-0156,68382-0227,10.0,6,8.613826602697372,True,checkpoints/pmi20_alpha_lambda6_run_nicme_v3_extra_a0p5_l0p1_pmi20_lr5e5_s42,results/pmi20_sota_convnext_base_test/pmi20_alpha_lambda6_run_nicme_extra_a0p5_l0p1_pmi20_lr5e5_s42_05-04_14-50/metrics_20260504_145014_nicme_hybrid.json
42,NICME,"NICME (alpha=0.5, lambda=0.1)",nicme_extra_a0p5_l0p1_pmi20,204,6,15,53489-0156,68382-0227,10.0,6,8.809462539851665,True,checkpoints/pmi20_alpha_lambda6_run_nicme_v3_extra_a0p5_l0p1_pmi20_lr5e5_s42,results/pmi20_sota_convnext_base_test/pmi20_alpha_lambda6_run_nicme_extra_a0p5_l0p1_pmi20_lr5e5_s42_05-04_14-50/metrics_20260504_145014_nicme_hybrid.json
42,NICME,"NICME (alpha=0.5, lambda=0.1)",nicme_extra_a0p5_l0p1_pmi20,205,6,15,53489-0156,68382-0227,10.0,6,9.09653290361166,True,checkpoints/pmi20_alpha_lambda6_run_nicme_v3_extra_a0p5_l0p1_pmi20_lr5e5_s42,results/pmi20_sota_convnext_base_test/pmi20_alpha_lambda6_run_nicme_extra_a0p5_l0p1_pmi20_lr5e5_s42_05-04_14-50/metrics_20260504_145014_nicme_hybrid.json
42,NICME,"NICME (alpha=0.5, lambda=0.1)",nicme_extra_a0p5_l0p1_pmi20,206,6,15,53489-0156,68382-0227,10.0,6,7.250369906425476,True,checkpoints/pmi20_alpha_lambda6_run_nicme_v3_extra_a0p5_l0p1_pmi20_lr5e5_s42,results/pmi20_sota_convnext_base_test/pmi20_alpha_lambda6_run_nicme_extra_a0p5_l0p1_pmi20_lr5e5_s42_05-04_14-50/metrics_20260504_145014_nicme_hybrid.json
42,NICME,"NICME (alpha=0.5, lambda=0.1)",nicme_extra_a0p5_l0p1_pmi20,207,6,15,53489-0156,68382-0227,10.0,6,9.427566170692444,True,checkpoints/pmi20_alpha_lambda6_run_nicme_v3_extra_a0p5_l0p1_pmi20_lr5e5_s42,results/pmi20_sota_convnext_base_test/pmi20_alpha_lambda6_run_nicme_extra_a0p5_l0p1_pmi20_lr5e5_s42_05-04_14-50/metrics_20260504_145014_nicme_hybrid.json
42,NICME,"NICME (alpha=0.5, lambda=0.1)",nicme_extra_a0p5_l0p1_pmi20,208,6,15,53489-0156,68382-0227,10.0,6,9.632950216531754,True,checkpoints/pmi20_alpha_lambda6_run_nicme_v3_extra_a0p5_l0p1_pmi20_lr5e5_s42,results/pmi20_sota_convnext_base_test/pmi20_alpha_lambda6_run_nicme_extra_a0p5_l0p1_pmi20_lr5e5_s42_05-04_14-50/metrics_20260504_145014_nicme_hybrid.json
42,NICME,"NICME (alpha=0.5, lambda=0.1)",nicme_extra_a0p5_l0p1_pmi20,209,6,15,53489-0156,68382-0227,10.0,6,6.680055916309357,True,checkpoints/pmi20_alpha_lambda6_run_nicme_v3_extra_a0p5_l0p1_pmi20_lr5e5_s42,results/pmi20_sota_convnext_base_test/pmi20_alpha_lambda6_run_nicme_extra_a0p5_l0p1_pmi20_lr5e5_s42_05-04_14-50/metrics_20260504_145014_nicme_hybrid.json
42,NICME,"NICME (alpha=0.5, lambda=0.1)",nicme_extra_a0p5_l0p1_pmi20,210,6,15,53489-0156,68382-0227,10.0,6,7.269706428050995,True,checkpoints/pmi20_alpha_lambda6_run_nicme_v3_extra_a0p5_l0p1_pmi20_lr5e5_s42,results/pmi20_sota_convnext_base_test/pmi20_alpha_lambda6_run_nicme_extra_a0p5_l0p1_pmi20_lr5e5_s42_05-04_14-50/metrics_20260504_145014_nicme_hybrid.json
42,NICME,"NICME (alpha=0.5, lambda=0.1)",nicme_extra_a0p5_l0p1_pmi20,211,6,15,53489-0156,68382-0227,10.0,6,4.226930141448975,True,checkpoints/pmi20_alpha_lambda6_run_nicme_v3_extra_a0p5_l0p1_pmi20_lr5e5_s42,results/pmi20_sota_convnext_base_test/pmi20_alpha_lambda6_run_nicme_extra_a0p5_l0p1_pmi20_lr5e5_s42_05-04_14-50/metrics_20260504_145014_nicme_hybrid.json
42,NICME,"NICME (alpha=0.5, lambda=0.1)",nicme_extra_a0p5_l0p1_pmi20,212,6,15,53489-0156,68382-0227,10.0,6,9.065977349877357,True,checkpoints/pmi20_alpha_lambda6_run_nicme_v3_extra_a0p5_l0p1_pmi20_lr5e5_s42,results/pmi20_sota_convnext_base_test/pmi20_alpha_lambda6_run_nicme_extra_a0p5_l0p1_pmi20_lr5e5_s42_05-04_14-50/metrics_20260504_145014_nicme_hybrid.json
42,NICME,"NICME (alpha=0.5, lambda=0.1)",nicme_extra_a0p5_l0p1_pmi20,213,6,15,53489-0156,68382-0227,10.0,6,5.955696702003479,True,checkpoints/pmi20_alpha_lambda6_run_nicme_v3_extra_a0p5_l0p1_pmi20_lr5e5_s42,results/pmi20_sota_convnext_base_test/pmi20_alpha_lambda6_run_nicme_extra_a0p5_l0p1_pmi20_lr5e5_s42_05-04_14-50/metrics_20260504_145014_nicme_hybrid.json
42,NICME,"NICME (alpha=0.5, lambda=0.1)",nicme_extra_a0p5_l0p1_pmi20,214,6,15,53489-0156,68382-0227,10.0,16,1.3188685476779938,True,checkpoints/pmi20_alpha_lambda6_run_nicme_v3_extra_a0p5_l0p1_pmi20_lr5e5_s42,results/pmi20_sota_convnext_base_test/pmi20_alpha_lambda6_run_nicme_extra_a0p5_l0p1_pmi20_lr5e5_s42_05-04_14-50/metrics_20260504_145014_nicme_hybrid.json
42,NICME,"NICME (alpha=0.5, lambda=0.1)",nicme_extra_a0p5_l0p1_pmi20,215,6,15,53489-0156,68382-0227,10.0,6,7.3726354241371155,True,checkpoints/pmi20_alpha_lambda6_run_nicme_v3_extra_a0p5_l0p1_pmi20_lr5e5_s42,results/pmi20_sota_convnext_base_test/pmi20_alpha_lambda6_run_nicme_extra_a0p5_l0p1_pmi20_lr5e5_s42_05-04_14-50/metrics_20260504_145014_nicme_hybrid.json
42,NICME,"NICME (alpha=0.5, lambda=0.1)",nicme_extra_a0p5_l0p1_pmi20,216,6,15,53489-0156,68382-0227,10.0,6,7.282483816146851,True,checkpoints/pmi20_alpha_lambda6_run_nicme_v3_extra_a0p5_l0p1_pmi20_lr5e5_s42,results/pmi20_sota_convnext_base_test/pmi20_alpha_lambda6_run_nicme_extra_a0p5_l0p1_pmi20_lr5e5_s42_05-04_14-50/metrics_20260504_145014_nicme_hybrid.json
42,NICME,"NICME (alpha=0.5, lambda=0.1)",nicme_extra_a0p5_l0p1_pmi20,217,6,15,53489-0156,68382-0227,10.0,6,7.884905636310577,True,checkpoints/pmi20_alpha_lambda6_run_nicme_v3_extra_a0p5_l0p1_pmi20_lr5e5_s42,results/pmi20_sota_convnext_base_test/pmi20_alpha_lambda6_run_nicme_extra_a0p5_l0p1_pmi20_lr5e5_s42_05-04_14-50/metrics_20260504_145014_nicme_hybrid.json
42,NICME,"NICME (alpha=0.5, lambda=0.1)",nicme_extra_a0p5_l0p1_pmi20,218,6,15,53489-0156,68382-0227,10.0,6,3.6250452995300293,True,checkpoints/pmi20_alpha_lambda6_run_nicme_v3_extra_a0p5_l0p1_pmi20_lr5e5_s42,results/pmi20_sota_convnext_base_test/pmi20_alpha_lambda6_run_nicme_extra_a0p5_l0p1_pmi20_lr5e5_s42_05-04_14-50/metrics_20260504_145014_nicme_hybrid.json
42,NICME,"NICME (alpha=0.5, lambda=0.1)",nicme_extra_a0p5_l0p1_pmi20,219,6,15,53489-0156,68382-0227,10.0,2,0.26467275619506836,True,checkpoints/pmi20_alpha_lambda6_run_nicme_v3_extra_a0p5_l0p1_pmi20_lr5e5_s42,results/pmi20_sota_convnext_base_test/pmi20_alpha_lambda6_run_nicme_extra_a0p5_l0p1_pmi20_lr5e5_s42_05-04_14-50/metrics_20260504_145014_nicme_hybrid.json
42,NICME,"NICME (alpha=0.5, lambda=0.1)",nicme_extra_a0p5_l0p1_pmi20,220,6,15,53489-0156,68382-0227,10.0,6,9.396821573376656,True,checkpoints/pmi20_alpha_lambda6_run_nicme_v3_extra_a0p5_l0p1_pmi20_lr5e5_s42,results/pmi20_sota_convnext_base_test/pmi20_alpha_lambda6_run_nicme_extra_a0p5_l0p1_pmi20_lr5e5_s42_05-04_14-50/metrics_20260504_145014_nicme_hybrid.json
42,NICME,"NICME (alpha=0.5, lambda=0.1)",nicme_extra_a0p5_l0p1_pmi20,221,6,15,53489-0156,68382-0227,10.0,6,10.028703093528748,True,checkpoints/pmi20_alpha_lambda6_run_nicme_v3_extra_a0p5_l0p1_pmi20_lr5e5_s42,results/pmi20_sota_convnext_base_test/pmi20_alpha_lambda6_run_nicme_extra_a0p5_l0p1_pmi20_lr5e5_s42_05-04_14-50/metrics_20260504_145014_nicme_hybrid.json
42,NICME,"NICME (alpha=0.5, lambda=0.1)",nicme_extra_a0p5_l0p1_pmi20,222,6,15,53489-0156,68382-0227,10.0,6,9.061871469020844,True,checkpoints/pmi20_alpha_lambda6_run_nicme_v3_extra_a0p5_l0p1_pmi20_lr5e5_s42,results/pmi20_sota_convnext_base_test/pmi20_alpha_lambda6_run_nicme_extra_a0p5_l0p1_pmi20_lr5e5_s42_05-04_14-50/metrics_20260504_145014_nicme_hybrid.json
42,NICME,"NICME (alpha=0.5, lambda=0.1)",nicme_extra_a0p5_l0p1_pmi20,223,6,15,53489-0156,68382-0227,10.0,6,8.86242300271988,True,checkpoints/pmi20_alpha_lambda6_run_nicme_v3_extra_a0p5_l0p1_pmi20_lr5e5_s42,results/pmi20_sota_convnext_base_test/pmi20_alpha_lambda6_run_nicme_extra_a0p5_l0p1_pmi20_lr5e5_s42_05-04_14-50/metrics_20260504_145014_nicme_hybrid.json
42,NICME,"NICME (alpha=0.5, lambda=0.1)",nicme_extra_a0p5_l0p1_pmi20,224,7,0,53746-0544,00378-0208,10.0,7,7.565542310476303,True,checkpoints/pmi20_alpha_lambda6_run_nicme_v3_extra_a0p5_l0p1_pmi20_lr5e5_s42,results/pmi20_sota_convnext_base_test/pmi20_alpha_lambda6_run_nicme_extra_a0p5_l0p1_pmi20_lr5e5_s42_05-04_14-50/metrics_20260504_145014_nicme_hybrid.json
42,NICME,"NICME (alpha=0.5, lambda=0.1)",nicme_extra_a0p5_l0p1_pmi20,225,7,0,53746-0544,00378-0208,10.0,7,8.295025527477264,True,checkpoints/pmi20_alpha_lambda6_run_nicme_v3_extra_a0p5_l0p1_pmi20_lr5e5_s42,results/pmi20_sota_convnext_base_test/pmi20_alpha_lambda6_run_nicme_extra_a0p5_l0p1_pmi20_lr5e5_s42_05-04_14-50/metrics_20260504_145014_nicme_hybrid.json
42,NICME,"NICME (alpha=0.5, lambda=0.1)",nicme_extra_a0p5_l0p1_pmi20,226,7,0,53746-0544,00378-0208,10.0,7,8.751789450645447,True,checkpoints/pmi20_alpha_lambda6_run_nicme_v3_extra_a0p5_l0p1_pmi20_lr5e5_s42,results/pmi20_sota_convnext_base_test/pmi20_alpha_lambda6_run_nicme_extra_a0p5_l0p1_pmi20_lr5e5_s42_05-04_14-50/metrics_20260504_145014_nicme_hybrid.json
42,NICME,"NICME (alpha=0.5, lambda=0.1)",nicme_extra_a0p5_l0p1_pmi20,227,7,0,53746-0544,00378-0208,10.0,7,8.989546410739422,True,checkpoints/pmi20_alpha_lambda6_run_nicme_v3_extra_a0p5_l0p1_pmi20_lr5e5_s42,results/pmi20_sota_convnext_base_test/pmi20_alpha_lambda6_run_nicme_extra_a0p5_l0p1_pmi20_lr5e5_s42_05-04_14-50/metrics_20260504_145014_nicme_hybrid.json
42,NICME,"NICME (alpha=0.5, lambda=0.1)",nicme_extra_a0p5_l0p1_pmi20,228,7,0,53746-0544,00378-0208,10.0,7,7.245937705039978,True,checkpoints/pmi20_alpha_lambda6_run_nicme_v3_extra_a0p5_l0p1_pmi20_lr5e5_s42,results/pmi20_sota_convnext_base_test/pmi20_alpha_lambda6_run_nicme_extra_a0p5_l0p1_pmi20_lr5e5_s42_05-04_14-50/metrics_20260504_145014_nicme_hybrid.json
42,NICME,"NICME (alpha=0.5, lambda=0.1)",nicme_extra_a0p5_l0p1_pmi20,229,7,0,53746-0544,00378-0208,10.0,7,8.746319711208344,True,checkpoints/pmi20_alpha_lambda6_run_nicme_v3_extra_a0p5_l0p1_pmi20_lr5e5_s42,results/pmi20_sota_convnext_base_test/pmi20_alpha_lambda6_run_nicme_extra_a0p5_l0p1_pmi20_lr5e5_s42_05-04_14-50/metrics_20260504_145014_nicme_hybrid.json
42,NICME,"NICME (alpha=0.5, lambda=0.1)",nicme_extra_a0p5_l0p1_pmi20,230,7,0,53746-0544,00378-0208,10.0,7,8.762756124138832,True,checkpoints/pmi20_alpha_lambda6_run_nicme_v3_extra_a0p5_l0p1_pmi20_lr5e5_s42,results/pmi20_sota_convnext_base_test/pmi20_alpha_lambda6_run_nicme_extra_a0p5_l0p1_pmi20_lr5e5_s42_05-04_14-50/metrics_20260504_145014_nicme_hybrid.json
42,NICME,"NICME (alpha=0.5, lambda=0.1)",nicme_extra_a0p5_l0p1_pmi20,231,7,0,53746-0544,00378-0208,10.0,7,8.14143443107605,True,checkpoints/pmi20_alpha_lambda6_run_nicme_v3_extra_a0p5_l0p1_pmi20_lr5e5_s42,results/pmi20_sota_convnext_base_test/pmi20_alpha_lambda6_run_nicme_extra_a0p5_l0p1_pmi20_lr5e5_s42_05-04_14-50/metrics_20260504_145014_nicme_hybrid.json
42,NICME,"NICME (alpha=0.5, lambda=0.1)",nicme_extra_a0p5_l0p1_pmi20,232,7,0,53746-0544,00378-0208,10.0,7,8.277847111225128,True,checkpoints/pmi20_alpha_lambda6_run_nicme_v3_extra_a0p5_l0p1_pmi20_lr5e5_s42,results/pmi20_sota_convnext_base_test/pmi20_alpha_lambda6_run_nicme_extra_a0p5_l0p1_pmi20_lr5e5_s42_05-04_14-50/metrics_20260504_145014_nicme_hybrid.json
42,NICME,"NICME (alpha=0.5, lambda=0.1)",nicme_extra_a0p5_l0p1_pmi20,233,7,0,53746-0544,00378-0208,10.0,7,9.767818331718445,True,checkpoints/pmi20_alpha_lambda6_run_nicme_v3_extra_a0p5_l0p1_pmi20_lr5e5_s42,results/pmi20_sota_convnext_base_test/pmi20_alpha_lambda6_run_nicme_extra_a0p5_l0p1_pmi20_lr5e5_s42_05-04_14-50/metrics_20260504_145014_nicme_hybrid.json
42,NICME,"NICME (alpha=0.5, lambda=0.1)",nicme_extra_a0p5_l0p1_pmi20,234,7,0,53746-0544,00378-0208,10.0,7,8.43425128608942,True,checkpoints/pmi20_alpha_lambda6_run_nicme_v3_extra_a0p5_l0p1_pmi20_lr5e5_s42,results/pmi20_sota_convnext_base_test/pmi20_alpha_lambda6_run_nicme_extra_a0p5_l0p1_pmi20_lr5e5_s42_05-04_14-50/metrics_20260504_145014_nicme_hybrid.json
42,NICME,"NICME (alpha=0.5, lambda=0.1)",nicme_extra_a0p5_l0p1_pmi20,235,7,0,53746-0544,00378-0208,10.0,7,9.388923913240433,True,checkpoints/pmi20_alpha_lambda6_run_nicme_v3_extra_a0p5_l0p1_pmi20_lr5e5_s42,results/pmi20_sota_convnext_base_test/pmi20_alpha_lambda6_run_nicme_extra_a0p5_l0p1_pmi20_lr5e5_s42_05-04_14-50/metrics_20260504_145014_nicme_hybrid.json
42,NICME,"NICME (alpha=0.5, lambda=0.1)",nicme_extra_a0p5_l0p1_pmi20,236,7,0,53746-0544,00378-0208,10.0,7,9.279181279242039,True,checkpoints/pmi20_alpha_lambda6_run_nicme_v3_extra_a0p5_l0p1_pmi20_lr5e5_s42,results/pmi20_sota_convnext_base_test/pmi20_alpha_lambda6_run_nicme_extra_a0p5_l0p1_pmi20_lr5e5_s42_05-04_14-50/metrics_20260504_145014_nicme_hybrid.json
42,NICME,"NICME (alpha=0.5, lambda=0.1)",nicme_extra_a0p5_l0p1_pmi20,237,7,0,53746-0544,00378-0208,10.0,7,8.039300203323364,True,checkpoints/pmi20_alpha_lambda6_run_nicme_v3_extra_a0p5_l0p1_pmi20_lr5e5_s42,results/pmi20_sota_convnext_base_test/pmi20_alpha_lambda6_run_nicme_extra_a0p5_l0p1_pmi20_lr5e5_s42_05-04_14-50/metrics_20260504_145014_nicme_hybrid.json
42,NICME,"NICME (alpha=0.5, lambda=0.1)",nicme_extra_a0p5_l0p1_pmi20,238,7,0,53746-0544,00378-0208,10.0,7,7.860452175140381,True,checkpoints/pmi20_alpha_lambda6_run_nicme_v3_extra_a0p5_l0p1_pmi20_lr5e5_s42,results/pmi20_sota_convnext_base_test/pmi20_alpha_lambda6_run_nicme_extra_a0p5_l0p1_pmi20_lr5e5_s42_05-04_14-50/metrics_20260504_145014_nicme_hybrid.json
42,NICME,"NICME (alpha=0.5, lambda=0.1)",nicme_extra_a0p5_l0p1_pmi20,239,7,0,53746-0544,00378-0208,10.0,0,-0.19045114517211914,False,checkpoints/pmi20_alpha_lambda6_run_nicme_v3_extra_a0p5_l0p1_pmi20_lr5e5_s42,results/pmi20_sota_convnext_base_test/pmi20_alpha_lambda6_run_nicme_extra_a0p5_l0p1_pmi20_lr5e5_s42_05-04_14-50/metrics_20260504_145014_nicme_hybrid.json
42,NICME,"NICME (alpha=0.5, lambda=0.1)",nicme_extra_a0p5_l0p1_pmi20,240,7,0,53746-0544,00378-0208,10.0,7,8.209904879331589,True,checkpoints/pmi20_alpha_lambda6_run_nicme_v3_extra_a0p5_l0p1_pmi20_lr5e5_s42,results/pmi20_sota_convnext_base_test/pmi20_alpha_lambda6_run_nicme_extra_a0p5_l0p1_pmi20_lr5e5_s42_05-04_14-50/metrics_20260504_145014_nicme_hybrid.json
42,NICME,"NICME (alpha=0.5, lambda=0.1)",nicme_extra_a0p5_l0p1_pmi20,241,7,0,53746-0544,00378-0208,10.0,7,8.53320449590683,True,checkpoints/pmi20_alpha_lambda6_run_nicme_v3_extra_a0p5_l0p1_pmi20_lr5e5_s42,results/pmi20_sota_convnext_base_test/pmi20_alpha_lambda6_run_nicme_extra_a0p5_l0p1_pmi20_lr5e5_s42_05-04_14-50/metrics_20260504_145014_nicme_hybrid.json
42,NICME,"NICME (alpha=0.5, lambda=0.1)",nicme_extra_a0p5_l0p1_pmi20,242,7,0,53746-0544,00378-0208,10.0,7,9.886339783668518,True,checkpoints/pmi20_alpha_lambda6_run_nicme_v3_extra_a0p5_l0p1_pmi20_lr5e5_s42,results/pmi20_sota_convnext_base_test/pmi20_alpha_lambda6_run_nicme_extra_a0p5_l0p1_pmi20_lr5e5_s42_05-04_14-50/metrics_20260504_145014_nicme_hybrid.json
42,NICME,"NICME (alpha=0.5, lambda=0.1)",nicme_extra_a0p5_l0p1_pmi20,243,7,0,53746-0544,00378-0208,10.0,7,8.802090466022491,True,checkpoints/pmi20_alpha_lambda6_run_nicme_v3_extra_a0p5_l0p1_pmi20_lr5e5_s42,results/pmi20_sota_convnext_base_test/pmi20_alpha_lambda6_run_nicme_extra_a0p5_l0p1_pmi20_lr5e5_s42_05-04_14-50/metrics_20260504_145014_nicme_hybrid.json
42,NICME,"NICME (alpha=0.5, lambda=0.1)",nicme_extra_a0p5_l0p1_pmi20,244,7,0,53746-0544,00378-0208,10.0,7,7.958814740180969,True,checkpoints/pmi20_alpha_lambda6_run_nicme_v3_extra_a0p5_l0p1_pmi20_lr5e5_s42,results/pmi20_sota_convnext_base_test/pmi20_alpha_lambda6_run_nicme_extra_a0p5_l0p1_pmi20_lr5e5_s42_05-04_14-50/metrics_20260504_145014_nicme_hybrid.json
42,NICME,"NICME (alpha=0.5, lambda=0.1)",nicme_extra_a0p5_l0p1_pmi20,245,7,0,53746-0544,00378-0208,10.0,7,9.516785845160484,True,checkpoints/pmi20_alpha_lambda6_run_nicme_v3_extra_a0p5_l0p1_pmi20_lr5e5_s42,results/pmi20_sota_convnext_base_test/pmi20_alpha_lambda6_run_nicme_extra_a0p5_l0p1_pmi20_lr5e5_s42_05-04_14-50/metrics_20260504_145014_nicme_hybrid.json
42,NICME,"NICME (alpha=0.5, lambda=0.1)",nicme_extra_a0p5_l0p1_pmi20,246,7,0,53746-0544,00378-0208,10.0,7,9.296280222944915,True,checkpoints/pmi20_alpha_lambda6_run_nicme_v3_extra_a0p5_l0p1_pmi20_lr5e5_s42,results/pmi20_sota_convnext_base_test/pmi20_alpha_lambda6_run_nicme_extra_a0p5_l0p1_pmi20_lr5e5_s42_05-04_14-50/metrics_20260504_145014_nicme_hybrid.json
42,NICME,"NICME (alpha=0.5, lambda=0.1)",nicme_extra_a0p5_l0p1_pmi20,247,7,0,53746-0544,00378-0208,10.0,7,9.46532791852951,True,checkpoints/pmi20_alpha_lambda6_run_nicme_v3_extra_a0p5_l0p1_pmi20_lr5e5_s42,results/pmi20_sota_convnext_base_test/pmi20_alpha_lambda6_run_nicme_extra_a0p5_l0p1_pmi20_lr5e5_s42_05-04_14-50/metrics_20260504_145014_nicme_hybrid.json
42,NICME,"NICME (alpha=0.5, lambda=0.1)",nicme_extra_a0p5_l0p1_pmi20,248,7,0,53746-0544,00378-0208,10.0,7,8.157892107963562,True,checkpoints/pmi20_alpha_lambda6_run_nicme_v3_extra_a0p5_l0p1_pmi20_lr5e5_s42,results/pmi20_sota_convnext_base_test/pmi20_alpha_lambda6_run_nicme_extra_a0p5_l0p1_pmi20_lr5e5_s42_05-04_14-50/metrics_20260504_145014_nicme_hybrid.json
42,NICME,"NICME (alpha=0.5, lambda=0.1)",nicme_extra_a0p5_l0p1_pmi20,249,7,0,53746-0544,00378-0208,10.0,7,8.854344986379147,True,checkpoints/pmi20_alpha_lambda6_run_nicme_v3_extra_a0p5_l0p1_pmi20_lr5e5_s42,results/pmi20_sota_convnext_base_test/pmi20_alpha_lambda6_run_nicme_extra_a0p5_l0p1_pmi20_lr5e5_s42_05-04_14-50/metrics_20260504_145014_nicme_hybrid.json
42,NICME,"NICME (alpha=0.5, lambda=0.1)",nicme_extra_a0p5_l0p1_pmi20,250,7,0,53746-0544,00378-0208,10.0,7,8.58190118521452,True,checkpoints/pmi20_alpha_lambda6_run_nicme_v3_extra_a0p5_l0p1_pmi20_lr5e5_s42,results/pmi20_sota_convnext_base_test/pmi20_alpha_lambda6_run_nicme_extra_a0p5_l0p1_pmi20_lr5e5_s42_05-04_14-50/metrics_20260504_145014_nicme_hybrid.json
42,NICME,"NICME (alpha=0.5, lambda=0.1)",nicme_extra_a0p5_l0p1_pmi20,251,7,0,53746-0544,00378-0208,10.0,7,9.618640720844269,True,checkpoints/pmi20_alpha_lambda6_run_nicme_v3_extra_a0p5_l0p1_pmi20_lr5e5_s42,results/pmi20_sota_convnext_base_test/pmi20_alpha_lambda6_run_nicme_extra_a0p5_l0p1_pmi20_lr5e5_s42_05-04_14-50/metrics_20260504_145014_nicme_hybrid.json
42,NICME,"NICME (alpha=0.5, lambda=0.1)",nicme_extra_a0p5_l0p1_pmi20,252,7,0,53746-0544,00378-0208,10.0,7,9.393125474452972,True,checkpoints/pmi20_alpha_lambda6_run_nicme_v3_extra_a0p5_l0p1_pmi20_lr5e5_s42,results/pmi20_sota_convnext_base_test/pmi20_alpha_lambda6_run_nicme_extra_a0p5_l0p1_pmi20_lr5e5_s42_05-04_14-50/metrics_20260504_145014_nicme_hybrid.json
42,NICME,"NICME (alpha=0.5, lambda=0.1)",nicme_extra_a0p5_l0p1_pmi20,253,7,0,53746-0544,00378-0208,10.0,7,8.075591683387756,True,checkpoints/pmi20_alpha_lambda6_run_nicme_v3_extra_a0p5_l0p1_pmi20_lr5e5_s42,results/pmi20_sota_convnext_base_test/pmi20_alpha_lambda6_run_nicme_extra_a0p5_l0p1_pmi20_lr5e5_s42_05-04_14-50/metrics_20260504_145014_nicme_hybrid.json
42,NICME,"NICME (alpha=0.5, lambda=0.1)",nicme_extra_a0p5_l0p1_pmi20,254,7,0,53746-0544,00378-0208,10.0,7,7.395519018173218,True,checkpoints/pmi20_alpha_lambda6_run_nicme_v3_extra_a0p5_l0p1_pmi20_lr5e5_s42,results/pmi20_sota_convnext_base_test/pmi20_alpha_lambda6_run_nicme_extra_a0p5_l0p1_pmi20_lr5e5_s42_05-04_14-50/metrics_20260504_145014_nicme_hybrid.json
42,NICME,"NICME (alpha=0.5, lambda=0.1)",nicme_extra_a0p5_l0p1_pmi20,255,7,0,53746-0544,00378-0208,10.0,7,8.779456228017807,True,checkpoints/pmi20_alpha_lambda6_run_nicme_v3_extra_a0p5_l0p1_pmi20_lr5e5_s42,results/pmi20_sota_convnext_base_test/pmi20_alpha_lambda6_run_nicme_extra_a0p5_l0p1_pmi20_lr5e5_s42_05-04_14-50/metrics_20260504_145014_nicme_hybrid.json
42,NICME,"NICME (alpha=0.5, lambda=0.1)",nicme_extra_a0p5_l0p1_pmi20,480,15,6,68382-0227,53489-0156,8.0,15,6.332310438156128,True,checkpoints/pmi20_alpha_lambda6_run_nicme_v3_extra_a0p5_l0p1_pmi20_lr5e5_s42,results/pmi20_sota_convnext_base_test/pmi20_alpha_lambda6_run_nicme_extra_a0p5_l0p1_pmi20_lr5e5_s42_05-04_14-50/metrics_20260504_145014_nicme_hybrid.json
42,NICME,"NICME (alpha=0.5, lambda=0.1)",nicme_extra_a0p5_l0p1_pmi20,481,15,6,68382-0227,53489-0156,8.0,15,7.794660806655884,True,checkpoints/pmi20_alpha_lambda6_run_nicme_v3_extra_a0p5_l0p1_pmi20_lr5e5_s42,results/pmi20_sota_convnext_base_test/pmi20_alpha_lambda6_run_nicme_extra_a0p5_l0p1_pmi20_lr5e5_s42_05-04_14-50/metrics_20260504_145014_nicme_hybrid.json
42,NICME,"NICME (alpha=0.5, lambda=0.1)",nicme_extra_a0p5_l0p1_pmi20,482,15,6,68382-0227,53489-0156,8.0,15,6.805832386016846,True,checkpoints/pmi20_alpha_lambda6_run_nicme_v3_extra_a0p5_l0p1_pmi20_lr5e5_s42,results/pmi20_sota_convnext_base_test/pmi20_alpha_lambda6_run_nicme_extra_a0p5_l0p1_pmi20_lr5e5_s42_05-04_14-50/metrics_20260504_145014_nicme_hybrid.json
42,NICME,"NICME (alpha=0.5, lambda=0.1)",nicme_extra_a0p5_l0p1_pmi20,483,15,6,68382-0227,53489-0156,8.0,15,1.7753605842590332,True,checkpoints/pmi20_alpha_lambda6_run_nicme_v3_extra_a0p5_l0p1_pmi20_lr5e5_s42,results/pmi20_sota_convnext_base_test/pmi20_alpha_lambda6_run_nicme_extra_a0p5_l0p1_pmi20_lr5e5_s42_05-04_14-50/metrics_20260504_145014_nicme_hybrid.json
42,NICME,"NICME (alpha=0.5, lambda=0.1)",nicme_extra_a0p5_l0p1_pmi20,484,15,6,68382-0227,53489-0156,8.0,15,8.372538805007935,True,checkpoints/pmi20_alpha_lambda6_run_nicme_v3_extra_a0p5_l0p1_pmi20_lr5e5_s42,results/pmi20_sota_convnext_base_test/pmi20_alpha_lambda6_run_nicme_extra_a0p5_l0p1_pmi20_lr5e5_s42_05-04_14-50/metrics_20260504_145014_nicme_hybrid.json
42,NICME,"NICME (alpha=0.5, lambda=0.1)",nicme_extra_a0p5_l0p1_pmi20,485,15,6,68382-0227,53489-0156,8.0,15,6.345547437667847,True,checkpoints/pmi20_alpha_lambda6_run_nicme_v3_extra_a0p5_l0p1_pmi20_lr5e5_s42,results/pmi20_sota_convnext_base_test/pmi20_alpha_lambda6_run_nicme_extra_a0p5_l0p1_pmi20_lr5e5_s42_05-04_14-50/metrics_20260504_145014_nicme_hybrid.json
42,NICME,"NICME (alpha=0.5, lambda=0.1)",nicme_extra_a0p5_l0p1_pmi20,486,15,6,68382-0227,53489-0156,8.0,15,2.929698944091797,True,checkpoints/pmi20_alpha_lambda6_run_nicme_v3_extra_a0p5_l0p1_pmi20_lr5e5_s42,results/pmi20_sota_convnext_base_test/pmi20_alpha_lambda6_run_nicme_extra_a0p5_l0p1_pmi20_lr5e5_s42_05-04_14-50/metrics_20260504_145014_nicme_hybrid.json
42,NICME,"NICME (alpha=0.5, lambda=0.1)",nicme_extra_a0p5_l0p1_pmi20,487,15,6,68382-0227,53489-0156,8.0,15,3.3968915939331055,True,checkpoints/pmi20_alpha_lambda6_run_nicme_v3_extra_a0p5_l0p1_pmi20_lr5e5_s42,results/pmi20_sota_convnext_base_test/pmi20_alpha_lambda6_run_nicme_extra_a0p5_l0p1_pmi20_lr5e5_s42_05-04_14-50/metrics_20260504_145014_nicme_hybrid.json
42,NICME,"NICME (alpha=0.5, lambda=0.1)",nicme_extra_a0p5_l0p1_pmi20,488,15,6,68382-0227,53489-0156,8.0,15,3.522952079772949,True,checkpoints/pmi20_alpha_lambda6_run_nicme_v3_extra_a0p5_l0p1_pmi20_lr5e5_s42,results/pmi20_sota_convnext_base_test/pmi20_alpha_lambda6_run_nicme_extra_a0p5_l0p1_pmi20_lr5e5_s42_05-04_14-50/metrics_20260504_145014_nicme_hybrid.json
42,NICME,"NICME (alpha=0.5, lambda=0.1)",nicme_extra_a0p5_l0p1_pmi20,489,15,6,68382-0227,53489-0156,8.0,15,8.861791014671326,True,checkpoints/pmi20_alpha_lambda6_run_nicme_v3_extra_a0p5_l0p1_pmi20_lr5e5_s42,results/pmi20_sota_convnext_base_test/pmi20_alpha_lambda6_run_nicme_extra_a0p5_l0p1_pmi20_lr5e5_s42_05-04_14-50/metrics_20260504_145014_nicme_hybrid.json
42,NICME,"NICME (alpha=0.5, lambda=0.1)",nicme_extra_a0p5_l0p1_pmi20,490,15,6,68382-0227,53489-0156,8.0,15,7.10874605178833,True,checkpoints/pmi20_alpha_lambda6_run_nicme_v3_extra_a0p5_l0p1_pmi20_lr5e5_s42,results/pmi20_sota_convnext_base_test/pmi20_alpha_lambda6_run_nicme_extra_a0p5_l0p1_pmi20_lr5e5_s42_05-04_14-50/metrics_20260504_145014_nicme_hybrid.json
42,NICME,"NICME (alpha=0.5, lambda=0.1)",nicme_extra_a0p5_l0p1_pmi20,491,15,6,68382-0227,53489-0156,8.0,15,5.4040610790252686,True,checkpoints/pmi20_alpha_lambda6_run_nicme_v3_extra_a0p5_l0p1_pmi20_lr5e5_s42,results/pmi20_sota_convnext_base_test/pmi20_alpha_lambda6_run_nicme_extra_a0p5_l0p1_pmi20_lr5e5_s42_05-04_14-50/metrics_20260504_145014_nicme_hybrid.json
42,NICME,"NICME (alpha=0.5, lambda=0.1)",nicme_extra_a0p5_l0p1_pmi20,492,15,6,68382-0227,53489-0156,8.0,15,3.202817440032959,True,checkpoints/pmi20_alpha_lambda6_run_nicme_v3_extra_a0p5_l0p1_pmi20_lr5e5_s42,results/pmi20_sota_convnext_base_test/pmi20_alpha_lambda6_run_nicme_extra_a0p5_l0p1_pmi20_lr5e5_s42_05-04_14-50/metrics_20260504_145014_nicme_hybrid.json
42,NICME,"NICME (alpha=0.5, lambda=0.1)",nicme_extra_a0p5_l0p1_pmi20,493,15,6,68382-0227,53489-0156,8.0,15,6.03622841835022,True,checkpoints/pmi20_alpha_lambda6_run_nicme_v3_extra_a0p5_l0p1_pmi20_lr5e5_s42,results/pmi20_sota_convnext_base_test/pmi20_alpha_lambda6_run_nicme_extra_a0p5_l0p1_pmi20_lr5e5_s42_05-04_14-50/metrics_20260504_145014_nicme_hybrid.json
42,NICME,"NICME (alpha=0.5, lambda=0.1)",nicme_extra_a0p5_l0p1_pmi20,494,15,6,68382-0227,53489-0156,8.0,15,6.733424186706543,True,checkpoints/pmi20_alpha_lambda6_run_nicme_v3_extra_a0p5_l0p1_pmi20_lr5e5_s42,results/pmi20_sota_convnext_base_test/pmi20_alpha_lambda6_run_nicme_extra_a0p5_l0p1_pmi20_lr5e5_s42_05-04_14-50/metrics_20260504_145014_nicme_hybrid.json
42,NICME,"NICME (alpha=0.5, lambda=0.1)",nicme_extra_a0p5_l0p1_pmi20,495,15,6,68382-0227,53489-0156,8.0,15,5.1757237911224365,True,checkpoints/pmi20_alpha_lambda6_run_nicme_v3_extra_a0p5_l0p1_pmi20_lr5e5_s42,results/pmi20_sota_convnext_base_test/pmi20_alpha_lambda6_run_nicme_extra_a0p5_l0p1_pmi20_lr5e5_s42_05-04_14-50/metrics_20260504_145014_nicme_hybrid.json
42,NICME,"NICME (alpha=0.5, lambda=0.1)",nicme_extra_a0p5_l0p1_pmi20,496,15,6,68382-0227,53489-0156,8.0,15,5.177501916885376,True,checkpoints/pmi20_alpha_lambda6_run_nicme_v3_extra_a0p5_l0p1_pmi20_lr5e5_s42,results/pmi20_sota_convnext_base_test/pmi20_alpha_lambda6_run_nicme_extra_a0p5_l0p1_pmi20_lr5e5_s42_05-04_14-50/metrics_20260504_145014_nicme_hybrid.json
42,NICME,"NICME (alpha=0.5, lambda=0.1)",nicme_extra_a0p5_l0p1_pmi20,497,15,6,68382-0227,53489-0156,8.0,15,9.05718046426773,True,checkpoints/pmi20_alpha_lambda6_run_nicme_v3_extra_a0p5_l0p1_pmi20_lr5e5_s42,results/pmi20_sota_convnext_base_test/pmi20_alpha_lambda6_run_nicme_extra_a0p5_l0p1_pmi20_lr5e5_s42_05-04_14-50/metrics_20260504_145014_nicme_hybrid.json
42,NICME,"NICME (alpha=0.5, lambda=0.1)",nicme_extra_a0p5_l0p1_pmi20,498,15,6,68382-0227,53489-0156,8.0,15,6.087860345840454,True,checkpoints/pmi20_alpha_lambda6_run_nicme_v3_extra_a0p5_l0p1_pmi20_lr5e5_s42,results/pmi20_sota_convnext_base_test/pmi20_alpha_lambda6_run_nicme_extra_a0p5_l0p1_pmi20_lr5e5_s42_05-04_14-50/metrics_20260504_145014_nicme_hybrid.json
42,NICME,"NICME (alpha=0.5, lambda=0.1)",nicme_extra_a0p5_l0p1_pmi20,499,15,6,68382-0227,53489-0156,8.0,15,7.360889434814453,True,checkpoints/pmi20_alpha_lambda6_run_nicme_v3_extra_a0p5_l0p1_pmi20_lr5e5_s42,results/pmi20_sota_convnext_base_test/pmi20_alpha_lambda6_run_nicme_extra_a0p5_l0p1_pmi20_lr5e5_s42_05-04_14-50/metrics_20260504_145014_nicme_hybrid.json
42,NICME,"NICME (alpha=0.5, lambda=0.1)",nicme_extra_a0p5_l0p1_pmi20,500,15,6,68382-0227,53489-0156,8.0,15,6.630080938339233,True,checkpoints/pmi20_alpha_lambda6_run_nicme_v3_extra_a0p5_l0p1_pmi20_lr5e5_s42,results/pmi20_sota_convnext_base_test/pmi20_alpha_lambda6_run_nicme_extra_a0p5_l0p1_pmi20_lr5e5_s42_05-04_14-50/metrics_20260504_145014_nicme_hybrid.json
42,NICME,"NICME (alpha=0.5, lambda=0.1)",nicme_extra_a0p5_l0p1_pmi20,501,15,6,68382-0227,53489-0156,8.0,15,7.330782651901245,True,checkpoints/pmi20_alpha_lambda6_run_nicme_v3_extra_a0p5_l0p1_pmi20_lr5e5_s42,results/pmi20_sota_convnext_base_test/pmi20_alpha_lambda6_run_nicme_extra_a0p5_l0p1_pmi20_lr5e5_s42_05-04_14-50/metrics_20260504_145014_nicme_hybrid.json
42,NICME,"NICME (alpha=0.5, lambda=0.1)",nicme_extra_a0p5_l0p1_pmi20,502,15,6,68382-0227,53489-0156,8.0,15,6.33978533744812,True,checkpoints/pmi20_alpha_lambda6_run_nicme_v3_extra_a0p5_l0p1_pmi20_lr5e5_s42,results/pmi20_sota_convnext_base_test/pmi20_alpha_lambda6_run_nicme_extra_a0p5_l0p1_pmi20_lr5e5_s42_05-04_14-50/metrics_20260504_145014_nicme_hybrid.json
42,NICME,"NICME (alpha=0.5, lambda=0.1)",nicme_extra_a0p5_l0p1_pmi20,503,15,6,68382-0227,53489-0156,8.0,15,6.6720781326293945,True,checkpoints/pmi20_alpha_lambda6_run_nicme_v3_extra_a0p5_l0p1_pmi20_lr5e5_s42,results/pmi20_sota_convnext_base_test/pmi20_alpha_lambda6_run_nicme_extra_a0p5_l0p1_pmi20_lr5e5_s42_05-04_14-50/metrics_20260504_145014_nicme_hybrid.json
42,NICME,"NICME (alpha=0.5, lambda=0.1)",nicme_extra_a0p5_l0p1_pmi20,504,15,6,68382-0227,53489-0156,8.0,15,6.218084096908569,True,checkpoints/pmi20_alpha_lambda6_run_nicme_v3_extra_a0p5_l0p1_pmi20_lr5e5_s42,results/pmi20_sota_convnext_base_test/pmi20_alpha_lambda6_run_nicme_extra_a0p5_l0p1_pmi20_lr5e5_s42_05-04_14-50/metrics_20260504_145014_nicme_hybrid.json
42,NICME,"NICME (alpha=0.5, lambda=0.1)",nicme_extra_a0p5_l0p1_pmi20,505,15,6,68382-0227,53489-0156,8.0,15,3.0564045906066895,True,checkpoints/pmi20_alpha_lambda6_run_nicme_v3_extra_a0p5_l0p1_pmi20_lr5e5_s42,results/pmi20_sota_convnext_base_test/pmi20_alpha_lambda6_run_nicme_extra_a0p5_l0p1_pmi20_lr5e5_s42_05-04_14-50/metrics_20260504_145014_nicme_hybrid.json
42,NICME,"NICME (alpha=0.5, lambda=0.1)",nicme_extra_a0p5_l0p1_pmi20,506,15,6,68382-0227,53489-0156,8.0,15,3.9573845863342285,True,checkpoints/pmi20_alpha_lambda6_run_nicme_v3_extra_a0p5_l0p1_pmi20_lr5e5_s42,results/pmi20_sota_convnext_base_test/pmi20_alpha_lambda6_run_nicme_extra_a0p5_l0p1_pmi20_lr5e5_s42_05-04_14-50/metrics_20260504_145014_nicme_hybrid.json
42,NICME,"NICME (alpha=0.5, lambda=0.1)",nicme_extra_a0p5_l0p1_pmi20,507,15,6,68382-0227,53489-0156,8.0,15,7.229381799697876,True,checkpoints/pmi20_alpha_lambda6_run_nicme_v3_extra_a0p5_l0p1_pmi20_lr5e5_s42,results/pmi20_sota_convnext_base_test/pmi20_alpha_lambda6_run_nicme_extra_a0p5_l0p1_pmi20_lr5e5_s42_05-04_14-50/metrics_20260504_145014_nicme_hybrid.json
42,NICME,"NICME (alpha=0.5, lambda=0.1)",nicme_extra_a0p5_l0p1_pmi20,508,15,6,68382-0227,53489-0156,8.0,15,6.445074796676636,True,checkpoints/pmi20_alpha_lambda6_run_nicme_v3_extra_a0p5_l0p1_pmi20_lr5e5_s42,results/pmi20_sota_convnext_base_test/pmi20_alpha_lambda6_run_nicme_extra_a0p5_l0p1_pmi20_lr5e5_s42_05-04_14-50/metrics_20260504_145014_nicme_hybrid.json
42,NICME,"NICME (alpha=0.5, lambda=0.1)",nicme_extra_a0p5_l0p1_pmi20,509,15,6,68382-0227,53489-0156,8.0,15,6.649214744567871,True,checkpoints/pmi20_alpha_lambda6_run_nicme_v3_extra_a0p5_l0p1_pmi20_lr5e5_s42,results/pmi20_sota_convnext_base_test/pmi20_alpha_lambda6_run_nicme_extra_a0p5_l0p1_pmi20_lr5e5_s42_05-04_14-50/metrics_20260504_145014_nicme_hybrid.json
42,NICME,"NICME (alpha=0.5, lambda=0.1)",nicme_extra_a0p5_l0p1_pmi20,510,15,6,68382-0227,53489-0156,8.0,15,6.271105766296387,True,checkpoints/pmi20_alpha_lambda6_run_nicme_v3_extra_a0p5_l0p1_pmi20_lr5e5_s42,results/pmi20_sota_convnext_base_test/pmi20_alpha_lambda6_run_nicme_extra_a0p5_l0p1_pmi20_lr5e5_s42_05-04_14-50/metrics_20260504_145014_nicme_hybrid.json
42,NICME,"NICME (alpha=0.5, lambda=0.1)",nicme_extra_a0p5_l0p1_pmi20,511,15,6,68382-0227,53489-0156,8.0,15,8.5941823720932,True,checkpoints/pmi20_alpha_lambda6_run_nicme_v3_extra_a0p5_l0p1_pmi20_lr5e5_s42,results/pmi20_sota_convnext_base_test/pmi20_alpha_lambda6_run_nicme_extra_a0p5_l0p1_pmi20_lr5e5_s42_05-04_14-50/metrics_20260504_145014_nicme_hybrid.json
43,CE,CE,ce_anchor_pmi20,160,5,2,50111-0434,00591-0461,10.0,5,9.016278445720673,True,checkpoints/pmi20_run_ce_anchor_pmi20_lr5e5_s43,results/pmi20_sota_convnext_base_test/pmi20_run_ce_anchor_pmi20_lr5e5_s43_05-04_09-34/metrics_20260504_093454_cross_entropy.json
43,CE,CE,ce_anchor_pmi20,161,5,2,50111-0434,00591-0461,10.0,5,8.106917262077332,True,checkpoints/pmi20_run_ce_anchor_pmi20_lr5e5_s43,results/pmi20_sota_convnext_base_test/pmi20_run_ce_anchor_pmi20_lr5e5_s43_05-04_09-34/metrics_20260504_093454_cross_entropy.json
43,CE,CE,ce_anchor_pmi20,162,5,2,50111-0434,00591-0461,10.0,5,9.401461660861969,True,checkpoints/pmi20_run_ce_anchor_pmi20_lr5e5_s43,results/pmi20_sota_convnext_base_test/pmi20_run_ce_anchor_pmi20_lr5e5_s43_05-04_09-34/metrics_20260504_093454_cross_entropy.json
43,CE,CE,ce_anchor_pmi20,163,5,2,50111-0434,00591-0461,10.0,5,8.504328846931458,True,checkpoints/pmi20_run_ce_anchor_pmi20_lr5e5_s43,results/pmi20_sota_convnext_base_test/pmi20_run_ce_anchor_pmi20_lr5e5_s43_05-04_09-34/metrics_20260504_093454_cross_entropy.json
43,CE,CE,ce_anchor_pmi20,164,5,2,50111-0434,00591-0461,10.0,5,9.1631138920784,True,checkpoints/pmi20_run_ce_anchor_pmi20_lr5e5_s43,results/pmi20_sota_convnext_base_test/pmi20_run_ce_anchor_pmi20_lr5e5_s43_05-04_09-34/metrics_20260504_093454_cross_entropy.json
43,CE,CE,ce_anchor_pmi20,165,5,2,50111-0434,00591-0461,10.0,5,8.638276934623718,True,checkpoints/pmi20_run_ce_anchor_pmi20_lr5e5_s43,results/pmi20_sota_convnext_base_test/pmi20_run_ce_anchor_pmi20_lr5e5_s43_05-04_09-34/metrics_20260504_093454_cross_entropy.json
43,CE,CE,ce_anchor_pmi20,166,5,2,50111-0434,00591-0461,10.0,5,7.85567581653595,True,checkpoints/pmi20_run_ce_anchor_pmi20_lr5e5_s43,results/pmi20_sota_convnext_base_test/pmi20_run_ce_anchor_pmi20_lr5e5_s43_05-04_09-34/metrics_20260504_093454_cross_entropy.json
43,CE,CE,ce_anchor_pmi20,167,5,2,50111-0434,00591-0461,10.0,5,5.286315441131592,True,checkpoints/pmi20_run_ce_anchor_pmi20_lr5e5_s43,results/pmi20_sota_convnext_base_test/pmi20_run_ce_anchor_pmi20_lr5e5_s43_05-04_09-34/metrics_20260504_093454_cross_entropy.json
43,CE,CE,ce_anchor_pmi20,168,5,2,50111-0434,00591-0461,10.0,5,8.935448229312897,True,checkpoints/pmi20_run_ce_anchor_pmi20_lr5e5_s43,results/pmi20_sota_convnext_base_test/pmi20_run_ce_anchor_pmi20_lr5e5_s43_05-04_09-34/metrics_20260504_093454_cross_entropy.json
43,CE,CE,ce_anchor_pmi20,169,5,2,50111-0434,00591-0461,10.0,5,7.8245614767074585,True,checkpoints/pmi20_run_ce_anchor_pmi20_lr5e5_s43,results/pmi20_sota_convnext_base_test/pmi20_run_ce_anchor_pmi20_lr5e5_s43_05-04_09-34/metrics_20260504_093454_cross_entropy.json
43,CE,CE,ce_anchor_pmi20,170,5,2,50111-0434,00591-0461,10.0,5,8.83801144361496,True,checkpoints/pmi20_run_ce_anchor_pmi20_lr5e5_s43,results/pmi20_sota_convnext_base_test/pmi20_run_ce_anchor_pmi20_lr5e5_s43_05-04_09-34/metrics_20260504_093454_cross_entropy.json
43,CE,CE,ce_anchor_pmi20,171,5,2,50111-0434,00591-0461,10.0,5,9.061947047710419,True,checkpoints/pmi20_run_ce_anchor_pmi20_lr5e5_s43,results/pmi20_sota_convnext_base_test/pmi20_run_ce_anchor_pmi20_lr5e5_s43_05-04_09-34/metrics_20260504_093454_cross_entropy.json
43,CE,CE,ce_anchor_pmi20,172,5,2,50111-0434,00591-0461,10.0,5,6.5356080532073975,True,checkpoints/pmi20_run_ce_anchor_pmi20_lr5e5_s43,results/pmi20_sota_convnext_base_test/pmi20_run_ce_anchor_pmi20_lr5e5_s43_05-04_09-34/metrics_20260504_093454_cross_entropy.json
43,CE,CE,ce_anchor_pmi20,173,5,2,50111-0434,00591-0461,10.0,5,6.75767970085144,True,checkpoints/pmi20_run_ce_anchor_pmi20_lr5e5_s43,results/pmi20_sota_convnext_base_test/pmi20_run_ce_anchor_pmi20_lr5e5_s43_05-04_09-34/metrics_20260504_093454_cross_entropy.json
43,CE,CE,ce_anchor_pmi20,174,5,2,50111-0434,00591-0461,10.0,5,7.643859624862671,True,checkpoints/pmi20_run_ce_anchor_pmi20_lr5e5_s43,results/pmi20_sota_convnext_base_test/pmi20_run_ce_anchor_pmi20_lr5e5_s43_05-04_09-34/metrics_20260504_093454_cross_entropy.json
43,CE,CE,ce_anchor_pmi20,175,5,2,50111-0434,00591-0461,10.0,5,6.943819761276245,True,checkpoints/pmi20_run_ce_anchor_pmi20_lr5e5_s43,results/pmi20_sota_convnext_base_test/pmi20_run_ce_anchor_pmi20_lr5e5_s43_05-04_09-34/metrics_20260504_093454_cross_entropy.json
43,CE,CE,ce_anchor_pmi20,176,5,2,50111-0434,00591-0461,10.0,5,7.0668593645095825,True,checkpoints/pmi20_run_ce_anchor_pmi20_lr5e5_s43,results/pmi20_sota_convnext_base_test/pmi20_run_ce_anchor_pmi20_lr5e5_s43_05-04_09-34/metrics_20260504_093454_cross_entropy.json
43,CE,CE,ce_anchor_pmi20,177,5,2,50111-0434,00591-0461,10.0,5,8.982035964727402,True,checkpoints/pmi20_run_ce_anchor_pmi20_lr5e5_s43,results/pmi20_sota_convnext_base_test/pmi20_run_ce_anchor_pmi20_lr5e5_s43_05-04_09-34/metrics_20260504_093454_cross_entropy.json
43,CE,CE,ce_anchor_pmi20,178,5,2,50111-0434,00591-0461,10.0,5,4.1838765144348145,True,checkpoints/pmi20_run_ce_anchor_pmi20_lr5e5_s43,results/pmi20_sota_convnext_base_test/pmi20_run_ce_anchor_pmi20_lr5e5_s43_05-04_09-34/metrics_20260504_093454_cross_entropy.json
43,CE,CE,ce_anchor_pmi20,179,5,2,50111-0434,00591-0461,10.0,5,7.910148620605469,True,checkpoints/pmi20_run_ce_anchor_pmi20_lr5e5_s43,results/pmi20_sota_convnext_base_test/pmi20_run_ce_anchor_pmi20_lr5e5_s43_05-04_09-34/metrics_20260504_093454_cross_entropy.json
43,CE,CE,ce_anchor_pmi20,180,5,2,50111-0434,00591-0461,10.0,5,7.4764039516448975,True,checkpoints/pmi20_run_ce_anchor_pmi20_lr5e5_s43,results/pmi20_sota_convnext_base_test/pmi20_run_ce_anchor_pmi20_lr5e5_s43_05-04_09-34/metrics_20260504_093454_cross_entropy.json
43,CE,CE,ce_anchor_pmi20,181,5,2,50111-0434,00591-0461,10.0,5,7.96726381778717,True,checkpoints/pmi20_run_ce_anchor_pmi20_lr5e5_s43,results/pmi20_sota_convnext_base_test/pmi20_run_ce_anchor_pmi20_lr5e5_s43_05-04_09-34/metrics_20260504_093454_cross_entropy.json
43,CE,CE,ce_anchor_pmi20,182,5,2,50111-0434,00591-0461,10.0,5,8.596503853797913,True,checkpoints/pmi20_run_ce_anchor_pmi20_lr5e5_s43,results/pmi20_sota_convnext_base_test/pmi20_run_ce_anchor_pmi20_lr5e5_s43_05-04_09-34/metrics_20260504_093454_cross_entropy.json
43,CE,CE,ce_anchor_pmi20,183,5,2,50111-0434,00591-0461,10.0,5,6.62413215637207,True,checkpoints/pmi20_run_ce_anchor_pmi20_lr5e5_s43,results/pmi20_sota_convnext_base_test/pmi20_run_ce_anchor_pmi20_lr5e5_s43_05-04_09-34/metrics_20260504_093454_cross_entropy.json
43,CE,CE,ce_anchor_pmi20,184,5,2,50111-0434,00591-0461,10.0,5,5.846752166748047,True,checkpoints/pmi20_run_ce_anchor_pmi20_lr5e5_s43,results/pmi20_sota_convnext_base_test/pmi20_run_ce_anchor_pmi20_lr5e5_s43_05-04_09-34/metrics_20260504_093454_cross_entropy.json
43,CE,CE,ce_anchor_pmi20,185,5,2,50111-0434,00591-0461,10.0,5,6.885906219482422,True,checkpoints/pmi20_run_ce_anchor_pmi20_lr5e5_s43,results/pmi20_sota_convnext_base_test/pmi20_run_ce_anchor_pmi20_lr5e5_s43_05-04_09-34/metrics_20260504_093454_cross_entropy.json
43,CE,CE,ce_anchor_pmi20,186,5,2,50111-0434,00591-0461,10.0,5,5.777920484542847,True,checkpoints/pmi20_run_ce_anchor_pmi20_lr5e5_s43,results/pmi20_sota_convnext_base_test/pmi20_run_ce_anchor_pmi20_lr5e5_s43_05-04_09-34/metrics_20260504_093454_cross_entropy.json
43,CE,CE,ce_anchor_pmi20,187,5,2,50111-0434,00591-0461,10.0,5,7.816166877746582,True,checkpoints/pmi20_run_ce_anchor_pmi20_lr5e5_s43,results/pmi20_sota_convnext_base_test/pmi20_run_ce_anchor_pmi20_lr5e5_s43_05-04_09-34/metrics_20260504_093454_cross_entropy.json
43,CE,CE,ce_anchor_pmi20,188,5,2,50111-0434,00591-0461,10.0,5,7.523893594741821,True,checkpoints/pmi20_run_ce_anchor_pmi20_lr5e5_s43,results/pmi20_sota_convnext_base_test/pmi20_run_ce_anchor_pmi20_lr5e5_s43_05-04_09-34/metrics_20260504_093454_cross_entropy.json
43,CE,CE,ce_anchor_pmi20,189,5,2,50111-0434,00591-0461,10.0,5,6.817320108413696,True,checkpoints/pmi20_run_ce_anchor_pmi20_lr5e5_s43,results/pmi20_sota_convnext_base_test/pmi20_run_ce_anchor_pmi20_lr5e5_s43_05-04_09-34/metrics_20260504_093454_cross_entropy.json
43,CE,CE,ce_anchor_pmi20,190,5,2,50111-0434,00591-0461,10.0,5,6.446918725967407,True,checkpoints/pmi20_run_ce_anchor_pmi20_lr5e5_s43,results/pmi20_sota_convnext_base_test/pmi20_run_ce_anchor_pmi20_lr5e5_s43_05-04_09-34/metrics_20260504_093454_cross_entropy.json
43,CE,CE,ce_anchor_pmi20,191,5,2,50111-0434,00591-0461,10.0,5,8.790111660957336,True,checkpoints/pmi20_run_ce_anchor_pmi20_lr5e5_s43,results/pmi20_sota_convnext_base_test/pmi20_run_ce_anchor_pmi20_lr5e5_s43_05-04_09-34/metrics_20260504_093454_cross_entropy.json
43,CE,CE,ce_anchor_pmi20,192,6,15,53489-0156,68382-0227,10.0,6,7.352684378623962,True,checkpoints/pmi20_run_ce_anchor_pmi20_lr5e5_s43,results/pmi20_sota_convnext_base_test/pmi20_run_ce_anchor_pmi20_lr5e5_s43_05-04_09-34/metrics_20260504_093454_cross_entropy.json
43,CE,CE,ce_anchor_pmi20,193,6,15,53489-0156,68382-0227,10.0,6,8.649253368377686,True,checkpoints/pmi20_run_ce_anchor_pmi20_lr5e5_s43,results/pmi20_sota_convnext_base_test/pmi20_run_ce_anchor_pmi20_lr5e5_s43_05-04_09-34/metrics_20260504_093454_cross_entropy.json
43,CE,CE,ce_anchor_pmi20,194,6,15,53489-0156,68382-0227,10.0,6,8.378316044807434,True,checkpoints/pmi20_run_ce_anchor_pmi20_lr5e5_s43,results/pmi20_sota_convnext_base_test/pmi20_run_ce_anchor_pmi20_lr5e5_s43_05-04_09-34/metrics_20260504_093454_cross_entropy.json
43,CE,CE,ce_anchor_pmi20,195,6,15,53489-0156,68382-0227,10.0,6,9.511261701583862,True,checkpoints/pmi20_run_ce_anchor_pmi20_lr5e5_s43,results/pmi20_sota_convnext_base_test/pmi20_run_ce_anchor_pmi20_lr5e5_s43_05-04_09-34/metrics_20260504_093454_cross_entropy.json
43,CE,CE,ce_anchor_pmi20,196,6,15,53489-0156,68382-0227,10.0,6,8.919516801834106,True,checkpoints/pmi20_run_ce_anchor_pmi20_lr5e5_s43,results/pmi20_sota_convnext_base_test/pmi20_run_ce_anchor_pmi20_lr5e5_s43_05-04_09-34/metrics_20260504_093454_cross_entropy.json
43,CE,CE,ce_anchor_pmi20,197,6,15,53489-0156,68382-0227,10.0,6,7.191650867462158,True,checkpoints/pmi20_run_ce_anchor_pmi20_lr5e5_s43,results/pmi20_sota_convnext_base_test/pmi20_run_ce_anchor_pmi20_lr5e5_s43_05-04_09-34/metrics_20260504_093454_cross_entropy.json
43,CE,CE,ce_anchor_pmi20,198,6,15,53489-0156,68382-0227,10.0,6,8.906940937042236,True,checkpoints/pmi20_run_ce_anchor_pmi20_lr5e5_s43,results/pmi20_sota_convnext_base_test/pmi20_run_ce_anchor_pmi20_lr5e5_s43_05-04_09-34/metrics_20260504_093454_cross_entropy.json
43,CE,CE,ce_anchor_pmi20,199,6,15,53489-0156,68382-0227,10.0,6,8.77870997786522,True,checkpoints/pmi20_run_ce_anchor_pmi20_lr5e5_s43,results/pmi20_sota_convnext_base_test/pmi20_run_ce_anchor_pmi20_lr5e5_s43_05-04_09-34/metrics_20260504_093454_cross_entropy.json
43,CE,CE,ce_anchor_pmi20,200,6,15,53489-0156,68382-0227,10.0,16,-0.408038854598999,False,checkpoints/pmi20_run_ce_anchor_pmi20_lr5e5_s43,results/pmi20_sota_convnext_base_test/pmi20_run_ce_anchor_pmi20_lr5e5_s43_05-04_09-34/metrics_20260504_093454_cross_entropy.json
43,CE,CE,ce_anchor_pmi20,201,6,15,53489-0156,68382-0227,10.0,6,7.916703574359417,True,checkpoints/pmi20_run_ce_anchor_pmi20_lr5e5_s43,results/pmi20_sota_convnext_base_test/pmi20_run_ce_anchor_pmi20_lr5e5_s43_05-04_09-34/metrics_20260504_093454_cross_entropy.json
43,CE,CE,ce_anchor_pmi20,202,6,15,53489-0156,68382-0227,10.0,6,7.117660284042358,True,checkpoints/pmi20_run_ce_anchor_pmi20_lr5e5_s43,results/pmi20_sota_convnext_base_test/pmi20_run_ce_anchor_pmi20_lr5e5_s43_05-04_09-34/metrics_20260504_093454_cross_entropy.json
43,CE,CE,ce_anchor_pmi20,203,6,15,53489-0156,68382-0227,10.0,6,7.246216058731079,True,checkpoints/pmi20_run_ce_anchor_pmi20_lr5e5_s43,results/pmi20_sota_convnext_base_test/pmi20_run_ce_anchor_pmi20_lr5e5_s43_05-04_09-34/metrics_20260504_093454_cross_entropy.json
43,CE,CE,ce_anchor_pmi20,204,6,15,53489-0156,68382-0227,10.0,6,7.571693658828735,True,checkpoints/pmi20_run_ce_anchor_pmi20_lr5e5_s43,results/pmi20_sota_convnext_base_test/pmi20_run_ce_anchor_pmi20_lr5e5_s43_05-04_09-34/metrics_20260504_093454_cross_entropy.json
43,CE,CE,ce_anchor_pmi20,205,6,15,53489-0156,68382-0227,10.0,6,9.406909987330437,True,checkpoints/pmi20_run_ce_anchor_pmi20_lr5e5_s43,results/pmi20_sota_convnext_base_test/pmi20_run_ce_anchor_pmi20_lr5e5_s43_05-04_09-34/metrics_20260504_093454_cross_entropy.json
43,CE,CE,ce_anchor_pmi20,206,6,15,53489-0156,68382-0227,10.0,6,7.417231559753418,True,checkpoints/pmi20_run_ce_anchor_pmi20_lr5e5_s43,results/pmi20_sota_convnext_base_test/pmi20_run_ce_anchor_pmi20_lr5e5_s43_05-04_09-34/metrics_20260504_093454_cross_entropy.json
43,CE,CE,ce_anchor_pmi20,207,6,15,53489-0156,68382-0227,10.0,6,8.484196662902832,True,checkpoints/pmi20_run_ce_anchor_pmi20_lr5e5_s43,results/pmi20_sota_convnext_base_test/pmi20_run_ce_anchor_pmi20_lr5e5_s43_05-04_09-34/metrics_20260504_093454_cross_entropy.json
43,CE,CE,ce_anchor_pmi20,208,6,15,53489-0156,68382-0227,10.0,6,7.421467542648315,True,checkpoints/pmi20_run_ce_anchor_pmi20_lr5e5_s43,results/pmi20_sota_convnext_base_test/pmi20_run_ce_anchor_pmi20_lr5e5_s43_05-04_09-34/metrics_20260504_093454_cross_entropy.json
43,CE,CE,ce_anchor_pmi20,209,6,15,53489-0156,68382-0227,10.0,6,7.934172093868256,True,checkpoints/pmi20_run_ce_anchor_pmi20_lr5e5_s43,results/pmi20_sota_convnext_base_test/pmi20_run_ce_anchor_pmi20_lr5e5_s43_05-04_09-34/metrics_20260504_093454_cross_entropy.json
43,CE,CE,ce_anchor_pmi20,210,6,15,53489-0156,68382-0227,10.0,6,4.41684877872467,True,checkpoints/pmi20_run_ce_anchor_pmi20_lr5e5_s43,results/pmi20_sota_convnext_base_test/pmi20_run_ce_anchor_pmi20_lr5e5_s43_05-04_09-34/metrics_20260504_093454_cross_entropy.json
43,CE,CE,ce_anchor_pmi20,211,6,15,53489-0156,68382-0227,10.0,6,5.581569671630859,True,checkpoints/pmi20_run_ce_anchor_pmi20_lr5e5_s43,results/pmi20_sota_convnext_base_test/pmi20_run_ce_anchor_pmi20_lr5e5_s43_05-04_09-34/metrics_20260504_093454_cross_entropy.json
43,CE,CE,ce_anchor_pmi20,212,6,15,53489-0156,68382-0227,10.0,6,8.13141655921936,True,checkpoints/pmi20_run_ce_anchor_pmi20_lr5e5_s43,results/pmi20_sota_convnext_base_test/pmi20_run_ce_anchor_pmi20_lr5e5_s43_05-04_09-34/metrics_20260504_093454_cross_entropy.json
43,CE,CE,ce_anchor_pmi20,213,6,15,53489-0156,68382-0227,10.0,6,7.281937837600708,True,checkpoints/pmi20_run_ce_anchor_pmi20_lr5e5_s43,results/pmi20_sota_convnext_base_test/pmi20_run_ce_anchor_pmi20_lr5e5_s43_05-04_09-34/metrics_20260504_093454_cross_entropy.json
43,CE,CE,ce_anchor_pmi20,214,6,15,53489-0156,68382-0227,10.0,16,-0.7677760124206543,False,checkpoints/pmi20_run_ce_anchor_pmi20_lr5e5_s43,results/pmi20_sota_convnext_base_test/pmi20_run_ce_anchor_pmi20_lr5e5_s43_05-04_09-34/metrics_20260504_093454_cross_entropy.json
43,CE,CE,ce_anchor_pmi20,215,6,15,53489-0156,68382-0227,10.0,6,6.729358911514282,True,checkpoints/pmi20_run_ce_anchor_pmi20_lr5e5_s43,results/pmi20_sota_convnext_base_test/pmi20_run_ce_anchor_pmi20_lr5e5_s43_05-04_09-34/metrics_20260504_093454_cross_entropy.json
43,CE,CE,ce_anchor_pmi20,216,6,15,53489-0156,68382-0227,10.0,6,9.159265220165253,True,checkpoints/pmi20_run_ce_anchor_pmi20_lr5e5_s43,results/pmi20_sota_convnext_base_test/pmi20_run_ce_anchor_pmi20_lr5e5_s43_05-04_09-34/metrics_20260504_093454_cross_entropy.json
43,CE,CE,ce_anchor_pmi20,217,6,15,53489-0156,68382-0227,10.0,6,8.295966029167175,True,checkpoints/pmi20_run_ce_anchor_pmi20_lr5e5_s43,results/pmi20_sota_convnext_base_test/pmi20_run_ce_anchor_pmi20_lr5e5_s43_05-04_09-34/metrics_20260504_093454_cross_entropy.json
43,CE,CE,ce_anchor_pmi20,218,6,15,53489-0156,68382-0227,10.0,6,1.1872177124023438,True,checkpoints/pmi20_run_ce_anchor_pmi20_lr5e5_s43,results/pmi20_sota_convnext_base_test/pmi20_run_ce_anchor_pmi20_lr5e5_s43_05-04_09-34/metrics_20260504_093454_cross_entropy.json
43,CE,CE,ce_anchor_pmi20,219,6,15,53489-0156,68382-0227,10.0,15,-2.329975128173828,False,checkpoints/pmi20_run_ce_anchor_pmi20_lr5e5_s43,results/pmi20_sota_convnext_base_test/pmi20_run_ce_anchor_pmi20_lr5e5_s43_05-04_09-34/metrics_20260504_093454_cross_entropy.json
43,CE,CE,ce_anchor_pmi20,220,6,15,53489-0156,68382-0227,10.0,6,8.304571747779846,True,checkpoints/pmi20_run_ce_anchor_pmi20_lr5e5_s43,results/pmi20_sota_convnext_base_test/pmi20_run_ce_anchor_pmi20_lr5e5_s43_05-04_09-34/metrics_20260504_093454_cross_entropy.json
43,CE,CE,ce_anchor_pmi20,221,6,15,53489-0156,68382-0227,10.0,6,9.149643063545227,True,checkpoints/pmi20_run_ce_anchor_pmi20_lr5e5_s43,results/pmi20_sota_convnext_base_test/pmi20_run_ce_anchor_pmi20_lr5e5_s43_05-04_09-34/metrics_20260504_093454_cross_entropy.json
43,CE,CE,ce_anchor_pmi20,222,6,15,53489-0156,68382-0227,10.0,6,9.370972335338593,True,checkpoints/pmi20_run_ce_anchor_pmi20_lr5e5_s43,results/pmi20_sota_convnext_base_test/pmi20_run_ce_anchor_pmi20_lr5e5_s43_05-04_09-34/metrics_20260504_093454_cross_entropy.json
43,CE,CE,ce_anchor_pmi20,223,6,15,53489-0156,68382-0227,10.0,6,9.167609810829163,True,checkpoints/pmi20_run_ce_anchor_pmi20_lr5e5_s43,results/pmi20_sota_convnext_base_test/pmi20_run_ce_anchor_pmi20_lr5e5_s43_05-04_09-34/metrics_20260504_093454_cross_entropy.json
43,CE,CE,ce_anchor_pmi20,224,7,0,53746-0544,00378-0208,10.0,7,7.642787918448448,True,checkpoints/pmi20_run_ce_anchor_pmi20_lr5e5_s43,results/pmi20_sota_convnext_base_test/pmi20_run_ce_anchor_pmi20_lr5e5_s43_05-04_09-34/metrics_20260504_093454_cross_entropy.json
43,CE,CE,ce_anchor_pmi20,225,7,0,53746-0544,00378-0208,10.0,7,5.226588249206543,True,checkpoints/pmi20_run_ce_anchor_pmi20_lr5e5_s43,results/pmi20_sota_convnext_base_test/pmi20_run_ce_anchor_pmi20_lr5e5_s43_05-04_09-34/metrics_20260504_093454_cross_entropy.json
43,CE,CE,ce_anchor_pmi20,226,7,0,53746-0544,00378-0208,10.0,7,7.326808214187622,True,checkpoints/pmi20_run_ce_anchor_pmi20_lr5e5_s43,results/pmi20_sota_convnext_base_test/pmi20_run_ce_anchor_pmi20_lr5e5_s43_05-04_09-34/metrics_20260504_093454_cross_entropy.json
43,CE,CE,ce_anchor_pmi20,227,7,0,53746-0544,00378-0208,10.0,7,9.709861278533936,True,checkpoints/pmi20_run_ce_anchor_pmi20_lr5e5_s43,results/pmi20_sota_convnext_base_test/pmi20_run_ce_anchor_pmi20_lr5e5_s43_05-04_09-34/metrics_20260504_093454_cross_entropy.json
43,CE,CE,ce_anchor_pmi20,228,7,0,53746-0544,00378-0208,10.0,7,6.396380662918091,True,checkpoints/pmi20_run_ce_anchor_pmi20_lr5e5_s43,results/pmi20_sota_convnext_base_test/pmi20_run_ce_anchor_pmi20_lr5e5_s43_05-04_09-34/metrics_20260504_093454_cross_entropy.json
43,CE,CE,ce_anchor_pmi20,229,7,0,53746-0544,00378-0208,10.0,7,7.893510460853577,True,checkpoints/pmi20_run_ce_anchor_pmi20_lr5e5_s43,results/pmi20_sota_convnext_base_test/pmi20_run_ce_anchor_pmi20_lr5e5_s43_05-04_09-34/metrics_20260504_093454_cross_entropy.json
43,CE,CE,ce_anchor_pmi20,230,7,0,53746-0544,00378-0208,10.0,7,8.447452299296856,True,checkpoints/pmi20_run_ce_anchor_pmi20_lr5e5_s43,results/pmi20_sota_convnext_base_test/pmi20_run_ce_anchor_pmi20_lr5e5_s43_05-04_09-34/metrics_20260504_093454_cross_entropy.json
43,CE,CE,ce_anchor_pmi20,231,7,0,53746-0544,00378-0208,10.0,7,8.5964045971632,True,checkpoints/pmi20_run_ce_anchor_pmi20_lr5e5_s43,results/pmi20_sota_convnext_base_test/pmi20_run_ce_anchor_pmi20_lr5e5_s43_05-04_09-34/metrics_20260504_093454_cross_entropy.json
43,CE,CE,ce_anchor_pmi20,232,7,0,53746-0544,00378-0208,10.0,7,7.069681406021118,True,checkpoints/pmi20_run_ce_anchor_pmi20_lr5e5_s43,results/pmi20_sota_convnext_base_test/pmi20_run_ce_anchor_pmi20_lr5e5_s43_05-04_09-34/metrics_20260504_093454_cross_entropy.json
43,CE,CE,ce_anchor_pmi20,233,7,0,53746-0544,00378-0208,10.0,7,9.579396665096283,True,checkpoints/pmi20_run_ce_anchor_pmi20_lr5e5_s43,results/pmi20_sota_convnext_base_test/pmi20_run_ce_anchor_pmi20_lr5e5_s43_05-04_09-34/metrics_20260504_093454_cross_entropy.json
43,CE,CE,ce_anchor_pmi20,234,7,0,53746-0544,00378-0208,10.0,7,7.867731213569641,True,checkpoints/pmi20_run_ce_anchor_pmi20_lr5e5_s43,results/pmi20_sota_convnext_base_test/pmi20_run_ce_anchor_pmi20_lr5e5_s43_05-04_09-34/metrics_20260504_093454_cross_entropy.json
43,CE,CE,ce_anchor_pmi20,235,7,0,53746-0544,00378-0208,10.0,7,9.346429467201233,True,checkpoints/pmi20_run_ce_anchor_pmi20_lr5e5_s43,results/pmi20_sota_convnext_base_test/pmi20_run_ce_anchor_pmi20_lr5e5_s43_05-04_09-34/metrics_20260504_093454_cross_entropy.json
43,CE,CE,ce_anchor_pmi20,236,7,0,53746-0544,00378-0208,10.0,7,8.228447556495667,True,checkpoints/pmi20_run_ce_anchor_pmi20_lr5e5_s43,results/pmi20_sota_convnext_base_test/pmi20_run_ce_anchor_pmi20_lr5e5_s43_05-04_09-34/metrics_20260504_093454_cross_entropy.json
43,CE,CE,ce_anchor_pmi20,237,7,0,53746-0544,00378-0208,10.0,7,8.794814765453339,True,checkpoints/pmi20_run_ce_anchor_pmi20_lr5e5_s43,results/pmi20_sota_convnext_base_test/pmi20_run_ce_anchor_pmi20_lr5e5_s43_05-04_09-34/metrics_20260504_093454_cross_entropy.json
43,CE,CE,ce_anchor_pmi20,238,7,0,53746-0544,00378-0208,10.0,7,6.017833948135376,True,checkpoints/pmi20_run_ce_anchor_pmi20_lr5e5_s43,results/pmi20_sota_convnext_base_test/pmi20_run_ce_anchor_pmi20_lr5e5_s43_05-04_09-34/metrics_20260504_093454_cross_entropy.json
43,CE,CE,ce_anchor_pmi20,239,7,0,53746-0544,00378-0208,10.0,0,-3.5309925079345703,False,checkpoints/pmi20_run_ce_anchor_pmi20_lr5e5_s43,results/pmi20_sota_convnext_base_test/pmi20_run_ce_anchor_pmi20_lr5e5_s43_05-04_09-34/metrics_20260504_093454_cross_entropy.json
43,CE,CE,ce_anchor_pmi20,240,7,0,53746-0544,00378-0208,10.0,7,8.389593720436096,True,checkpoints/pmi20_run_ce_anchor_pmi20_lr5e5_s43,results/pmi20_sota_convnext_base_test/pmi20_run_ce_anchor_pmi20_lr5e5_s43_05-04_09-34/metrics_20260504_093454_cross_entropy.json
43,CE,CE,ce_anchor_pmi20,241,7,0,53746-0544,00378-0208,10.0,7,8.60270270705223,True,checkpoints/pmi20_run_ce_anchor_pmi20_lr5e5_s43,results/pmi20_sota_convnext_base_test/pmi20_run_ce_anchor_pmi20_lr5e5_s43_05-04_09-34/metrics_20260504_093454_cross_entropy.json
43,CE,CE,ce_anchor_pmi20,242,7,0,53746-0544,00378-0208,10.0,7,8.865843743085861,True,checkpoints/pmi20_run_ce_anchor_pmi20_lr5e5_s43,results/pmi20_sota_convnext_base_test/pmi20_run_ce_anchor_pmi20_lr5e5_s43_05-04_09-34/metrics_20260504_093454_cross_entropy.json
43,CE,CE,ce_anchor_pmi20,243,7,0,53746-0544,00378-0208,10.0,7,8.089051604270935,True,checkpoints/pmi20_run_ce_anchor_pmi20_lr5e5_s43,results/pmi20_sota_convnext_base_test/pmi20_run_ce_anchor_pmi20_lr5e5_s43_05-04_09-34/metrics_20260504_093454_cross_entropy.json
43,CE,CE,ce_anchor_pmi20,244,7,0,53746-0544,00378-0208,10.0,7,7.800856292247772,True,checkpoints/pmi20_run_ce_anchor_pmi20_lr5e5_s43,results/pmi20_sota_convnext_base_test/pmi20_run_ce_anchor_pmi20_lr5e5_s43_05-04_09-34/metrics_20260504_093454_cross_entropy.json
43,CE,CE,ce_anchor_pmi20,245,7,0,53746-0544,00378-0208,10.0,7,8.193966746330261,True,checkpoints/pmi20_run_ce_anchor_pmi20_lr5e5_s43,results/pmi20_sota_convnext_base_test/pmi20_run_ce_anchor_pmi20_lr5e5_s43_05-04_09-34/metrics_20260504_093454_cross_entropy.json
43,CE,CE,ce_anchor_pmi20,246,7,0,53746-0544,00378-0208,10.0,7,8.985884308815002,True,checkpoints/pmi20_run_ce_anchor_pmi20_lr5e5_s43,results/pmi20_sota_convnext_base_test/pmi20_run_ce_anchor_pmi20_lr5e5_s43_05-04_09-34/metrics_20260504_093454_cross_entropy.json
43,CE,CE,ce_anchor_pmi20,247,7,0,53746-0544,00378-0208,10.0,7,9.161632543429732,True,checkpoints/pmi20_run_ce_anchor_pmi20_lr5e5_s43,results/pmi20_sota_convnext_base_test/pmi20_run_ce_anchor_pmi20_lr5e5_s43_05-04_09-34/metrics_20260504_093454_cross_entropy.json
43,CE,CE,ce_anchor_pmi20,248,7,0,53746-0544,00378-0208,10.0,7,7.884984493255615,True,checkpoints/pmi20_run_ce_anchor_pmi20_lr5e5_s43,results/pmi20_sota_convnext_base_test/pmi20_run_ce_anchor_pmi20_lr5e5_s43_05-04_09-34/metrics_20260504_093454_cross_entropy.json
43,CE,CE,ce_anchor_pmi20,249,7,0,53746-0544,00378-0208,10.0,7,8.66588294506073,True,checkpoints/pmi20_run_ce_anchor_pmi20_lr5e5_s43,results/pmi20_sota_convnext_base_test/pmi20_run_ce_anchor_pmi20_lr5e5_s43_05-04_09-34/metrics_20260504_093454_cross_entropy.json
43,CE,CE,ce_anchor_pmi20,250,7,0,53746-0544,00378-0208,10.0,7,8.62419468164444,True,checkpoints/pmi20_run_ce_anchor_pmi20_lr5e5_s43,results/pmi20_sota_convnext_base_test/pmi20_run_ce_anchor_pmi20_lr5e5_s43_05-04_09-34/metrics_20260504_093454_cross_entropy.json
43,CE,CE,ce_anchor_pmi20,251,7,0,53746-0544,00378-0208,10.0,7,8.696311872452497,True,checkpoints/pmi20_run_ce_anchor_pmi20_lr5e5_s43,results/pmi20_sota_convnext_base_test/pmi20_run_ce_anchor_pmi20_lr5e5_s43_05-04_09-34/metrics_20260504_093454_cross_entropy.json
43,CE,CE,ce_anchor_pmi20,252,7,0,53746-0544,00378-0208,10.0,7,8.660149598494172,True,checkpoints/pmi20_run_ce_anchor_pmi20_lr5e5_s43,results/pmi20_sota_convnext_base_test/pmi20_run_ce_anchor_pmi20_lr5e5_s43_05-04_09-34/metrics_20260504_093454_cross_entropy.json
43,CE,CE,ce_anchor_pmi20,253,7,0,53746-0544,00378-0208,10.0,7,8.336290568113327,True,checkpoints/pmi20_run_ce_anchor_pmi20_lr5e5_s43,results/pmi20_sota_convnext_base_test/pmi20_run_ce_anchor_pmi20_lr5e5_s43_05-04_09-34/metrics_20260504_093454_cross_entropy.json
43,CE,CE,ce_anchor_pmi20,254,7,0,53746-0544,00378-0208,10.0,7,7.145087361335754,True,checkpoints/pmi20_run_ce_anchor_pmi20_lr5e5_s43,results/pmi20_sota_convnext_base_test/pmi20_run_ce_anchor_pmi20_lr5e5_s43_05-04_09-34/metrics_20260504_093454_cross_entropy.json
43,CE,CE,ce_anchor_pmi20,255,7,0,53746-0544,00378-0208,10.0,7,8.29697933793068,True,checkpoints/pmi20_run_ce_anchor_pmi20_lr5e5_s43,results/pmi20_sota_convnext_base_test/pmi20_run_ce_anchor_pmi20_lr5e5_s43_05-04_09-34/metrics_20260504_093454_cross_entropy.json
43,CE,CE,ce_anchor_pmi20,480,15,6,68382-0227,53489-0156,8.0,15,5.410459518432617,True,checkpoints/pmi20_run_ce_anchor_pmi20_lr5e5_s43,results/pmi20_sota_convnext_base_test/pmi20_run_ce_anchor_pmi20_lr5e5_s43_05-04_09-34/metrics_20260504_093454_cross_entropy.json
43,CE,CE,ce_anchor_pmi20,481,15,6,68382-0227,53489-0156,8.0,15,4.927290916442871,True,checkpoints/pmi20_run_ce_anchor_pmi20_lr5e5_s43,results/pmi20_sota_convnext_base_test/pmi20_run_ce_anchor_pmi20_lr5e5_s43_05-04_09-34/metrics_20260504_093454_cross_entropy.json
43,CE,CE,ce_anchor_pmi20,482,15,6,68382-0227,53489-0156,8.0,15,6.115684270858765,True,checkpoints/pmi20_run_ce_anchor_pmi20_lr5e5_s43,results/pmi20_sota_convnext_base_test/pmi20_run_ce_anchor_pmi20_lr5e5_s43_05-04_09-34/metrics_20260504_093454_cross_entropy.json
43,CE,CE,ce_anchor_pmi20,483,15,6,68382-0227,53489-0156,8.0,15,5.041212558746338,True,checkpoints/pmi20_run_ce_anchor_pmi20_lr5e5_s43,results/pmi20_sota_convnext_base_test/pmi20_run_ce_anchor_pmi20_lr5e5_s43_05-04_09-34/metrics_20260504_093454_cross_entropy.json
43,CE,CE,ce_anchor_pmi20,484,15,6,68382-0227,53489-0156,8.0,15,8.528977155685425,True,checkpoints/pmi20_run_ce_anchor_pmi20_lr5e5_s43,results/pmi20_sota_convnext_base_test/pmi20_run_ce_anchor_pmi20_lr5e5_s43_05-04_09-34/metrics_20260504_093454_cross_entropy.json
43,CE,CE,ce_anchor_pmi20,485,15,6,68382-0227,53489-0156,8.0,15,5.0175347328186035,True,checkpoints/pmi20_run_ce_anchor_pmi20_lr5e5_s43,results/pmi20_sota_convnext_base_test/pmi20_run_ce_anchor_pmi20_lr5e5_s43_05-04_09-34/metrics_20260504_093454_cross_entropy.json
43,CE,CE,ce_anchor_pmi20,486,15,6,68382-0227,53489-0156,8.0,15,2.671599864959717,True,checkpoints/pmi20_run_ce_anchor_pmi20_lr5e5_s43,results/pmi20_sota_convnext_base_test/pmi20_run_ce_anchor_pmi20_lr5e5_s43_05-04_09-34/metrics_20260504_093454_cross_entropy.json
43,CE,CE,ce_anchor_pmi20,487,15,6,68382-0227,53489-0156,8.0,15,3.7299861907958984,True,checkpoints/pmi20_run_ce_anchor_pmi20_lr5e5_s43,results/pmi20_sota_convnext_base_test/pmi20_run_ce_anchor_pmi20_lr5e5_s43_05-04_09-34/metrics_20260504_093454_cross_entropy.json
43,CE,CE,ce_anchor_pmi20,488,15,6,68382-0227,53489-0156,8.0,15,4.701183319091797,True,checkpoints/pmi20_run_ce_anchor_pmi20_lr5e5_s43,results/pmi20_sota_convnext_base_test/pmi20_run_ce_anchor_pmi20_lr5e5_s43_05-04_09-34/metrics_20260504_093454_cross_entropy.json
43,CE,CE,ce_anchor_pmi20,489,15,6,68382-0227,53489-0156,8.0,15,7.082057476043701,True,checkpoints/pmi20_run_ce_anchor_pmi20_lr5e5_s43,results/pmi20_sota_convnext_base_test/pmi20_run_ce_anchor_pmi20_lr5e5_s43_05-04_09-34/metrics_20260504_093454_cross_entropy.json
43,CE,CE,ce_anchor_pmi20,490,15,6,68382-0227,53489-0156,8.0,15,5.204458713531494,True,checkpoints/pmi20_run_ce_anchor_pmi20_lr5e5_s43,results/pmi20_sota_convnext_base_test/pmi20_run_ce_anchor_pmi20_lr5e5_s43_05-04_09-34/metrics_20260504_093454_cross_entropy.json
43,CE,CE,ce_anchor_pmi20,491,15,6,68382-0227,53489-0156,8.0,15,3.923536777496338,True,checkpoints/pmi20_run_ce_anchor_pmi20_lr5e5_s43,results/pmi20_sota_convnext_base_test/pmi20_run_ce_anchor_pmi20_lr5e5_s43_05-04_09-34/metrics_20260504_093454_cross_entropy.json
43,CE,CE,ce_anchor_pmi20,492,15,6,68382-0227,53489-0156,8.0,15,0.6152219772338867,True,checkpoints/pmi20_run_ce_anchor_pmi20_lr5e5_s43,results/pmi20_sota_convnext_base_test/pmi20_run_ce_anchor_pmi20_lr5e5_s43_05-04_09-34/metrics_20260504_093454_cross_entropy.json
43,CE,CE,ce_anchor_pmi20,493,15,6,68382-0227,53489-0156,8.0,15,4.6970672607421875,True,checkpoints/pmi20_run_ce_anchor_pmi20_lr5e5_s43,results/pmi20_sota_convnext_base_test/pmi20_run_ce_anchor_pmi20_lr5e5_s43_05-04_09-34/metrics_20260504_093454_cross_entropy.json
43,CE,CE,ce_anchor_pmi20,494,15,6,68382-0227,53489-0156,8.0,15,5.603549003601074,True,checkpoints/pmi20_run_ce_anchor_pmi20_lr5e5_s43,results/pmi20_sota_convnext_base_test/pmi20_run_ce_anchor_pmi20_lr5e5_s43_05-04_09-34/metrics_20260504_093454_cross_entropy.json
43,CE,CE,ce_anchor_pmi20,495,15,6,68382-0227,53489-0156,8.0,15,4.406243801116943,True,checkpoints/pmi20_run_ce_anchor_pmi20_lr5e5_s43,results/pmi20_sota_convnext_base_test/pmi20_run_ce_anchor_pmi20_lr5e5_s43_05-04_09-34/metrics_20260504_093454_cross_entropy.json
43,CE,CE,ce_anchor_pmi20,496,15,6,68382-0227,53489-0156,8.0,15,3.1449356079101562,True,checkpoints/pmi20_run_ce_anchor_pmi20_lr5e5_s43,results/pmi20_sota_convnext_base_test/pmi20_run_ce_anchor_pmi20_lr5e5_s43_05-04_09-34/metrics_20260504_093454_cross_entropy.json
43,CE,CE,ce_anchor_pmi20,497,15,6,68382-0227,53489-0156,8.0,15,8.44218122959137,True,checkpoints/pmi20_run_ce_anchor_pmi20_lr5e5_s43,results/pmi20_sota_convnext_base_test/pmi20_run_ce_anchor_pmi20_lr5e5_s43_05-04_09-34/metrics_20260504_093454_cross_entropy.json
43,CE,CE,ce_anchor_pmi20,498,15,6,68382-0227,53489-0156,8.0,15,4.1241254806518555,True,checkpoints/pmi20_run_ce_anchor_pmi20_lr5e5_s43,results/pmi20_sota_convnext_base_test/pmi20_run_ce_anchor_pmi20_lr5e5_s43_05-04_09-34/metrics_20260504_093454_cross_entropy.json
43,CE,CE,ce_anchor_pmi20,499,15,6,68382-0227,53489-0156,8.0,15,6.858655691146851,True,checkpoints/pmi20_run_ce_anchor_pmi20_lr5e5_s43,results/pmi20_sota_convnext_base_test/pmi20_run_ce_anchor_pmi20_lr5e5_s43_05-04_09-34/metrics_20260504_093454_cross_entropy.json
43,CE,CE,ce_anchor_pmi20,500,15,6,68382-0227,53489-0156,8.0,15,5.778359651565552,True,checkpoints/pmi20_run_ce_anchor_pmi20_lr5e5_s43,results/pmi20_sota_convnext_base_test/pmi20_run_ce_anchor_pmi20_lr5e5_s43_05-04_09-34/metrics_20260504_093454_cross_entropy.json
43,CE,CE,ce_anchor_pmi20,501,15,6,68382-0227,53489-0156,8.0,15,6.909327983856201,True,checkpoints/pmi20_run_ce_anchor_pmi20_lr5e5_s43,results/pmi20_sota_convnext_base_test/pmi20_run_ce_anchor_pmi20_lr5e5_s43_05-04_09-34/metrics_20260504_093454_cross_entropy.json
43,CE,CE,ce_anchor_pmi20,502,15,6,68382-0227,53489-0156,8.0,15,4.346122741699219,True,checkpoints/pmi20_run_ce_anchor_pmi20_lr5e5_s43,results/pmi20_sota_convnext_base_test/pmi20_run_ce_anchor_pmi20_lr5e5_s43_05-04_09-34/metrics_20260504_093454_cross_entropy.json
43,CE,CE,ce_anchor_pmi20,503,15,6,68382-0227,53489-0156,8.0,15,5.368868589401245,True,checkpoints/pmi20_run_ce_anchor_pmi20_lr5e5_s43,results/pmi20_sota_convnext_base_test/pmi20_run_ce_anchor_pmi20_lr5e5_s43_05-04_09-34/metrics_20260504_093454_cross_entropy.json
43,CE,CE,ce_anchor_pmi20,504,15,6,68382-0227,53489-0156,8.0,15,3.1276683807373047,True,checkpoints/pmi20_run_ce_anchor_pmi20_lr5e5_s43,results/pmi20_sota_convnext_base_test/pmi20_run_ce_anchor_pmi20_lr5e5_s43_05-04_09-34/metrics_20260504_093454_cross_entropy.json
43,CE,CE,ce_anchor_pmi20,505,15,6,68382-0227,53489-0156,8.0,15,4.786818265914917,True,checkpoints/pmi20_run_ce_anchor_pmi20_lr5e5_s43,results/pmi20_sota_convnext_base_test/pmi20_run_ce_anchor_pmi20_lr5e5_s43_05-04_09-34/metrics_20260504_093454_cross_entropy.json
43,CE,CE,ce_anchor_pmi20,506,15,6,68382-0227,53489-0156,8.0,15,2.5226144790649414,True,checkpoints/pmi20_run_ce_anchor_pmi20_lr5e5_s43,results/pmi20_sota_convnext_base_test/pmi20_run_ce_anchor_pmi20_lr5e5_s43_05-04_09-34/metrics_20260504_093454_cross_entropy.json
43,CE,CE,ce_anchor_pmi20,507,15,6,68382-0227,53489-0156,8.0,15,5.216983079910278,True,checkpoints/pmi20_run_ce_anchor_pmi20_lr5e5_s43,results/pmi20_sota_convnext_base_test/pmi20_run_ce_anchor_pmi20_lr5e5_s43_05-04_09-34/metrics_20260504_093454_cross_entropy.json
43,CE,CE,ce_anchor_pmi20,508,15,6,68382-0227,53489-0156,8.0,15,3.442636013031006,True,checkpoints/pmi20_run_ce_anchor_pmi20_lr5e5_s43,results/pmi20_sota_convnext_base_test/pmi20_run_ce_anchor_pmi20_lr5e5_s43_05-04_09-34/metrics_20260504_093454_cross_entropy.json
43,CE,CE,ce_anchor_pmi20,509,15,6,68382-0227,53489-0156,8.0,15,5.066799163818359,True,checkpoints/pmi20_run_ce_anchor_pmi20_lr5e5_s43,results/pmi20_sota_convnext_base_test/pmi20_run_ce_anchor_pmi20_lr5e5_s43_05-04_09-34/metrics_20260504_093454_cross_entropy.json
43,CE,CE,ce_anchor_pmi20,510,15,6,68382-0227,53489-0156,8.0,15,4.939477443695068,True,checkpoints/pmi20_run_ce_anchor_pmi20_lr5e5_s43,results/pmi20_sota_convnext_base_test/pmi20_run_ce_anchor_pmi20_lr5e5_s43_05-04_09-34/metrics_20260504_093454_cross_entropy.json
43,CE,CE,ce_anchor_pmi20,511,15,6,68382-0227,53489-0156,8.0,15,4.983508110046387,True,checkpoints/pmi20_run_ce_anchor_pmi20_lr5e5_s43,results/pmi20_sota_convnext_base_test/pmi20_run_ce_anchor_pmi20_lr5e5_s43_05-04_09-34/metrics_20260504_093454_cross_entropy.json
43,cost_sensitive_regularized_ce,cost-sensitive regularized CE,cost_sensitive_regularized_ce,160,5,2,50111-0434,00591-0461,10.0,5,9.473341345787048,True,checkpoints/pmi20_run_cost_sensitive_regularized_ce_lr5e5_s43,results/pmi20_sota_convnext_base_test/pmi20_run_cost_sensitive_regularized_ce_lr5e5_s43_05-04_09-58/metrics_20260504_095832_cost_sensitive_regularized_ce.json
43,cost_sensitive_regularized_ce,cost-sensitive regularized CE,cost_sensitive_regularized_ce,161,5,2,50111-0434,00591-0461,10.0,5,8.531774342060089,True,checkpoints/pmi20_run_cost_sensitive_regularized_ce_lr5e5_s43,results/pmi20_sota_convnext_base_test/pmi20_run_cost_sensitive_regularized_ce_lr5e5_s43_05-04_09-58/metrics_20260504_095832_cost_sensitive_regularized_ce.json
43,cost_sensitive_regularized_ce,cost-sensitive regularized CE,cost_sensitive_regularized_ce,162,5,2,50111-0434,00591-0461,10.0,5,10.179960548877716,True,checkpoints/pmi20_run_cost_sensitive_regularized_ce_lr5e5_s43,results/pmi20_sota_convnext_base_test/pmi20_run_cost_sensitive_regularized_ce_lr5e5_s43_05-04_09-58/metrics_20260504_095832_cost_sensitive_regularized_ce.json
43,cost_sensitive_regularized_ce,cost-sensitive regularized CE,cost_sensitive_regularized_ce,163,5,2,50111-0434,00591-0461,10.0,5,9.031370222568512,True,checkpoints/pmi20_run_cost_sensitive_regularized_ce_lr5e5_s43,results/pmi20_sota_convnext_base_test/pmi20_run_cost_sensitive_regularized_ce_lr5e5_s43_05-04_09-58/metrics_20260504_095832_cost_sensitive_regularized_ce.json
43,cost_sensitive_regularized_ce,cost-sensitive regularized CE,cost_sensitive_regularized_ce,164,5,2,50111-0434,00591-0461,10.0,5,9.940895944833755,True,checkpoints/pmi20_run_cost_sensitive_regularized_ce_lr5e5_s43,results/pmi20_sota_convnext_base_test/pmi20_run_cost_sensitive_regularized_ce_lr5e5_s43_05-04_09-58/metrics_20260504_095832_cost_sensitive_regularized_ce.json
43,cost_sensitive_regularized_ce,cost-sensitive regularized CE,cost_sensitive_regularized_ce,165,5,2,50111-0434,00591-0461,10.0,5,9.277374148368835,True,checkpoints/pmi20_run_cost_sensitive_regularized_ce_lr5e5_s43,results/pmi20_sota_convnext_base_test/pmi20_run_cost_sensitive_regularized_ce_lr5e5_s43_05-04_09-58/metrics_20260504_095832_cost_sensitive_regularized_ce.json
43,cost_sensitive_regularized_ce,cost-sensitive regularized CE,cost_sensitive_regularized_ce,166,5,2,50111-0434,00591-0461,10.0,5,8.721360564231873,True,checkpoints/pmi20_run_cost_sensitive_regularized_ce_lr5e5_s43,results/pmi20_sota_convnext_base_test/pmi20_run_cost_sensitive_regularized_ce_lr5e5_s43_05-04_09-58/metrics_20260504_095832_cost_sensitive_regularized_ce.json
43,cost_sensitive_regularized_ce,cost-sensitive regularized CE,cost_sensitive_regularized_ce,167,5,2,50111-0434,00591-0461,10.0,5,6.477607727050781,True,checkpoints/pmi20_run_cost_sensitive_regularized_ce_lr5e5_s43,results/pmi20_sota_convnext_base_test/pmi20_run_cost_sensitive_regularized_ce_lr5e5_s43_05-04_09-58/metrics_20260504_095832_cost_sensitive_regularized_ce.json
43,cost_sensitive_regularized_ce,cost-sensitive regularized CE,cost_sensitive_regularized_ce,168,5,2,50111-0434,00591-0461,10.0,5,9.385626673698425,True,checkpoints/pmi20_run_cost_sensitive_regularized_ce_lr5e5_s43,results/pmi20_sota_convnext_base_test/pmi20_run_cost_sensitive_regularized_ce_lr5e5_s43_05-04_09-58/metrics_20260504_095832_cost_sensitive_regularized_ce.json
43,cost_sensitive_regularized_ce,cost-sensitive regularized CE,cost_sensitive_regularized_ce,169,5,2,50111-0434,00591-0461,10.0,5,8.111138105392456,True,checkpoints/pmi20_run_cost_sensitive_regularized_ce_lr5e5_s43,results/pmi20_sota_convnext_base_test/pmi20_run_cost_sensitive_regularized_ce_lr5e5_s43_05-04_09-58/metrics_20260504_095832_cost_sensitive_regularized_ce.json
43,cost_sensitive_regularized_ce,cost-sensitive regularized CE,cost_sensitive_regularized_ce,170,5,2,50111-0434,00591-0461,10.0,5,9.91912166774273,True,checkpoints/pmi20_run_cost_sensitive_regularized_ce_lr5e5_s43,results/pmi20_sota_convnext_base_test/pmi20_run_cost_sensitive_regularized_ce_lr5e5_s43_05-04_09-58/metrics_20260504_095832_cost_sensitive_regularized_ce.json
43,cost_sensitive_regularized_ce,cost-sensitive regularized CE,cost_sensitive_regularized_ce,171,5,2,50111-0434,00591-0461,10.0,5,9.940962851047516,True,checkpoints/pmi20_run_cost_sensitive_regularized_ce_lr5e5_s43,results/pmi20_sota_convnext_base_test/pmi20_run_cost_sensitive_regularized_ce_lr5e5_s43_05-04_09-58/metrics_20260504_095832_cost_sensitive_regularized_ce.json
43,cost_sensitive_regularized_ce,cost-sensitive regularized CE,cost_sensitive_regularized_ce,172,5,2,50111-0434,00591-0461,10.0,5,7.565574407577515,True,checkpoints/pmi20_run_cost_sensitive_regularized_ce_lr5e5_s43,results/pmi20_sota_convnext_base_test/pmi20_run_cost_sensitive_regularized_ce_lr5e5_s43_05-04_09-58/metrics_20260504_095832_cost_sensitive_regularized_ce.json
43,cost_sensitive_regularized_ce,cost-sensitive regularized CE,cost_sensitive_regularized_ce,173,5,2,50111-0434,00591-0461,10.0,5,7.375854432582855,True,checkpoints/pmi20_run_cost_sensitive_regularized_ce_lr5e5_s43,results/pmi20_sota_convnext_base_test/pmi20_run_cost_sensitive_regularized_ce_lr5e5_s43_05-04_09-58/metrics_20260504_095832_cost_sensitive_regularized_ce.json
43,cost_sensitive_regularized_ce,cost-sensitive regularized CE,cost_sensitive_regularized_ce,174,5,2,50111-0434,00591-0461,10.0,5,8.019599437713623,True,checkpoints/pmi20_run_cost_sensitive_regularized_ce_lr5e5_s43,results/pmi20_sota_convnext_base_test/pmi20_run_cost_sensitive_regularized_ce_lr5e5_s43_05-04_09-58/metrics_20260504_095832_cost_sensitive_regularized_ce.json
43,cost_sensitive_regularized_ce,cost-sensitive regularized CE,cost_sensitive_regularized_ce,175,5,2,50111-0434,00591-0461,10.0,5,8.249720811843872,True,checkpoints/pmi20_run_cost_sensitive_regularized_ce_lr5e5_s43,results/pmi20_sota_convnext_base_test/pmi20_run_cost_sensitive_regularized_ce_lr5e5_s43_05-04_09-58/metrics_20260504_095832_cost_sensitive_regularized_ce.json
43,cost_sensitive_regularized_ce,cost-sensitive regularized CE,cost_sensitive_regularized_ce,176,5,2,50111-0434,00591-0461,10.0,5,6.693013310432434,True,checkpoints/pmi20_run_cost_sensitive_regularized_ce_lr5e5_s43,results/pmi20_sota_convnext_base_test/pmi20_run_cost_sensitive_regularized_ce_lr5e5_s43_05-04_09-58/metrics_20260504_095832_cost_sensitive_regularized_ce.json
43,cost_sensitive_regularized_ce,cost-sensitive regularized CE,cost_sensitive_regularized_ce,177,5,2,50111-0434,00591-0461,10.0,5,9.473612308502197,True,checkpoints/pmi20_run_cost_sensitive_regularized_ce_lr5e5_s43,results/pmi20_sota_convnext_base_test/pmi20_run_cost_sensitive_regularized_ce_lr5e5_s43_05-04_09-58/metrics_20260504_095832_cost_sensitive_regularized_ce.json
43,cost_sensitive_regularized_ce,cost-sensitive regularized CE,cost_sensitive_regularized_ce,178,5,2,50111-0434,00591-0461,10.0,5,3.8189163208007812,True,checkpoints/pmi20_run_cost_sensitive_regularized_ce_lr5e5_s43,results/pmi20_sota_convnext_base_test/pmi20_run_cost_sensitive_regularized_ce_lr5e5_s43_05-04_09-58/metrics_20260504_095832_cost_sensitive_regularized_ce.json
43,cost_sensitive_regularized_ce,cost-sensitive regularized CE,cost_sensitive_regularized_ce,179,5,2,50111-0434,00591-0461,10.0,5,9.040234208106995,True,checkpoints/pmi20_run_cost_sensitive_regularized_ce_lr5e5_s43,results/pmi20_sota_convnext_base_test/pmi20_run_cost_sensitive_regularized_ce_lr5e5_s43_05-04_09-58/metrics_20260504_095832_cost_sensitive_regularized_ce.json
43,cost_sensitive_regularized_ce,cost-sensitive regularized CE,cost_sensitive_regularized_ce,180,5,2,50111-0434,00591-0461,10.0,5,8.45673155784607,True,checkpoints/pmi20_run_cost_sensitive_regularized_ce_lr5e5_s43,results/pmi20_sota_convnext_base_test/pmi20_run_cost_sensitive_regularized_ce_lr5e5_s43_05-04_09-58/metrics_20260504_095832_cost_sensitive_regularized_ce.json
43,cost_sensitive_regularized_ce,cost-sensitive regularized CE,cost_sensitive_regularized_ce,181,5,2,50111-0434,00591-0461,10.0,5,8.887722849845886,True,checkpoints/pmi20_run_cost_sensitive_regularized_ce_lr5e5_s43,results/pmi20_sota_convnext_base_test/pmi20_run_cost_sensitive_regularized_ce_lr5e5_s43_05-04_09-58/metrics_20260504_095832_cost_sensitive_regularized_ce.json
43,cost_sensitive_regularized_ce,cost-sensitive regularized CE,cost_sensitive_regularized_ce,182,5,2,50111-0434,00591-0461,10.0,5,9.496157109737396,True,checkpoints/pmi20_run_cost_sensitive_regularized_ce_lr5e5_s43,results/pmi20_sota_convnext_base_test/pmi20_run_cost_sensitive_regularized_ce_lr5e5_s43_05-04_09-58/metrics_20260504_095832_cost_sensitive_regularized_ce.json
43,cost_sensitive_regularized_ce,cost-sensitive regularized CE,cost_sensitive_regularized_ce,183,5,2,50111-0434,00591-0461,10.0,5,8.207047700881958,True,checkpoints/pmi20_run_cost_sensitive_regularized_ce_lr5e5_s43,results/pmi20_sota_convnext_base_test/pmi20_run_cost_sensitive_regularized_ce_lr5e5_s43_05-04_09-58/metrics_20260504_095832_cost_sensitive_regularized_ce.json
43,cost_sensitive_regularized_ce,cost-sensitive regularized CE,cost_sensitive_regularized_ce,184,5,2,50111-0434,00591-0461,10.0,5,6.800421476364136,True,checkpoints/pmi20_run_cost_sensitive_regularized_ce_lr5e5_s43,results/pmi20_sota_convnext_base_test/pmi20_run_cost_sensitive_regularized_ce_lr5e5_s43_05-04_09-58/metrics_20260504_095832_cost_sensitive_regularized_ce.json
43,cost_sensitive_regularized_ce,cost-sensitive regularized CE,cost_sensitive_regularized_ce,185,5,2,50111-0434,00591-0461,10.0,5,8.295554399490356,True,checkpoints/pmi20_run_cost_sensitive_regularized_ce_lr5e5_s43,results/pmi20_sota_convnext_base_test/pmi20_run_cost_sensitive_regularized_ce_lr5e5_s43_05-04_09-58/metrics_20260504_095832_cost_sensitive_regularized_ce.json
43,cost_sensitive_regularized_ce,cost-sensitive regularized CE,cost_sensitive_regularized_ce,186,5,2,50111-0434,00591-0461,10.0,5,5.7379045486450195,True,checkpoints/pmi20_run_cost_sensitive_regularized_ce_lr5e5_s43,results/pmi20_sota_convnext_base_test/pmi20_run_cost_sensitive_regularized_ce_lr5e5_s43_05-04_09-58/metrics_20260504_095832_cost_sensitive_regularized_ce.json
43,cost_sensitive_regularized_ce,cost-sensitive regularized CE,cost_sensitive_regularized_ce,187,5,2,50111-0434,00591-0461,10.0,5,8.38834261894226,True,checkpoints/pmi20_run_cost_sensitive_regularized_ce_lr5e5_s43,results/pmi20_sota_convnext_base_test/pmi20_run_cost_sensitive_regularized_ce_lr5e5_s43_05-04_09-58/metrics_20260504_095832_cost_sensitive_regularized_ce.json
43,cost_sensitive_regularized_ce,cost-sensitive regularized CE,cost_sensitive_regularized_ce,188,5,2,50111-0434,00591-0461,10.0,5,8.996780514717102,True,checkpoints/pmi20_run_cost_sensitive_regularized_ce_lr5e5_s43,results/pmi20_sota_convnext_base_test/pmi20_run_cost_sensitive_regularized_ce_lr5e5_s43_05-04_09-58/metrics_20260504_095832_cost_sensitive_regularized_ce.json
43,cost_sensitive_regularized_ce,cost-sensitive regularized CE,cost_sensitive_regularized_ce,189,5,2,50111-0434,00591-0461,10.0,5,7.408088207244873,True,checkpoints/pmi20_run_cost_sensitive_regularized_ce_lr5e5_s43,results/pmi20_sota_convnext_base_test/pmi20_run_cost_sensitive_regularized_ce_lr5e5_s43_05-04_09-58/metrics_20260504_095832_cost_sensitive_regularized_ce.json
43,cost_sensitive_regularized_ce,cost-sensitive regularized CE,cost_sensitive_regularized_ce,190,5,2,50111-0434,00591-0461,10.0,5,6.916104316711426,True,checkpoints/pmi20_run_cost_sensitive_regularized_ce_lr5e5_s43,results/pmi20_sota_convnext_base_test/pmi20_run_cost_sensitive_regularized_ce_lr5e5_s43_05-04_09-58/metrics_20260504_095832_cost_sensitive_regularized_ce.json
43,cost_sensitive_regularized_ce,cost-sensitive regularized CE,cost_sensitive_regularized_ce,191,5,2,50111-0434,00591-0461,10.0,5,9.634984374046326,True,checkpoints/pmi20_run_cost_sensitive_regularized_ce_lr5e5_s43,results/pmi20_sota_convnext_base_test/pmi20_run_cost_sensitive_regularized_ce_lr5e5_s43_05-04_09-58/metrics_20260504_095832_cost_sensitive_regularized_ce.json
43,cost_sensitive_regularized_ce,cost-sensitive regularized CE,cost_sensitive_regularized_ce,192,6,15,53489-0156,68382-0227,10.0,6,10.612388730049133,True,checkpoints/pmi20_run_cost_sensitive_regularized_ce_lr5e5_s43,results/pmi20_sota_convnext_base_test/pmi20_run_cost_sensitive_regularized_ce_lr5e5_s43_05-04_09-58/metrics_20260504_095832_cost_sensitive_regularized_ce.json
43,cost_sensitive_regularized_ce,cost-sensitive regularized CE,cost_sensitive_regularized_ce,193,6,15,53489-0156,68382-0227,10.0,6,11.353575468063354,True,checkpoints/pmi20_run_cost_sensitive_regularized_ce_lr5e5_s43,results/pmi20_sota_convnext_base_test/pmi20_run_cost_sensitive_regularized_ce_lr5e5_s43_05-04_09-58/metrics_20260504_095832_cost_sensitive_regularized_ce.json
43,cost_sensitive_regularized_ce,cost-sensitive regularized CE,cost_sensitive_regularized_ce,194,6,15,53489-0156,68382-0227,10.0,6,11.97574245929718,True,checkpoints/pmi20_run_cost_sensitive_regularized_ce_lr5e5_s43,results/pmi20_sota_convnext_base_test/pmi20_run_cost_sensitive_regularized_ce_lr5e5_s43_05-04_09-58/metrics_20260504_095832_cost_sensitive_regularized_ce.json
43,cost_sensitive_regularized_ce,cost-sensitive regularized CE,cost_sensitive_regularized_ce,195,6,15,53489-0156,68382-0227,10.0,6,12.069283723831177,True,checkpoints/pmi20_run_cost_sensitive_regularized_ce_lr5e5_s43,results/pmi20_sota_convnext_base_test/pmi20_run_cost_sensitive_regularized_ce_lr5e5_s43_05-04_09-58/metrics_20260504_095832_cost_sensitive_regularized_ce.json
43,cost_sensitive_regularized_ce,cost-sensitive regularized CE,cost_sensitive_regularized_ce,196,6,15,53489-0156,68382-0227,10.0,6,11.798462331295013,True,checkpoints/pmi20_run_cost_sensitive_regularized_ce_lr5e5_s43,results/pmi20_sota_convnext_base_test/pmi20_run_cost_sensitive_regularized_ce_lr5e5_s43_05-04_09-58/metrics_20260504_095832_cost_sensitive_regularized_ce.json
43,cost_sensitive_regularized_ce,cost-sensitive regularized CE,cost_sensitive_regularized_ce,197,6,15,53489-0156,68382-0227,10.0,6,10.624198406934738,True,checkpoints/pmi20_run_cost_sensitive_regularized_ce_lr5e5_s43,results/pmi20_sota_convnext_base_test/pmi20_run_cost_sensitive_regularized_ce_lr5e5_s43_05-04_09-58/metrics_20260504_095832_cost_sensitive_regularized_ce.json
43,cost_sensitive_regularized_ce,cost-sensitive regularized CE,cost_sensitive_regularized_ce,198,6,15,53489-0156,68382-0227,10.0,6,11.132742524147034,True,checkpoints/pmi20_run_cost_sensitive_regularized_ce_lr5e5_s43,results/pmi20_sota_convnext_base_test/pmi20_run_cost_sensitive_regularized_ce_lr5e5_s43_05-04_09-58/metrics_20260504_095832_cost_sensitive_regularized_ce.json
43,cost_sensitive_regularized_ce,cost-sensitive regularized CE,cost_sensitive_regularized_ce,199,6,15,53489-0156,68382-0227,10.0,6,11.544426560401917,True,checkpoints/pmi20_run_cost_sensitive_regularized_ce_lr5e5_s43,results/pmi20_sota_convnext_base_test/pmi20_run_cost_sensitive_regularized_ce_lr5e5_s43_05-04_09-58/metrics_20260504_095832_cost_sensitive_regularized_ce.json
43,cost_sensitive_regularized_ce,cost-sensitive regularized CE,cost_sensitive_regularized_ce,200,6,15,53489-0156,68382-0227,10.0,10,0.8111417293548584,True,checkpoints/pmi20_run_cost_sensitive_regularized_ce_lr5e5_s43,results/pmi20_sota_convnext_base_test/pmi20_run_cost_sensitive_regularized_ce_lr5e5_s43_05-04_09-58/metrics_20260504_095832_cost_sensitive_regularized_ce.json
43,cost_sensitive_regularized_ce,cost-sensitive regularized CE,cost_sensitive_regularized_ce,201,6,15,53489-0156,68382-0227,10.0,6,10.264715433120728,True,checkpoints/pmi20_run_cost_sensitive_regularized_ce_lr5e5_s43,results/pmi20_sota_convnext_base_test/pmi20_run_cost_sensitive_regularized_ce_lr5e5_s43_05-04_09-58/metrics_20260504_095832_cost_sensitive_regularized_ce.json
43,cost_sensitive_regularized_ce,cost-sensitive regularized CE,cost_sensitive_regularized_ce,202,6,15,53489-0156,68382-0227,10.0,6,10.157087991014123,True,checkpoints/pmi20_run_cost_sensitive_regularized_ce_lr5e5_s43,results/pmi20_sota_convnext_base_test/pmi20_run_cost_sensitive_regularized_ce_lr5e5_s43_05-04_09-58/metrics_20260504_095832_cost_sensitive_regularized_ce.json
43,cost_sensitive_regularized_ce,cost-sensitive regularized CE,cost_sensitive_regularized_ce,203,6,15,53489-0156,68382-0227,10.0,6,10.161846935749054,True,checkpoints/pmi20_run_cost_sensitive_regularized_ce_lr5e5_s43,results/pmi20_sota_convnext_base_test/pmi20_run_cost_sensitive_regularized_ce_lr5e5_s43_05-04_09-58/metrics_20260504_095832_cost_sensitive_regularized_ce.json
43,cost_sensitive_regularized_ce,cost-sensitive regularized CE,cost_sensitive_regularized_ce,204,6,15,53489-0156,68382-0227,10.0,6,10.733200311660767,True,checkpoints/pmi20_run_cost_sensitive_regularized_ce_lr5e5_s43,results/pmi20_sota_convnext_base_test/pmi20_run_cost_sensitive_regularized_ce_lr5e5_s43_05-04_09-58/metrics_20260504_095832_cost_sensitive_regularized_ce.json
43,cost_sensitive_regularized_ce,cost-sensitive regularized CE,cost_sensitive_regularized_ce,205,6,15,53489-0156,68382-0227,10.0,6,11.513309359550476,True,checkpoints/pmi20_run_cost_sensitive_regularized_ce_lr5e5_s43,results/pmi20_sota_convnext_base_test/pmi20_run_cost_sensitive_regularized_ce_lr5e5_s43_05-04_09-58/metrics_20260504_095832_cost_sensitive_regularized_ce.json
43,cost_sensitive_regularized_ce,cost-sensitive regularized CE,cost_sensitive_regularized_ce,206,6,15,53489-0156,68382-0227,10.0,6,11.203280091285706,True,checkpoints/pmi20_run_cost_sensitive_regularized_ce_lr5e5_s43,results/pmi20_sota_convnext_base_test/pmi20_run_cost_sensitive_regularized_ce_lr5e5_s43_05-04_09-58/metrics_20260504_095832_cost_sensitive_regularized_ce.json
43,cost_sensitive_regularized_ce,cost-sensitive regularized CE,cost_sensitive_regularized_ce,207,6,15,53489-0156,68382-0227,10.0,6,12.004141211509705,True,checkpoints/pmi20_run_cost_sensitive_regularized_ce_lr5e5_s43,results/pmi20_sota_convnext_base_test/pmi20_run_cost_sensitive_regularized_ce_lr5e5_s43_05-04_09-58/metrics_20260504_095832_cost_sensitive_regularized_ce.json
43,cost_sensitive_regularized_ce,cost-sensitive regularized CE,cost_sensitive_regularized_ce,208,6,15,53489-0156,68382-0227,10.0,6,11.036110401153564,True,checkpoints/pmi20_run_cost_sensitive_regularized_ce_lr5e5_s43,results/pmi20_sota_convnext_base_test/pmi20_run_cost_sensitive_regularized_ce_lr5e5_s43_05-04_09-58/metrics_20260504_095832_cost_sensitive_regularized_ce.json
43,cost_sensitive_regularized_ce,cost-sensitive regularized CE,cost_sensitive_regularized_ce,209,6,15,53489-0156,68382-0227,10.0,6,10.82957661151886,True,checkpoints/pmi20_run_cost_sensitive_regularized_ce_lr5e5_s43,results/pmi20_sota_convnext_base_test/pmi20_run_cost_sensitive_regularized_ce_lr5e5_s43_05-04_09-58/metrics_20260504_095832_cost_sensitive_regularized_ce.json
43,cost_sensitive_regularized_ce,cost-sensitive regularized CE,cost_sensitive_regularized_ce,210,6,15,53489-0156,68382-0227,10.0,6,7.056760307401419,True,checkpoints/pmi20_run_cost_sensitive_regularized_ce_lr5e5_s43,results/pmi20_sota_convnext_base_test/pmi20_run_cost_sensitive_regularized_ce_lr5e5_s43_05-04_09-58/metrics_20260504_095832_cost_sensitive_regularized_ce.json
43,cost_sensitive_regularized_ce,cost-sensitive regularized CE,cost_sensitive_regularized_ce,211,6,15,53489-0156,68382-0227,10.0,6,9.447776854038239,True,checkpoints/pmi20_run_cost_sensitive_regularized_ce_lr5e5_s43,results/pmi20_sota_convnext_base_test/pmi20_run_cost_sensitive_regularized_ce_lr5e5_s43_05-04_09-58/metrics_20260504_095832_cost_sensitive_regularized_ce.json
43,cost_sensitive_regularized_ce,cost-sensitive regularized CE,cost_sensitive_regularized_ce,212,6,15,53489-0156,68382-0227,10.0,6,10.480151653289795,True,checkpoints/pmi20_run_cost_sensitive_regularized_ce_lr5e5_s43,results/pmi20_sota_convnext_base_test/pmi20_run_cost_sensitive_regularized_ce_lr5e5_s43_05-04_09-58/metrics_20260504_095832_cost_sensitive_regularized_ce.json
43,cost_sensitive_regularized_ce,cost-sensitive regularized CE,cost_sensitive_regularized_ce,213,6,15,53489-0156,68382-0227,10.0,6,9.82467371225357,True,checkpoints/pmi20_run_cost_sensitive_regularized_ce_lr5e5_s43,results/pmi20_sota_convnext_base_test/pmi20_run_cost_sensitive_regularized_ce_lr5e5_s43_05-04_09-58/metrics_20260504_095832_cost_sensitive_regularized_ce.json
43,cost_sensitive_regularized_ce,cost-sensitive regularized CE,cost_sensitive_regularized_ce,214,6,15,53489-0156,68382-0227,10.0,16,0.8867179751396179,True,checkpoints/pmi20_run_cost_sensitive_regularized_ce_lr5e5_s43,results/pmi20_sota_convnext_base_test/pmi20_run_cost_sensitive_regularized_ce_lr5e5_s43_05-04_09-58/metrics_20260504_095832_cost_sensitive_regularized_ce.json
43,cost_sensitive_regularized_ce,cost-sensitive regularized CE,cost_sensitive_regularized_ce,215,6,15,53489-0156,68382-0227,10.0,6,9.519548535346985,True,checkpoints/pmi20_run_cost_sensitive_regularized_ce_lr5e5_s43,results/pmi20_sota_convnext_base_test/pmi20_run_cost_sensitive_regularized_ce_lr5e5_s43_05-04_09-58/metrics_20260504_095832_cost_sensitive_regularized_ce.json
43,cost_sensitive_regularized_ce,cost-sensitive regularized CE,cost_sensitive_regularized_ce,216,6,15,53489-0156,68382-0227,10.0,6,11.178358852863312,True,checkpoints/pmi20_run_cost_sensitive_regularized_ce_lr5e5_s43,results/pmi20_sota_convnext_base_test/pmi20_run_cost_sensitive_regularized_ce_lr5e5_s43_05-04_09-58/metrics_20260504_095832_cost_sensitive_regularized_ce.json
43,cost_sensitive_regularized_ce,cost-sensitive regularized CE,cost_sensitive_regularized_ce,217,6,15,53489-0156,68382-0227,10.0,6,11.27761036157608,True,checkpoints/pmi20_run_cost_sensitive_regularized_ce_lr5e5_s43,results/pmi20_sota_convnext_base_test/pmi20_run_cost_sensitive_regularized_ce_lr5e5_s43_05-04_09-58/metrics_20260504_095832_cost_sensitive_regularized_ce.json
43,cost_sensitive_regularized_ce,cost-sensitive regularized CE,cost_sensitive_regularized_ce,218,6,15,53489-0156,68382-0227,10.0,6,5.4993743896484375,True,checkpoints/pmi20_run_cost_sensitive_regularized_ce_lr5e5_s43,results/pmi20_sota_convnext_base_test/pmi20_run_cost_sensitive_regularized_ce_lr5e5_s43_05-04_09-58/metrics_20260504_095832_cost_sensitive_regularized_ce.json
43,cost_sensitive_regularized_ce,cost-sensitive regularized CE,cost_sensitive_regularized_ce,219,6,15,53489-0156,68382-0227,10.0,15,-0.8932232856750488,False,checkpoints/pmi20_run_cost_sensitive_regularized_ce_lr5e5_s43,results/pmi20_sota_convnext_base_test/pmi20_run_cost_sensitive_regularized_ce_lr5e5_s43_05-04_09-58/metrics_20260504_095832_cost_sensitive_regularized_ce.json
43,cost_sensitive_regularized_ce,cost-sensitive regularized CE,cost_sensitive_regularized_ce,220,6,15,53489-0156,68382-0227,10.0,6,11.19614827632904,True,checkpoints/pmi20_run_cost_sensitive_regularized_ce_lr5e5_s43,results/pmi20_sota_convnext_base_test/pmi20_run_cost_sensitive_regularized_ce_lr5e5_s43_05-04_09-58/metrics_20260504_095832_cost_sensitive_regularized_ce.json
43,cost_sensitive_regularized_ce,cost-sensitive regularized CE,cost_sensitive_regularized_ce,221,6,15,53489-0156,68382-0227,10.0,6,11.709370613098145,True,checkpoints/pmi20_run_cost_sensitive_regularized_ce_lr5e5_s43,results/pmi20_sota_convnext_base_test/pmi20_run_cost_sensitive_regularized_ce_lr5e5_s43_05-04_09-58/metrics_20260504_095832_cost_sensitive_regularized_ce.json
43,cost_sensitive_regularized_ce,cost-sensitive regularized CE,cost_sensitive_regularized_ce,222,6,15,53489-0156,68382-0227,10.0,6,11.36619508266449,True,checkpoints/pmi20_run_cost_sensitive_regularized_ce_lr5e5_s43,results/pmi20_sota_convnext_base_test/pmi20_run_cost_sensitive_regularized_ce_lr5e5_s43_05-04_09-58/metrics_20260504_095832_cost_sensitive_regularized_ce.json
43,cost_sensitive_regularized_ce,cost-sensitive regularized CE,cost_sensitive_regularized_ce,223,6,15,53489-0156,68382-0227,10.0,6,11.690305590629578,True,checkpoints/pmi20_run_cost_sensitive_regularized_ce_lr5e5_s43,results/pmi20_sota_convnext_base_test/pmi20_run_cost_sensitive_regularized_ce_lr5e5_s43_05-04_09-58/metrics_20260504_095832_cost_sensitive_regularized_ce.json
43,cost_sensitive_regularized_ce,cost-sensitive regularized CE,cost_sensitive_regularized_ce,224,7,0,53746-0544,00378-0208,10.0,7,9.928043901920319,True,checkpoints/pmi20_run_cost_sensitive_regularized_ce_lr5e5_s43,results/pmi20_sota_convnext_base_test/pmi20_run_cost_sensitive_regularized_ce_lr5e5_s43_05-04_09-58/metrics_20260504_095832_cost_sensitive_regularized_ce.json
43,cost_sensitive_regularized_ce,cost-sensitive regularized CE,cost_sensitive_regularized_ce,225,7,0,53746-0544,00378-0208,10.0,7,7.064138174057007,True,checkpoints/pmi20_run_cost_sensitive_regularized_ce_lr5e5_s43,results/pmi20_sota_convnext_base_test/pmi20_run_cost_sensitive_regularized_ce_lr5e5_s43_05-04_09-58/metrics_20260504_095832_cost_sensitive_regularized_ce.json
43,cost_sensitive_regularized_ce,cost-sensitive regularized CE,cost_sensitive_regularized_ce,226,7,0,53746-0544,00378-0208,10.0,7,9.061060607433319,True,checkpoints/pmi20_run_cost_sensitive_regularized_ce_lr5e5_s43,results/pmi20_sota_convnext_base_test/pmi20_run_cost_sensitive_regularized_ce_lr5e5_s43_05-04_09-58/metrics_20260504_095832_cost_sensitive_regularized_ce.json
43,cost_sensitive_regularized_ce,cost-sensitive regularized CE,cost_sensitive_regularized_ce,227,7,0,53746-0544,00378-0208,10.0,7,11.595386266708374,True,checkpoints/pmi20_run_cost_sensitive_regularized_ce_lr5e5_s43,results/pmi20_sota_convnext_base_test/pmi20_run_cost_sensitive_regularized_ce_lr5e5_s43_05-04_09-58/metrics_20260504_095832_cost_sensitive_regularized_ce.json
43,cost_sensitive_regularized_ce,cost-sensitive regularized CE,cost_sensitive_regularized_ce,228,7,0,53746-0544,00378-0208,10.0,7,7.22481369972229,True,checkpoints/pmi20_run_cost_sensitive_regularized_ce_lr5e5_s43,results/pmi20_sota_convnext_base_test/pmi20_run_cost_sensitive_regularized_ce_lr5e5_s43_05-04_09-58/metrics_20260504_095832_cost_sensitive_regularized_ce.json
43,cost_sensitive_regularized_ce,cost-sensitive regularized CE,cost_sensitive_regularized_ce,229,7,0,53746-0544,00378-0208,10.0,7,8.899422645568848,True,checkpoints/pmi20_run_cost_sensitive_regularized_ce_lr5e5_s43,results/pmi20_sota_convnext_base_test/pmi20_run_cost_sensitive_regularized_ce_lr5e5_s43_05-04_09-58/metrics_20260504_095832_cost_sensitive_regularized_ce.json
43,cost_sensitive_regularized_ce,cost-sensitive regularized CE,cost_sensitive_regularized_ce,230,7,0,53746-0544,00378-0208,10.0,7,9.680860221385956,True,checkpoints/pmi20_run_cost_sensitive_regularized_ce_lr5e5_s43,results/pmi20_sota_convnext_base_test/pmi20_run_cost_sensitive_regularized_ce_lr5e5_s43_05-04_09-58/metrics_20260504_095832_cost_sensitive_regularized_ce.json
43,cost_sensitive_regularized_ce,cost-sensitive regularized CE,cost_sensitive_regularized_ce,231,7,0,53746-0544,00378-0208,10.0,7,10.979671835899353,True,checkpoints/pmi20_run_cost_sensitive_regularized_ce_lr5e5_s43,results/pmi20_sota_convnext_base_test/pmi20_run_cost_sensitive_regularized_ce_lr5e5_s43_05-04_09-58/metrics_20260504_095832_cost_sensitive_regularized_ce.json
43,cost_sensitive_regularized_ce,cost-sensitive regularized CE,cost_sensitive_regularized_ce,232,7,0,53746-0544,00378-0208,10.0,7,8.423285603523254,True,checkpoints/pmi20_run_cost_sensitive_regularized_ce_lr5e5_s43,results/pmi20_sota_convnext_base_test/pmi20_run_cost_sensitive_regularized_ce_lr5e5_s43_05-04_09-58/metrics_20260504_095832_cost_sensitive_regularized_ce.json
43,cost_sensitive_regularized_ce,cost-sensitive regularized CE,cost_sensitive_regularized_ce,233,7,0,53746-0544,00378-0208,10.0,7,11.374282121658325,True,checkpoints/pmi20_run_cost_sensitive_regularized_ce_lr5e5_s43,results/pmi20_sota_convnext_base_test/pmi20_run_cost_sensitive_regularized_ce_lr5e5_s43_05-04_09-58/metrics_20260504_095832_cost_sensitive_regularized_ce.json
43,cost_sensitive_regularized_ce,cost-sensitive regularized CE,cost_sensitive_regularized_ce,234,7,0,53746-0544,00378-0208,10.0,7,9.497784115374088,True,checkpoints/pmi20_run_cost_sensitive_regularized_ce_lr5e5_s43,results/pmi20_sota_convnext_base_test/pmi20_run_cost_sensitive_regularized_ce_lr5e5_s43_05-04_09-58/metrics_20260504_095832_cost_sensitive_regularized_ce.json
43,cost_sensitive_regularized_ce,cost-sensitive regularized CE,cost_sensitive_regularized_ce,235,7,0,53746-0544,00378-0208,10.0,7,11.517346024513245,True,checkpoints/pmi20_run_cost_sensitive_regularized_ce_lr5e5_s43,results/pmi20_sota_convnext_base_test/pmi20_run_cost_sensitive_regularized_ce_lr5e5_s43_05-04_09-58/metrics_20260504_095832_cost_sensitive_regularized_ce.json
43,cost_sensitive_regularized_ce,cost-sensitive regularized CE,cost_sensitive_regularized_ce,236,7,0,53746-0544,00378-0208,10.0,7,9.629332691431046,True,checkpoints/pmi20_run_cost_sensitive_regularized_ce_lr5e5_s43,results/pmi20_sota_convnext_base_test/pmi20_run_cost_sensitive_regularized_ce_lr5e5_s43_05-04_09-58/metrics_20260504_095832_cost_sensitive_regularized_ce.json
43,cost_sensitive_regularized_ce,cost-sensitive regularized CE,cost_sensitive_regularized_ce,237,7,0,53746-0544,00378-0208,10.0,7,11.046732783317566,True,checkpoints/pmi20_run_cost_sensitive_regularized_ce_lr5e5_s43,results/pmi20_sota_convnext_base_test/pmi20_run_cost_sensitive_regularized_ce_lr5e5_s43_05-04_09-58/metrics_20260504_095832_cost_sensitive_regularized_ce.json
43,cost_sensitive_regularized_ce,cost-sensitive regularized CE,cost_sensitive_regularized_ce,238,7,0,53746-0544,00378-0208,10.0,7,6.820392608642578,True,checkpoints/pmi20_run_cost_sensitive_regularized_ce_lr5e5_s43,results/pmi20_sota_convnext_base_test/pmi20_run_cost_sensitive_regularized_ce_lr5e5_s43_05-04_09-58/metrics_20260504_095832_cost_sensitive_regularized_ce.json
43,cost_sensitive_regularized_ce,cost-sensitive regularized CE,cost_sensitive_regularized_ce,239,7,0,53746-0544,00378-0208,10.0,0,-0.1110234260559082,False,checkpoints/pmi20_run_cost_sensitive_regularized_ce_lr5e5_s43,results/pmi20_sota_convnext_base_test/pmi20_run_cost_sensitive_regularized_ce_lr5e5_s43_05-04_09-58/metrics_20260504_095832_cost_sensitive_regularized_ce.json
43,cost_sensitive_regularized_ce,cost-sensitive regularized CE,cost_sensitive_regularized_ce,240,7,0,53746-0544,00378-0208,10.0,7,9.40217599272728,True,checkpoints/pmi20_run_cost_sensitive_regularized_ce_lr5e5_s43,results/pmi20_sota_convnext_base_test/pmi20_run_cost_sensitive_regularized_ce_lr5e5_s43_05-04_09-58/metrics_20260504_095832_cost_sensitive_regularized_ce.json
43,cost_sensitive_regularized_ce,cost-sensitive regularized CE,cost_sensitive_regularized_ce,241,7,0,53746-0544,00378-0208,10.0,7,10.696590304374695,True,checkpoints/pmi20_run_cost_sensitive_regularized_ce_lr5e5_s43,results/pmi20_sota_convnext_base_test/pmi20_run_cost_sensitive_regularized_ce_lr5e5_s43_05-04_09-58/metrics_20260504_095832_cost_sensitive_regularized_ce.json
43,cost_sensitive_regularized_ce,cost-sensitive regularized CE,cost_sensitive_regularized_ce,242,7,0,53746-0544,00378-0208,10.0,7,10.748871386051178,True,checkpoints/pmi20_run_cost_sensitive_regularized_ce_lr5e5_s43,results/pmi20_sota_convnext_base_test/pmi20_run_cost_sensitive_regularized_ce_lr5e5_s43_05-04_09-58/metrics_20260504_095832_cost_sensitive_regularized_ce.json
43,cost_sensitive_regularized_ce,cost-sensitive regularized CE,cost_sensitive_regularized_ce,243,7,0,53746-0544,00378-0208,10.0,7,9.872005820274353,True,checkpoints/pmi20_run_cost_sensitive_regularized_ce_lr5e5_s43,results/pmi20_sota_convnext_base_test/pmi20_run_cost_sensitive_regularized_ce_lr5e5_s43_05-04_09-58/metrics_20260504_095832_cost_sensitive_regularized_ce.json
43,cost_sensitive_regularized_ce,cost-sensitive regularized CE,cost_sensitive_regularized_ce,244,7,0,53746-0544,00378-0208,10.0,7,10.205328851938248,True,checkpoints/pmi20_run_cost_sensitive_regularized_ce_lr5e5_s43,results/pmi20_sota_convnext_base_test/pmi20_run_cost_sensitive_regularized_ce_lr5e5_s43_05-04_09-58/metrics_20260504_095832_cost_sensitive_regularized_ce.json
43,cost_sensitive_regularized_ce,cost-sensitive regularized CE,cost_sensitive_regularized_ce,245,7,0,53746-0544,00378-0208,10.0,7,10.43946260213852,True,checkpoints/pmi20_run_cost_sensitive_regularized_ce_lr5e5_s43,results/pmi20_sota_convnext_base_test/pmi20_run_cost_sensitive_regularized_ce_lr5e5_s43_05-04_09-58/metrics_20260504_095832_cost_sensitive_regularized_ce.json
43,cost_sensitive_regularized_ce,cost-sensitive regularized CE,cost_sensitive_regularized_ce,246,7,0,53746-0544,00378-0208,10.0,7,10.974174737930298,True,checkpoints/pmi20_run_cost_sensitive_regularized_ce_lr5e5_s43,results/pmi20_sota_convnext_base_test/pmi20_run_cost_sensitive_regularized_ce_lr5e5_s43_05-04_09-58/metrics_20260504_095832_cost_sensitive_regularized_ce.json
43,cost_sensitive_regularized_ce,cost-sensitive regularized CE,cost_sensitive_regularized_ce,247,7,0,53746-0544,00378-0208,10.0,7,11.396785616874695,True,checkpoints/pmi20_run_cost_sensitive_regularized_ce_lr5e5_s43,results/pmi20_sota_convnext_base_test/pmi20_run_cost_sensitive_regularized_ce_lr5e5_s43_05-04_09-58/metrics_20260504_095832_cost_sensitive_regularized_ce.json
43,cost_sensitive_regularized_ce,cost-sensitive regularized CE,cost_sensitive_regularized_ce,248,7,0,53746-0544,00378-0208,10.0,7,9.924574553966522,True,checkpoints/pmi20_run_cost_sensitive_regularized_ce_lr5e5_s43,results/pmi20_sota_convnext_base_test/pmi20_run_cost_sensitive_regularized_ce_lr5e5_s43_05-04_09-58/metrics_20260504_095832_cost_sensitive_regularized_ce.json
43,cost_sensitive_regularized_ce,cost-sensitive regularized CE,cost_sensitive_regularized_ce,249,7,0,53746-0544,00378-0208,10.0,7,10.812813997268677,True,checkpoints/pmi20_run_cost_sensitive_regularized_ce_lr5e5_s43,results/pmi20_sota_convnext_base_test/pmi20_run_cost_sensitive_regularized_ce_lr5e5_s43_05-04_09-58/metrics_20260504_095832_cost_sensitive_regularized_ce.json
43,cost_sensitive_regularized_ce,cost-sensitive regularized CE,cost_sensitive_regularized_ce,250,7,0,53746-0544,00378-0208,10.0,7,11.235972881317139,True,checkpoints/pmi20_run_cost_sensitive_regularized_ce_lr5e5_s43,results/pmi20_sota_convnext_base_test/pmi20_run_cost_sensitive_regularized_ce_lr5e5_s43_05-04_09-58/metrics_20260504_095832_cost_sensitive_regularized_ce.json
43,cost_sensitive_regularized_ce,cost-sensitive regularized CE,cost_sensitive_regularized_ce,251,7,0,53746-0544,00378-0208,10.0,7,10.432345509529114,True,checkpoints/pmi20_run_cost_sensitive_regularized_ce_lr5e5_s43,results/pmi20_sota_convnext_base_test/pmi20_run_cost_sensitive_regularized_ce_lr5e5_s43_05-04_09-58/metrics_20260504_095832_cost_sensitive_regularized_ce.json
43,cost_sensitive_regularized_ce,cost-sensitive regularized CE,cost_sensitive_regularized_ce,252,7,0,53746-0544,00378-0208,10.0,7,10.881950855255127,True,checkpoints/pmi20_run_cost_sensitive_regularized_ce_lr5e5_s43,results/pmi20_sota_convnext_base_test/pmi20_run_cost_sensitive_regularized_ce_lr5e5_s43_05-04_09-58/metrics_20260504_095832_cost_sensitive_regularized_ce.json
43,cost_sensitive_regularized_ce,cost-sensitive regularized CE,cost_sensitive_regularized_ce,253,7,0,53746-0544,00378-0208,10.0,7,10.892358660697937,True,checkpoints/pmi20_run_cost_sensitive_regularized_ce_lr5e5_s43,results/pmi20_sota_convnext_base_test/pmi20_run_cost_sensitive_regularized_ce_lr5e5_s43_05-04_09-58/metrics_20260504_095832_cost_sensitive_regularized_ce.json
43,cost_sensitive_regularized_ce,cost-sensitive regularized CE,cost_sensitive_regularized_ce,254,7,0,53746-0544,00378-0208,10.0,7,9.493869721889496,True,checkpoints/pmi20_run_cost_sensitive_regularized_ce_lr5e5_s43,results/pmi20_sota_convnext_base_test/pmi20_run_cost_sensitive_regularized_ce_lr5e5_s43_05-04_09-58/metrics_20260504_095832_cost_sensitive_regularized_ce.json
43,cost_sensitive_regularized_ce,cost-sensitive regularized CE,cost_sensitive_regularized_ce,255,7,0,53746-0544,00378-0208,10.0,7,10.453307002782822,True,checkpoints/pmi20_run_cost_sensitive_regularized_ce_lr5e5_s43,results/pmi20_sota_convnext_base_test/pmi20_run_cost_sensitive_regularized_ce_lr5e5_s43_05-04_09-58/metrics_20260504_095832_cost_sensitive_regularized_ce.json
43,cost_sensitive_regularized_ce,cost-sensitive regularized CE,cost_sensitive_regularized_ce,480,15,6,68382-0227,53489-0156,8.0,15,5.291549444198608,True,checkpoints/pmi20_run_cost_sensitive_regularized_ce_lr5e5_s43,results/pmi20_sota_convnext_base_test/pmi20_run_cost_sensitive_regularized_ce_lr5e5_s43_05-04_09-58/metrics_20260504_095832_cost_sensitive_regularized_ce.json
43,cost_sensitive_regularized_ce,cost-sensitive regularized CE,cost_sensitive_regularized_ce,481,15,6,68382-0227,53489-0156,8.0,15,5.167047023773193,True,checkpoints/pmi20_run_cost_sensitive_regularized_ce_lr5e5_s43,results/pmi20_sota_convnext_base_test/pmi20_run_cost_sensitive_regularized_ce_lr5e5_s43_05-04_09-58/metrics_20260504_095832_cost_sensitive_regularized_ce.json
43,cost_sensitive_regularized_ce,cost-sensitive regularized CE,cost_sensitive_regularized_ce,482,15,6,68382-0227,53489-0156,8.0,15,6.526075124740601,True,checkpoints/pmi20_run_cost_sensitive_regularized_ce_lr5e5_s43,results/pmi20_sota_convnext_base_test/pmi20_run_cost_sensitive_regularized_ce_lr5e5_s43_05-04_09-58/metrics_20260504_095832_cost_sensitive_regularized_ce.json
43,cost_sensitive_regularized_ce,cost-sensitive regularized CE,cost_sensitive_regularized_ce,483,15,6,68382-0227,53489-0156,8.0,15,4.162520408630371,True,checkpoints/pmi20_run_cost_sensitive_regularized_ce_lr5e5_s43,results/pmi20_sota_convnext_base_test/pmi20_run_cost_sensitive_regularized_ce_lr5e5_s43_05-04_09-58/metrics_20260504_095832_cost_sensitive_regularized_ce.json
43,cost_sensitive_regularized_ce,cost-sensitive regularized CE,cost_sensitive_regularized_ce,484,15,6,68382-0227,53489-0156,8.0,15,9.098198384046555,True,checkpoints/pmi20_run_cost_sensitive_regularized_ce_lr5e5_s43,results/pmi20_sota_convnext_base_test/pmi20_run_cost_sensitive_regularized_ce_lr5e5_s43_05-04_09-58/metrics_20260504_095832_cost_sensitive_regularized_ce.json
43,cost_sensitive_regularized_ce,cost-sensitive regularized CE,cost_sensitive_regularized_ce,485,15,6,68382-0227,53489-0156,8.0,15,4.252278566360474,True,checkpoints/pmi20_run_cost_sensitive_regularized_ce_lr5e5_s43,results/pmi20_sota_convnext_base_test/pmi20_run_cost_sensitive_regularized_ce_lr5e5_s43_05-04_09-58/metrics_20260504_095832_cost_sensitive_regularized_ce.json
43,cost_sensitive_regularized_ce,cost-sensitive regularized CE,cost_sensitive_regularized_ce,486,15,6,68382-0227,53489-0156,8.0,15,2.598665714263916,True,checkpoints/pmi20_run_cost_sensitive_regularized_ce_lr5e5_s43,results/pmi20_sota_convnext_base_test/pmi20_run_cost_sensitive_regularized_ce_lr5e5_s43_05-04_09-58/metrics_20260504_095832_cost_sensitive_regularized_ce.json
43,cost_sensitive_regularized_ce,cost-sensitive regularized CE,cost_sensitive_regularized_ce,487,15,6,68382-0227,53489-0156,8.0,15,2.335874080657959,True,checkpoints/pmi20_run_cost_sensitive_regularized_ce_lr5e5_s43,results/pmi20_sota_convnext_base_test/pmi20_run_cost_sensitive_regularized_ce_lr5e5_s43_05-04_09-58/metrics_20260504_095832_cost_sensitive_regularized_ce.json
43,cost_sensitive_regularized_ce,cost-sensitive regularized CE,cost_sensitive_regularized_ce,488,15,6,68382-0227,53489-0156,8.0,15,3.879098415374756,True,checkpoints/pmi20_run_cost_sensitive_regularized_ce_lr5e5_s43,results/pmi20_sota_convnext_base_test/pmi20_run_cost_sensitive_regularized_ce_lr5e5_s43_05-04_09-58/metrics_20260504_095832_cost_sensitive_regularized_ce.json
43,cost_sensitive_regularized_ce,cost-sensitive regularized CE,cost_sensitive_regularized_ce,489,15,6,68382-0227,53489-0156,8.0,15,8.190361022949219,True,checkpoints/pmi20_run_cost_sensitive_regularized_ce_lr5e5_s43,results/pmi20_sota_convnext_base_test/pmi20_run_cost_sensitive_regularized_ce_lr5e5_s43_05-04_09-58/metrics_20260504_095832_cost_sensitive_regularized_ce.json
43,cost_sensitive_regularized_ce,cost-sensitive regularized CE,cost_sensitive_regularized_ce,490,15,6,68382-0227,53489-0156,8.0,15,4.813680171966553,True,checkpoints/pmi20_run_cost_sensitive_regularized_ce_lr5e5_s43,results/pmi20_sota_convnext_base_test/pmi20_run_cost_sensitive_regularized_ce_lr5e5_s43_05-04_09-58/metrics_20260504_095832_cost_sensitive_regularized_ce.json
43,cost_sensitive_regularized_ce,cost-sensitive regularized CE,cost_sensitive_regularized_ce,491,15,6,68382-0227,53489-0156,8.0,15,3.8265929222106934,True,checkpoints/pmi20_run_cost_sensitive_regularized_ce_lr5e5_s43,results/pmi20_sota_convnext_base_test/pmi20_run_cost_sensitive_regularized_ce_lr5e5_s43_05-04_09-58/metrics_20260504_095832_cost_sensitive_regularized_ce.json
43,cost_sensitive_regularized_ce,cost-sensitive regularized CE,cost_sensitive_regularized_ce,492,15,6,68382-0227,53489-0156,8.0,6,-0.6650571823120117,False,checkpoints/pmi20_run_cost_sensitive_regularized_ce_lr5e5_s43,results/pmi20_sota_convnext_base_test/pmi20_run_cost_sensitive_regularized_ce_lr5e5_s43_05-04_09-58/metrics_20260504_095832_cost_sensitive_regularized_ce.json
43,cost_sensitive_regularized_ce,cost-sensitive regularized CE,cost_sensitive_regularized_ce,493,15,6,68382-0227,53489-0156,8.0,15,4.225253582000732,True,checkpoints/pmi20_run_cost_sensitive_regularized_ce_lr5e5_s43,results/pmi20_sota_convnext_base_test/pmi20_run_cost_sensitive_regularized_ce_lr5e5_s43_05-04_09-58/metrics_20260504_095832_cost_sensitive_regularized_ce.json
43,cost_sensitive_regularized_ce,cost-sensitive regularized CE,cost_sensitive_regularized_ce,494,15,6,68382-0227,53489-0156,8.0,15,5.843109846115112,True,checkpoints/pmi20_run_cost_sensitive_regularized_ce_lr5e5_s43,results/pmi20_sota_convnext_base_test/pmi20_run_cost_sensitive_regularized_ce_lr5e5_s43_05-04_09-58/metrics_20260504_095832_cost_sensitive_regularized_ce.json
43,cost_sensitive_regularized_ce,cost-sensitive regularized CE,cost_sensitive_regularized_ce,495,15,6,68382-0227,53489-0156,8.0,15,3.9826321601867676,True,checkpoints/pmi20_run_cost_sensitive_regularized_ce_lr5e5_s43,results/pmi20_sota_convnext_base_test/pmi20_run_cost_sensitive_regularized_ce_lr5e5_s43_05-04_09-58/metrics_20260504_095832_cost_sensitive_regularized_ce.json
43,cost_sensitive_regularized_ce,cost-sensitive regularized CE,cost_sensitive_regularized_ce,496,15,6,68382-0227,53489-0156,8.0,15,2.870302200317383,True,checkpoints/pmi20_run_cost_sensitive_regularized_ce_lr5e5_s43,results/pmi20_sota_convnext_base_test/pmi20_run_cost_sensitive_regularized_ce_lr5e5_s43_05-04_09-58/metrics_20260504_095832_cost_sensitive_regularized_ce.json
43,cost_sensitive_regularized_ce,cost-sensitive regularized CE,cost_sensitive_regularized_ce,497,15,6,68382-0227,53489-0156,8.0,15,8.76854932308197,True,checkpoints/pmi20_run_cost_sensitive_regularized_ce_lr5e5_s43,results/pmi20_sota_convnext_base_test/pmi20_run_cost_sensitive_regularized_ce_lr5e5_s43_05-04_09-58/metrics_20260504_095832_cost_sensitive_regularized_ce.json
43,cost_sensitive_regularized_ce,cost-sensitive regularized CE,cost_sensitive_regularized_ce,498,15,6,68382-0227,53489-0156,8.0,15,4.10028076171875,True,checkpoints/pmi20_run_cost_sensitive_regularized_ce_lr5e5_s43,results/pmi20_sota_convnext_base_test/pmi20_run_cost_sensitive_regularized_ce_lr5e5_s43_05-04_09-58/metrics_20260504_095832_cost_sensitive_regularized_ce.json
43,cost_sensitive_regularized_ce,cost-sensitive regularized CE,cost_sensitive_regularized_ce,499,15,6,68382-0227,53489-0156,8.0,15,7.537918329238892,True,checkpoints/pmi20_run_cost_sensitive_regularized_ce_lr5e5_s43,results/pmi20_sota_convnext_base_test/pmi20_run_cost_sensitive_regularized_ce_lr5e5_s43_05-04_09-58/metrics_20260504_095832_cost_sensitive_regularized_ce.json
43,cost_sensitive_regularized_ce,cost-sensitive regularized CE,cost_sensitive_regularized_ce,500,15,6,68382-0227,53489-0156,8.0,15,5.4743287563323975,True,checkpoints/pmi20_run_cost_sensitive_regularized_ce_lr5e5_s43,results/pmi20_sota_convnext_base_test/pmi20_run_cost_sensitive_regularized_ce_lr5e5_s43_05-04_09-58/metrics_20260504_095832_cost_sensitive_regularized_ce.json
43,cost_sensitive_regularized_ce,cost-sensitive regularized CE,cost_sensitive_regularized_ce,501,15,6,68382-0227,53489-0156,8.0,15,7.7560460567474365,True,checkpoints/pmi20_run_cost_sensitive_regularized_ce_lr5e5_s43,results/pmi20_sota_convnext_base_test/pmi20_run_cost_sensitive_regularized_ce_lr5e5_s43_05-04_09-58/metrics_20260504_095832_cost_sensitive_regularized_ce.json
43,cost_sensitive_regularized_ce,cost-sensitive regularized CE,cost_sensitive_regularized_ce,502,15,6,68382-0227,53489-0156,8.0,15,3.9082155227661133,True,checkpoints/pmi20_run_cost_sensitive_regularized_ce_lr5e5_s43,results/pmi20_sota_convnext_base_test/pmi20_run_cost_sensitive_regularized_ce_lr5e5_s43_05-04_09-58/metrics_20260504_095832_cost_sensitive_regularized_ce.json
43,cost_sensitive_regularized_ce,cost-sensitive regularized CE,cost_sensitive_regularized_ce,503,15,6,68382-0227,53489-0156,8.0,15,6.6520631313323975,True,checkpoints/pmi20_run_cost_sensitive_regularized_ce_lr5e5_s43,results/pmi20_sota_convnext_base_test/pmi20_run_cost_sensitive_regularized_ce_lr5e5_s43_05-04_09-58/metrics_20260504_095832_cost_sensitive_regularized_ce.json
43,cost_sensitive_regularized_ce,cost-sensitive regularized CE,cost_sensitive_regularized_ce,504,15,6,68382-0227,53489-0156,8.0,15,1.7247233390808105,True,checkpoints/pmi20_run_cost_sensitive_regularized_ce_lr5e5_s43,results/pmi20_sota_convnext_base_test/pmi20_run_cost_sensitive_regularized_ce_lr5e5_s43_05-04_09-58/metrics_20260504_095832_cost_sensitive_regularized_ce.json
43,cost_sensitive_regularized_ce,cost-sensitive regularized CE,cost_sensitive_regularized_ce,505,15,6,68382-0227,53489-0156,8.0,15,4.024866819381714,True,checkpoints/pmi20_run_cost_sensitive_regularized_ce_lr5e5_s43,results/pmi20_sota_convnext_base_test/pmi20_run_cost_sensitive_regularized_ce_lr5e5_s43_05-04_09-58/metrics_20260504_095832_cost_sensitive_regularized_ce.json
43,cost_sensitive_regularized_ce,cost-sensitive regularized CE,cost_sensitive_regularized_ce,506,15,6,68382-0227,53489-0156,8.0,15,2.129401683807373,True,checkpoints/pmi20_run_cost_sensitive_regularized_ce_lr5e5_s43,results/pmi20_sota_convnext_base_test/pmi20_run_cost_sensitive_regularized_ce_lr5e5_s43_05-04_09-58/metrics_20260504_095832_cost_sensitive_regularized_ce.json
43,cost_sensitive_regularized_ce,cost-sensitive regularized CE,cost_sensitive_regularized_ce,507,15,6,68382-0227,53489-0156,8.0,15,4.2916200160980225,True,checkpoints/pmi20_run_cost_sensitive_regularized_ce_lr5e5_s43,results/pmi20_sota_convnext_base_test/pmi20_run_cost_sensitive_regularized_ce_lr5e5_s43_05-04_09-58/metrics_20260504_095832_cost_sensitive_regularized_ce.json
43,cost_sensitive_regularized_ce,cost-sensitive regularized CE,cost_sensitive_regularized_ce,508,15,6,68382-0227,53489-0156,8.0,15,2.41763973236084,True,checkpoints/pmi20_run_cost_sensitive_regularized_ce_lr5e5_s43,results/pmi20_sota_convnext_base_test/pmi20_run_cost_sensitive_regularized_ce_lr5e5_s43_05-04_09-58/metrics_20260504_095832_cost_sensitive_regularized_ce.json
43,cost_sensitive_regularized_ce,cost-sensitive regularized CE,cost_sensitive_regularized_ce,509,15,6,68382-0227,53489-0156,8.0,15,5.531823635101318,True,checkpoints/pmi20_run_cost_sensitive_regularized_ce_lr5e5_s43,results/pmi20_sota_convnext_base_test/pmi20_run_cost_sensitive_regularized_ce_lr5e5_s43_05-04_09-58/metrics_20260504_095832_cost_sensitive_regularized_ce.json
43,cost_sensitive_regularized_ce,cost-sensitive regularized CE,cost_sensitive_regularized_ce,510,15,6,68382-0227,53489-0156,8.0,15,5.045187473297119,True,checkpoints/pmi20_run_cost_sensitive_regularized_ce_lr5e5_s43,results/pmi20_sota_convnext_base_test/pmi20_run_cost_sensitive_regularized_ce_lr5e5_s43_05-04_09-58/metrics_20260504_095832_cost_sensitive_regularized_ce.json
43,cost_sensitive_regularized_ce,cost-sensitive regularized CE,cost_sensitive_regularized_ce,511,15,6,68382-0227,53489-0156,8.0,15,4.877233505249023,True,checkpoints/pmi20_run_cost_sensitive_regularized_ce_lr5e5_s43,results/pmi20_sota_convnext_base_test/pmi20_run_cost_sensitive_regularized_ce_lr5e5_s43_05-04_09-58/metrics_20260504_095832_cost_sensitive_regularized_ce.json
43,CSADA,CSADA,csada,160,5,2,50111-0434,00591-0461,10.0,5,10.217268019914627,True,checkpoints/pmi20_run_csada_lr5e5_s43,results/pmi20_sota_convnext_base_test/pmi20_run_csada_lr5e5_s43_05-04_10-02/metrics_20260504_100237_csada.json
43,CSADA,CSADA,csada,161,5,2,50111-0434,00591-0461,10.0,5,9.41395229101181,True,checkpoints/pmi20_run_csada_lr5e5_s43,results/pmi20_sota_convnext_base_test/pmi20_run_csada_lr5e5_s43_05-04_10-02/metrics_20260504_100237_csada.json
43,CSADA,CSADA,csada,162,5,2,50111-0434,00591-0461,10.0,5,10.92894533276558,True,checkpoints/pmi20_run_csada_lr5e5_s43,results/pmi20_sota_convnext_base_test/pmi20_run_csada_lr5e5_s43_05-04_10-02/metrics_20260504_100237_csada.json
43,CSADA,CSADA,csada,163,5,2,50111-0434,00591-0461,10.0,5,10.22618943452835,True,checkpoints/pmi20_run_csada_lr5e5_s43,results/pmi20_sota_convnext_base_test/pmi20_run_csada_lr5e5_s43_05-04_10-02/metrics_20260504_100237_csada.json
43,CSADA,CSADA,csada,164,5,2,50111-0434,00591-0461,10.0,5,9.592559546232224,True,checkpoints/pmi20_run_csada_lr5e5_s43,results/pmi20_sota_convnext_base_test/pmi20_run_csada_lr5e5_s43_05-04_10-02/metrics_20260504_100237_csada.json
43,CSADA,CSADA,csada,165,5,2,50111-0434,00591-0461,10.0,5,9.815867930650711,True,checkpoints/pmi20_run_csada_lr5e5_s43,results/pmi20_sota_convnext_base_test/pmi20_run_csada_lr5e5_s43_05-04_10-02/metrics_20260504_100237_csada.json
43,CSADA,CSADA,csada,166,5,2,50111-0434,00591-0461,10.0,5,9.47319296002388,True,checkpoints/pmi20_run_csada_lr5e5_s43,results/pmi20_sota_convnext_base_test/pmi20_run_csada_lr5e5_s43_05-04_10-02/metrics_20260504_100237_csada.json
43,CSADA,CSADA,csada,167,5,2,50111-0434,00591-0461,10.0,5,7.624889016151428,True,checkpoints/pmi20_run_csada_lr5e5_s43,results/pmi20_sota_convnext_base_test/pmi20_run_csada_lr5e5_s43_05-04_10-02/metrics_20260504_100237_csada.json
43,CSADA,CSADA,csada,168,5,2,50111-0434,00591-0461,10.0,5,10.032331317663193,True,checkpoints/pmi20_run_csada_lr5e5_s43,results/pmi20_sota_convnext_base_test/pmi20_run_csada_lr5e5_s43_05-04_10-02/metrics_20260504_100237_csada.json
43,CSADA,CSADA,csada,169,5,2,50111-0434,00591-0461,10.0,5,9.244720816612244,True,checkpoints/pmi20_run_csada_lr5e5_s43,results/pmi20_sota_convnext_base_test/pmi20_run_csada_lr5e5_s43_05-04_10-02/metrics_20260504_100237_csada.json
43,CSADA,CSADA,csada,170,5,2,50111-0434,00591-0461,10.0,5,9.773424655199051,True,checkpoints/pmi20_run_csada_lr5e5_s43,results/pmi20_sota_convnext_base_test/pmi20_run_csada_lr5e5_s43_05-04_10-02/metrics_20260504_100237_csada.json
43,CSADA,CSADA,csada,171,5,2,50111-0434,00591-0461,10.0,5,9.244588688015938,True,checkpoints/pmi20_run_csada_lr5e5_s43,results/pmi20_sota_convnext_base_test/pmi20_run_csada_lr5e5_s43_05-04_10-02/metrics_20260504_100237_csada.json
43,CSADA,CSADA,csada,172,5,2,50111-0434,00591-0461,10.0,5,8.882803902029991,True,checkpoints/pmi20_run_csada_lr5e5_s43,results/pmi20_sota_convnext_base_test/pmi20_run_csada_lr5e5_s43_05-04_10-02/metrics_20260504_100237_csada.json
43,CSADA,CSADA,csada,173,5,2,50111-0434,00591-0461,10.0,5,9.097533270716667,True,checkpoints/pmi20_run_csada_lr5e5_s43,results/pmi20_sota_convnext_base_test/pmi20_run_csada_lr5e5_s43_05-04_10-02/metrics_20260504_100237_csada.json
43,CSADA,CSADA,csada,174,5,2,50111-0434,00591-0461,10.0,5,8.848128020763397,True,checkpoints/pmi20_run_csada_lr5e5_s43,results/pmi20_sota_convnext_base_test/pmi20_run_csada_lr5e5_s43_05-04_10-02/metrics_20260504_100237_csada.json
43,CSADA,CSADA,csada,175,5,2,50111-0434,00591-0461,10.0,5,8.789524376392365,True,checkpoints/pmi20_run_csada_lr5e5_s43,results/pmi20_sota_convnext_base_test/pmi20_run_csada_lr5e5_s43_05-04_10-02/metrics_20260504_100237_csada.json
43,CSADA,CSADA,csada,176,5,2,50111-0434,00591-0461,10.0,5,8.481786698102951,True,checkpoints/pmi20_run_csada_lr5e5_s43,results/pmi20_sota_convnext_base_test/pmi20_run_csada_lr5e5_s43_05-04_10-02/metrics_20260504_100237_csada.json
43,CSADA,CSADA,csada,177,5,2,50111-0434,00591-0461,10.0,5,10.01765352487564,True,checkpoints/pmi20_run_csada_lr5e5_s43,results/pmi20_sota_convnext_base_test/pmi20_run_csada_lr5e5_s43_05-04_10-02/metrics_20260504_100237_csada.json
43,CSADA,CSADA,csada,178,5,2,50111-0434,00591-0461,10.0,5,8.298011243343353,True,checkpoints/pmi20_run_csada_lr5e5_s43,results/pmi20_sota_convnext_base_test/pmi20_run_csada_lr5e5_s43_05-04_10-02/metrics_20260504_100237_csada.json
43,CSADA,CSADA,csada,179,5,2,50111-0434,00591-0461,10.0,5,8.621019303798676,True,checkpoints/pmi20_run_csada_lr5e5_s43,results/pmi20_sota_convnext_base_test/pmi20_run_csada_lr5e5_s43_05-04_10-02/metrics_20260504_100237_csada.json
43,CSADA,CSADA,csada,180,5,2,50111-0434,00591-0461,10.0,5,9.110863149166107,True,checkpoints/pmi20_run_csada_lr5e5_s43,results/pmi20_sota_convnext_base_test/pmi20_run_csada_lr5e5_s43_05-04_10-02/metrics_20260504_100237_csada.json
43,CSADA,CSADA,csada,181,5,2,50111-0434,00591-0461,10.0,5,8.994741410017014,True,checkpoints/pmi20_run_csada_lr5e5_s43,results/pmi20_sota_convnext_base_test/pmi20_run_csada_lr5e5_s43_05-04_10-02/metrics_20260504_100237_csada.json
43,CSADA,CSADA,csada,182,5,2,50111-0434,00591-0461,10.0,5,9.555043883621693,True,checkpoints/pmi20_run_csada_lr5e5_s43,results/pmi20_sota_convnext_base_test/pmi20_run_csada_lr5e5_s43_05-04_10-02/metrics_20260504_100237_csada.json
43,CSADA,CSADA,csada,183,5,2,50111-0434,00591-0461,10.0,5,8.012776970863342,True,checkpoints/pmi20_run_csada_lr5e5_s43,results/pmi20_sota_convnext_base_test/pmi20_run_csada_lr5e5_s43_05-04_10-02/metrics_20260504_100237_csada.json
43,CSADA,CSADA,csada,184,5,2,50111-0434,00591-0461,10.0,5,8.305188715457916,True,checkpoints/pmi20_run_csada_lr5e5_s43,results/pmi20_sota_convnext_base_test/pmi20_run_csada_lr5e5_s43_05-04_10-02/metrics_20260504_100237_csada.json
43,CSADA,CSADA,csada,185,5,2,50111-0434,00591-0461,10.0,5,8.993472069501877,True,checkpoints/pmi20_run_csada_lr5e5_s43,results/pmi20_sota_convnext_base_test/pmi20_run_csada_lr5e5_s43_05-04_10-02/metrics_20260504_100237_csada.json
43,CSADA,CSADA,csada,186,5,2,50111-0434,00591-0461,10.0,5,9.167802661657333,True,checkpoints/pmi20_run_csada_lr5e5_s43,results/pmi20_sota_convnext_base_test/pmi20_run_csada_lr5e5_s43_05-04_10-02/metrics_20260504_100237_csada.json
43,CSADA,CSADA,csada,187,5,2,50111-0434,00591-0461,10.0,5,9.322859324514866,True,checkpoints/pmi20_run_csada_lr5e5_s43,results/pmi20_sota_convnext_base_test/pmi20_run_csada_lr5e5_s43_05-04_10-02/metrics_20260504_100237_csada.json
43,CSADA,CSADA,csada,188,5,2,50111-0434,00591-0461,10.0,5,9.105387300252914,True,checkpoints/pmi20_run_csada_lr5e5_s43,results/pmi20_sota_convnext_base_test/pmi20_run_csada_lr5e5_s43_05-04_10-02/metrics_20260504_100237_csada.json
43,CSADA,CSADA,csada,189,5,2,50111-0434,00591-0461,10.0,5,8.916461646556854,True,checkpoints/pmi20_run_csada_lr5e5_s43,results/pmi20_sota_convnext_base_test/pmi20_run_csada_lr5e5_s43_05-04_10-02/metrics_20260504_100237_csada.json
43,CSADA,CSADA,csada,190,5,2,50111-0434,00591-0461,10.0,5,8.72705590724945,True,checkpoints/pmi20_run_csada_lr5e5_s43,results/pmi20_sota_convnext_base_test/pmi20_run_csada_lr5e5_s43_05-04_10-02/metrics_20260504_100237_csada.json
43,CSADA,CSADA,csada,191,5,2,50111-0434,00591-0461,10.0,5,9.91044956445694,True,checkpoints/pmi20_run_csada_lr5e5_s43,results/pmi20_sota_convnext_base_test/pmi20_run_csada_lr5e5_s43_05-04_10-02/metrics_20260504_100237_csada.json
43,CSADA,CSADA,csada,192,6,15,53489-0156,68382-0227,10.0,6,2.5427122116088867,True,checkpoints/pmi20_run_csada_lr5e5_s43,results/pmi20_sota_convnext_base_test/pmi20_run_csada_lr5e5_s43_05-04_10-02/metrics_20260504_100237_csada.json
43,CSADA,CSADA,csada,193,6,15,53489-0156,68382-0227,10.0,6,3.7737364768981934,True,checkpoints/pmi20_run_csada_lr5e5_s43,results/pmi20_sota_convnext_base_test/pmi20_run_csada_lr5e5_s43_05-04_10-02/metrics_20260504_100237_csada.json
43,CSADA,CSADA,csada,194,6,15,53489-0156,68382-0227,10.0,6,2.1967954635620117,True,checkpoints/pmi20_run_csada_lr5e5_s43,results/pmi20_sota_convnext_base_test/pmi20_run_csada_lr5e5_s43_05-04_10-02/metrics_20260504_100237_csada.json
43,CSADA,CSADA,csada,195,6,15,53489-0156,68382-0227,10.0,6,4.59050726890564,True,checkpoints/pmi20_run_csada_lr5e5_s43,results/pmi20_sota_convnext_base_test/pmi20_run_csada_lr5e5_s43_05-04_10-02/metrics_20260504_100237_csada.json
43,CSADA,CSADA,csada,196,6,15,53489-0156,68382-0227,10.0,6,4.17501163482666,True,checkpoints/pmi20_run_csada_lr5e5_s43,results/pmi20_sota_convnext_base_test/pmi20_run_csada_lr5e5_s43_05-04_10-02/metrics_20260504_100237_csada.json
43,CSADA,CSADA,csada,197,6,15,53489-0156,68382-0227,10.0,6,3.4835262298583984,True,checkpoints/pmi20_run_csada_lr5e5_s43,results/pmi20_sota_convnext_base_test/pmi20_run_csada_lr5e5_s43_05-04_10-02/metrics_20260504_100237_csada.json
43,CSADA,CSADA,csada,198,6,15,53489-0156,68382-0227,10.0,6,3.877859354019165,True,checkpoints/pmi20_run_csada_lr5e5_s43,results/pmi20_sota_convnext_base_test/pmi20_run_csada_lr5e5_s43_05-04_10-02/metrics_20260504_100237_csada.json
43,CSADA,CSADA,csada,199,6,15,53489-0156,68382-0227,10.0,6,4.382831811904907,True,checkpoints/pmi20_run_csada_lr5e5_s43,results/pmi20_sota_convnext_base_test/pmi20_run_csada_lr5e5_s43_05-04_10-02/metrics_20260504_100237_csada.json
43,CSADA,CSADA,csada,200,6,15,53489-0156,68382-0227,10.0,7,-0.4865238666534424,False,checkpoints/pmi20_run_csada_lr5e5_s43,results/pmi20_sota_convnext_base_test/pmi20_run_csada_lr5e5_s43_05-04_10-02/metrics_20260504_100237_csada.json
43,CSADA,CSADA,csada,201,6,15,53489-0156,68382-0227,10.0,6,3.929680347442627,True,checkpoints/pmi20_run_csada_lr5e5_s43,results/pmi20_sota_convnext_base_test/pmi20_run_csada_lr5e5_s43_05-04_10-02/metrics_20260504_100237_csada.json
43,CSADA,CSADA,csada,202,6,15,53489-0156,68382-0227,10.0,6,3.1042368412017822,True,checkpoints/pmi20_run_csada_lr5e5_s43,results/pmi20_sota_convnext_base_test/pmi20_run_csada_lr5e5_s43_05-04_10-02/metrics_20260504_100237_csada.json
43,CSADA,CSADA,csada,203,6,15,53489-0156,68382-0227,10.0,6,2.2604832649230957,True,checkpoints/pmi20_run_csada_lr5e5_s43,results/pmi20_sota_convnext_base_test/pmi20_run_csada_lr5e5_s43_05-04_10-02/metrics_20260504_100237_csada.json
43,CSADA,CSADA,csada,204,6,15,53489-0156,68382-0227,10.0,6,3.5343847274780273,True,checkpoints/pmi20_run_csada_lr5e5_s43,results/pmi20_sota_convnext_base_test/pmi20_run_csada_lr5e5_s43_05-04_10-02/metrics_20260504_100237_csada.json
43,CSADA,CSADA,csada,205,6,15,53489-0156,68382-0227,10.0,6,4.685846328735352,True,checkpoints/pmi20_run_csada_lr5e5_s43,results/pmi20_sota_convnext_base_test/pmi20_run_csada_lr5e5_s43_05-04_10-02/metrics_20260504_100237_csada.json
43,CSADA,CSADA,csada,206,6,15,53489-0156,68382-0227,10.0,6,1.7481331825256348,True,checkpoints/pmi20_run_csada_lr5e5_s43,results/pmi20_sota_convnext_base_test/pmi20_run_csada_lr5e5_s43_05-04_10-02/metrics_20260504_100237_csada.json
43,CSADA,CSADA,csada,207,6,15,53489-0156,68382-0227,10.0,6,3.0527987480163574,True,checkpoints/pmi20_run_csada_lr5e5_s43,results/pmi20_sota_convnext_base_test/pmi20_run_csada_lr5e5_s43_05-04_10-02/metrics_20260504_100237_csada.json
43,CSADA,CSADA,csada,208,6,15,53489-0156,68382-0227,10.0,6,2.36370849609375,True,checkpoints/pmi20_run_csada_lr5e5_s43,results/pmi20_sota_convnext_base_test/pmi20_run_csada_lr5e5_s43_05-04_10-02/metrics_20260504_100237_csada.json
43,CSADA,CSADA,csada,209,6,15,53489-0156,68382-0227,10.0,6,3.424689531326294,True,checkpoints/pmi20_run_csada_lr5e5_s43,results/pmi20_sota_convnext_base_test/pmi20_run_csada_lr5e5_s43_05-04_10-02/metrics_20260504_100237_csada.json
43,CSADA,CSADA,csada,210,6,15,53489-0156,68382-0227,10.0,6,2.3879079818725586,True,checkpoints/pmi20_run_csada_lr5e5_s43,results/pmi20_sota_convnext_base_test/pmi20_run_csada_lr5e5_s43_05-04_10-02/metrics_20260504_100237_csada.json
43,CSADA,CSADA,csada,211,6,15,53489-0156,68382-0227,10.0,6,0.49030303955078125,True,checkpoints/pmi20_run_csada_lr5e5_s43,results/pmi20_sota_convnext_base_test/pmi20_run_csada_lr5e5_s43_05-04_10-02/metrics_20260504_100237_csada.json
43,CSADA,CSADA,csada,212,6,15,53489-0156,68382-0227,10.0,6,3.5005545616149902,True,checkpoints/pmi20_run_csada_lr5e5_s43,results/pmi20_sota_convnext_base_test/pmi20_run_csada_lr5e5_s43_05-04_10-02/metrics_20260504_100237_csada.json
43,CSADA,CSADA,csada,213,6,15,53489-0156,68382-0227,10.0,6,2.327191114425659,True,checkpoints/pmi20_run_csada_lr5e5_s43,results/pmi20_sota_convnext_base_test/pmi20_run_csada_lr5e5_s43_05-04_10-02/metrics_20260504_100237_csada.json
43,CSADA,CSADA,csada,214,6,15,53489-0156,68382-0227,10.0,15,-0.37642860412597656,False,checkpoints/pmi20_run_csada_lr5e5_s43,results/pmi20_sota_convnext_base_test/pmi20_run_csada_lr5e5_s43_05-04_10-02/metrics_20260504_100237_csada.json
43,CSADA,CSADA,csada,215,6,15,53489-0156,68382-0227,10.0,6,3.5066497325897217,True,checkpoints/pmi20_run_csada_lr5e5_s43,results/pmi20_sota_convnext_base_test/pmi20_run_csada_lr5e5_s43_05-04_10-02/metrics_20260504_100237_csada.json
43,CSADA,CSADA,csada,216,6,15,53489-0156,68382-0227,10.0,6,4.230637311935425,True,checkpoints/pmi20_run_csada_lr5e5_s43,results/pmi20_sota_convnext_base_test/pmi20_run_csada_lr5e5_s43_05-04_10-02/metrics_20260504_100237_csada.json
43,CSADA,CSADA,csada,217,6,15,53489-0156,68382-0227,10.0,6,3.510918617248535,True,checkpoints/pmi20_run_csada_lr5e5_s43,results/pmi20_sota_convnext_base_test/pmi20_run_csada_lr5e5_s43_05-04_10-02/metrics_20260504_100237_csada.json
43,CSADA,CSADA,csada,218,6,15,53489-0156,68382-0227,10.0,15,-1.102531909942627,False,checkpoints/pmi20_run_csada_lr5e5_s43,results/pmi20_sota_convnext_base_test/pmi20_run_csada_lr5e5_s43_05-04_10-02/metrics_20260504_100237_csada.json
43,CSADA,CSADA,csada,219,6,15,53489-0156,68382-0227,10.0,15,-2.3829293251037598,False,checkpoints/pmi20_run_csada_lr5e5_s43,results/pmi20_sota_convnext_base_test/pmi20_run_csada_lr5e5_s43_05-04_10-02/metrics_20260504_100237_csada.json
43,CSADA,CSADA,csada,220,6,15,53489-0156,68382-0227,10.0,6,3.6684181690216064,True,checkpoints/pmi20_run_csada_lr5e5_s43,results/pmi20_sota_convnext_base_test/pmi20_run_csada_lr5e5_s43_05-04_10-02/metrics_20260504_100237_csada.json
43,CSADA,CSADA,csada,221,6,15,53489-0156,68382-0227,10.0,6,3.7579779624938965,True,checkpoints/pmi20_run_csada_lr5e5_s43,results/pmi20_sota_convnext_base_test/pmi20_run_csada_lr5e5_s43_05-04_10-02/metrics_20260504_100237_csada.json
43,CSADA,CSADA,csada,222,6,15,53489-0156,68382-0227,10.0,6,4.0947301387786865,True,checkpoints/pmi20_run_csada_lr5e5_s43,results/pmi20_sota_convnext_base_test/pmi20_run_csada_lr5e5_s43_05-04_10-02/metrics_20260504_100237_csada.json
43,CSADA,CSADA,csada,223,6,15,53489-0156,68382-0227,10.0,6,4.486469507217407,True,checkpoints/pmi20_run_csada_lr5e5_s43,results/pmi20_sota_convnext_base_test/pmi20_run_csada_lr5e5_s43_05-04_10-02/metrics_20260504_100237_csada.json
43,CSADA,CSADA,csada,224,7,0,53746-0544,00378-0208,10.0,7,11.096675157546997,True,checkpoints/pmi20_run_csada_lr5e5_s43,results/pmi20_sota_convnext_base_test/pmi20_run_csada_lr5e5_s43_05-04_10-02/metrics_20260504_100237_csada.json
43,CSADA,CSADA,csada,225,7,0,53746-0544,00378-0208,10.0,7,9.980378985404968,True,checkpoints/pmi20_run_csada_lr5e5_s43,results/pmi20_sota_convnext_base_test/pmi20_run_csada_lr5e5_s43_05-04_10-02/metrics_20260504_100237_csada.json
43,CSADA,CSADA,csada,226,7,0,53746-0544,00378-0208,10.0,7,9.568673491477966,True,checkpoints/pmi20_run_csada_lr5e5_s43,results/pmi20_sota_convnext_base_test/pmi20_run_csada_lr5e5_s43_05-04_10-02/metrics_20260504_100237_csada.json
43,CSADA,CSADA,csada,227,7,0,53746-0544,00378-0208,10.0,7,9.618074417114258,True,checkpoints/pmi20_run_csada_lr5e5_s43,results/pmi20_sota_convnext_base_test/pmi20_run_csada_lr5e5_s43_05-04_10-02/metrics_20260504_100237_csada.json
43,CSADA,CSADA,csada,228,7,0,53746-0544,00378-0208,10.0,7,8.494609236717224,True,checkpoints/pmi20_run_csada_lr5e5_s43,results/pmi20_sota_convnext_base_test/pmi20_run_csada_lr5e5_s43_05-04_10-02/metrics_20260504_100237_csada.json
43,CSADA,CSADA,csada,229,7,0,53746-0544,00378-0208,10.0,7,9.095860123634338,True,checkpoints/pmi20_run_csada_lr5e5_s43,results/pmi20_sota_convnext_base_test/pmi20_run_csada_lr5e5_s43_05-04_10-02/metrics_20260504_100237_csada.json
43,CSADA,CSADA,csada,230,7,0,53746-0544,00378-0208,10.0,7,8.6264488697052,True,checkpoints/pmi20_run_csada_lr5e5_s43,results/pmi20_sota_convnext_base_test/pmi20_run_csada_lr5e5_s43_05-04_10-02/metrics_20260504_100237_csada.json
43,CSADA,CSADA,csada,231,7,0,53746-0544,00378-0208,10.0,7,9.512722253799438,True,checkpoints/pmi20_run_csada_lr5e5_s43,results/pmi20_sota_convnext_base_test/pmi20_run_csada_lr5e5_s43_05-04_10-02/metrics_20260504_100237_csada.json
43,CSADA,CSADA,csada,232,7,0,53746-0544,00378-0208,10.0,7,8.797091126441956,True,checkpoints/pmi20_run_csada_lr5e5_s43,results/pmi20_sota_convnext_base_test/pmi20_run_csada_lr5e5_s43_05-04_10-02/metrics_20260504_100237_csada.json
43,CSADA,CSADA,csada,233,7,0,53746-0544,00378-0208,10.0,7,9.559700965881348,True,checkpoints/pmi20_run_csada_lr5e5_s43,results/pmi20_sota_convnext_base_test/pmi20_run_csada_lr5e5_s43_05-04_10-02/metrics_20260504_100237_csada.json
43,CSADA,CSADA,csada,234,7,0,53746-0544,00378-0208,10.0,7,8.74937391281128,True,checkpoints/pmi20_run_csada_lr5e5_s43,results/pmi20_sota_convnext_base_test/pmi20_run_csada_lr5e5_s43_05-04_10-02/metrics_20260504_100237_csada.json
43,CSADA,CSADA,csada,235,7,0,53746-0544,00378-0208,10.0,7,9.473999977111816,True,checkpoints/pmi20_run_csada_lr5e5_s43,results/pmi20_sota_convnext_base_test/pmi20_run_csada_lr5e5_s43_05-04_10-02/metrics_20260504_100237_csada.json
43,CSADA,CSADA,csada,236,7,0,53746-0544,00378-0208,10.0,7,9.251338124275208,True,checkpoints/pmi20_run_csada_lr5e5_s43,results/pmi20_sota_convnext_base_test/pmi20_run_csada_lr5e5_s43_05-04_10-02/metrics_20260504_100237_csada.json
43,CSADA,CSADA,csada,237,7,0,53746-0544,00378-0208,10.0,7,9.413766145706177,True,checkpoints/pmi20_run_csada_lr5e5_s43,results/pmi20_sota_convnext_base_test/pmi20_run_csada_lr5e5_s43_05-04_10-02/metrics_20260504_100237_csada.json
43,CSADA,CSADA,csada,238,7,0,53746-0544,00378-0208,10.0,7,8.85021162033081,True,checkpoints/pmi20_run_csada_lr5e5_s43,results/pmi20_sota_convnext_base_test/pmi20_run_csada_lr5e5_s43_05-04_10-02/metrics_20260504_100237_csada.json
43,CSADA,CSADA,csada,239,7,0,53746-0544,00378-0208,10.0,7,1.5260729789733887,True,checkpoints/pmi20_run_csada_lr5e5_s43,results/pmi20_sota_convnext_base_test/pmi20_run_csada_lr5e5_s43_05-04_10-02/metrics_20260504_100237_csada.json
43,CSADA,CSADA,csada,240,7,0,53746-0544,00378-0208,10.0,7,9.632370233535767,True,checkpoints/pmi20_run_csada_lr5e5_s43,results/pmi20_sota_convnext_base_test/pmi20_run_csada_lr5e5_s43_05-04_10-02/metrics_20260504_100237_csada.json
43,CSADA,CSADA,csada,241,7,0,53746-0544,00378-0208,10.0,7,8.972010135650635,True,checkpoints/pmi20_run_csada_lr5e5_s43,results/pmi20_sota_convnext_base_test/pmi20_run_csada_lr5e5_s43_05-04_10-02/metrics_20260504_100237_csada.json
43,CSADA,CSADA,csada,242,7,0,53746-0544,00378-0208,10.0,7,9.34127950668335,True,checkpoints/pmi20_run_csada_lr5e5_s43,results/pmi20_sota_convnext_base_test/pmi20_run_csada_lr5e5_s43_05-04_10-02/metrics_20260504_100237_csada.json
43,CSADA,CSADA,csada,243,7,0,53746-0544,00378-0208,10.0,7,9.901947498321533,True,checkpoints/pmi20_run_csada_lr5e5_s43,results/pmi20_sota_convnext_base_test/pmi20_run_csada_lr5e5_s43_05-04_10-02/metrics_20260504_100237_csada.json
43,CSADA,CSADA,csada,244,7,0,53746-0544,00378-0208,10.0,7,9.34263563156128,True,checkpoints/pmi20_run_csada_lr5e5_s43,results/pmi20_sota_convnext_base_test/pmi20_run_csada_lr5e5_s43_05-04_10-02/metrics_20260504_100237_csada.json
43,CSADA,CSADA,csada,245,7,0,53746-0544,00378-0208,10.0,7,10.49424123764038,True,checkpoints/pmi20_run_csada_lr5e5_s43,results/pmi20_sota_convnext_base_test/pmi20_run_csada_lr5e5_s43_05-04_10-02/metrics_20260504_100237_csada.json
43,CSADA,CSADA,csada,246,7,0,53746-0544,00378-0208,10.0,7,10.884709119796753,True,checkpoints/pmi20_run_csada_lr5e5_s43,results/pmi20_sota_convnext_base_test/pmi20_run_csada_lr5e5_s43_05-04_10-02/metrics_20260504_100237_csada.json
43,CSADA,CSADA,csada,247,7,0,53746-0544,00378-0208,10.0,7,10.419307231903076,True,checkpoints/pmi20_run_csada_lr5e5_s43,results/pmi20_sota_convnext_base_test/pmi20_run_csada_lr5e5_s43_05-04_10-02/metrics_20260504_100237_csada.json
43,CSADA,CSADA,csada,248,7,0,53746-0544,00378-0208,10.0,7,10.393721342086792,True,checkpoints/pmi20_run_csada_lr5e5_s43,results/pmi20_sota_convnext_base_test/pmi20_run_csada_lr5e5_s43_05-04_10-02/metrics_20260504_100237_csada.json
43,CSADA,CSADA,csada,249,7,0,53746-0544,00378-0208,10.0,7,10.929215908050537,True,checkpoints/pmi20_run_csada_lr5e5_s43,results/pmi20_sota_convnext_base_test/pmi20_run_csada_lr5e5_s43_05-04_10-02/metrics_20260504_100237_csada.json
43,CSADA,CSADA,csada,250,7,0,53746-0544,00378-0208,10.0,7,10.577410459518433,True,checkpoints/pmi20_run_csada_lr5e5_s43,results/pmi20_sota_convnext_base_test/pmi20_run_csada_lr5e5_s43_05-04_10-02/metrics_20260504_100237_csada.json
43,CSADA,CSADA,csada,251,7,0,53746-0544,00378-0208,10.0,7,8.781794786453247,True,checkpoints/pmi20_run_csada_lr5e5_s43,results/pmi20_sota_convnext_base_test/pmi20_run_csada_lr5e5_s43_05-04_10-02/metrics_20260504_100237_csada.json
43,CSADA,CSADA,csada,252,7,0,53746-0544,00378-0208,10.0,7,10.260728597640991,True,checkpoints/pmi20_run_csada_lr5e5_s43,results/pmi20_sota_convnext_base_test/pmi20_run_csada_lr5e5_s43_05-04_10-02/metrics_20260504_100237_csada.json
43,CSADA,CSADA,csada,253,7,0,53746-0544,00378-0208,10.0,7,10.133537769317627,True,checkpoints/pmi20_run_csada_lr5e5_s43,results/pmi20_sota_convnext_base_test/pmi20_run_csada_lr5e5_s43_05-04_10-02/metrics_20260504_100237_csada.json
43,CSADA,CSADA,csada,254,7,0,53746-0544,00378-0208,10.0,7,11.013704776763916,True,checkpoints/pmi20_run_csada_lr5e5_s43,results/pmi20_sota_convnext_base_test/pmi20_run_csada_lr5e5_s43_05-04_10-02/metrics_20260504_100237_csada.json
43,CSADA,CSADA,csada,255,7,0,53746-0544,00378-0208,10.0,7,10.548540353775024,True,checkpoints/pmi20_run_csada_lr5e5_s43,results/pmi20_sota_convnext_base_test/pmi20_run_csada_lr5e5_s43_05-04_10-02/metrics_20260504_100237_csada.json
43,CSADA,CSADA,csada,480,15,6,68382-0227,53489-0156,8.0,15,3.5714478492736816,True,checkpoints/pmi20_run_csada_lr5e5_s43,results/pmi20_sota_convnext_base_test/pmi20_run_csada_lr5e5_s43_05-04_10-02/metrics_20260504_100237_csada.json
43,CSADA,CSADA,csada,481,15,6,68382-0227,53489-0156,8.0,15,3.2017946243286133,True,checkpoints/pmi20_run_csada_lr5e5_s43,results/pmi20_sota_convnext_base_test/pmi20_run_csada_lr5e5_s43_05-04_10-02/metrics_20260504_100237_csada.json
43,CSADA,CSADA,csada,482,15,6,68382-0227,53489-0156,8.0,15,3.9589128494262695,True,checkpoints/pmi20_run_csada_lr5e5_s43,results/pmi20_sota_convnext_base_test/pmi20_run_csada_lr5e5_s43_05-04_10-02/metrics_20260504_100237_csada.json
43,CSADA,CSADA,csada,483,15,6,68382-0227,53489-0156,8.0,15,2.754483699798584,True,checkpoints/pmi20_run_csada_lr5e5_s43,results/pmi20_sota_convnext_base_test/pmi20_run_csada_lr5e5_s43_05-04_10-02/metrics_20260504_100237_csada.json
43,CSADA,CSADA,csada,484,15,6,68382-0227,53489-0156,8.0,15,4.558379411697388,True,checkpoints/pmi20_run_csada_lr5e5_s43,results/pmi20_sota_convnext_base_test/pmi20_run_csada_lr5e5_s43_05-04_10-02/metrics_20260504_100237_csada.json
43,CSADA,CSADA,csada,485,15,6,68382-0227,53489-0156,8.0,15,2.8625240325927734,True,checkpoints/pmi20_run_csada_lr5e5_s43,results/pmi20_sota_convnext_base_test/pmi20_run_csada_lr5e5_s43_05-04_10-02/metrics_20260504_100237_csada.json
43,CSADA,CSADA,csada,486,15,6,68382-0227,53489-0156,8.0,15,2.547567844390869,True,checkpoints/pmi20_run_csada_lr5e5_s43,results/pmi20_sota_convnext_base_test/pmi20_run_csada_lr5e5_s43_05-04_10-02/metrics_20260504_100237_csada.json
43,CSADA,CSADA,csada,487,15,6,68382-0227,53489-0156,8.0,15,3.1548595428466797,True,checkpoints/pmi20_run_csada_lr5e5_s43,results/pmi20_sota_convnext_base_test/pmi20_run_csada_lr5e5_s43_05-04_10-02/metrics_20260504_100237_csada.json
43,CSADA,CSADA,csada,488,15,6,68382-0227,53489-0156,8.0,15,2.345241069793701,True,checkpoints/pmi20_run_csada_lr5e5_s43,results/pmi20_sota_convnext_base_test/pmi20_run_csada_lr5e5_s43_05-04_10-02/metrics_20260504_100237_csada.json
43,CSADA,CSADA,csada,489,15,6,68382-0227,53489-0156,8.0,15,3.770601987838745,True,checkpoints/pmi20_run_csada_lr5e5_s43,results/pmi20_sota_convnext_base_test/pmi20_run_csada_lr5e5_s43_05-04_10-02/metrics_20260504_100237_csada.json
43,CSADA,CSADA,csada,490,15,6,68382-0227,53489-0156,8.0,15,3.2537364959716797,True,checkpoints/pmi20_run_csada_lr5e5_s43,results/pmi20_sota_convnext_base_test/pmi20_run_csada_lr5e5_s43_05-04_10-02/metrics_20260504_100237_csada.json
43,CSADA,CSADA,csada,491,15,6,68382-0227,53489-0156,8.0,15,2.9081544876098633,True,checkpoints/pmi20_run_csada_lr5e5_s43,results/pmi20_sota_convnext_base_test/pmi20_run_csada_lr5e5_s43_05-04_10-02/metrics_20260504_100237_csada.json
43,CSADA,CSADA,csada,492,15,6,68382-0227,53489-0156,8.0,15,1.721421718597412,True,checkpoints/pmi20_run_csada_lr5e5_s43,results/pmi20_sota_convnext_base_test/pmi20_run_csada_lr5e5_s43_05-04_10-02/metrics_20260504_100237_csada.json
43,CSADA,CSADA,csada,493,15,6,68382-0227,53489-0156,8.0,15,3.027482509613037,True,checkpoints/pmi20_run_csada_lr5e5_s43,results/pmi20_sota_convnext_base_test/pmi20_run_csada_lr5e5_s43_05-04_10-02/metrics_20260504_100237_csada.json
43,CSADA,CSADA,csada,494,15,6,68382-0227,53489-0156,8.0,15,3.5729012489318848,True,checkpoints/pmi20_run_csada_lr5e5_s43,results/pmi20_sota_convnext_base_test/pmi20_run_csada_lr5e5_s43_05-04_10-02/metrics_20260504_100237_csada.json
43,CSADA,CSADA,csada,495,15,6,68382-0227,53489-0156,8.0,15,3.1611132621765137,True,checkpoints/pmi20_run_csada_lr5e5_s43,results/pmi20_sota_convnext_base_test/pmi20_run_csada_lr5e5_s43_05-04_10-02/metrics_20260504_100237_csada.json
43,CSADA,CSADA,csada,496,15,6,68382-0227,53489-0156,8.0,15,2.5119481086730957,True,checkpoints/pmi20_run_csada_lr5e5_s43,results/pmi20_sota_convnext_base_test/pmi20_run_csada_lr5e5_s43_05-04_10-02/metrics_20260504_100237_csada.json
43,CSADA,CSADA,csada,497,15,6,68382-0227,53489-0156,8.0,15,4.5046467781066895,True,checkpoints/pmi20_run_csada_lr5e5_s43,results/pmi20_sota_convnext_base_test/pmi20_run_csada_lr5e5_s43_05-04_10-02/metrics_20260504_100237_csada.json
43,CSADA,CSADA,csada,498,15,6,68382-0227,53489-0156,8.0,15,2.976841449737549,True,checkpoints/pmi20_run_csada_lr5e5_s43,results/pmi20_sota_convnext_base_test/pmi20_run_csada_lr5e5_s43_05-04_10-02/metrics_20260504_100237_csada.json
43,CSADA,CSADA,csada,499,15,6,68382-0227,53489-0156,8.0,15,3.752589464187622,True,checkpoints/pmi20_run_csada_lr5e5_s43,results/pmi20_sota_convnext_base_test/pmi20_run_csada_lr5e5_s43_05-04_10-02/metrics_20260504_100237_csada.json
43,CSADA,CSADA,csada,500,15,6,68382-0227,53489-0156,8.0,15,3.688778877258301,True,checkpoints/pmi20_run_csada_lr5e5_s43,results/pmi20_sota_convnext_base_test/pmi20_run_csada_lr5e5_s43_05-04_10-02/metrics_20260504_100237_csada.json
43,CSADA,CSADA,csada,501,15,6,68382-0227,53489-0156,8.0,15,4.1635096073150635,True,checkpoints/pmi20_run_csada_lr5e5_s43,results/pmi20_sota_convnext_base_test/pmi20_run_csada_lr5e5_s43_05-04_10-02/metrics_20260504_100237_csada.json
43,CSADA,CSADA,csada,502,15,6,68382-0227,53489-0156,8.0,15,2.827672004699707,True,checkpoints/pmi20_run_csada_lr5e5_s43,results/pmi20_sota_convnext_base_test/pmi20_run_csada_lr5e5_s43_05-04_10-02/metrics_20260504_100237_csada.json
43,CSADA,CSADA,csada,503,15,6,68382-0227,53489-0156,8.0,15,2.9332268238067627,True,checkpoints/pmi20_run_csada_lr5e5_s43,results/pmi20_sota_convnext_base_test/pmi20_run_csada_lr5e5_s43_05-04_10-02/metrics_20260504_100237_csada.json
43,CSADA,CSADA,csada,504,15,6,68382-0227,53489-0156,8.0,15,2.666646957397461,True,checkpoints/pmi20_run_csada_lr5e5_s43,results/pmi20_sota_convnext_base_test/pmi20_run_csada_lr5e5_s43_05-04_10-02/metrics_20260504_100237_csada.json
43,CSADA,CSADA,csada,505,15,6,68382-0227,53489-0156,8.0,15,3.094848871231079,True,checkpoints/pmi20_run_csada_lr5e5_s43,results/pmi20_sota_convnext_base_test/pmi20_run_csada_lr5e5_s43_05-04_10-02/metrics_20260504_100237_csada.json
43,CSADA,CSADA,csada,506,15,6,68382-0227,53489-0156,8.0,15,2.715444803237915,True,checkpoints/pmi20_run_csada_lr5e5_s43,results/pmi20_sota_convnext_base_test/pmi20_run_csada_lr5e5_s43_05-04_10-02/metrics_20260504_100237_csada.json
43,CSADA,CSADA,csada,507,15,6,68382-0227,53489-0156,8.0,15,3.6066513061523438,True,checkpoints/pmi20_run_csada_lr5e5_s43,results/pmi20_sota_convnext_base_test/pmi20_run_csada_lr5e5_s43_05-04_10-02/metrics_20260504_100237_csada.json
43,CSADA,CSADA,csada,508,15,6,68382-0227,53489-0156,8.0,15,2.3922791481018066,True,checkpoints/pmi20_run_csada_lr5e5_s43,results/pmi20_sota_convnext_base_test/pmi20_run_csada_lr5e5_s43_05-04_10-02/metrics_20260504_100237_csada.json
43,CSADA,CSADA,csada,509,15,6,68382-0227,53489-0156,8.0,15,3.093684196472168,True,checkpoints/pmi20_run_csada_lr5e5_s43,results/pmi20_sota_convnext_base_test/pmi20_run_csada_lr5e5_s43_05-04_10-02/metrics_20260504_100237_csada.json
43,CSADA,CSADA,csada,510,15,6,68382-0227,53489-0156,8.0,15,2.8343334197998047,True,checkpoints/pmi20_run_csada_lr5e5_s43,results/pmi20_sota_convnext_base_test/pmi20_run_csada_lr5e5_s43_05-04_10-02/metrics_20260504_100237_csada.json
43,CSADA,CSADA,csada,511,15,6,68382-0227,53489-0156,8.0,15,3.2234530448913574,True,checkpoints/pmi20_run_csada_lr5e5_s43,results/pmi20_sota_convnext_base_test/pmi20_run_csada_lr5e5_s43_05-04_10-02/metrics_20260504_100237_csada.json
43,NICME,"NICME (alpha=0.5, lambda=0.1)",nicme_extra_a0p5_l0p1_pmi20,160,5,2,50111-0434,00591-0461,10.0,5,13.25660789012909,True,checkpoints/pmi20_alpha_lambda6_run_nicme_v3_extra_a0p5_l0p1_pmi20_lr5e5_s43,results/pmi20_sota_convnext_base_test/pmi20_alpha_lambda6_run_nicme_extra_a0p5_l0p1_pmi20_lr5e5_s43_05-04_15-34/metrics_20260504_153448_nicme_hybrid.json
43,NICME,"NICME (alpha=0.5, lambda=0.1)",nicme_extra_a0p5_l0p1_pmi20,161,5,2,50111-0434,00591-0461,10.0,5,12.672701001167297,True,checkpoints/pmi20_alpha_lambda6_run_nicme_v3_extra_a0p5_l0p1_pmi20_lr5e5_s43,results/pmi20_sota_convnext_base_test/pmi20_alpha_lambda6_run_nicme_extra_a0p5_l0p1_pmi20_lr5e5_s43_05-04_15-34/metrics_20260504_153448_nicme_hybrid.json
43,NICME,"NICME (alpha=0.5, lambda=0.1)",nicme_extra_a0p5_l0p1_pmi20,162,5,2,50111-0434,00591-0461,10.0,5,13.720707893371582,True,checkpoints/pmi20_alpha_lambda6_run_nicme_v3_extra_a0p5_l0p1_pmi20_lr5e5_s43,results/pmi20_sota_convnext_base_test/pmi20_alpha_lambda6_run_nicme_extra_a0p5_l0p1_pmi20_lr5e5_s43_05-04_15-34/metrics_20260504_153448_nicme_hybrid.json
43,NICME,"NICME (alpha=0.5, lambda=0.1)",nicme_extra_a0p5_l0p1_pmi20,163,5,2,50111-0434,00591-0461,10.0,5,13.036741018295288,True,checkpoints/pmi20_alpha_lambda6_run_nicme_v3_extra_a0p5_l0p1_pmi20_lr5e5_s43,results/pmi20_sota_convnext_base_test/pmi20_alpha_lambda6_run_nicme_extra_a0p5_l0p1_pmi20_lr5e5_s43_05-04_15-34/metrics_20260504_153448_nicme_hybrid.json
43,NICME,"NICME (alpha=0.5, lambda=0.1)",nicme_extra_a0p5_l0p1_pmi20,164,5,2,50111-0434,00591-0461,10.0,5,13.477904915809631,True,checkpoints/pmi20_alpha_lambda6_run_nicme_v3_extra_a0p5_l0p1_pmi20_lr5e5_s43,results/pmi20_sota_convnext_base_test/pmi20_alpha_lambda6_run_nicme_extra_a0p5_l0p1_pmi20_lr5e5_s43_05-04_15-34/metrics_20260504_153448_nicme_hybrid.json
43,NICME,"NICME (alpha=0.5, lambda=0.1)",nicme_extra_a0p5_l0p1_pmi20,165,5,2,50111-0434,00591-0461,10.0,5,13.77721619606018,True,checkpoints/pmi20_alpha_lambda6_run_nicme_v3_extra_a0p5_l0p1_pmi20_lr5e5_s43,results/pmi20_sota_convnext_base_test/pmi20_alpha_lambda6_run_nicme_extra_a0p5_l0p1_pmi20_lr5e5_s43_05-04_15-34/metrics_20260504_153448_nicme_hybrid.json
43,NICME,"NICME (alpha=0.5, lambda=0.1)",nicme_extra_a0p5_l0p1_pmi20,166,5,2,50111-0434,00591-0461,10.0,5,12.574480593204498,True,checkpoints/pmi20_alpha_lambda6_run_nicme_v3_extra_a0p5_l0p1_pmi20_lr5e5_s43,results/pmi20_sota_convnext_base_test/pmi20_alpha_lambda6_run_nicme_extra_a0p5_l0p1_pmi20_lr5e5_s43_05-04_15-34/metrics_20260504_153448_nicme_hybrid.json
43,NICME,"NICME (alpha=0.5, lambda=0.1)",nicme_extra_a0p5_l0p1_pmi20,167,5,2,50111-0434,00591-0461,10.0,5,11.762409925460815,True,checkpoints/pmi20_alpha_lambda6_run_nicme_v3_extra_a0p5_l0p1_pmi20_lr5e5_s43,results/pmi20_sota_convnext_base_test/pmi20_alpha_lambda6_run_nicme_extra_a0p5_l0p1_pmi20_lr5e5_s43_05-04_15-34/metrics_20260504_153448_nicme_hybrid.json
43,NICME,"NICME (alpha=0.5, lambda=0.1)",nicme_extra_a0p5_l0p1_pmi20,168,5,2,50111-0434,00591-0461,10.0,5,13.429315209388733,True,checkpoints/pmi20_alpha_lambda6_run_nicme_v3_extra_a0p5_l0p1_pmi20_lr5e5_s43,results/pmi20_sota_convnext_base_test/pmi20_alpha_lambda6_run_nicme_extra_a0p5_l0p1_pmi20_lr5e5_s43_05-04_15-34/metrics_20260504_153448_nicme_hybrid.json
43,NICME,"NICME (alpha=0.5, lambda=0.1)",nicme_extra_a0p5_l0p1_pmi20,169,5,2,50111-0434,00591-0461,10.0,5,11.68733124434948,True,checkpoints/pmi20_alpha_lambda6_run_nicme_v3_extra_a0p5_l0p1_pmi20_lr5e5_s43,results/pmi20_sota_convnext_base_test/pmi20_alpha_lambda6_run_nicme_extra_a0p5_l0p1_pmi20_lr5e5_s43_05-04_15-34/metrics_20260504_153448_nicme_hybrid.json
43,NICME,"NICME (alpha=0.5, lambda=0.1)",nicme_extra_a0p5_l0p1_pmi20,170,5,2,50111-0434,00591-0461,10.0,5,14.029692649841309,True,checkpoints/pmi20_alpha_lambda6_run_nicme_v3_extra_a0p5_l0p1_pmi20_lr5e5_s43,results/pmi20_sota_convnext_base_test/pmi20_alpha_lambda6_run_nicme_extra_a0p5_l0p1_pmi20_lr5e5_s43_05-04_15-34/metrics_20260504_153448_nicme_hybrid.json
43,NICME,"NICME (alpha=0.5, lambda=0.1)",nicme_extra_a0p5_l0p1_pmi20,171,5,2,50111-0434,00591-0461,10.0,5,14.071082592010498,True,checkpoints/pmi20_alpha_lambda6_run_nicme_v3_extra_a0p5_l0p1_pmi20_lr5e5_s43,results/pmi20_sota_convnext_base_test/pmi20_alpha_lambda6_run_nicme_extra_a0p5_l0p1_pmi20_lr5e5_s43_05-04_15-34/metrics_20260504_153448_nicme_hybrid.json
43,NICME,"NICME (alpha=0.5, lambda=0.1)",nicme_extra_a0p5_l0p1_pmi20,172,5,2,50111-0434,00591-0461,10.0,5,12.258845895528793,True,checkpoints/pmi20_alpha_lambda6_run_nicme_v3_extra_a0p5_l0p1_pmi20_lr5e5_s43,results/pmi20_sota_convnext_base_test/pmi20_alpha_lambda6_run_nicme_extra_a0p5_l0p1_pmi20_lr5e5_s43_05-04_15-34/metrics_20260504_153448_nicme_hybrid.json
43,NICME,"NICME (alpha=0.5, lambda=0.1)",nicme_extra_a0p5_l0p1_pmi20,173,5,2,50111-0434,00591-0461,10.0,5,12.057984113693237,True,checkpoints/pmi20_alpha_lambda6_run_nicme_v3_extra_a0p5_l0p1_pmi20_lr5e5_s43,results/pmi20_sota_convnext_base_test/pmi20_alpha_lambda6_run_nicme_extra_a0p5_l0p1_pmi20_lr5e5_s43_05-04_15-34/metrics_20260504_153448_nicme_hybrid.json
43,NICME,"NICME (alpha=0.5, lambda=0.1)",nicme_extra_a0p5_l0p1_pmi20,174,5,2,50111-0434,00591-0461,10.0,5,12.552208542823792,True,checkpoints/pmi20_alpha_lambda6_run_nicme_v3_extra_a0p5_l0p1_pmi20_lr5e5_s43,results/pmi20_sota_convnext_base_test/pmi20_alpha_lambda6_run_nicme_extra_a0p5_l0p1_pmi20_lr5e5_s43_05-04_15-34/metrics_20260504_153448_nicme_hybrid.json
43,NICME,"NICME (alpha=0.5, lambda=0.1)",nicme_extra_a0p5_l0p1_pmi20,175,5,2,50111-0434,00591-0461,10.0,5,12.897029608488083,True,checkpoints/pmi20_alpha_lambda6_run_nicme_v3_extra_a0p5_l0p1_pmi20_lr5e5_s43,results/pmi20_sota_convnext_base_test/pmi20_alpha_lambda6_run_nicme_extra_a0p5_l0p1_pmi20_lr5e5_s43_05-04_15-34/metrics_20260504_153448_nicme_hybrid.json
43,NICME,"NICME (alpha=0.5, lambda=0.1)",nicme_extra_a0p5_l0p1_pmi20,176,5,2,50111-0434,00591-0461,10.0,5,10.003360837697983,True,checkpoints/pmi20_alpha_lambda6_run_nicme_v3_extra_a0p5_l0p1_pmi20_lr5e5_s43,results/pmi20_sota_convnext_base_test/pmi20_alpha_lambda6_run_nicme_extra_a0p5_l0p1_pmi20_lr5e5_s43_05-04_15-34/metrics_20260504_153448_nicme_hybrid.json
43,NICME,"NICME (alpha=0.5, lambda=0.1)",nicme_extra_a0p5_l0p1_pmi20,177,5,2,50111-0434,00591-0461,10.0,5,13.405429124832153,True,checkpoints/pmi20_alpha_lambda6_run_nicme_v3_extra_a0p5_l0p1_pmi20_lr5e5_s43,results/pmi20_sota_convnext_base_test/pmi20_alpha_lambda6_run_nicme_extra_a0p5_l0p1_pmi20_lr5e5_s43_05-04_15-34/metrics_20260504_153448_nicme_hybrid.json
43,NICME,"NICME (alpha=0.5, lambda=0.1)",nicme_extra_a0p5_l0p1_pmi20,178,5,2,50111-0434,00591-0461,10.0,5,8.160956859588623,True,checkpoints/pmi20_alpha_lambda6_run_nicme_v3_extra_a0p5_l0p1_pmi20_lr5e5_s43,results/pmi20_sota_convnext_base_test/pmi20_alpha_lambda6_run_nicme_extra_a0p5_l0p1_pmi20_lr5e5_s43_05-04_15-34/metrics_20260504_153448_nicme_hybrid.json
43,NICME,"NICME (alpha=0.5, lambda=0.1)",nicme_extra_a0p5_l0p1_pmi20,179,5,2,50111-0434,00591-0461,10.0,5,12.936336278915405,True,checkpoints/pmi20_alpha_lambda6_run_nicme_v3_extra_a0p5_l0p1_pmi20_lr5e5_s43,results/pmi20_sota_convnext_base_test/pmi20_alpha_lambda6_run_nicme_extra_a0p5_l0p1_pmi20_lr5e5_s43_05-04_15-34/metrics_20260504_153448_nicme_hybrid.json
43,NICME,"NICME (alpha=0.5, lambda=0.1)",nicme_extra_a0p5_l0p1_pmi20,180,5,2,50111-0434,00591-0461,10.0,5,13.065005540847778,True,checkpoints/pmi20_alpha_lambda6_run_nicme_v3_extra_a0p5_l0p1_pmi20_lr5e5_s43,results/pmi20_sota_convnext_base_test/pmi20_alpha_lambda6_run_nicme_extra_a0p5_l0p1_pmi20_lr5e5_s43_05-04_15-34/metrics_20260504_153448_nicme_hybrid.json
43,NICME,"NICME (alpha=0.5, lambda=0.1)",nicme_extra_a0p5_l0p1_pmi20,181,5,2,50111-0434,00591-0461,10.0,5,13.673065066337585,True,checkpoints/pmi20_alpha_lambda6_run_nicme_v3_extra_a0p5_l0p1_pmi20_lr5e5_s43,results/pmi20_sota_convnext_base_test/pmi20_alpha_lambda6_run_nicme_extra_a0p5_l0p1_pmi20_lr5e5_s43_05-04_15-34/metrics_20260504_153448_nicme_hybrid.json
43,NICME,"NICME (alpha=0.5, lambda=0.1)",nicme_extra_a0p5_l0p1_pmi20,182,5,2,50111-0434,00591-0461,10.0,5,13.28603458404541,True,checkpoints/pmi20_alpha_lambda6_run_nicme_v3_extra_a0p5_l0p1_pmi20_lr5e5_s43,results/pmi20_sota_convnext_base_test/pmi20_alpha_lambda6_run_nicme_extra_a0p5_l0p1_pmi20_lr5e5_s43_05-04_15-34/metrics_20260504_153448_nicme_hybrid.json
43,NICME,"NICME (alpha=0.5, lambda=0.1)",nicme_extra_a0p5_l0p1_pmi20,183,5,2,50111-0434,00591-0461,10.0,5,13.165782451629639,True,checkpoints/pmi20_alpha_lambda6_run_nicme_v3_extra_a0p5_l0p1_pmi20_lr5e5_s43,results/pmi20_sota_convnext_base_test/pmi20_alpha_lambda6_run_nicme_extra_a0p5_l0p1_pmi20_lr5e5_s43_05-04_15-34/metrics_20260504_153448_nicme_hybrid.json
43,NICME,"NICME (alpha=0.5, lambda=0.1)",nicme_extra_a0p5_l0p1_pmi20,184,5,2,50111-0434,00591-0461,10.0,5,11.135777056217194,True,checkpoints/pmi20_alpha_lambda6_run_nicme_v3_extra_a0p5_l0p1_pmi20_lr5e5_s43,results/pmi20_sota_convnext_base_test/pmi20_alpha_lambda6_run_nicme_extra_a0p5_l0p1_pmi20_lr5e5_s43_05-04_15-34/metrics_20260504_153448_nicme_hybrid.json
43,NICME,"NICME (alpha=0.5, lambda=0.1)",nicme_extra_a0p5_l0p1_pmi20,185,5,2,50111-0434,00591-0461,10.0,5,13.05227118730545,True,checkpoints/pmi20_alpha_lambda6_run_nicme_v3_extra_a0p5_l0p1_pmi20_lr5e5_s43,results/pmi20_sota_convnext_base_test/pmi20_alpha_lambda6_run_nicme_extra_a0p5_l0p1_pmi20_lr5e5_s43_05-04_15-34/metrics_20260504_153448_nicme_hybrid.json
43,NICME,"NICME (alpha=0.5, lambda=0.1)",nicme_extra_a0p5_l0p1_pmi20,186,5,2,50111-0434,00591-0461,10.0,5,9.45659625530243,True,checkpoints/pmi20_alpha_lambda6_run_nicme_v3_extra_a0p5_l0p1_pmi20_lr5e5_s43,results/pmi20_sota_convnext_base_test/pmi20_alpha_lambda6_run_nicme_extra_a0p5_l0p1_pmi20_lr5e5_s43_05-04_15-34/metrics_20260504_153448_nicme_hybrid.json
43,NICME,"NICME (alpha=0.5, lambda=0.1)",nicme_extra_a0p5_l0p1_pmi20,187,5,2,50111-0434,00591-0461,10.0,5,13.052508234977722,True,checkpoints/pmi20_alpha_lambda6_run_nicme_v3_extra_a0p5_l0p1_pmi20_lr5e5_s43,results/pmi20_sota_convnext_base_test/pmi20_alpha_lambda6_run_nicme_extra_a0p5_l0p1_pmi20_lr5e5_s43_05-04_15-34/metrics_20260504_153448_nicme_hybrid.json
43,NICME,"NICME (alpha=0.5, lambda=0.1)",nicme_extra_a0p5_l0p1_pmi20,188,5,2,50111-0434,00591-0461,10.0,5,13.927653789520264,True,checkpoints/pmi20_alpha_lambda6_run_nicme_v3_extra_a0p5_l0p1_pmi20_lr5e5_s43,results/pmi20_sota_convnext_base_test/pmi20_alpha_lambda6_run_nicme_extra_a0p5_l0p1_pmi20_lr5e5_s43_05-04_15-34/metrics_20260504_153448_nicme_hybrid.json
43,NICME,"NICME (alpha=0.5, lambda=0.1)",nicme_extra_a0p5_l0p1_pmi20,189,5,2,50111-0434,00591-0461,10.0,5,12.12367182970047,True,checkpoints/pmi20_alpha_lambda6_run_nicme_v3_extra_a0p5_l0p1_pmi20_lr5e5_s43,results/pmi20_sota_convnext_base_test/pmi20_alpha_lambda6_run_nicme_extra_a0p5_l0p1_pmi20_lr5e5_s43_05-04_15-34/metrics_20260504_153448_nicme_hybrid.json
43,NICME,"NICME (alpha=0.5, lambda=0.1)",nicme_extra_a0p5_l0p1_pmi20,190,5,2,50111-0434,00591-0461,10.0,5,12.46019059419632,True,checkpoints/pmi20_alpha_lambda6_run_nicme_v3_extra_a0p5_l0p1_pmi20_lr5e5_s43,results/pmi20_sota_convnext_base_test/pmi20_alpha_lambda6_run_nicme_extra_a0p5_l0p1_pmi20_lr5e5_s43_05-04_15-34/metrics_20260504_153448_nicme_hybrid.json
43,NICME,"NICME (alpha=0.5, lambda=0.1)",nicme_extra_a0p5_l0p1_pmi20,191,5,2,50111-0434,00591-0461,10.0,5,13.621176481246948,True,checkpoints/pmi20_alpha_lambda6_run_nicme_v3_extra_a0p5_l0p1_pmi20_lr5e5_s43,results/pmi20_sota_convnext_base_test/pmi20_alpha_lambda6_run_nicme_extra_a0p5_l0p1_pmi20_lr5e5_s43_05-04_15-34/metrics_20260504_153448_nicme_hybrid.json
43,NICME,"NICME (alpha=0.5, lambda=0.1)",nicme_extra_a0p5_l0p1_pmi20,192,6,15,53489-0156,68382-0227,10.0,6,13.840341091156006,True,checkpoints/pmi20_alpha_lambda6_run_nicme_v3_extra_a0p5_l0p1_pmi20_lr5e5_s43,results/pmi20_sota_convnext_base_test/pmi20_alpha_lambda6_run_nicme_extra_a0p5_l0p1_pmi20_lr5e5_s43_05-04_15-34/metrics_20260504_153448_nicme_hybrid.json
43,NICME,"NICME (alpha=0.5, lambda=0.1)",nicme_extra_a0p5_l0p1_pmi20,193,6,15,53489-0156,68382-0227,10.0,6,14.29198408126831,True,checkpoints/pmi20_alpha_lambda6_run_nicme_v3_extra_a0p5_l0p1_pmi20_lr5e5_s43,results/pmi20_sota_convnext_base_test/pmi20_alpha_lambda6_run_nicme_extra_a0p5_l0p1_pmi20_lr5e5_s43_05-04_15-34/metrics_20260504_153448_nicme_hybrid.json
43,NICME,"NICME (alpha=0.5, lambda=0.1)",nicme_extra_a0p5_l0p1_pmi20,194,6,15,53489-0156,68382-0227,10.0,6,15.348849296569824,True,checkpoints/pmi20_alpha_lambda6_run_nicme_v3_extra_a0p5_l0p1_pmi20_lr5e5_s43,results/pmi20_sota_convnext_base_test/pmi20_alpha_lambda6_run_nicme_extra_a0p5_l0p1_pmi20_lr5e5_s43_05-04_15-34/metrics_20260504_153448_nicme_hybrid.json
43,NICME,"NICME (alpha=0.5, lambda=0.1)",nicme_extra_a0p5_l0p1_pmi20,195,6,15,53489-0156,68382-0227,10.0,6,14.921887397766113,True,checkpoints/pmi20_alpha_lambda6_run_nicme_v3_extra_a0p5_l0p1_pmi20_lr5e5_s43,results/pmi20_sota_convnext_base_test/pmi20_alpha_lambda6_run_nicme_extra_a0p5_l0p1_pmi20_lr5e5_s43_05-04_15-34/metrics_20260504_153448_nicme_hybrid.json
43,NICME,"NICME (alpha=0.5, lambda=0.1)",nicme_extra_a0p5_l0p1_pmi20,196,6,15,53489-0156,68382-0227,10.0,6,14.489875793457031,True,checkpoints/pmi20_alpha_lambda6_run_nicme_v3_extra_a0p5_l0p1_pmi20_lr5e5_s43,results/pmi20_sota_convnext_base_test/pmi20_alpha_lambda6_run_nicme_extra_a0p5_l0p1_pmi20_lr5e5_s43_05-04_15-34/metrics_20260504_153448_nicme_hybrid.json
43,NICME,"NICME (alpha=0.5, lambda=0.1)",nicme_extra_a0p5_l0p1_pmi20,197,6,15,53489-0156,68382-0227,10.0,6,8.896730422973633,True,checkpoints/pmi20_alpha_lambda6_run_nicme_v3_extra_a0p5_l0p1_pmi20_lr5e5_s43,results/pmi20_sota_convnext_base_test/pmi20_alpha_lambda6_run_nicme_extra_a0p5_l0p1_pmi20_lr5e5_s43_05-04_15-34/metrics_20260504_153448_nicme_hybrid.json
43,NICME,"NICME (alpha=0.5, lambda=0.1)",nicme_extra_a0p5_l0p1_pmi20,198,6,15,53489-0156,68382-0227,10.0,6,13.491110563278198,True,checkpoints/pmi20_alpha_lambda6_run_nicme_v3_extra_a0p5_l0p1_pmi20_lr5e5_s43,results/pmi20_sota_convnext_base_test/pmi20_alpha_lambda6_run_nicme_extra_a0p5_l0p1_pmi20_lr5e5_s43_05-04_15-34/metrics_20260504_153448_nicme_hybrid.json
43,NICME,"NICME (alpha=0.5, lambda=0.1)",nicme_extra_a0p5_l0p1_pmi20,199,6,15,53489-0156,68382-0227,10.0,6,14.106893062591553,True,checkpoints/pmi20_alpha_lambda6_run_nicme_v3_extra_a0p5_l0p1_pmi20_lr5e5_s43,results/pmi20_sota_convnext_base_test/pmi20_alpha_lambda6_run_nicme_extra_a0p5_l0p1_pmi20_lr5e5_s43_05-04_15-34/metrics_20260504_153448_nicme_hybrid.json
43,NICME,"NICME (alpha=0.5, lambda=0.1)",nicme_extra_a0p5_l0p1_pmi20,200,6,15,53489-0156,68382-0227,10.0,16,2.371193766593933,True,checkpoints/pmi20_alpha_lambda6_run_nicme_v3_extra_a0p5_l0p1_pmi20_lr5e5_s43,results/pmi20_sota_convnext_base_test/pmi20_alpha_lambda6_run_nicme_extra_a0p5_l0p1_pmi20_lr5e5_s43_05-04_15-34/metrics_20260504_153448_nicme_hybrid.json
43,NICME,"NICME (alpha=0.5, lambda=0.1)",nicme_extra_a0p5_l0p1_pmi20,201,6,15,53489-0156,68382-0227,10.0,6,12.603519082069397,True,checkpoints/pmi20_alpha_lambda6_run_nicme_v3_extra_a0p5_l0p1_pmi20_lr5e5_s43,results/pmi20_sota_convnext_base_test/pmi20_alpha_lambda6_run_nicme_extra_a0p5_l0p1_pmi20_lr5e5_s43_05-04_15-34/metrics_20260504_153448_nicme_hybrid.json
43,NICME,"NICME (alpha=0.5, lambda=0.1)",nicme_extra_a0p5_l0p1_pmi20,202,6,15,53489-0156,68382-0227,10.0,6,12.49639630317688,True,checkpoints/pmi20_alpha_lambda6_run_nicme_v3_extra_a0p5_l0p1_pmi20_lr5e5_s43,results/pmi20_sota_convnext_base_test/pmi20_alpha_lambda6_run_nicme_extra_a0p5_l0p1_pmi20_lr5e5_s43_05-04_15-34/metrics_20260504_153448_nicme_hybrid.json
43,NICME,"NICME (alpha=0.5, lambda=0.1)",nicme_extra_a0p5_l0p1_pmi20,203,6,15,53489-0156,68382-0227,10.0,6,13.819961547851562,True,checkpoints/pmi20_alpha_lambda6_run_nicme_v3_extra_a0p5_l0p1_pmi20_lr5e5_s43,results/pmi20_sota_convnext_base_test/pmi20_alpha_lambda6_run_nicme_extra_a0p5_l0p1_pmi20_lr5e5_s43_05-04_15-34/metrics_20260504_153448_nicme_hybrid.json
43,NICME,"NICME (alpha=0.5, lambda=0.1)",nicme_extra_a0p5_l0p1_pmi20,204,6,15,53489-0156,68382-0227,10.0,6,13.383589506149292,True,checkpoints/pmi20_alpha_lambda6_run_nicme_v3_extra_a0p5_l0p1_pmi20_lr5e5_s43,results/pmi20_sota_convnext_base_test/pmi20_alpha_lambda6_run_nicme_extra_a0p5_l0p1_pmi20_lr5e5_s43_05-04_15-34/metrics_20260504_153448_nicme_hybrid.json
43,NICME,"NICME (alpha=0.5, lambda=0.1)",nicme_extra_a0p5_l0p1_pmi20,205,6,15,53489-0156,68382-0227,10.0,6,14.140745162963867,True,checkpoints/pmi20_alpha_lambda6_run_nicme_v3_extra_a0p5_l0p1_pmi20_lr5e5_s43,results/pmi20_sota_convnext_base_test/pmi20_alpha_lambda6_run_nicme_extra_a0p5_l0p1_pmi20_lr5e5_s43_05-04_15-34/metrics_20260504_153448_nicme_hybrid.json
43,NICME,"NICME (alpha=0.5, lambda=0.1)",nicme_extra_a0p5_l0p1_pmi20,206,6,15,53489-0156,68382-0227,10.0,6,14.40931248664856,True,checkpoints/pmi20_alpha_lambda6_run_nicme_v3_extra_a0p5_l0p1_pmi20_lr5e5_s43,results/pmi20_sota_convnext_base_test/pmi20_alpha_lambda6_run_nicme_extra_a0p5_l0p1_pmi20_lr5e5_s43_05-04_15-34/metrics_20260504_153448_nicme_hybrid.json
43,NICME,"NICME (alpha=0.5, lambda=0.1)",nicme_extra_a0p5_l0p1_pmi20,207,6,15,53489-0156,68382-0227,10.0,6,15.371893882751465,True,checkpoints/pmi20_alpha_lambda6_run_nicme_v3_extra_a0p5_l0p1_pmi20_lr5e5_s43,results/pmi20_sota_convnext_base_test/pmi20_alpha_lambda6_run_nicme_extra_a0p5_l0p1_pmi20_lr5e5_s43_05-04_15-34/metrics_20260504_153448_nicme_hybrid.json
43,NICME,"NICME (alpha=0.5, lambda=0.1)",nicme_extra_a0p5_l0p1_pmi20,208,6,15,53489-0156,68382-0227,10.0,6,15.103978872299194,True,checkpoints/pmi20_alpha_lambda6_run_nicme_v3_extra_a0p5_l0p1_pmi20_lr5e5_s43,results/pmi20_sota_convnext_base_test/pmi20_alpha_lambda6_run_nicme_extra_a0p5_l0p1_pmi20_lr5e5_s43_05-04_15-34/metrics_20260504_153448_nicme_hybrid.json
43,NICME,"NICME (alpha=0.5, lambda=0.1)",nicme_extra_a0p5_l0p1_pmi20,209,6,15,53489-0156,68382-0227,10.0,6,13.623053908348083,True,checkpoints/pmi20_alpha_lambda6_run_nicme_v3_extra_a0p5_l0p1_pmi20_lr5e5_s43,results/pmi20_sota_convnext_base_test/pmi20_alpha_lambda6_run_nicme_extra_a0p5_l0p1_pmi20_lr5e5_s43_05-04_15-34/metrics_20260504_153448_nicme_hybrid.json
43,NICME,"NICME (alpha=0.5, lambda=0.1)",nicme_extra_a0p5_l0p1_pmi20,210,6,15,53489-0156,68382-0227,10.0,6,9.514636635780334,True,checkpoints/pmi20_alpha_lambda6_run_nicme_v3_extra_a0p5_l0p1_pmi20_lr5e5_s43,results/pmi20_sota_convnext_base_test/pmi20_alpha_lambda6_run_nicme_extra_a0p5_l0p1_pmi20_lr5e5_s43_05-04_15-34/metrics_20260504_153448_nicme_hybrid.json
43,NICME,"NICME (alpha=0.5, lambda=0.1)",nicme_extra_a0p5_l0p1_pmi20,211,6,15,53489-0156,68382-0227,10.0,6,12.896095037460327,True,checkpoints/pmi20_alpha_lambda6_run_nicme_v3_extra_a0p5_l0p1_pmi20_lr5e5_s43,results/pmi20_sota_convnext_base_test/pmi20_alpha_lambda6_run_nicme_extra_a0p5_l0p1_pmi20_lr5e5_s43_05-04_15-34/metrics_20260504_153448_nicme_hybrid.json
43,NICME,"NICME (alpha=0.5, lambda=0.1)",nicme_extra_a0p5_l0p1_pmi20,212,6,15,53489-0156,68382-0227,10.0,6,13.922049522399902,True,checkpoints/pmi20_alpha_lambda6_run_nicme_v3_extra_a0p5_l0p1_pmi20_lr5e5_s43,results/pmi20_sota_convnext_base_test/pmi20_alpha_lambda6_run_nicme_extra_a0p5_l0p1_pmi20_lr5e5_s43_05-04_15-34/metrics_20260504_153448_nicme_hybrid.json
43,NICME,"NICME (alpha=0.5, lambda=0.1)",nicme_extra_a0p5_l0p1_pmi20,213,6,15,53489-0156,68382-0227,10.0,6,11.666367948055267,True,checkpoints/pmi20_alpha_lambda6_run_nicme_v3_extra_a0p5_l0p1_pmi20_lr5e5_s43,results/pmi20_sota_convnext_base_test/pmi20_alpha_lambda6_run_nicme_extra_a0p5_l0p1_pmi20_lr5e5_s43_05-04_15-34/metrics_20260504_153448_nicme_hybrid.json
43,NICME,"NICME (alpha=0.5, lambda=0.1)",nicme_extra_a0p5_l0p1_pmi20,214,6,15,53489-0156,68382-0227,10.0,16,2.4721046537160873,True,checkpoints/pmi20_alpha_lambda6_run_nicme_v3_extra_a0p5_l0p1_pmi20_lr5e5_s43,results/pmi20_sota_convnext_base_test/pmi20_alpha_lambda6_run_nicme_extra_a0p5_l0p1_pmi20_lr5e5_s43_05-04_15-34/metrics_20260504_153448_nicme_hybrid.json
43,NICME,"NICME (alpha=0.5, lambda=0.1)",nicme_extra_a0p5_l0p1_pmi20,215,6,15,53489-0156,68382-0227,10.0,6,12.530978083610535,True,checkpoints/pmi20_alpha_lambda6_run_nicme_v3_extra_a0p5_l0p1_pmi20_lr5e5_s43,results/pmi20_sota_convnext_base_test/pmi20_alpha_lambda6_run_nicme_extra_a0p5_l0p1_pmi20_lr5e5_s43_05-04_15-34/metrics_20260504_153448_nicme_hybrid.json
43,NICME,"NICME (alpha=0.5, lambda=0.1)",nicme_extra_a0p5_l0p1_pmi20,216,6,15,53489-0156,68382-0227,10.0,6,13.275586247444153,True,checkpoints/pmi20_alpha_lambda6_run_nicme_v3_extra_a0p5_l0p1_pmi20_lr5e5_s43,results/pmi20_sota_convnext_base_test/pmi20_alpha_lambda6_run_nicme_extra_a0p5_l0p1_pmi20_lr5e5_s43_05-04_15-34/metrics_20260504_153448_nicme_hybrid.json
43,NICME,"NICME (alpha=0.5, lambda=0.1)",nicme_extra_a0p5_l0p1_pmi20,217,6,15,53489-0156,68382-0227,10.0,6,14.292204141616821,True,checkpoints/pmi20_alpha_lambda6_run_nicme_v3_extra_a0p5_l0p1_pmi20_lr5e5_s43,results/pmi20_sota_convnext_base_test/pmi20_alpha_lambda6_run_nicme_extra_a0p5_l0p1_pmi20_lr5e5_s43_05-04_15-34/metrics_20260504_153448_nicme_hybrid.json
43,NICME,"NICME (alpha=0.5, lambda=0.1)",nicme_extra_a0p5_l0p1_pmi20,218,6,15,53489-0156,68382-0227,10.0,6,7.536968469619751,True,checkpoints/pmi20_alpha_lambda6_run_nicme_v3_extra_a0p5_l0p1_pmi20_lr5e5_s43,results/pmi20_sota_convnext_base_test/pmi20_alpha_lambda6_run_nicme_extra_a0p5_l0p1_pmi20_lr5e5_s43_05-04_15-34/metrics_20260504_153448_nicme_hybrid.json
43,NICME,"NICME (alpha=0.5, lambda=0.1)",nicme_extra_a0p5_l0p1_pmi20,219,6,15,53489-0156,68382-0227,10.0,15,-0.7733120918273926,False,checkpoints/pmi20_alpha_lambda6_run_nicme_v3_extra_a0p5_l0p1_pmi20_lr5e5_s43,results/pmi20_sota_convnext_base_test/pmi20_alpha_lambda6_run_nicme_extra_a0p5_l0p1_pmi20_lr5e5_s43_05-04_15-34/metrics_20260504_153448_nicme_hybrid.json
43,NICME,"NICME (alpha=0.5, lambda=0.1)",nicme_extra_a0p5_l0p1_pmi20,220,6,15,53489-0156,68382-0227,10.0,6,13.892955541610718,True,checkpoints/pmi20_alpha_lambda6_run_nicme_v3_extra_a0p5_l0p1_pmi20_lr5e5_s43,results/pmi20_sota_convnext_base_test/pmi20_alpha_lambda6_run_nicme_extra_a0p5_l0p1_pmi20_lr5e5_s43_05-04_15-34/metrics_20260504_153448_nicme_hybrid.json
43,NICME,"NICME (alpha=0.5, lambda=0.1)",nicme_extra_a0p5_l0p1_pmi20,221,6,15,53489-0156,68382-0227,10.0,6,14.5448579788208,True,checkpoints/pmi20_alpha_lambda6_run_nicme_v3_extra_a0p5_l0p1_pmi20_lr5e5_s43,results/pmi20_sota_convnext_base_test/pmi20_alpha_lambda6_run_nicme_extra_a0p5_l0p1_pmi20_lr5e5_s43_05-04_15-34/metrics_20260504_153448_nicme_hybrid.json
43,NICME,"NICME (alpha=0.5, lambda=0.1)",nicme_extra_a0p5_l0p1_pmi20,222,6,15,53489-0156,68382-0227,10.0,6,14.19235348701477,True,checkpoints/pmi20_alpha_lambda6_run_nicme_v3_extra_a0p5_l0p1_pmi20_lr5e5_s43,results/pmi20_sota_convnext_base_test/pmi20_alpha_lambda6_run_nicme_extra_a0p5_l0p1_pmi20_lr5e5_s43_05-04_15-34/metrics_20260504_153448_nicme_hybrid.json
43,NICME,"NICME (alpha=0.5, lambda=0.1)",nicme_extra_a0p5_l0p1_pmi20,223,6,15,53489-0156,68382-0227,10.0,6,14.471919775009155,True,checkpoints/pmi20_alpha_lambda6_run_nicme_v3_extra_a0p5_l0p1_pmi20_lr5e5_s43,results/pmi20_sota_convnext_base_test/pmi20_alpha_lambda6_run_nicme_extra_a0p5_l0p1_pmi20_lr5e5_s43_05-04_15-34/metrics_20260504_153448_nicme_hybrid.json
43,NICME,"NICME (alpha=0.5, lambda=0.1)",nicme_extra_a0p5_l0p1_pmi20,224,7,0,53746-0544,00378-0208,10.0,7,13.740604877471924,True,checkpoints/pmi20_alpha_lambda6_run_nicme_v3_extra_a0p5_l0p1_pmi20_lr5e5_s43,results/pmi20_sota_convnext_base_test/pmi20_alpha_lambda6_run_nicme_extra_a0p5_l0p1_pmi20_lr5e5_s43_05-04_15-34/metrics_20260504_153448_nicme_hybrid.json
43,NICME,"NICME (alpha=0.5, lambda=0.1)",nicme_extra_a0p5_l0p1_pmi20,225,7,0,53746-0544,00378-0208,10.0,7,12.437268733978271,True,checkpoints/pmi20_alpha_lambda6_run_nicme_v3_extra_a0p5_l0p1_pmi20_lr5e5_s43,results/pmi20_sota_convnext_base_test/pmi20_alpha_lambda6_run_nicme_extra_a0p5_l0p1_pmi20_lr5e5_s43_05-04_15-34/metrics_20260504_153448_nicme_hybrid.json
43,NICME,"NICME (alpha=0.5, lambda=0.1)",nicme_extra_a0p5_l0p1_pmi20,226,7,0,53746-0544,00378-0208,10.0,7,13.611496150493622,True,checkpoints/pmi20_alpha_lambda6_run_nicme_v3_extra_a0p5_l0p1_pmi20_lr5e5_s43,results/pmi20_sota_convnext_base_test/pmi20_alpha_lambda6_run_nicme_extra_a0p5_l0p1_pmi20_lr5e5_s43_05-04_15-34/metrics_20260504_153448_nicme_hybrid.json
43,NICME,"NICME (alpha=0.5, lambda=0.1)",nicme_extra_a0p5_l0p1_pmi20,227,7,0,53746-0544,00378-0208,10.0,7,15.91414213180542,True,checkpoints/pmi20_alpha_lambda6_run_nicme_v3_extra_a0p5_l0p1_pmi20_lr5e5_s43,results/pmi20_sota_convnext_base_test/pmi20_alpha_lambda6_run_nicme_extra_a0p5_l0p1_pmi20_lr5e5_s43_05-04_15-34/metrics_20260504_153448_nicme_hybrid.json
43,NICME,"NICME (alpha=0.5, lambda=0.1)",nicme_extra_a0p5_l0p1_pmi20,228,7,0,53746-0544,00378-0208,10.0,7,14.158348560333252,True,checkpoints/pmi20_alpha_lambda6_run_nicme_v3_extra_a0p5_l0p1_pmi20_lr5e5_s43,results/pmi20_sota_convnext_base_test/pmi20_alpha_lambda6_run_nicme_extra_a0p5_l0p1_pmi20_lr5e5_s43_05-04_15-34/metrics_20260504_153448_nicme_hybrid.json
43,NICME,"NICME (alpha=0.5, lambda=0.1)",nicme_extra_a0p5_l0p1_pmi20,229,7,0,53746-0544,00378-0208,10.0,7,14.573583126068115,True,checkpoints/pmi20_alpha_lambda6_run_nicme_v3_extra_a0p5_l0p1_pmi20_lr5e5_s43,results/pmi20_sota_convnext_base_test/pmi20_alpha_lambda6_run_nicme_extra_a0p5_l0p1_pmi20_lr5e5_s43_05-04_15-34/metrics_20260504_153448_nicme_hybrid.json
43,NICME,"NICME (alpha=0.5, lambda=0.1)",nicme_extra_a0p5_l0p1_pmi20,230,7,0,53746-0544,00378-0208,10.0,7,15.449208498001099,True,checkpoints/pmi20_alpha_lambda6_run_nicme_v3_extra_a0p5_l0p1_pmi20_lr5e5_s43,results/pmi20_sota_convnext_base_test/pmi20_alpha_lambda6_run_nicme_extra_a0p5_l0p1_pmi20_lr5e5_s43_05-04_15-34/metrics_20260504_153448_nicme_hybrid.json
43,NICME,"NICME (alpha=0.5, lambda=0.1)",nicme_extra_a0p5_l0p1_pmi20,231,7,0,53746-0544,00378-0208,10.0,7,15.104735851287842,True,checkpoints/pmi20_alpha_lambda6_run_nicme_v3_extra_a0p5_l0p1_pmi20_lr5e5_s43,results/pmi20_sota_convnext_base_test/pmi20_alpha_lambda6_run_nicme_extra_a0p5_l0p1_pmi20_lr5e5_s43_05-04_15-34/metrics_20260504_153448_nicme_hybrid.json
43,NICME,"NICME (alpha=0.5, lambda=0.1)",nicme_extra_a0p5_l0p1_pmi20,232,7,0,53746-0544,00378-0208,10.0,7,15.62222695350647,True,checkpoints/pmi20_alpha_lambda6_run_nicme_v3_extra_a0p5_l0p1_pmi20_lr5e5_s43,results/pmi20_sota_convnext_base_test/pmi20_alpha_lambda6_run_nicme_extra_a0p5_l0p1_pmi20_lr5e5_s43_05-04_15-34/metrics_20260504_153448_nicme_hybrid.json
43,NICME,"NICME (alpha=0.5, lambda=0.1)",nicme_extra_a0p5_l0p1_pmi20,233,7,0,53746-0544,00378-0208,10.0,7,16.505125284194946,True,checkpoints/pmi20_alpha_lambda6_run_nicme_v3_extra_a0p5_l0p1_pmi20_lr5e5_s43,results/pmi20_sota_convnext_base_test/pmi20_alpha_lambda6_run_nicme_extra_a0p5_l0p1_pmi20_lr5e5_s43_05-04_15-34/metrics_20260504_153448_nicme_hybrid.json
43,NICME,"NICME (alpha=0.5, lambda=0.1)",nicme_extra_a0p5_l0p1_pmi20,234,7,0,53746-0544,00378-0208,10.0,7,14.541771411895752,True,checkpoints/pmi20_alpha_lambda6_run_nicme_v3_extra_a0p5_l0p1_pmi20_lr5e5_s43,results/pmi20_sota_convnext_base_test/pmi20_alpha_lambda6_run_nicme_extra_a0p5_l0p1_pmi20_lr5e5_s43_05-04_15-34/metrics_20260504_153448_nicme_hybrid.json
43,NICME,"NICME (alpha=0.5, lambda=0.1)",nicme_extra_a0p5_l0p1_pmi20,235,7,0,53746-0544,00378-0208,10.0,7,16.232101440429688,True,checkpoints/pmi20_alpha_lambda6_run_nicme_v3_extra_a0p5_l0p1_pmi20_lr5e5_s43,results/pmi20_sota_convnext_base_test/pmi20_alpha_lambda6_run_nicme_extra_a0p5_l0p1_pmi20_lr5e5_s43_05-04_15-34/metrics_20260504_153448_nicme_hybrid.json
43,NICME,"NICME (alpha=0.5, lambda=0.1)",nicme_extra_a0p5_l0p1_pmi20,236,7,0,53746-0544,00378-0208,10.0,7,15.158849716186523,True,checkpoints/pmi20_alpha_lambda6_run_nicme_v3_extra_a0p5_l0p1_pmi20_lr5e5_s43,results/pmi20_sota_convnext_base_test/pmi20_alpha_lambda6_run_nicme_extra_a0p5_l0p1_pmi20_lr5e5_s43_05-04_15-34/metrics_20260504_153448_nicme_hybrid.json
43,NICME,"NICME (alpha=0.5, lambda=0.1)",nicme_extra_a0p5_l0p1_pmi20,237,7,0,53746-0544,00378-0208,10.0,7,15.953335523605347,True,checkpoints/pmi20_alpha_lambda6_run_nicme_v3_extra_a0p5_l0p1_pmi20_lr5e5_s43,results/pmi20_sota_convnext_base_test/pmi20_alpha_lambda6_run_nicme_extra_a0p5_l0p1_pmi20_lr5e5_s43_05-04_15-34/metrics_20260504_153448_nicme_hybrid.json
43,NICME,"NICME (alpha=0.5, lambda=0.1)",nicme_extra_a0p5_l0p1_pmi20,238,7,0,53746-0544,00378-0208,10.0,7,12.49977022409439,True,checkpoints/pmi20_alpha_lambda6_run_nicme_v3_extra_a0p5_l0p1_pmi20_lr5e5_s43,results/pmi20_sota_convnext_base_test/pmi20_alpha_lambda6_run_nicme_extra_a0p5_l0p1_pmi20_lr5e5_s43_05-04_15-34/metrics_20260504_153448_nicme_hybrid.json
43,NICME,"NICME (alpha=0.5, lambda=0.1)",nicme_extra_a0p5_l0p1_pmi20,239,7,0,53746-0544,00378-0208,10.0,0,-5.334110736846924,False,checkpoints/pmi20_alpha_lambda6_run_nicme_v3_extra_a0p5_l0p1_pmi20_lr5e5_s43,results/pmi20_sota_convnext_base_test/pmi20_alpha_lambda6_run_nicme_extra_a0p5_l0p1_pmi20_lr5e5_s43_05-04_15-34/metrics_20260504_153448_nicme_hybrid.json
43,NICME,"NICME (alpha=0.5, lambda=0.1)",nicme_extra_a0p5_l0p1_pmi20,240,7,0,53746-0544,00378-0208,10.0,7,14.981929063796997,True,checkpoints/pmi20_alpha_lambda6_run_nicme_v3_extra_a0p5_l0p1_pmi20_lr5e5_s43,results/pmi20_sota_convnext_base_test/pmi20_alpha_lambda6_run_nicme_extra_a0p5_l0p1_pmi20_lr5e5_s43_05-04_15-34/metrics_20260504_153448_nicme_hybrid.json
43,NICME,"NICME (alpha=0.5, lambda=0.1)",nicme_extra_a0p5_l0p1_pmi20,241,7,0,53746-0544,00378-0208,10.0,7,15.926626920700073,True,checkpoints/pmi20_alpha_lambda6_run_nicme_v3_extra_a0p5_l0p1_pmi20_lr5e5_s43,results/pmi20_sota_convnext_base_test/pmi20_alpha_lambda6_run_nicme_extra_a0p5_l0p1_pmi20_lr5e5_s43_05-04_15-34/metrics_20260504_153448_nicme_hybrid.json
43,NICME,"NICME (alpha=0.5, lambda=0.1)",nicme_extra_a0p5_l0p1_pmi20,242,7,0,53746-0544,00378-0208,10.0,7,15.577908992767334,True,checkpoints/pmi20_alpha_lambda6_run_nicme_v3_extra_a0p5_l0p1_pmi20_lr5e5_s43,results/pmi20_sota_convnext_base_test/pmi20_alpha_lambda6_run_nicme_extra_a0p5_l0p1_pmi20_lr5e5_s43_05-04_15-34/metrics_20260504_153448_nicme_hybrid.json
43,NICME,"NICME (alpha=0.5, lambda=0.1)",nicme_extra_a0p5_l0p1_pmi20,243,7,0,53746-0544,00378-0208,10.0,7,14.887839794158936,True,checkpoints/pmi20_alpha_lambda6_run_nicme_v3_extra_a0p5_l0p1_pmi20_lr5e5_s43,results/pmi20_sota_convnext_base_test/pmi20_alpha_lambda6_run_nicme_extra_a0p5_l0p1_pmi20_lr5e5_s43_05-04_15-34/metrics_20260504_153448_nicme_hybrid.json
43,NICME,"NICME (alpha=0.5, lambda=0.1)",nicme_extra_a0p5_l0p1_pmi20,244,7,0,53746-0544,00378-0208,10.0,7,14.574281215667725,True,checkpoints/pmi20_alpha_lambda6_run_nicme_v3_extra_a0p5_l0p1_pmi20_lr5e5_s43,results/pmi20_sota_convnext_base_test/pmi20_alpha_lambda6_run_nicme_extra_a0p5_l0p1_pmi20_lr5e5_s43_05-04_15-34/metrics_20260504_153448_nicme_hybrid.json
43,NICME,"NICME (alpha=0.5, lambda=0.1)",nicme_extra_a0p5_l0p1_pmi20,245,7,0,53746-0544,00378-0208,10.0,7,15.399991273880005,True,checkpoints/pmi20_alpha_lambda6_run_nicme_v3_extra_a0p5_l0p1_pmi20_lr5e5_s43,results/pmi20_sota_convnext_base_test/pmi20_alpha_lambda6_run_nicme_extra_a0p5_l0p1_pmi20_lr5e5_s43_05-04_15-34/metrics_20260504_153448_nicme_hybrid.json
43,NICME,"NICME (alpha=0.5, lambda=0.1)",nicme_extra_a0p5_l0p1_pmi20,246,7,0,53746-0544,00378-0208,10.0,7,15.767722845077515,True,checkpoints/pmi20_alpha_lambda6_run_nicme_v3_extra_a0p5_l0p1_pmi20_lr5e5_s43,results/pmi20_sota_convnext_base_test/pmi20_alpha_lambda6_run_nicme_extra_a0p5_l0p1_pmi20_lr5e5_s43_05-04_15-34/metrics_20260504_153448_nicme_hybrid.json
43,NICME,"NICME (alpha=0.5, lambda=0.1)",nicme_extra_a0p5_l0p1_pmi20,247,7,0,53746-0544,00378-0208,10.0,7,15.753981351852417,True,checkpoints/pmi20_alpha_lambda6_run_nicme_v3_extra_a0p5_l0p1_pmi20_lr5e5_s43,results/pmi20_sota_convnext_base_test/pmi20_alpha_lambda6_run_nicme_extra_a0p5_l0p1_pmi20_lr5e5_s43_05-04_15-34/metrics_20260504_153448_nicme_hybrid.json
43,NICME,"NICME (alpha=0.5, lambda=0.1)",nicme_extra_a0p5_l0p1_pmi20,248,7,0,53746-0544,00378-0208,10.0,7,15.885578870773315,True,checkpoints/pmi20_alpha_lambda6_run_nicme_v3_extra_a0p5_l0p1_pmi20_lr5e5_s43,results/pmi20_sota_convnext_base_test/pmi20_alpha_lambda6_run_nicme_extra_a0p5_l0p1_pmi20_lr5e5_s43_05-04_15-34/metrics_20260504_153448_nicme_hybrid.json
43,NICME,"NICME (alpha=0.5, lambda=0.1)",nicme_extra_a0p5_l0p1_pmi20,249,7,0,53746-0544,00378-0208,10.0,7,16.060142040252686,True,checkpoints/pmi20_alpha_lambda6_run_nicme_v3_extra_a0p5_l0p1_pmi20_lr5e5_s43,results/pmi20_sota_convnext_base_test/pmi20_alpha_lambda6_run_nicme_extra_a0p5_l0p1_pmi20_lr5e5_s43_05-04_15-34/metrics_20260504_153448_nicme_hybrid.json
43,NICME,"NICME (alpha=0.5, lambda=0.1)",nicme_extra_a0p5_l0p1_pmi20,250,7,0,53746-0544,00378-0208,10.0,7,15.68241572380066,True,checkpoints/pmi20_alpha_lambda6_run_nicme_v3_extra_a0p5_l0p1_pmi20_lr5e5_s43,results/pmi20_sota_convnext_base_test/pmi20_alpha_lambda6_run_nicme_extra_a0p5_l0p1_pmi20_lr5e5_s43_05-04_15-34/metrics_20260504_153448_nicme_hybrid.json
43,NICME,"NICME (alpha=0.5, lambda=0.1)",nicme_extra_a0p5_l0p1_pmi20,251,7,0,53746-0544,00378-0208,10.0,7,15.566583633422852,True,checkpoints/pmi20_alpha_lambda6_run_nicme_v3_extra_a0p5_l0p1_pmi20_lr5e5_s43,results/pmi20_sota_convnext_base_test/pmi20_alpha_lambda6_run_nicme_extra_a0p5_l0p1_pmi20_lr5e5_s43_05-04_15-34/metrics_20260504_153448_nicme_hybrid.json
43,NICME,"NICME (alpha=0.5, lambda=0.1)",nicme_extra_a0p5_l0p1_pmi20,252,7,0,53746-0544,00378-0208,10.0,7,16.28646731376648,True,checkpoints/pmi20_alpha_lambda6_run_nicme_v3_extra_a0p5_l0p1_pmi20_lr5e5_s43,results/pmi20_sota_convnext_base_test/pmi20_alpha_lambda6_run_nicme_extra_a0p5_l0p1_pmi20_lr5e5_s43_05-04_15-34/metrics_20260504_153448_nicme_hybrid.json
43,NICME,"NICME (alpha=0.5, lambda=0.1)",nicme_extra_a0p5_l0p1_pmi20,253,7,0,53746-0544,00378-0208,10.0,7,15.884662389755249,True,checkpoints/pmi20_alpha_lambda6_run_nicme_v3_extra_a0p5_l0p1_pmi20_lr5e5_s43,results/pmi20_sota_convnext_base_test/pmi20_alpha_lambda6_run_nicme_extra_a0p5_l0p1_pmi20_lr5e5_s43_05-04_15-34/metrics_20260504_153448_nicme_hybrid.json
43,NICME,"NICME (alpha=0.5, lambda=0.1)",nicme_extra_a0p5_l0p1_pmi20,254,7,0,53746-0544,00378-0208,10.0,7,15.20591425895691,True,checkpoints/pmi20_alpha_lambda6_run_nicme_v3_extra_a0p5_l0p1_pmi20_lr5e5_s43,results/pmi20_sota_convnext_base_test/pmi20_alpha_lambda6_run_nicme_extra_a0p5_l0p1_pmi20_lr5e5_s43_05-04_15-34/metrics_20260504_153448_nicme_hybrid.json
43,NICME,"NICME (alpha=0.5, lambda=0.1)",nicme_extra_a0p5_l0p1_pmi20,255,7,0,53746-0544,00378-0208,10.0,7,15.7033109664917,True,checkpoints/pmi20_alpha_lambda6_run_nicme_v3_extra_a0p5_l0p1_pmi20_lr5e5_s43,results/pmi20_sota_convnext_base_test/pmi20_alpha_lambda6_run_nicme_extra_a0p5_l0p1_pmi20_lr5e5_s43_05-04_15-34/metrics_20260504_153448_nicme_hybrid.json
43,NICME,"NICME (alpha=0.5, lambda=0.1)",nicme_extra_a0p5_l0p1_pmi20,480,15,6,68382-0227,53489-0156,8.0,15,12.626263976097107,True,checkpoints/pmi20_alpha_lambda6_run_nicme_v3_extra_a0p5_l0p1_pmi20_lr5e5_s43,results/pmi20_sota_convnext_base_test/pmi20_alpha_lambda6_run_nicme_extra_a0p5_l0p1_pmi20_lr5e5_s43_05-04_15-34/metrics_20260504_153448_nicme_hybrid.json
43,NICME,"NICME (alpha=0.5, lambda=0.1)",nicme_extra_a0p5_l0p1_pmi20,481,15,6,68382-0227,53489-0156,8.0,15,11.907456815242767,True,checkpoints/pmi20_alpha_lambda6_run_nicme_v3_extra_a0p5_l0p1_pmi20_lr5e5_s43,results/pmi20_sota_convnext_base_test/pmi20_alpha_lambda6_run_nicme_extra_a0p5_l0p1_pmi20_lr5e5_s43_05-04_15-34/metrics_20260504_153448_nicme_hybrid.json
43,NICME,"NICME (alpha=0.5, lambda=0.1)",nicme_extra_a0p5_l0p1_pmi20,482,15,6,68382-0227,53489-0156,8.0,15,12.732078790664673,True,checkpoints/pmi20_alpha_lambda6_run_nicme_v3_extra_a0p5_l0p1_pmi20_lr5e5_s43,results/pmi20_sota_convnext_base_test/pmi20_alpha_lambda6_run_nicme_extra_a0p5_l0p1_pmi20_lr5e5_s43_05-04_15-34/metrics_20260504_153448_nicme_hybrid.json
43,NICME,"NICME (alpha=0.5, lambda=0.1)",nicme_extra_a0p5_l0p1_pmi20,483,15,6,68382-0227,53489-0156,8.0,15,9.001161456108093,True,checkpoints/pmi20_alpha_lambda6_run_nicme_v3_extra_a0p5_l0p1_pmi20_lr5e5_s43,results/pmi20_sota_convnext_base_test/pmi20_alpha_lambda6_run_nicme_extra_a0p5_l0p1_pmi20_lr5e5_s43_05-04_15-34/metrics_20260504_153448_nicme_hybrid.json
43,NICME,"NICME (alpha=0.5, lambda=0.1)",nicme_extra_a0p5_l0p1_pmi20,484,15,6,68382-0227,53489-0156,8.0,15,13.463106632232666,True,checkpoints/pmi20_alpha_lambda6_run_nicme_v3_extra_a0p5_l0p1_pmi20_lr5e5_s43,results/pmi20_sota_convnext_base_test/pmi20_alpha_lambda6_run_nicme_extra_a0p5_l0p1_pmi20_lr5e5_s43_05-04_15-34/metrics_20260504_153448_nicme_hybrid.json
43,NICME,"NICME (alpha=0.5, lambda=0.1)",nicme_extra_a0p5_l0p1_pmi20,485,15,6,68382-0227,53489-0156,8.0,15,9.213504254817963,True,checkpoints/pmi20_alpha_lambda6_run_nicme_v3_extra_a0p5_l0p1_pmi20_lr5e5_s43,results/pmi20_sota_convnext_base_test/pmi20_alpha_lambda6_run_nicme_extra_a0p5_l0p1_pmi20_lr5e5_s43_05-04_15-34/metrics_20260504_153448_nicme_hybrid.json
43,NICME,"NICME (alpha=0.5, lambda=0.1)",nicme_extra_a0p5_l0p1_pmi20,486,15,6,68382-0227,53489-0156,8.0,15,9.818775296211243,True,checkpoints/pmi20_alpha_lambda6_run_nicme_v3_extra_a0p5_l0p1_pmi20_lr5e5_s43,results/pmi20_sota_convnext_base_test/pmi20_alpha_lambda6_run_nicme_extra_a0p5_l0p1_pmi20_lr5e5_s43_05-04_15-34/metrics_20260504_153448_nicme_hybrid.json
43,NICME,"NICME (alpha=0.5, lambda=0.1)",nicme_extra_a0p5_l0p1_pmi20,487,15,6,68382-0227,53489-0156,8.0,15,10.213322401046753,True,checkpoints/pmi20_alpha_lambda6_run_nicme_v3_extra_a0p5_l0p1_pmi20_lr5e5_s43,results/pmi20_sota_convnext_base_test/pmi20_alpha_lambda6_run_nicme_extra_a0p5_l0p1_pmi20_lr5e5_s43_05-04_15-34/metrics_20260504_153448_nicme_hybrid.json
43,NICME,"NICME (alpha=0.5, lambda=0.1)",nicme_extra_a0p5_l0p1_pmi20,488,15,6,68382-0227,53489-0156,8.0,15,7.115401268005371,True,checkpoints/pmi20_alpha_lambda6_run_nicme_v3_extra_a0p5_l0p1_pmi20_lr5e5_s43,results/pmi20_sota_convnext_base_test/pmi20_alpha_lambda6_run_nicme_extra_a0p5_l0p1_pmi20_lr5e5_s43_05-04_15-34/metrics_20260504_153448_nicme_hybrid.json
43,NICME,"NICME (alpha=0.5, lambda=0.1)",nicme_extra_a0p5_l0p1_pmi20,489,15,6,68382-0227,53489-0156,8.0,15,13.3193598985672,True,checkpoints/pmi20_alpha_lambda6_run_nicme_v3_extra_a0p5_l0p1_pmi20_lr5e5_s43,results/pmi20_sota_convnext_base_test/pmi20_alpha_lambda6_run_nicme_extra_a0p5_l0p1_pmi20_lr5e5_s43_05-04_15-34/metrics_20260504_153448_nicme_hybrid.json
43,NICME,"NICME (alpha=0.5, lambda=0.1)",nicme_extra_a0p5_l0p1_pmi20,490,15,6,68382-0227,53489-0156,8.0,15,11.299716889858246,True,checkpoints/pmi20_alpha_lambda6_run_nicme_v3_extra_a0p5_l0p1_pmi20_lr5e5_s43,results/pmi20_sota_convnext_base_test/pmi20_alpha_lambda6_run_nicme_extra_a0p5_l0p1_pmi20_lr5e5_s43_05-04_15-34/metrics_20260504_153448_nicme_hybrid.json
43,NICME,"NICME (alpha=0.5, lambda=0.1)",nicme_extra_a0p5_l0p1_pmi20,491,15,6,68382-0227,53489-0156,8.0,15,9.093570351600647,True,checkpoints/pmi20_alpha_lambda6_run_nicme_v3_extra_a0p5_l0p1_pmi20_lr5e5_s43,results/pmi20_sota_convnext_base_test/pmi20_alpha_lambda6_run_nicme_extra_a0p5_l0p1_pmi20_lr5e5_s43_05-04_15-34/metrics_20260504_153448_nicme_hybrid.json
43,NICME,"NICME (alpha=0.5, lambda=0.1)",nicme_extra_a0p5_l0p1_pmi20,492,15,6,68382-0227,53489-0156,8.0,15,6.463737964630127,True,checkpoints/pmi20_alpha_lambda6_run_nicme_v3_extra_a0p5_l0p1_pmi20_lr5e5_s43,results/pmi20_sota_convnext_base_test/pmi20_alpha_lambda6_run_nicme_extra_a0p5_l0p1_pmi20_lr5e5_s43_05-04_15-34/metrics_20260504_153448_nicme_hybrid.json
43,NICME,"NICME (alpha=0.5, lambda=0.1)",nicme_extra_a0p5_l0p1_pmi20,493,15,6,68382-0227,53489-0156,8.0,15,9.28483259677887,True,checkpoints/pmi20_alpha_lambda6_run_nicme_v3_extra_a0p5_l0p1_pmi20_lr5e5_s43,results/pmi20_sota_convnext_base_test/pmi20_alpha_lambda6_run_nicme_extra_a0p5_l0p1_pmi20_lr5e5_s43_05-04_15-34/metrics_20260504_153448_nicme_hybrid.json
43,NICME,"NICME (alpha=0.5, lambda=0.1)",nicme_extra_a0p5_l0p1_pmi20,494,15,6,68382-0227,53489-0156,8.0,15,11.691509574651718,True,checkpoints/pmi20_alpha_lambda6_run_nicme_v3_extra_a0p5_l0p1_pmi20_lr5e5_s43,results/pmi20_sota_convnext_base_test/pmi20_alpha_lambda6_run_nicme_extra_a0p5_l0p1_pmi20_lr5e5_s43_05-04_15-34/metrics_20260504_153448_nicme_hybrid.json
43,NICME,"NICME (alpha=0.5, lambda=0.1)",nicme_extra_a0p5_l0p1_pmi20,495,15,6,68382-0227,53489-0156,8.0,15,10.988071903586388,True,checkpoints/pmi20_alpha_lambda6_run_nicme_v3_extra_a0p5_l0p1_pmi20_lr5e5_s43,results/pmi20_sota_convnext_base_test/pmi20_alpha_lambda6_run_nicme_extra_a0p5_l0p1_pmi20_lr5e5_s43_05-04_15-34/metrics_20260504_153448_nicme_hybrid.json
43,NICME,"NICME (alpha=0.5, lambda=0.1)",nicme_extra_a0p5_l0p1_pmi20,496,15,6,68382-0227,53489-0156,8.0,15,8.726542234420776,True,checkpoints/pmi20_alpha_lambda6_run_nicme_v3_extra_a0p5_l0p1_pmi20_lr5e5_s43,results/pmi20_sota_convnext_base_test/pmi20_alpha_lambda6_run_nicme_extra_a0p5_l0p1_pmi20_lr5e5_s43_05-04_15-34/metrics_20260504_153448_nicme_hybrid.json
43,NICME,"NICME (alpha=0.5, lambda=0.1)",nicme_extra_a0p5_l0p1_pmi20,497,15,6,68382-0227,53489-0156,8.0,15,14.396922588348389,True,checkpoints/pmi20_alpha_lambda6_run_nicme_v3_extra_a0p5_l0p1_pmi20_lr5e5_s43,results/pmi20_sota_convnext_base_test/pmi20_alpha_lambda6_run_nicme_extra_a0p5_l0p1_pmi20_lr5e5_s43_05-04_15-34/metrics_20260504_153448_nicme_hybrid.json
43,NICME,"NICME (alpha=0.5, lambda=0.1)",nicme_extra_a0p5_l0p1_pmi20,498,15,6,68382-0227,53489-0156,8.0,15,10.670187532901764,True,checkpoints/pmi20_alpha_lambda6_run_nicme_v3_extra_a0p5_l0p1_pmi20_lr5e5_s43,results/pmi20_sota_convnext_base_test/pmi20_alpha_lambda6_run_nicme_extra_a0p5_l0p1_pmi20_lr5e5_s43_05-04_15-34/metrics_20260504_153448_nicme_hybrid.json
43,NICME,"NICME (alpha=0.5, lambda=0.1)",nicme_extra_a0p5_l0p1_pmi20,499,15,6,68382-0227,53489-0156,8.0,15,13.428982377052307,True,checkpoints/pmi20_alpha_lambda6_run_nicme_v3_extra_a0p5_l0p1_pmi20_lr5e5_s43,results/pmi20_sota_convnext_base_test/pmi20_alpha_lambda6_run_nicme_extra_a0p5_l0p1_pmi20_lr5e5_s43_05-04_15-34/metrics_20260504_153448_nicme_hybrid.json
43,NICME,"NICME (alpha=0.5, lambda=0.1)",nicme_extra_a0p5_l0p1_pmi20,500,15,6,68382-0227,53489-0156,8.0,15,12.26503774523735,True,checkpoints/pmi20_alpha_lambda6_run_nicme_v3_extra_a0p5_l0p1_pmi20_lr5e5_s43,results/pmi20_sota_convnext_base_test/pmi20_alpha_lambda6_run_nicme_extra_a0p5_l0p1_pmi20_lr5e5_s43_05-04_15-34/metrics_20260504_153448_nicme_hybrid.json
43,NICME,"NICME (alpha=0.5, lambda=0.1)",nicme_extra_a0p5_l0p1_pmi20,501,15,6,68382-0227,53489-0156,8.0,15,13.561878681182861,True,checkpoints/pmi20_alpha_lambda6_run_nicme_v3_extra_a0p5_l0p1_pmi20_lr5e5_s43,results/pmi20_sota_convnext_base_test/pmi20_alpha_lambda6_run_nicme_extra_a0p5_l0p1_pmi20_lr5e5_s43_05-04_15-34/metrics_20260504_153448_nicme_hybrid.json
43,NICME,"NICME (alpha=0.5, lambda=0.1)",nicme_extra_a0p5_l0p1_pmi20,502,15,6,68382-0227,53489-0156,8.0,15,9.501372933387756,True,checkpoints/pmi20_alpha_lambda6_run_nicme_v3_extra_a0p5_l0p1_pmi20_lr5e5_s43,results/pmi20_sota_convnext_base_test/pmi20_alpha_lambda6_run_nicme_extra_a0p5_l0p1_pmi20_lr5e5_s43_05-04_15-34/metrics_20260504_153448_nicme_hybrid.json
43,NICME,"NICME (alpha=0.5, lambda=0.1)",nicme_extra_a0p5_l0p1_pmi20,503,15,6,68382-0227,53489-0156,8.0,15,11.586549639701843,True,checkpoints/pmi20_alpha_lambda6_run_nicme_v3_extra_a0p5_l0p1_pmi20_lr5e5_s43,results/pmi20_sota_convnext_base_test/pmi20_alpha_lambda6_run_nicme_extra_a0p5_l0p1_pmi20_lr5e5_s43_05-04_15-34/metrics_20260504_153448_nicme_hybrid.json
43,NICME,"NICME (alpha=0.5, lambda=0.1)",nicme_extra_a0p5_l0p1_pmi20,504,15,6,68382-0227,53489-0156,8.0,15,10.799902737140656,True,checkpoints/pmi20_alpha_lambda6_run_nicme_v3_extra_a0p5_l0p1_pmi20_lr5e5_s43,results/pmi20_sota_convnext_base_test/pmi20_alpha_lambda6_run_nicme_extra_a0p5_l0p1_pmi20_lr5e5_s43_05-04_15-34/metrics_20260504_153448_nicme_hybrid.json
43,NICME,"NICME (alpha=0.5, lambda=0.1)",nicme_extra_a0p5_l0p1_pmi20,505,15,6,68382-0227,53489-0156,8.0,15,11.59689611196518,True,checkpoints/pmi20_alpha_lambda6_run_nicme_v3_extra_a0p5_l0p1_pmi20_lr5e5_s43,results/pmi20_sota_convnext_base_test/pmi20_alpha_lambda6_run_nicme_extra_a0p5_l0p1_pmi20_lr5e5_s43_05-04_15-34/metrics_20260504_153448_nicme_hybrid.json
43,NICME,"NICME (alpha=0.5, lambda=0.1)",nicme_extra_a0p5_l0p1_pmi20,506,15,6,68382-0227,53489-0156,8.0,15,7.635396718978882,True,checkpoints/pmi20_alpha_lambda6_run_nicme_v3_extra_a0p5_l0p1_pmi20_lr5e5_s43,results/pmi20_sota_convnext_base_test/pmi20_alpha_lambda6_run_nicme_extra_a0p5_l0p1_pmi20_lr5e5_s43_05-04_15-34/metrics_20260504_153448_nicme_hybrid.json
43,NICME,"NICME (alpha=0.5, lambda=0.1)",nicme_extra_a0p5_l0p1_pmi20,507,15,6,68382-0227,53489-0156,8.0,15,12.645002663135529,True,checkpoints/pmi20_alpha_lambda6_run_nicme_v3_extra_a0p5_l0p1_pmi20_lr5e5_s43,results/pmi20_sota_convnext_base_test/pmi20_alpha_lambda6_run_nicme_extra_a0p5_l0p1_pmi20_lr5e5_s43_05-04_15-34/metrics_20260504_153448_nicme_hybrid.json
43,NICME,"NICME (alpha=0.5, lambda=0.1)",nicme_extra_a0p5_l0p1_pmi20,508,15,6,68382-0227,53489-0156,8.0,15,9.84221887588501,True,checkpoints/pmi20_alpha_lambda6_run_nicme_v3_extra_a0p5_l0p1_pmi20_lr5e5_s43,results/pmi20_sota_convnext_base_test/pmi20_alpha_lambda6_run_nicme_extra_a0p5_l0p1_pmi20_lr5e5_s43_05-04_15-34/metrics_20260504_153448_nicme_hybrid.json
43,NICME,"NICME (alpha=0.5, lambda=0.1)",nicme_extra_a0p5_l0p1_pmi20,509,15,6,68382-0227,53489-0156,8.0,15,10.8081773519516,True,checkpoints/pmi20_alpha_lambda6_run_nicme_v3_extra_a0p5_l0p1_pmi20_lr5e5_s43,results/pmi20_sota_convnext_base_test/pmi20_alpha_lambda6_run_nicme_extra_a0p5_l0p1_pmi20_lr5e5_s43_05-04_15-34/metrics_20260504_153448_nicme_hybrid.json
43,NICME,"NICME (alpha=0.5, lambda=0.1)",nicme_extra_a0p5_l0p1_pmi20,510,15,6,68382-0227,53489-0156,8.0,15,11.827846497297287,True,checkpoints/pmi20_alpha_lambda6_run_nicme_v3_extra_a0p5_l0p1_pmi20_lr5e5_s43,results/pmi20_sota_convnext_base_test/pmi20_alpha_lambda6_run_nicme_extra_a0p5_l0p1_pmi20_lr5e5_s43_05-04_15-34/metrics_20260504_153448_nicme_hybrid.json
43,NICME,"NICME (alpha=0.5, lambda=0.1)",nicme_extra_a0p5_l0p1_pmi20,511,15,6,68382-0227,53489-0156,8.0,15,12.428331196308136,True,checkpoints/pmi20_alpha_lambda6_run_nicme_v3_extra_a0p5_l0p1_pmi20_lr5e5_s43,results/pmi20_sota_convnext_base_test/pmi20_alpha_lambda6_run_nicme_extra_a0p5_l0p1_pmi20_lr5e5_s43_05-04_15-34/metrics_20260504_153448_nicme_hybrid.json
44,CE,CE,ce_anchor_pmi20,160,5,2,50111-0434,00591-0461,10.0,5,7.7753430008888245,True,checkpoints/pmi20_run_ce_anchor_pmi20_lr5e5_s44,results/pmi20_sota_convnext_base_test/pmi20_run_ce_anchor_pmi20_lr5e5_s44_05-04_10-08/metrics_20260504_100834_cross_entropy.json
44,CE,CE,ce_anchor_pmi20,161,5,2,50111-0434,00591-0461,10.0,5,7.9694569408893585,True,checkpoints/pmi20_run_ce_anchor_pmi20_lr5e5_s44,results/pmi20_sota_convnext_base_test/pmi20_run_ce_anchor_pmi20_lr5e5_s44_05-04_10-08/metrics_20260504_100834_cross_entropy.json
44,CE,CE,ce_anchor_pmi20,162,5,2,50111-0434,00591-0461,10.0,5,8.633909285068512,True,checkpoints/pmi20_run_ce_anchor_pmi20_lr5e5_s44,results/pmi20_sota_convnext_base_test/pmi20_run_ce_anchor_pmi20_lr5e5_s44_05-04_10-08/metrics_20260504_100834_cross_entropy.json
44,CE,CE,ce_anchor_pmi20,163,5,2,50111-0434,00591-0461,10.0,5,8.820917934179306,True,checkpoints/pmi20_run_ce_anchor_pmi20_lr5e5_s44,results/pmi20_sota_convnext_base_test/pmi20_run_ce_anchor_pmi20_lr5e5_s44_05-04_10-08/metrics_20260504_100834_cross_entropy.json
44,CE,CE,ce_anchor_pmi20,164,5,2,50111-0434,00591-0461,10.0,5,9.49389100074768,True,checkpoints/pmi20_run_ce_anchor_pmi20_lr5e5_s44,results/pmi20_sota_convnext_base_test/pmi20_run_ce_anchor_pmi20_lr5e5_s44_05-04_10-08/metrics_20260504_100834_cross_entropy.json
44,CE,CE,ce_anchor_pmi20,165,5,2,50111-0434,00591-0461,10.0,5,8.903332382440567,True,checkpoints/pmi20_run_ce_anchor_pmi20_lr5e5_s44,results/pmi20_sota_convnext_base_test/pmi20_run_ce_anchor_pmi20_lr5e5_s44_05-04_10-08/metrics_20260504_100834_cross_entropy.json
44,CE,CE,ce_anchor_pmi20,166,5,2,50111-0434,00591-0461,10.0,5,8.924444481730461,True,checkpoints/pmi20_run_ce_anchor_pmi20_lr5e5_s44,results/pmi20_sota_convnext_base_test/pmi20_run_ce_anchor_pmi20_lr5e5_s44_05-04_10-08/metrics_20260504_100834_cross_entropy.json
44,CE,CE,ce_anchor_pmi20,167,5,2,50111-0434,00591-0461,10.0,5,5.684213638305664,True,checkpoints/pmi20_run_ce_anchor_pmi20_lr5e5_s44,results/pmi20_sota_convnext_base_test/pmi20_run_ce_anchor_pmi20_lr5e5_s44_05-04_10-08/metrics_20260504_100834_cross_entropy.json
44,CE,CE,ce_anchor_pmi20,168,5,2,50111-0434,00591-0461,10.0,5,8.151982486248016,True,checkpoints/pmi20_run_ce_anchor_pmi20_lr5e5_s44,results/pmi20_sota_convnext_base_test/pmi20_run_ce_anchor_pmi20_lr5e5_s44_05-04_10-08/metrics_20260504_100834_cross_entropy.json
44,CE,CE,ce_anchor_pmi20,169,5,2,50111-0434,00591-0461,10.0,5,7.218262791633606,True,checkpoints/pmi20_run_ce_anchor_pmi20_lr5e5_s44,results/pmi20_sota_convnext_base_test/pmi20_run_ce_anchor_pmi20_lr5e5_s44_05-04_10-08/metrics_20260504_100834_cross_entropy.json
44,CE,CE,ce_anchor_pmi20,170,5,2,50111-0434,00591-0461,10.0,5,8.203989446163177,True,checkpoints/pmi20_run_ce_anchor_pmi20_lr5e5_s44,results/pmi20_sota_convnext_base_test/pmi20_run_ce_anchor_pmi20_lr5e5_s44_05-04_10-08/metrics_20260504_100834_cross_entropy.json
44,CE,CE,ce_anchor_pmi20,171,5,2,50111-0434,00591-0461,10.0,5,9.207567542791367,True,checkpoints/pmi20_run_ce_anchor_pmi20_lr5e5_s44,results/pmi20_sota_convnext_base_test/pmi20_run_ce_anchor_pmi20_lr5e5_s44_05-04_10-08/metrics_20260504_100834_cross_entropy.json
44,CE,CE,ce_anchor_pmi20,172,5,2,50111-0434,00591-0461,10.0,5,4.81092381477356,True,checkpoints/pmi20_run_ce_anchor_pmi20_lr5e5_s44,results/pmi20_sota_convnext_base_test/pmi20_run_ce_anchor_pmi20_lr5e5_s44_05-04_10-08/metrics_20260504_100834_cross_entropy.json
44,CE,CE,ce_anchor_pmi20,173,5,2,50111-0434,00591-0461,10.0,5,6.9274924993515015,True,checkpoints/pmi20_run_ce_anchor_pmi20_lr5e5_s44,results/pmi20_sota_convnext_base_test/pmi20_run_ce_anchor_pmi20_lr5e5_s44_05-04_10-08/metrics_20260504_100834_cross_entropy.json
44,CE,CE,ce_anchor_pmi20,174,5,2,50111-0434,00591-0461,10.0,5,7.780886143445969,True,checkpoints/pmi20_run_ce_anchor_pmi20_lr5e5_s44,results/pmi20_sota_convnext_base_test/pmi20_run_ce_anchor_pmi20_lr5e5_s44_05-04_10-08/metrics_20260504_100834_cross_entropy.json
44,CE,CE,ce_anchor_pmi20,175,5,2,50111-0434,00591-0461,10.0,5,7.934800028800964,True,checkpoints/pmi20_run_ce_anchor_pmi20_lr5e5_s44,results/pmi20_sota_convnext_base_test/pmi20_run_ce_anchor_pmi20_lr5e5_s44_05-04_10-08/metrics_20260504_100834_cross_entropy.json
44,CE,CE,ce_anchor_pmi20,176,5,2,50111-0434,00591-0461,10.0,5,4.9194841384887695,True,checkpoints/pmi20_run_ce_anchor_pmi20_lr5e5_s44,results/pmi20_sota_convnext_base_test/pmi20_run_ce_anchor_pmi20_lr5e5_s44_05-04_10-08/metrics_20260504_100834_cross_entropy.json
44,CE,CE,ce_anchor_pmi20,177,5,2,50111-0434,00591-0461,10.0,5,8.447980672121048,True,checkpoints/pmi20_run_ce_anchor_pmi20_lr5e5_s44,results/pmi20_sota_convnext_base_test/pmi20_run_ce_anchor_pmi20_lr5e5_s44_05-04_10-08/metrics_20260504_100834_cross_entropy.json
44,CE,CE,ce_anchor_pmi20,178,5,2,50111-0434,00591-0461,10.0,5,4.583648920059204,True,checkpoints/pmi20_run_ce_anchor_pmi20_lr5e5_s44,results/pmi20_sota_convnext_base_test/pmi20_run_ce_anchor_pmi20_lr5e5_s44_05-04_10-08/metrics_20260504_100834_cross_entropy.json
44,CE,CE,ce_anchor_pmi20,179,5,2,50111-0434,00591-0461,10.0,5,8.523939847946167,True,checkpoints/pmi20_run_ce_anchor_pmi20_lr5e5_s44,results/pmi20_sota_convnext_base_test/pmi20_run_ce_anchor_pmi20_lr5e5_s44_05-04_10-08/metrics_20260504_100834_cross_entropy.json
44,CE,CE,ce_anchor_pmi20,180,5,2,50111-0434,00591-0461,10.0,5,7.0893332958221436,True,checkpoints/pmi20_run_ce_anchor_pmi20_lr5e5_s44,results/pmi20_sota_convnext_base_test/pmi20_run_ce_anchor_pmi20_lr5e5_s44_05-04_10-08/metrics_20260504_100834_cross_entropy.json
44,CE,CE,ce_anchor_pmi20,181,5,2,50111-0434,00591-0461,10.0,5,7.744015246629715,True,checkpoints/pmi20_run_ce_anchor_pmi20_lr5e5_s44,results/pmi20_sota_convnext_base_test/pmi20_run_ce_anchor_pmi20_lr5e5_s44_05-04_10-08/metrics_20260504_100834_cross_entropy.json
44,CE,CE,ce_anchor_pmi20,182,5,2,50111-0434,00591-0461,10.0,5,7.9827399253845215,True,checkpoints/pmi20_run_ce_anchor_pmi20_lr5e5_s44,results/pmi20_sota_convnext_base_test/pmi20_run_ce_anchor_pmi20_lr5e5_s44_05-04_10-08/metrics_20260504_100834_cross_entropy.json
44,CE,CE,ce_anchor_pmi20,183,5,2,50111-0434,00591-0461,10.0,5,8.057874917984009,True,checkpoints/pmi20_run_ce_anchor_pmi20_lr5e5_s44,results/pmi20_sota_convnext_base_test/pmi20_run_ce_anchor_pmi20_lr5e5_s44_05-04_10-08/metrics_20260504_100834_cross_entropy.json
44,CE,CE,ce_anchor_pmi20,184,5,2,50111-0434,00591-0461,10.0,5,3.3877973556518555,True,checkpoints/pmi20_run_ce_anchor_pmi20_lr5e5_s44,results/pmi20_sota_convnext_base_test/pmi20_run_ce_anchor_pmi20_lr5e5_s44_05-04_10-08/metrics_20260504_100834_cross_entropy.json
44,CE,CE,ce_anchor_pmi20,185,5,2,50111-0434,00591-0461,10.0,5,6.7882890701293945,True,checkpoints/pmi20_run_ce_anchor_pmi20_lr5e5_s44,results/pmi20_sota_convnext_base_test/pmi20_run_ce_anchor_pmi20_lr5e5_s44_05-04_10-08/metrics_20260504_100834_cross_entropy.json
44,CE,CE,ce_anchor_pmi20,186,5,2,50111-0434,00591-0461,10.0,5,6.564046740531921,True,checkpoints/pmi20_run_ce_anchor_pmi20_lr5e5_s44,results/pmi20_sota_convnext_base_test/pmi20_run_ce_anchor_pmi20_lr5e5_s44_05-04_10-08/metrics_20260504_100834_cross_entropy.json
44,CE,CE,ce_anchor_pmi20,187,5,2,50111-0434,00591-0461,10.0,5,8.638046473264694,True,checkpoints/pmi20_run_ce_anchor_pmi20_lr5e5_s44,results/pmi20_sota_convnext_base_test/pmi20_run_ce_anchor_pmi20_lr5e5_s44_05-04_10-08/metrics_20260504_100834_cross_entropy.json
44,CE,CE,ce_anchor_pmi20,188,5,2,50111-0434,00591-0461,10.0,5,7.609286665916443,True,checkpoints/pmi20_run_ce_anchor_pmi20_lr5e5_s44,results/pmi20_sota_convnext_base_test/pmi20_run_ce_anchor_pmi20_lr5e5_s44_05-04_10-08/metrics_20260504_100834_cross_entropy.json
44,CE,CE,ce_anchor_pmi20,189,5,2,50111-0434,00591-0461,10.0,5,4.264592409133911,True,checkpoints/pmi20_run_ce_anchor_pmi20_lr5e5_s44,results/pmi20_sota_convnext_base_test/pmi20_run_ce_anchor_pmi20_lr5e5_s44_05-04_10-08/metrics_20260504_100834_cross_entropy.json
44,CE,CE,ce_anchor_pmi20,190,5,2,50111-0434,00591-0461,10.0,5,7.530330300331116,True,checkpoints/pmi20_run_ce_anchor_pmi20_lr5e5_s44,results/pmi20_sota_convnext_base_test/pmi20_run_ce_anchor_pmi20_lr5e5_s44_05-04_10-08/metrics_20260504_100834_cross_entropy.json
44,CE,CE,ce_anchor_pmi20,191,5,2,50111-0434,00591-0461,10.0,5,7.92901748418808,True,checkpoints/pmi20_run_ce_anchor_pmi20_lr5e5_s44,results/pmi20_sota_convnext_base_test/pmi20_run_ce_anchor_pmi20_lr5e5_s44_05-04_10-08/metrics_20260504_100834_cross_entropy.json
44,CE,CE,ce_anchor_pmi20,192,6,15,53489-0156,68382-0227,10.0,6,6.978404879570007,True,checkpoints/pmi20_run_ce_anchor_pmi20_lr5e5_s44,results/pmi20_sota_convnext_base_test/pmi20_run_ce_anchor_pmi20_lr5e5_s44_05-04_10-08/metrics_20260504_100834_cross_entropy.json
44,CE,CE,ce_anchor_pmi20,193,6,15,53489-0156,68382-0227,10.0,6,7.680468916893005,True,checkpoints/pmi20_run_ce_anchor_pmi20_lr5e5_s44,results/pmi20_sota_convnext_base_test/pmi20_run_ce_anchor_pmi20_lr5e5_s44_05-04_10-08/metrics_20260504_100834_cross_entropy.json
44,CE,CE,ce_anchor_pmi20,194,6,15,53489-0156,68382-0227,10.0,6,7.235343337059021,True,checkpoints/pmi20_run_ce_anchor_pmi20_lr5e5_s44,results/pmi20_sota_convnext_base_test/pmi20_run_ce_anchor_pmi20_lr5e5_s44_05-04_10-08/metrics_20260504_100834_cross_entropy.json
44,CE,CE,ce_anchor_pmi20,195,6,15,53489-0156,68382-0227,10.0,6,6.863962292671204,True,checkpoints/pmi20_run_ce_anchor_pmi20_lr5e5_s44,results/pmi20_sota_convnext_base_test/pmi20_run_ce_anchor_pmi20_lr5e5_s44_05-04_10-08/metrics_20260504_100834_cross_entropy.json
44,CE,CE,ce_anchor_pmi20,196,6,15,53489-0156,68382-0227,10.0,6,7.810046672821045,True,checkpoints/pmi20_run_ce_anchor_pmi20_lr5e5_s44,results/pmi20_sota_convnext_base_test/pmi20_run_ce_anchor_pmi20_lr5e5_s44_05-04_10-08/metrics_20260504_100834_cross_entropy.json
44,CE,CE,ce_anchor_pmi20,197,6,15,53489-0156,68382-0227,10.0,6,6.585220754146576,True,checkpoints/pmi20_run_ce_anchor_pmi20_lr5e5_s44,results/pmi20_sota_convnext_base_test/pmi20_run_ce_anchor_pmi20_lr5e5_s44_05-04_10-08/metrics_20260504_100834_cross_entropy.json
44,CE,CE,ce_anchor_pmi20,198,6,15,53489-0156,68382-0227,10.0,6,8.890657424926758,True,checkpoints/pmi20_run_ce_anchor_pmi20_lr5e5_s44,results/pmi20_sota_convnext_base_test/pmi20_run_ce_anchor_pmi20_lr5e5_s44_05-04_10-08/metrics_20260504_100834_cross_entropy.json
44,CE,CE,ce_anchor_pmi20,199,6,15,53489-0156,68382-0227,10.0,6,7.9881017208099365,True,checkpoints/pmi20_run_ce_anchor_pmi20_lr5e5_s44,results/pmi20_sota_convnext_base_test/pmi20_run_ce_anchor_pmi20_lr5e5_s44_05-04_10-08/metrics_20260504_100834_cross_entropy.json
44,CE,CE,ce_anchor_pmi20,200,6,15,53489-0156,68382-0227,10.0,16,1.8954536020755768,True,checkpoints/pmi20_run_ce_anchor_pmi20_lr5e5_s44,results/pmi20_sota_convnext_base_test/pmi20_run_ce_anchor_pmi20_lr5e5_s44_05-04_10-08/metrics_20260504_100834_cross_entropy.json
44,CE,CE,ce_anchor_pmi20,201,6,15,53489-0156,68382-0227,10.0,6,7.817436058074236,True,checkpoints/pmi20_run_ce_anchor_pmi20_lr5e5_s44,results/pmi20_sota_convnext_base_test/pmi20_run_ce_anchor_pmi20_lr5e5_s44_05-04_10-08/metrics_20260504_100834_cross_entropy.json
44,CE,CE,ce_anchor_pmi20,202,6,15,53489-0156,68382-0227,10.0,6,6.844131261110306,True,checkpoints/pmi20_run_ce_anchor_pmi20_lr5e5_s44,results/pmi20_sota_convnext_base_test/pmi20_run_ce_anchor_pmi20_lr5e5_s44_05-04_10-08/metrics_20260504_100834_cross_entropy.json
44,CE,CE,ce_anchor_pmi20,203,6,15,53489-0156,68382-0227,10.0,6,7.632437348365784,True,checkpoints/pmi20_run_ce_anchor_pmi20_lr5e5_s44,results/pmi20_sota_convnext_base_test/pmi20_run_ce_anchor_pmi20_lr5e5_s44_05-04_10-08/metrics_20260504_100834_cross_entropy.json
44,CE,CE,ce_anchor_pmi20,204,6,15,53489-0156,68382-0227,10.0,6,7.2465667724609375,True,checkpoints/pmi20_run_ce_anchor_pmi20_lr5e5_s44,results/pmi20_sota_convnext_base_test/pmi20_run_ce_anchor_pmi20_lr5e5_s44_05-04_10-08/metrics_20260504_100834_cross_entropy.json
44,CE,CE,ce_anchor_pmi20,205,6,15,53489-0156,68382-0227,10.0,6,8.564519107341766,True,checkpoints/pmi20_run_ce_anchor_pmi20_lr5e5_s44,results/pmi20_sota_convnext_base_test/pmi20_run_ce_anchor_pmi20_lr5e5_s44_05-04_10-08/metrics_20260504_100834_cross_entropy.json
44,CE,CE,ce_anchor_pmi20,206,6,15,53489-0156,68382-0227,10.0,6,6.9461610317230225,True,checkpoints/pmi20_run_ce_anchor_pmi20_lr5e5_s44,results/pmi20_sota_convnext_base_test/pmi20_run_ce_anchor_pmi20_lr5e5_s44_05-04_10-08/metrics_20260504_100834_cross_entropy.json
44,CE,CE,ce_anchor_pmi20,207,6,15,53489-0156,68382-0227,10.0,6,7.54065728187561,True,checkpoints/pmi20_run_ce_anchor_pmi20_lr5e5_s44,results/pmi20_sota_convnext_base_test/pmi20_run_ce_anchor_pmi20_lr5e5_s44_05-04_10-08/metrics_20260504_100834_cross_entropy.json
44,CE,CE,ce_anchor_pmi20,208,6,15,53489-0156,68382-0227,10.0,6,7.316399574279785,True,checkpoints/pmi20_run_ce_anchor_pmi20_lr5e5_s44,results/pmi20_sota_convnext_base_test/pmi20_run_ce_anchor_pmi20_lr5e5_s44_05-04_10-08/metrics_20260504_100834_cross_entropy.json
44,CE,CE,ce_anchor_pmi20,209,6,15,53489-0156,68382-0227,10.0,6,7.8160072565078735,True,checkpoints/pmi20_run_ce_anchor_pmi20_lr5e5_s44,results/pmi20_sota_convnext_base_test/pmi20_run_ce_anchor_pmi20_lr5e5_s44_05-04_10-08/metrics_20260504_100834_cross_entropy.json
44,CE,CE,ce_anchor_pmi20,210,6,15,53489-0156,68382-0227,10.0,6,7.552273660898209,True,checkpoints/pmi20_run_ce_anchor_pmi20_lr5e5_s44,results/pmi20_sota_convnext_base_test/pmi20_run_ce_anchor_pmi20_lr5e5_s44_05-04_10-08/metrics_20260504_100834_cross_entropy.json
44,CE,CE,ce_anchor_pmi20,211,6,15,53489-0156,68382-0227,10.0,6,5.08149266242981,True,checkpoints/pmi20_run_ce_anchor_pmi20_lr5e5_s44,results/pmi20_sota_convnext_base_test/pmi20_run_ce_anchor_pmi20_lr5e5_s44_05-04_10-08/metrics_20260504_100834_cross_entropy.json
44,CE,CE,ce_anchor_pmi20,212,6,15,53489-0156,68382-0227,10.0,6,7.241909921169281,True,checkpoints/pmi20_run_ce_anchor_pmi20_lr5e5_s44,results/pmi20_sota_convnext_base_test/pmi20_run_ce_anchor_pmi20_lr5e5_s44_05-04_10-08/metrics_20260504_100834_cross_entropy.json
44,CE,CE,ce_anchor_pmi20,213,6,15,53489-0156,68382-0227,10.0,6,6.791336297988892,True,checkpoints/pmi20_run_ce_anchor_pmi20_lr5e5_s44,results/pmi20_sota_convnext_base_test/pmi20_run_ce_anchor_pmi20_lr5e5_s44_05-04_10-08/metrics_20260504_100834_cross_entropy.json
44,CE,CE,ce_anchor_pmi20,214,6,15,53489-0156,68382-0227,10.0,16,2.5918909907341003,True,checkpoints/pmi20_run_ce_anchor_pmi20_lr5e5_s44,results/pmi20_sota_convnext_base_test/pmi20_run_ce_anchor_pmi20_lr5e5_s44_05-04_10-08/metrics_20260504_100834_cross_entropy.json
44,CE,CE,ce_anchor_pmi20,215,6,15,53489-0156,68382-0227,10.0,6,8.029864139854908,True,checkpoints/pmi20_run_ce_anchor_pmi20_lr5e5_s44,results/pmi20_sota_convnext_base_test/pmi20_run_ce_anchor_pmi20_lr5e5_s44_05-04_10-08/metrics_20260504_100834_cross_entropy.json
44,CE,CE,ce_anchor_pmi20,216,6,15,53489-0156,68382-0227,10.0,6,6.146871209144592,True,checkpoints/pmi20_run_ce_anchor_pmi20_lr5e5_s44,results/pmi20_sota_convnext_base_test/pmi20_run_ce_anchor_pmi20_lr5e5_s44_05-04_10-08/metrics_20260504_100834_cross_entropy.json
44,CE,CE,ce_anchor_pmi20,217,6,15,53489-0156,68382-0227,10.0,6,8.171606659889221,True,checkpoints/pmi20_run_ce_anchor_pmi20_lr5e5_s44,results/pmi20_sota_convnext_base_test/pmi20_run_ce_anchor_pmi20_lr5e5_s44_05-04_10-08/metrics_20260504_100834_cross_entropy.json
44,CE,CE,ce_anchor_pmi20,218,6,15,53489-0156,68382-0227,10.0,6,1.1979551315307617,True,checkpoints/pmi20_run_ce_anchor_pmi20_lr5e5_s44,results/pmi20_sota_convnext_base_test/pmi20_run_ce_anchor_pmi20_lr5e5_s44_05-04_10-08/metrics_20260504_100834_cross_entropy.json
44,CE,CE,ce_anchor_pmi20,219,6,15,53489-0156,68382-0227,10.0,6,1.5024619102478027,True,checkpoints/pmi20_run_ce_anchor_pmi20_lr5e5_s44,results/pmi20_sota_convnext_base_test/pmi20_run_ce_anchor_pmi20_lr5e5_s44_05-04_10-08/metrics_20260504_100834_cross_entropy.json
44,CE,CE,ce_anchor_pmi20,220,6,15,53489-0156,68382-0227,10.0,6,7.5397597551345825,True,checkpoints/pmi20_run_ce_anchor_pmi20_lr5e5_s44,results/pmi20_sota_convnext_base_test/pmi20_run_ce_anchor_pmi20_lr5e5_s44_05-04_10-08/metrics_20260504_100834_cross_entropy.json
44,CE,CE,ce_anchor_pmi20,221,6,15,53489-0156,68382-0227,10.0,6,7.618713736534119,True,checkpoints/pmi20_run_ce_anchor_pmi20_lr5e5_s44,results/pmi20_sota_convnext_base_test/pmi20_run_ce_anchor_pmi20_lr5e5_s44_05-04_10-08/metrics_20260504_100834_cross_entropy.json
44,CE,CE,ce_anchor_pmi20,222,6,15,53489-0156,68382-0227,10.0,6,7.675269842147827,True,checkpoints/pmi20_run_ce_anchor_pmi20_lr5e5_s44,results/pmi20_sota_convnext_base_test/pmi20_run_ce_anchor_pmi20_lr5e5_s44_05-04_10-08/metrics_20260504_100834_cross_entropy.json
44,CE,CE,ce_anchor_pmi20,223,6,15,53489-0156,68382-0227,10.0,6,8.922036111354828,True,checkpoints/pmi20_run_ce_anchor_pmi20_lr5e5_s44,results/pmi20_sota_convnext_base_test/pmi20_run_ce_anchor_pmi20_lr5e5_s44_05-04_10-08/metrics_20260504_100834_cross_entropy.json
44,CE,CE,ce_anchor_pmi20,224,7,0,53746-0544,00378-0208,10.0,7,7.370781779289246,True,checkpoints/pmi20_run_ce_anchor_pmi20_lr5e5_s44,results/pmi20_sota_convnext_base_test/pmi20_run_ce_anchor_pmi20_lr5e5_s44_05-04_10-08/metrics_20260504_100834_cross_entropy.json
44,CE,CE,ce_anchor_pmi20,225,7,0,53746-0544,00378-0208,10.0,7,7.562026739120483,True,checkpoints/pmi20_run_ce_anchor_pmi20_lr5e5_s44,results/pmi20_sota_convnext_base_test/pmi20_run_ce_anchor_pmi20_lr5e5_s44_05-04_10-08/metrics_20260504_100834_cross_entropy.json
44,CE,CE,ce_anchor_pmi20,226,7,0,53746-0544,00378-0208,10.0,7,7.021502137184143,True,checkpoints/pmi20_run_ce_anchor_pmi20_lr5e5_s44,results/pmi20_sota_convnext_base_test/pmi20_run_ce_anchor_pmi20_lr5e5_s44_05-04_10-08/metrics_20260504_100834_cross_entropy.json
44,CE,CE,ce_anchor_pmi20,227,7,0,53746-0544,00378-0208,10.0,7,8.419253319501877,True,checkpoints/pmi20_run_ce_anchor_pmi20_lr5e5_s44,results/pmi20_sota_convnext_base_test/pmi20_run_ce_anchor_pmi20_lr5e5_s44_05-04_10-08/metrics_20260504_100834_cross_entropy.json
44,CE,CE,ce_anchor_pmi20,228,7,0,53746-0544,00378-0208,10.0,7,6.672222256660461,True,checkpoints/pmi20_run_ce_anchor_pmi20_lr5e5_s44,results/pmi20_sota_convnext_base_test/pmi20_run_ce_anchor_pmi20_lr5e5_s44_05-04_10-08/metrics_20260504_100834_cross_entropy.json
44,CE,CE,ce_anchor_pmi20,229,7,0,53746-0544,00378-0208,10.0,7,8.856344074010849,True,checkpoints/pmi20_run_ce_anchor_pmi20_lr5e5_s44,results/pmi20_sota_convnext_base_test/pmi20_run_ce_anchor_pmi20_lr5e5_s44_05-04_10-08/metrics_20260504_100834_cross_entropy.json
44,CE,CE,ce_anchor_pmi20,230,7,0,53746-0544,00378-0208,10.0,7,8.534272745251656,True,checkpoints/pmi20_run_ce_anchor_pmi20_lr5e5_s44,results/pmi20_sota_convnext_base_test/pmi20_run_ce_anchor_pmi20_lr5e5_s44_05-04_10-08/metrics_20260504_100834_cross_entropy.json
44,CE,CE,ce_anchor_pmi20,231,7,0,53746-0544,00378-0208,10.0,7,8.85386374592781,True,checkpoints/pmi20_run_ce_anchor_pmi20_lr5e5_s44,results/pmi20_sota_convnext_base_test/pmi20_run_ce_anchor_pmi20_lr5e5_s44_05-04_10-08/metrics_20260504_100834_cross_entropy.json
44,CE,CE,ce_anchor_pmi20,232,7,0,53746-0544,00378-0208,10.0,7,8.236363410949707,True,checkpoints/pmi20_run_ce_anchor_pmi20_lr5e5_s44,results/pmi20_sota_convnext_base_test/pmi20_run_ce_anchor_pmi20_lr5e5_s44_05-04_10-08/metrics_20260504_100834_cross_entropy.json
44,CE,CE,ce_anchor_pmi20,233,7,0,53746-0544,00378-0208,10.0,7,9.749773502349854,True,checkpoints/pmi20_run_ce_anchor_pmi20_lr5e5_s44,results/pmi20_sota_convnext_base_test/pmi20_run_ce_anchor_pmi20_lr5e5_s44_05-04_10-08/metrics_20260504_100834_cross_entropy.json
44,CE,CE,ce_anchor_pmi20,234,7,0,53746-0544,00378-0208,10.0,7,8.56636768579483,True,checkpoints/pmi20_run_ce_anchor_pmi20_lr5e5_s44,results/pmi20_sota_convnext_base_test/pmi20_run_ce_anchor_pmi20_lr5e5_s44_05-04_10-08/metrics_20260504_100834_cross_entropy.json
44,CE,CE,ce_anchor_pmi20,235,7,0,53746-0544,00378-0208,10.0,7,9.130344808101654,True,checkpoints/pmi20_run_ce_anchor_pmi20_lr5e5_s44,results/pmi20_sota_convnext_base_test/pmi20_run_ce_anchor_pmi20_lr5e5_s44_05-04_10-08/metrics_20260504_100834_cross_entropy.json
44,CE,CE,ce_anchor_pmi20,236,7,0,53746-0544,00378-0208,10.0,7,8.641007870435715,True,checkpoints/pmi20_run_ce_anchor_pmi20_lr5e5_s44,results/pmi20_sota_convnext_base_test/pmi20_run_ce_anchor_pmi20_lr5e5_s44_05-04_10-08/metrics_20260504_100834_cross_entropy.json
44,CE,CE,ce_anchor_pmi20,237,7,0,53746-0544,00378-0208,10.0,7,8.783486355096102,True,checkpoints/pmi20_run_ce_anchor_pmi20_lr5e5_s44,results/pmi20_sota_convnext_base_test/pmi20_run_ce_anchor_pmi20_lr5e5_s44_05-04_10-08/metrics_20260504_100834_cross_entropy.json
44,CE,CE,ce_anchor_pmi20,238,7,0,53746-0544,00378-0208,10.0,7,7.377813816070557,True,checkpoints/pmi20_run_ce_anchor_pmi20_lr5e5_s44,results/pmi20_sota_convnext_base_test/pmi20_run_ce_anchor_pmi20_lr5e5_s44_05-04_10-08/metrics_20260504_100834_cross_entropy.json
44,CE,CE,ce_anchor_pmi20,239,7,0,53746-0544,00378-0208,10.0,0,-1.8274872303009033,False,checkpoints/pmi20_run_ce_anchor_pmi20_lr5e5_s44,results/pmi20_sota_convnext_base_test/pmi20_run_ce_anchor_pmi20_lr5e5_s44_05-04_10-08/metrics_20260504_100834_cross_entropy.json
44,CE,CE,ce_anchor_pmi20,240,7,0,53746-0544,00378-0208,10.0,7,7.9967634081840515,True,checkpoints/pmi20_run_ce_anchor_pmi20_lr5e5_s44,results/pmi20_sota_convnext_base_test/pmi20_run_ce_anchor_pmi20_lr5e5_s44_05-04_10-08/metrics_20260504_100834_cross_entropy.json
44,CE,CE,ce_anchor_pmi20,241,7,0,53746-0544,00378-0208,10.0,7,8.380228132009506,True,checkpoints/pmi20_run_ce_anchor_pmi20_lr5e5_s44,results/pmi20_sota_convnext_base_test/pmi20_run_ce_anchor_pmi20_lr5e5_s44_05-04_10-08/metrics_20260504_100834_cross_entropy.json
44,CE,CE,ce_anchor_pmi20,242,7,0,53746-0544,00378-0208,10.0,7,8.832452595233917,True,checkpoints/pmi20_run_ce_anchor_pmi20_lr5e5_s44,results/pmi20_sota_convnext_base_test/pmi20_run_ce_anchor_pmi20_lr5e5_s44_05-04_10-08/metrics_20260504_100834_cross_entropy.json
44,CE,CE,ce_anchor_pmi20,243,7,0,53746-0544,00378-0208,10.0,7,7.3652122020721436,True,checkpoints/pmi20_run_ce_anchor_pmi20_lr5e5_s44,results/pmi20_sota_convnext_base_test/pmi20_run_ce_anchor_pmi20_lr5e5_s44_05-04_10-08/metrics_20260504_100834_cross_entropy.json
44,CE,CE,ce_anchor_pmi20,244,7,0,53746-0544,00378-0208,10.0,7,8.099877953529358,True,checkpoints/pmi20_run_ce_anchor_pmi20_lr5e5_s44,results/pmi20_sota_convnext_base_test/pmi20_run_ce_anchor_pmi20_lr5e5_s44_05-04_10-08/metrics_20260504_100834_cross_entropy.json
44,CE,CE,ce_anchor_pmi20,245,7,0,53746-0544,00378-0208,10.0,7,8.18120864033699,True,checkpoints/pmi20_run_ce_anchor_pmi20_lr5e5_s44,results/pmi20_sota_convnext_base_test/pmi20_run_ce_anchor_pmi20_lr5e5_s44_05-04_10-08/metrics_20260504_100834_cross_entropy.json
44,CE,CE,ce_anchor_pmi20,246,7,0,53746-0544,00378-0208,10.0,7,8.722508937120438,True,checkpoints/pmi20_run_ce_anchor_pmi20_lr5e5_s44,results/pmi20_sota_convnext_base_test/pmi20_run_ce_anchor_pmi20_lr5e5_s44_05-04_10-08/metrics_20260504_100834_cross_entropy.json
44,CE,CE,ce_anchor_pmi20,247,7,0,53746-0544,00378-0208,10.0,7,8.293102085590363,True,checkpoints/pmi20_run_ce_anchor_pmi20_lr5e5_s44,results/pmi20_sota_convnext_base_test/pmi20_run_ce_anchor_pmi20_lr5e5_s44_05-04_10-08/metrics_20260504_100834_cross_entropy.json
44,CE,CE,ce_anchor_pmi20,248,7,0,53746-0544,00378-0208,10.0,7,8.639547646045685,True,checkpoints/pmi20_run_ce_anchor_pmi20_lr5e5_s44,results/pmi20_sota_convnext_base_test/pmi20_run_ce_anchor_pmi20_lr5e5_s44_05-04_10-08/metrics_20260504_100834_cross_entropy.json
44,CE,CE,ce_anchor_pmi20,249,7,0,53746-0544,00378-0208,10.0,7,8.182332217693329,True,checkpoints/pmi20_run_ce_anchor_pmi20_lr5e5_s44,results/pmi20_sota_convnext_base_test/pmi20_run_ce_anchor_pmi20_lr5e5_s44_05-04_10-08/metrics_20260504_100834_cross_entropy.json
44,CE,CE,ce_anchor_pmi20,250,7,0,53746-0544,00378-0208,10.0,7,8.233234882354736,True,checkpoints/pmi20_run_ce_anchor_pmi20_lr5e5_s44,results/pmi20_sota_convnext_base_test/pmi20_run_ce_anchor_pmi20_lr5e5_s44_05-04_10-08/metrics_20260504_100834_cross_entropy.json
44,CE,CE,ce_anchor_pmi20,251,7,0,53746-0544,00378-0208,10.0,7,8.069709300994873,True,checkpoints/pmi20_run_ce_anchor_pmi20_lr5e5_s44,results/pmi20_sota_convnext_base_test/pmi20_run_ce_anchor_pmi20_lr5e5_s44_05-04_10-08/metrics_20260504_100834_cross_entropy.json
44,CE,CE,ce_anchor_pmi20,252,7,0,53746-0544,00378-0208,10.0,7,9.319833010435104,True,checkpoints/pmi20_run_ce_anchor_pmi20_lr5e5_s44,results/pmi20_sota_convnext_base_test/pmi20_run_ce_anchor_pmi20_lr5e5_s44_05-04_10-08/metrics_20260504_100834_cross_entropy.json
44,CE,CE,ce_anchor_pmi20,253,7,0,53746-0544,00378-0208,10.0,7,8.476930856704712,True,checkpoints/pmi20_run_ce_anchor_pmi20_lr5e5_s44,results/pmi20_sota_convnext_base_test/pmi20_run_ce_anchor_pmi20_lr5e5_s44_05-04_10-08/metrics_20260504_100834_cross_entropy.json
44,CE,CE,ce_anchor_pmi20,254,7,0,53746-0544,00378-0208,10.0,7,6.816327095031738,True,checkpoints/pmi20_run_ce_anchor_pmi20_lr5e5_s44,results/pmi20_sota_convnext_base_test/pmi20_run_ce_anchor_pmi20_lr5e5_s44_05-04_10-08/metrics_20260504_100834_cross_entropy.json
44,CE,CE,ce_anchor_pmi20,255,7,0,53746-0544,00378-0208,10.0,7,8.62845116853714,True,checkpoints/pmi20_run_ce_anchor_pmi20_lr5e5_s44,results/pmi20_sota_convnext_base_test/pmi20_run_ce_anchor_pmi20_lr5e5_s44_05-04_10-08/metrics_20260504_100834_cross_entropy.json
44,CE,CE,ce_anchor_pmi20,480,15,6,68382-0227,53489-0156,8.0,15,4.79826021194458,True,checkpoints/pmi20_run_ce_anchor_pmi20_lr5e5_s44,results/pmi20_sota_convnext_base_test/pmi20_run_ce_anchor_pmi20_lr5e5_s44_05-04_10-08/metrics_20260504_100834_cross_entropy.json
44,CE,CE,ce_anchor_pmi20,481,15,6,68382-0227,53489-0156,8.0,15,4.461827754974365,True,checkpoints/pmi20_run_ce_anchor_pmi20_lr5e5_s44,results/pmi20_sota_convnext_base_test/pmi20_run_ce_anchor_pmi20_lr5e5_s44_05-04_10-08/metrics_20260504_100834_cross_entropy.json
44,CE,CE,ce_anchor_pmi20,482,15,6,68382-0227,53489-0156,8.0,15,5.674368619918823,True,checkpoints/pmi20_run_ce_anchor_pmi20_lr5e5_s44,results/pmi20_sota_convnext_base_test/pmi20_run_ce_anchor_pmi20_lr5e5_s44_05-04_10-08/metrics_20260504_100834_cross_entropy.json
44,CE,CE,ce_anchor_pmi20,483,15,6,68382-0227,53489-0156,8.0,15,2.7884249687194824,True,checkpoints/pmi20_run_ce_anchor_pmi20_lr5e5_s44,results/pmi20_sota_convnext_base_test/pmi20_run_ce_anchor_pmi20_lr5e5_s44_05-04_10-08/metrics_20260504_100834_cross_entropy.json
44,CE,CE,ce_anchor_pmi20,484,15,6,68382-0227,53489-0156,8.0,15,7.309814691543579,True,checkpoints/pmi20_run_ce_anchor_pmi20_lr5e5_s44,results/pmi20_sota_convnext_base_test/pmi20_run_ce_anchor_pmi20_lr5e5_s44_05-04_10-08/metrics_20260504_100834_cross_entropy.json
44,CE,CE,ce_anchor_pmi20,485,15,6,68382-0227,53489-0156,8.0,15,5.055596828460693,True,checkpoints/pmi20_run_ce_anchor_pmi20_lr5e5_s44,results/pmi20_sota_convnext_base_test/pmi20_run_ce_anchor_pmi20_lr5e5_s44_05-04_10-08/metrics_20260504_100834_cross_entropy.json
44,CE,CE,ce_anchor_pmi20,486,15,6,68382-0227,53489-0156,8.0,15,1.6358914375305176,True,checkpoints/pmi20_run_ce_anchor_pmi20_lr5e5_s44,results/pmi20_sota_convnext_base_test/pmi20_run_ce_anchor_pmi20_lr5e5_s44_05-04_10-08/metrics_20260504_100834_cross_entropy.json
44,CE,CE,ce_anchor_pmi20,487,15,6,68382-0227,53489-0156,8.0,15,4.349477529525757,True,checkpoints/pmi20_run_ce_anchor_pmi20_lr5e5_s44,results/pmi20_sota_convnext_base_test/pmi20_run_ce_anchor_pmi20_lr5e5_s44_05-04_10-08/metrics_20260504_100834_cross_entropy.json
44,CE,CE,ce_anchor_pmi20,488,15,6,68382-0227,53489-0156,8.0,15,3.378230571746826,True,checkpoints/pmi20_run_ce_anchor_pmi20_lr5e5_s44,results/pmi20_sota_convnext_base_test/pmi20_run_ce_anchor_pmi20_lr5e5_s44_05-04_10-08/metrics_20260504_100834_cross_entropy.json
44,CE,CE,ce_anchor_pmi20,489,15,6,68382-0227,53489-0156,8.0,15,6.448383331298828,True,checkpoints/pmi20_run_ce_anchor_pmi20_lr5e5_s44,results/pmi20_sota_convnext_base_test/pmi20_run_ce_anchor_pmi20_lr5e5_s44_05-04_10-08/metrics_20260504_100834_cross_entropy.json
44,CE,CE,ce_anchor_pmi20,490,15,6,68382-0227,53489-0156,8.0,15,4.824119567871094,True,checkpoints/pmi20_run_ce_anchor_pmi20_lr5e5_s44,results/pmi20_sota_convnext_base_test/pmi20_run_ce_anchor_pmi20_lr5e5_s44_05-04_10-08/metrics_20260504_100834_cross_entropy.json
44,CE,CE,ce_anchor_pmi20,491,15,6,68382-0227,53489-0156,8.0,15,3.055478096008301,True,checkpoints/pmi20_run_ce_anchor_pmi20_lr5e5_s44,results/pmi20_sota_convnext_base_test/pmi20_run_ce_anchor_pmi20_lr5e5_s44_05-04_10-08/metrics_20260504_100834_cross_entropy.json
44,CE,CE,ce_anchor_pmi20,492,15,6,68382-0227,53489-0156,8.0,15,0.35037994384765625,True,checkpoints/pmi20_run_ce_anchor_pmi20_lr5e5_s44,results/pmi20_sota_convnext_base_test/pmi20_run_ce_anchor_pmi20_lr5e5_s44_05-04_10-08/metrics_20260504_100834_cross_entropy.json
44,CE,CE,ce_anchor_pmi20,493,15,6,68382-0227,53489-0156,8.0,15,5.396338701248169,True,checkpoints/pmi20_run_ce_anchor_pmi20_lr5e5_s44,results/pmi20_sota_convnext_base_test/pmi20_run_ce_anchor_pmi20_lr5e5_s44_05-04_10-08/metrics_20260504_100834_cross_entropy.json
44,CE,CE,ce_anchor_pmi20,494,15,6,68382-0227,53489-0156,8.0,15,5.425148010253906,True,checkpoints/pmi20_run_ce_anchor_pmi20_lr5e5_s44,results/pmi20_sota_convnext_base_test/pmi20_run_ce_anchor_pmi20_lr5e5_s44_05-04_10-08/metrics_20260504_100834_cross_entropy.json
44,CE,CE,ce_anchor_pmi20,495,15,6,68382-0227,53489-0156,8.0,15,4.332436561584473,True,checkpoints/pmi20_run_ce_anchor_pmi20_lr5e5_s44,results/pmi20_sota_convnext_base_test/pmi20_run_ce_anchor_pmi20_lr5e5_s44_05-04_10-08/metrics_20260504_100834_cross_entropy.json
44,CE,CE,ce_anchor_pmi20,496,15,6,68382-0227,53489-0156,8.0,15,1.723221778869629,True,checkpoints/pmi20_run_ce_anchor_pmi20_lr5e5_s44,results/pmi20_sota_convnext_base_test/pmi20_run_ce_anchor_pmi20_lr5e5_s44_05-04_10-08/metrics_20260504_100834_cross_entropy.json
44,CE,CE,ce_anchor_pmi20,497,15,6,68382-0227,53489-0156,8.0,15,6.880874872207642,True,checkpoints/pmi20_run_ce_anchor_pmi20_lr5e5_s44,results/pmi20_sota_convnext_base_test/pmi20_run_ce_anchor_pmi20_lr5e5_s44_05-04_10-08/metrics_20260504_100834_cross_entropy.json
44,CE,CE,ce_anchor_pmi20,498,15,6,68382-0227,53489-0156,8.0,15,3.9316205978393555,True,checkpoints/pmi20_run_ce_anchor_pmi20_lr5e5_s44,results/pmi20_sota_convnext_base_test/pmi20_run_ce_anchor_pmi20_lr5e5_s44_05-04_10-08/metrics_20260504_100834_cross_entropy.json
44,CE,CE,ce_anchor_pmi20,499,15,6,68382-0227,53489-0156,8.0,15,4.686506986618042,True,checkpoints/pmi20_run_ce_anchor_pmi20_lr5e5_s44,results/pmi20_sota_convnext_base_test/pmi20_run_ce_anchor_pmi20_lr5e5_s44_05-04_10-08/metrics_20260504_100834_cross_entropy.json
44,CE,CE,ce_anchor_pmi20,500,15,6,68382-0227,53489-0156,8.0,15,5.435565948486328,True,checkpoints/pmi20_run_ce_anchor_pmi20_lr5e5_s44,results/pmi20_sota_convnext_base_test/pmi20_run_ce_anchor_pmi20_lr5e5_s44_05-04_10-08/metrics_20260504_100834_cross_entropy.json
44,CE,CE,ce_anchor_pmi20,501,15,6,68382-0227,53489-0156,8.0,15,5.939100742340088,True,checkpoints/pmi20_run_ce_anchor_pmi20_lr5e5_s44,results/pmi20_sota_convnext_base_test/pmi20_run_ce_anchor_pmi20_lr5e5_s44_05-04_10-08/metrics_20260504_100834_cross_entropy.json
44,CE,CE,ce_anchor_pmi20,502,15,6,68382-0227,53489-0156,8.0,15,4.884034156799316,True,checkpoints/pmi20_run_ce_anchor_pmi20_lr5e5_s44,results/pmi20_sota_convnext_base_test/pmi20_run_ce_anchor_pmi20_lr5e5_s44_05-04_10-08/metrics_20260504_100834_cross_entropy.json
44,CE,CE,ce_anchor_pmi20,503,15,6,68382-0227,53489-0156,8.0,15,4.471129417419434,True,checkpoints/pmi20_run_ce_anchor_pmi20_lr5e5_s44,results/pmi20_sota_convnext_base_test/pmi20_run_ce_anchor_pmi20_lr5e5_s44_05-04_10-08/metrics_20260504_100834_cross_entropy.json
44,CE,CE,ce_anchor_pmi20,504,15,6,68382-0227,53489-0156,8.0,15,2.722989082336426,True,checkpoints/pmi20_run_ce_anchor_pmi20_lr5e5_s44,results/pmi20_sota_convnext_base_test/pmi20_run_ce_anchor_pmi20_lr5e5_s44_05-04_10-08/metrics_20260504_100834_cross_entropy.json
44,CE,CE,ce_anchor_pmi20,505,15,6,68382-0227,53489-0156,8.0,15,2.8749547004699707,True,checkpoints/pmi20_run_ce_anchor_pmi20_lr5e5_s44,results/pmi20_sota_convnext_base_test/pmi20_run_ce_anchor_pmi20_lr5e5_s44_05-04_10-08/metrics_20260504_100834_cross_entropy.json
44,CE,CE,ce_anchor_pmi20,506,15,6,68382-0227,53489-0156,8.0,15,2.0074968338012695,True,checkpoints/pmi20_run_ce_anchor_pmi20_lr5e5_s44,results/pmi20_sota_convnext_base_test/pmi20_run_ce_anchor_pmi20_lr5e5_s44_05-04_10-08/metrics_20260504_100834_cross_entropy.json
44,CE,CE,ce_anchor_pmi20,507,15,6,68382-0227,53489-0156,8.0,15,3.4779257774353027,True,checkpoints/pmi20_run_ce_anchor_pmi20_lr5e5_s44,results/pmi20_sota_convnext_base_test/pmi20_run_ce_anchor_pmi20_lr5e5_s44_05-04_10-08/metrics_20260504_100834_cross_entropy.json
44,CE,CE,ce_anchor_pmi20,508,15,6,68382-0227,53489-0156,8.0,15,1.4818568229675293,True,checkpoints/pmi20_run_ce_anchor_pmi20_lr5e5_s44,results/pmi20_sota_convnext_base_test/pmi20_run_ce_anchor_pmi20_lr5e5_s44_05-04_10-08/metrics_20260504_100834_cross_entropy.json
44,CE,CE,ce_anchor_pmi20,509,15,6,68382-0227,53489-0156,8.0,15,2.9590816497802734,True,checkpoints/pmi20_run_ce_anchor_pmi20_lr5e5_s44,results/pmi20_sota_convnext_base_test/pmi20_run_ce_anchor_pmi20_lr5e5_s44_05-04_10-08/metrics_20260504_100834_cross_entropy.json
44,CE,CE,ce_anchor_pmi20,510,15,6,68382-0227,53489-0156,8.0,15,4.718514919281006,True,checkpoints/pmi20_run_ce_anchor_pmi20_lr5e5_s44,results/pmi20_sota_convnext_base_test/pmi20_run_ce_anchor_pmi20_lr5e5_s44_05-04_10-08/metrics_20260504_100834_cross_entropy.json
44,CE,CE,ce_anchor_pmi20,511,15,6,68382-0227,53489-0156,8.0,15,5.986979007720947,True,checkpoints/pmi20_run_ce_anchor_pmi20_lr5e5_s44,results/pmi20_sota_convnext_base_test/pmi20_run_ce_anchor_pmi20_lr5e5_s44_05-04_10-08/metrics_20260504_100834_cross_entropy.json
44,cost_sensitive_regularized_ce,cost-sensitive regularized CE,cost_sensitive_regularized_ce,160,5,2,50111-0434,00591-0461,10.0,5,8.280285894870758,True,checkpoints/pmi20_run_cost_sensitive_regularized_ce_lr5e5_s44,results/pmi20_sota_convnext_base_test/pmi20_run_cost_sensitive_regularized_ce_lr5e5_s44_05-04_10-28/metrics_20260504_102841_cost_sensitive_regularized_ce.json
44,cost_sensitive_regularized_ce,cost-sensitive regularized CE,cost_sensitive_regularized_ce,161,5,2,50111-0434,00591-0461,10.0,5,8.485284686088562,True,checkpoints/pmi20_run_cost_sensitive_regularized_ce_lr5e5_s44,results/pmi20_sota_convnext_base_test/pmi20_run_cost_sensitive_regularized_ce_lr5e5_s44_05-04_10-28/metrics_20260504_102841_cost_sensitive_regularized_ce.json
44,cost_sensitive_regularized_ce,cost-sensitive regularized CE,cost_sensitive_regularized_ce,162,5,2,50111-0434,00591-0461,10.0,5,9.38025163859129,True,checkpoints/pmi20_run_cost_sensitive_regularized_ce_lr5e5_s44,results/pmi20_sota_convnext_base_test/pmi20_run_cost_sensitive_regularized_ce_lr5e5_s44_05-04_10-28/metrics_20260504_102841_cost_sensitive_regularized_ce.json
44,cost_sensitive_regularized_ce,cost-sensitive regularized CE,cost_sensitive_regularized_ce,163,5,2,50111-0434,00591-0461,10.0,5,9.72679853439331,True,checkpoints/pmi20_run_cost_sensitive_regularized_ce_lr5e5_s44,results/pmi20_sota_convnext_base_test/pmi20_run_cost_sensitive_regularized_ce_lr5e5_s44_05-04_10-28/metrics_20260504_102841_cost_sensitive_regularized_ce.json
44,cost_sensitive_regularized_ce,cost-sensitive regularized CE,cost_sensitive_regularized_ce,164,5,2,50111-0434,00591-0461,10.0,5,10.220792293548584,True,checkpoints/pmi20_run_cost_sensitive_regularized_ce_lr5e5_s44,results/pmi20_sota_convnext_base_test/pmi20_run_cost_sensitive_regularized_ce_lr5e5_s44_05-04_10-28/metrics_20260504_102841_cost_sensitive_regularized_ce.json
44,cost_sensitive_regularized_ce,cost-sensitive regularized CE,cost_sensitive_regularized_ce,165,5,2,50111-0434,00591-0461,10.0,5,9.370362609624863,True,checkpoints/pmi20_run_cost_sensitive_regularized_ce_lr5e5_s44,results/pmi20_sota_convnext_base_test/pmi20_run_cost_sensitive_regularized_ce_lr5e5_s44_05-04_10-28/metrics_20260504_102841_cost_sensitive_regularized_ce.json
44,cost_sensitive_regularized_ce,cost-sensitive regularized CE,cost_sensitive_regularized_ce,166,5,2,50111-0434,00591-0461,10.0,5,9.516728043556213,True,checkpoints/pmi20_run_cost_sensitive_regularized_ce_lr5e5_s44,results/pmi20_sota_convnext_base_test/pmi20_run_cost_sensitive_regularized_ce_lr5e5_s44_05-04_10-28/metrics_20260504_102841_cost_sensitive_regularized_ce.json
44,cost_sensitive_regularized_ce,cost-sensitive regularized CE,cost_sensitive_regularized_ce,167,5,2,50111-0434,00591-0461,10.0,5,6.798492908477783,True,checkpoints/pmi20_run_cost_sensitive_regularized_ce_lr5e5_s44,results/pmi20_sota_convnext_base_test/pmi20_run_cost_sensitive_regularized_ce_lr5e5_s44_05-04_10-28/metrics_20260504_102841_cost_sensitive_regularized_ce.json
44,cost_sensitive_regularized_ce,cost-sensitive regularized CE,cost_sensitive_regularized_ce,168,5,2,50111-0434,00591-0461,10.0,5,9.162649232894182,True,checkpoints/pmi20_run_cost_sensitive_regularized_ce_lr5e5_s44,results/pmi20_sota_convnext_base_test/pmi20_run_cost_sensitive_regularized_ce_lr5e5_s44_05-04_10-28/metrics_20260504_102841_cost_sensitive_regularized_ce.json
44,cost_sensitive_regularized_ce,cost-sensitive regularized CE,cost_sensitive_regularized_ce,169,5,2,50111-0434,00591-0461,10.0,5,8.443126201629639,True,checkpoints/pmi20_run_cost_sensitive_regularized_ce_lr5e5_s44,results/pmi20_sota_convnext_base_test/pmi20_run_cost_sensitive_regularized_ce_lr5e5_s44_05-04_10-28/metrics_20260504_102841_cost_sensitive_regularized_ce.json
44,cost_sensitive_regularized_ce,cost-sensitive regularized CE,cost_sensitive_regularized_ce,170,5,2,50111-0434,00591-0461,10.0,5,8.845617204904556,True,checkpoints/pmi20_run_cost_sensitive_regularized_ce_lr5e5_s44,results/pmi20_sota_convnext_base_test/pmi20_run_cost_sensitive_regularized_ce_lr5e5_s44_05-04_10-28/metrics_20260504_102841_cost_sensitive_regularized_ce.json
44,cost_sensitive_regularized_ce,cost-sensitive regularized CE,cost_sensitive_regularized_ce,171,5,2,50111-0434,00591-0461,10.0,5,9.938855439424515,True,checkpoints/pmi20_run_cost_sensitive_regularized_ce_lr5e5_s44,results/pmi20_sota_convnext_base_test/pmi20_run_cost_sensitive_regularized_ce_lr5e5_s44_05-04_10-28/metrics_20260504_102841_cost_sensitive_regularized_ce.json
44,cost_sensitive_regularized_ce,cost-sensitive regularized CE,cost_sensitive_regularized_ce,172,5,2,50111-0434,00591-0461,10.0,5,6.292035341262817,True,checkpoints/pmi20_run_cost_sensitive_regularized_ce_lr5e5_s44,results/pmi20_sota_convnext_base_test/pmi20_run_cost_sensitive_regularized_ce_lr5e5_s44_05-04_10-28/metrics_20260504_102841_cost_sensitive_regularized_ce.json
44,cost_sensitive_regularized_ce,cost-sensitive regularized CE,cost_sensitive_regularized_ce,173,5,2,50111-0434,00591-0461,10.0,5,7.696546494960785,True,checkpoints/pmi20_run_cost_sensitive_regularized_ce_lr5e5_s44,results/pmi20_sota_convnext_base_test/pmi20_run_cost_sensitive_regularized_ce_lr5e5_s44_05-04_10-28/metrics_20260504_102841_cost_sensitive_regularized_ce.json
44,cost_sensitive_regularized_ce,cost-sensitive regularized CE,cost_sensitive_regularized_ce,174,5,2,50111-0434,00591-0461,10.0,5,8.804639548063278,True,checkpoints/pmi20_run_cost_sensitive_regularized_ce_lr5e5_s44,results/pmi20_sota_convnext_base_test/pmi20_run_cost_sensitive_regularized_ce_lr5e5_s44_05-04_10-28/metrics_20260504_102841_cost_sensitive_regularized_ce.json
44,cost_sensitive_regularized_ce,cost-sensitive regularized CE,cost_sensitive_regularized_ce,175,5,2,50111-0434,00591-0461,10.0,5,8.958575516939163,True,checkpoints/pmi20_run_cost_sensitive_regularized_ce_lr5e5_s44,results/pmi20_sota_convnext_base_test/pmi20_run_cost_sensitive_regularized_ce_lr5e5_s44_05-04_10-28/metrics_20260504_102841_cost_sensitive_regularized_ce.json
44,cost_sensitive_regularized_ce,cost-sensitive regularized CE,cost_sensitive_regularized_ce,176,5,2,50111-0434,00591-0461,10.0,5,4.966108083724976,True,checkpoints/pmi20_run_cost_sensitive_regularized_ce_lr5e5_s44,results/pmi20_sota_convnext_base_test/pmi20_run_cost_sensitive_regularized_ce_lr5e5_s44_05-04_10-28/metrics_20260504_102841_cost_sensitive_regularized_ce.json
44,cost_sensitive_regularized_ce,cost-sensitive regularized CE,cost_sensitive_regularized_ce,177,5,2,50111-0434,00591-0461,10.0,5,9.01372966170311,True,checkpoints/pmi20_run_cost_sensitive_regularized_ce_lr5e5_s44,results/pmi20_sota_convnext_base_test/pmi20_run_cost_sensitive_regularized_ce_lr5e5_s44_05-04_10-28/metrics_20260504_102841_cost_sensitive_regularized_ce.json
44,cost_sensitive_regularized_ce,cost-sensitive regularized CE,cost_sensitive_regularized_ce,178,5,2,50111-0434,00591-0461,10.0,5,4.8523454666137695,True,checkpoints/pmi20_run_cost_sensitive_regularized_ce_lr5e5_s44,results/pmi20_sota_convnext_base_test/pmi20_run_cost_sensitive_regularized_ce_lr5e5_s44_05-04_10-28/metrics_20260504_102841_cost_sensitive_regularized_ce.json
44,cost_sensitive_regularized_ce,cost-sensitive regularized CE,cost_sensitive_regularized_ce,179,5,2,50111-0434,00591-0461,10.0,5,9.315932251513004,True,checkpoints/pmi20_run_cost_sensitive_regularized_ce_lr5e5_s44,results/pmi20_sota_convnext_base_test/pmi20_run_cost_sensitive_regularized_ce_lr5e5_s44_05-04_10-28/metrics_20260504_102841_cost_sensitive_regularized_ce.json
44,cost_sensitive_regularized_ce,cost-sensitive regularized CE,cost_sensitive_regularized_ce,180,5,2,50111-0434,00591-0461,10.0,5,8.277690768241882,True,checkpoints/pmi20_run_cost_sensitive_regularized_ce_lr5e5_s44,results/pmi20_sota_convnext_base_test/pmi20_run_cost_sensitive_regularized_ce_lr5e5_s44_05-04_10-28/metrics_20260504_102841_cost_sensitive_regularized_ce.json
44,cost_sensitive_regularized_ce,cost-sensitive regularized CE,cost_sensitive_regularized_ce,181,5,2,50111-0434,00591-0461,10.0,5,8.8562051653862,True,checkpoints/pmi20_run_cost_sensitive_regularized_ce_lr5e5_s44,results/pmi20_sota_convnext_base_test/pmi20_run_cost_sensitive_regularized_ce_lr5e5_s44_05-04_10-28/metrics_20260504_102841_cost_sensitive_regularized_ce.json
44,cost_sensitive_regularized_ce,cost-sensitive regularized CE,cost_sensitive_regularized_ce,182,5,2,50111-0434,00591-0461,10.0,5,8.388657331466675,True,checkpoints/pmi20_run_cost_sensitive_regularized_ce_lr5e5_s44,results/pmi20_sota_convnext_base_test/pmi20_run_cost_sensitive_regularized_ce_lr5e5_s44_05-04_10-28/metrics_20260504_102841_cost_sensitive_regularized_ce.json
44,cost_sensitive_regularized_ce,cost-sensitive regularized CE,cost_sensitive_regularized_ce,183,5,2,50111-0434,00591-0461,10.0,5,8.95656430721283,True,checkpoints/pmi20_run_cost_sensitive_regularized_ce_lr5e5_s44,results/pmi20_sota_convnext_base_test/pmi20_run_cost_sensitive_regularized_ce_lr5e5_s44_05-04_10-28/metrics_20260504_102841_cost_sensitive_regularized_ce.json
44,cost_sensitive_regularized_ce,cost-sensitive regularized CE,cost_sensitive_regularized_ce,184,5,2,50111-0434,00591-0461,10.0,5,5.5319907665252686,True,checkpoints/pmi20_run_cost_sensitive_regularized_ce_lr5e5_s44,results/pmi20_sota_convnext_base_test/pmi20_run_cost_sensitive_regularized_ce_lr5e5_s44_05-04_10-28/metrics_20260504_102841_cost_sensitive_regularized_ce.json
44,cost_sensitive_regularized_ce,cost-sensitive regularized CE,cost_sensitive_regularized_ce,185,5,2,50111-0434,00591-0461,10.0,5,8.335594058036804,True,checkpoints/pmi20_run_cost_sensitive_regularized_ce_lr5e5_s44,results/pmi20_sota_convnext_base_test/pmi20_run_cost_sensitive_regularized_ce_lr5e5_s44_05-04_10-28/metrics_20260504_102841_cost_sensitive_regularized_ce.json
44,cost_sensitive_regularized_ce,cost-sensitive regularized CE,cost_sensitive_regularized_ce,186,5,2,50111-0434,00591-0461,10.0,5,6.434186697006226,True,checkpoints/pmi20_run_cost_sensitive_regularized_ce_lr5e5_s44,results/pmi20_sota_convnext_base_test/pmi20_run_cost_sensitive_regularized_ce_lr5e5_s44_05-04_10-28/metrics_20260504_102841_cost_sensitive_regularized_ce.json
44,cost_sensitive_regularized_ce,cost-sensitive regularized CE,cost_sensitive_regularized_ce,187,5,2,50111-0434,00591-0461,10.0,5,9.682571075856686,True,checkpoints/pmi20_run_cost_sensitive_regularized_ce_lr5e5_s44,results/pmi20_sota_convnext_base_test/pmi20_run_cost_sensitive_regularized_ce_lr5e5_s44_05-04_10-28/metrics_20260504_102841_cost_sensitive_regularized_ce.json
44,cost_sensitive_regularized_ce,cost-sensitive regularized CE,cost_sensitive_regularized_ce,188,5,2,50111-0434,00591-0461,10.0,5,8.77121615409851,True,checkpoints/pmi20_run_cost_sensitive_regularized_ce_lr5e5_s44,results/pmi20_sota_convnext_base_test/pmi20_run_cost_sensitive_regularized_ce_lr5e5_s44_05-04_10-28/metrics_20260504_102841_cost_sensitive_regularized_ce.json
44,cost_sensitive_regularized_ce,cost-sensitive regularized CE,cost_sensitive_regularized_ce,189,5,2,50111-0434,00591-0461,10.0,5,4.699519872665405,True,checkpoints/pmi20_run_cost_sensitive_regularized_ce_lr5e5_s44,results/pmi20_sota_convnext_base_test/pmi20_run_cost_sensitive_regularized_ce_lr5e5_s44_05-04_10-28/metrics_20260504_102841_cost_sensitive_regularized_ce.json
44,cost_sensitive_regularized_ce,cost-sensitive regularized CE,cost_sensitive_regularized_ce,190,5,2,50111-0434,00591-0461,10.0,5,8.352830410003662,True,checkpoints/pmi20_run_cost_sensitive_regularized_ce_lr5e5_s44,results/pmi20_sota_convnext_base_test/pmi20_run_cost_sensitive_regularized_ce_lr5e5_s44_05-04_10-28/metrics_20260504_102841_cost_sensitive_regularized_ce.json
44,cost_sensitive_regularized_ce,cost-sensitive regularized CE,cost_sensitive_regularized_ce,191,5,2,50111-0434,00591-0461,10.0,5,9.346694067120552,True,checkpoints/pmi20_run_cost_sensitive_regularized_ce_lr5e5_s44,results/pmi20_sota_convnext_base_test/pmi20_run_cost_sensitive_regularized_ce_lr5e5_s44_05-04_10-28/metrics_20260504_102841_cost_sensitive_regularized_ce.json
44,cost_sensitive_regularized_ce,cost-sensitive regularized CE,cost_sensitive_regularized_ce,192,6,15,53489-0156,68382-0227,10.0,6,9.448541209101677,True,checkpoints/pmi20_run_cost_sensitive_regularized_ce_lr5e5_s44,results/pmi20_sota_convnext_base_test/pmi20_run_cost_sensitive_regularized_ce_lr5e5_s44_05-04_10-28/metrics_20260504_102841_cost_sensitive_regularized_ce.json
44,cost_sensitive_regularized_ce,cost-sensitive regularized CE,cost_sensitive_regularized_ce,193,6,15,53489-0156,68382-0227,10.0,6,10.067930102348328,True,checkpoints/pmi20_run_cost_sensitive_regularized_ce_lr5e5_s44,results/pmi20_sota_convnext_base_test/pmi20_run_cost_sensitive_regularized_ce_lr5e5_s44_05-04_10-28/metrics_20260504_102841_cost_sensitive_regularized_ce.json
44,cost_sensitive_regularized_ce,cost-sensitive regularized CE,cost_sensitive_regularized_ce,194,6,15,53489-0156,68382-0227,10.0,6,10.214478954672813,True,checkpoints/pmi20_run_cost_sensitive_regularized_ce_lr5e5_s44,results/pmi20_sota_convnext_base_test/pmi20_run_cost_sensitive_regularized_ce_lr5e5_s44_05-04_10-28/metrics_20260504_102841_cost_sensitive_regularized_ce.json
44,cost_sensitive_regularized_ce,cost-sensitive regularized CE,cost_sensitive_regularized_ce,195,6,15,53489-0156,68382-0227,10.0,6,8.960505746304989,True,checkpoints/pmi20_run_cost_sensitive_regularized_ce_lr5e5_s44,results/pmi20_sota_convnext_base_test/pmi20_run_cost_sensitive_regularized_ce_lr5e5_s44_05-04_10-28/metrics_20260504_102841_cost_sensitive_regularized_ce.json
44,cost_sensitive_regularized_ce,cost-sensitive regularized CE,cost_sensitive_regularized_ce,196,6,15,53489-0156,68382-0227,10.0,6,10.606005489826202,True,checkpoints/pmi20_run_cost_sensitive_regularized_ce_lr5e5_s44,results/pmi20_sota_convnext_base_test/pmi20_run_cost_sensitive_regularized_ce_lr5e5_s44_05-04_10-28/metrics_20260504_102841_cost_sensitive_regularized_ce.json
44,cost_sensitive_regularized_ce,cost-sensitive regularized CE,cost_sensitive_regularized_ce,197,6,15,53489-0156,68382-0227,10.0,6,7.607291996479034,True,checkpoints/pmi20_run_cost_sensitive_regularized_ce_lr5e5_s44,results/pmi20_sota_convnext_base_test/pmi20_run_cost_sensitive_regularized_ce_lr5e5_s44_05-04_10-28/metrics_20260504_102841_cost_sensitive_regularized_ce.json
44,cost_sensitive_regularized_ce,cost-sensitive regularized CE,cost_sensitive_regularized_ce,198,6,15,53489-0156,68382-0227,10.0,6,10.714439153671265,True,checkpoints/pmi20_run_cost_sensitive_regularized_ce_lr5e5_s44,results/pmi20_sota_convnext_base_test/pmi20_run_cost_sensitive_regularized_ce_lr5e5_s44_05-04_10-28/metrics_20260504_102841_cost_sensitive_regularized_ce.json
44,cost_sensitive_regularized_ce,cost-sensitive regularized CE,cost_sensitive_regularized_ce,199,6,15,53489-0156,68382-0227,10.0,6,9.760014653205872,True,checkpoints/pmi20_run_cost_sensitive_regularized_ce_lr5e5_s44,results/pmi20_sota_convnext_base_test/pmi20_run_cost_sensitive_regularized_ce_lr5e5_s44_05-04_10-28/metrics_20260504_102841_cost_sensitive_regularized_ce.json
44,cost_sensitive_regularized_ce,cost-sensitive regularized CE,cost_sensitive_regularized_ce,200,6,15,53489-0156,68382-0227,10.0,16,2.875185549259186,True,checkpoints/pmi20_run_cost_sensitive_regularized_ce_lr5e5_s44,results/pmi20_sota_convnext_base_test/pmi20_run_cost_sensitive_regularized_ce_lr5e5_s44_05-04_10-28/metrics_20260504_102841_cost_sensitive_regularized_ce.json
44,cost_sensitive_regularized_ce,cost-sensitive regularized CE,cost_sensitive_regularized_ce,201,6,15,53489-0156,68382-0227,10.0,6,10.197559714317322,True,checkpoints/pmi20_run_cost_sensitive_regularized_ce_lr5e5_s44,results/pmi20_sota_convnext_base_test/pmi20_run_cost_sensitive_regularized_ce_lr5e5_s44_05-04_10-28/metrics_20260504_102841_cost_sensitive_regularized_ce.json
44,cost_sensitive_regularized_ce,cost-sensitive regularized CE,cost_sensitive_regularized_ce,202,6,15,53489-0156,68382-0227,10.0,6,8.788058876991272,True,checkpoints/pmi20_run_cost_sensitive_regularized_ce_lr5e5_s44,results/pmi20_sota_convnext_base_test/pmi20_run_cost_sensitive_regularized_ce_lr5e5_s44_05-04_10-28/metrics_20260504_102841_cost_sensitive_regularized_ce.json
44,cost_sensitive_regularized_ce,cost-sensitive regularized CE,cost_sensitive_regularized_ce,203,6,15,53489-0156,68382-0227,10.0,6,9.92866963148117,True,checkpoints/pmi20_run_cost_sensitive_regularized_ce_lr5e5_s44,results/pmi20_sota_convnext_base_test/pmi20_run_cost_sensitive_regularized_ce_lr5e5_s44_05-04_10-28/metrics_20260504_102841_cost_sensitive_regularized_ce.json
44,cost_sensitive_regularized_ce,cost-sensitive regularized CE,cost_sensitive_regularized_ce,204,6,15,53489-0156,68382-0227,10.0,6,9.451990842819214,True,checkpoints/pmi20_run_cost_sensitive_regularized_ce_lr5e5_s44,results/pmi20_sota_convnext_base_test/pmi20_run_cost_sensitive_regularized_ce_lr5e5_s44_05-04_10-28/metrics_20260504_102841_cost_sensitive_regularized_ce.json
44,cost_sensitive_regularized_ce,cost-sensitive regularized CE,cost_sensitive_regularized_ce,205,6,15,53489-0156,68382-0227,10.0,6,11.037246584892273,True,checkpoints/pmi20_run_cost_sensitive_regularized_ce_lr5e5_s44,results/pmi20_sota_convnext_base_test/pmi20_run_cost_sensitive_regularized_ce_lr5e5_s44_05-04_10-28/metrics_20260504_102841_cost_sensitive_regularized_ce.json
44,cost_sensitive_regularized_ce,cost-sensitive regularized CE,cost_sensitive_regularized_ce,206,6,15,53489-0156,68382-0227,10.0,6,9.326043292880058,True,checkpoints/pmi20_run_cost_sensitive_regularized_ce_lr5e5_s44,results/pmi20_sota_convnext_base_test/pmi20_run_cost_sensitive_regularized_ce_lr5e5_s44_05-04_10-28/metrics_20260504_102841_cost_sensitive_regularized_ce.json
44,cost_sensitive_regularized_ce,cost-sensitive regularized CE,cost_sensitive_regularized_ce,207,6,15,53489-0156,68382-0227,10.0,6,10.0638248026371,True,checkpoints/pmi20_run_cost_sensitive_regularized_ce_lr5e5_s44,results/pmi20_sota_convnext_base_test/pmi20_run_cost_sensitive_regularized_ce_lr5e5_s44_05-04_10-28/metrics_20260504_102841_cost_sensitive_regularized_ce.json
44,cost_sensitive_regularized_ce,cost-sensitive regularized CE,cost_sensitive_regularized_ce,208,6,15,53489-0156,68382-0227,10.0,6,9.656795054674149,True,checkpoints/pmi20_run_cost_sensitive_regularized_ce_lr5e5_s44,results/pmi20_sota_convnext_base_test/pmi20_run_cost_sensitive_regularized_ce_lr5e5_s44_05-04_10-28/metrics_20260504_102841_cost_sensitive_regularized_ce.json
44,cost_sensitive_regularized_ce,cost-sensitive regularized CE,cost_sensitive_regularized_ce,209,6,15,53489-0156,68382-0227,10.0,6,9.469209671020508,True,checkpoints/pmi20_run_cost_sensitive_regularized_ce_lr5e5_s44,results/pmi20_sota_convnext_base_test/pmi20_run_cost_sensitive_regularized_ce_lr5e5_s44_05-04_10-28/metrics_20260504_102841_cost_sensitive_regularized_ce.json
44,cost_sensitive_regularized_ce,cost-sensitive regularized CE,cost_sensitive_regularized_ce,210,6,15,53489-0156,68382-0227,10.0,6,9.216837048530579,True,checkpoints/pmi20_run_cost_sensitive_regularized_ce_lr5e5_s44,results/pmi20_sota_convnext_base_test/pmi20_run_cost_sensitive_regularized_ce_lr5e5_s44_05-04_10-28/metrics_20260504_102841_cost_sensitive_regularized_ce.json
44,cost_sensitive_regularized_ce,cost-sensitive regularized CE,cost_sensitive_regularized_ce,211,6,15,53489-0156,68382-0227,10.0,6,7.835199594497681,True,checkpoints/pmi20_run_cost_sensitive_regularized_ce_lr5e5_s44,results/pmi20_sota_convnext_base_test/pmi20_run_cost_sensitive_regularized_ce_lr5e5_s44_05-04_10-28/metrics_20260504_102841_cost_sensitive_regularized_ce.json
44,cost_sensitive_regularized_ce,cost-sensitive regularized CE,cost_sensitive_regularized_ce,212,6,15,53489-0156,68382-0227,10.0,6,9.385249137878418,True,checkpoints/pmi20_run_cost_sensitive_regularized_ce_lr5e5_s44,results/pmi20_sota_convnext_base_test/pmi20_run_cost_sensitive_regularized_ce_lr5e5_s44_05-04_10-28/metrics_20260504_102841_cost_sensitive_regularized_ce.json
44,cost_sensitive_regularized_ce,cost-sensitive regularized CE,cost_sensitive_regularized_ce,213,6,15,53489-0156,68382-0227,10.0,6,9.283789157867432,True,checkpoints/pmi20_run_cost_sensitive_regularized_ce_lr5e5_s44,results/pmi20_sota_convnext_base_test/pmi20_run_cost_sensitive_regularized_ce_lr5e5_s44_05-04_10-28/metrics_20260504_102841_cost_sensitive_regularized_ce.json
44,cost_sensitive_regularized_ce,cost-sensitive regularized CE,cost_sensitive_regularized_ce,214,6,15,53489-0156,68382-0227,10.0,16,3.220018334686756,True,checkpoints/pmi20_run_cost_sensitive_regularized_ce_lr5e5_s44,results/pmi20_sota_convnext_base_test/pmi20_run_cost_sensitive_regularized_ce_lr5e5_s44_05-04_10-28/metrics_20260504_102841_cost_sensitive_regularized_ce.json
44,cost_sensitive_regularized_ce,cost-sensitive regularized CE,cost_sensitive_regularized_ce,215,6,15,53489-0156,68382-0227,10.0,6,10.035944819450378,True,checkpoints/pmi20_run_cost_sensitive_regularized_ce_lr5e5_s44,results/pmi20_sota_convnext_base_test/pmi20_run_cost_sensitive_regularized_ce_lr5e5_s44_05-04_10-28/metrics_20260504_102841_cost_sensitive_regularized_ce.json
44,cost_sensitive_regularized_ce,cost-sensitive regularized CE,cost_sensitive_regularized_ce,216,6,15,53489-0156,68382-0227,10.0,6,8.445493444800377,True,checkpoints/pmi20_run_cost_sensitive_regularized_ce_lr5e5_s44,results/pmi20_sota_convnext_base_test/pmi20_run_cost_sensitive_regularized_ce_lr5e5_s44_05-04_10-28/metrics_20260504_102841_cost_sensitive_regularized_ce.json
44,cost_sensitive_regularized_ce,cost-sensitive regularized CE,cost_sensitive_regularized_ce,217,6,15,53489-0156,68382-0227,10.0,6,9.833629429340363,True,checkpoints/pmi20_run_cost_sensitive_regularized_ce_lr5e5_s44,results/pmi20_sota_convnext_base_test/pmi20_run_cost_sensitive_regularized_ce_lr5e5_s44_05-04_10-28/metrics_20260504_102841_cost_sensitive_regularized_ce.json
44,cost_sensitive_regularized_ce,cost-sensitive regularized CE,cost_sensitive_regularized_ce,218,6,15,53489-0156,68382-0227,10.0,6,3.50483775138855,True,checkpoints/pmi20_run_cost_sensitive_regularized_ce_lr5e5_s44,results/pmi20_sota_convnext_base_test/pmi20_run_cost_sensitive_regularized_ce_lr5e5_s44_05-04_10-28/metrics_20260504_102841_cost_sensitive_regularized_ce.json
44,cost_sensitive_regularized_ce,cost-sensitive regularized CE,cost_sensitive_regularized_ce,219,6,15,53489-0156,68382-0227,10.0,6,4.515765428543091,True,checkpoints/pmi20_run_cost_sensitive_regularized_ce_lr5e5_s44,results/pmi20_sota_convnext_base_test/pmi20_run_cost_sensitive_regularized_ce_lr5e5_s44_05-04_10-28/metrics_20260504_102841_cost_sensitive_regularized_ce.json
44,cost_sensitive_regularized_ce,cost-sensitive regularized CE,cost_sensitive_regularized_ce,220,6,15,53489-0156,68382-0227,10.0,6,10.084352254867554,True,checkpoints/pmi20_run_cost_sensitive_regularized_ce_lr5e5_s44,results/pmi20_sota_convnext_base_test/pmi20_run_cost_sensitive_regularized_ce_lr5e5_s44_05-04_10-28/metrics_20260504_102841_cost_sensitive_regularized_ce.json
44,cost_sensitive_regularized_ce,cost-sensitive regularized CE,cost_sensitive_regularized_ce,221,6,15,53489-0156,68382-0227,10.0,6,10.161745429039001,True,checkpoints/pmi20_run_cost_sensitive_regularized_ce_lr5e5_s44,results/pmi20_sota_convnext_base_test/pmi20_run_cost_sensitive_regularized_ce_lr5e5_s44_05-04_10-28/metrics_20260504_102841_cost_sensitive_regularized_ce.json
44,cost_sensitive_regularized_ce,cost-sensitive regularized CE,cost_sensitive_regularized_ce,222,6,15,53489-0156,68382-0227,10.0,6,9.79142028093338,True,checkpoints/pmi20_run_cost_sensitive_regularized_ce_lr5e5_s44,results/pmi20_sota_convnext_base_test/pmi20_run_cost_sensitive_regularized_ce_lr5e5_s44_05-04_10-28/metrics_20260504_102841_cost_sensitive_regularized_ce.json
44,cost_sensitive_regularized_ce,cost-sensitive regularized CE,cost_sensitive_regularized_ce,223,6,15,53489-0156,68382-0227,10.0,6,11.006571650505066,True,checkpoints/pmi20_run_cost_sensitive_regularized_ce_lr5e5_s44,results/pmi20_sota_convnext_base_test/pmi20_run_cost_sensitive_regularized_ce_lr5e5_s44_05-04_10-28/metrics_20260504_102841_cost_sensitive_regularized_ce.json
44,cost_sensitive_regularized_ce,cost-sensitive regularized CE,cost_sensitive_regularized_ce,224,7,0,53746-0544,00378-0208,10.0,7,7.198875069618225,True,checkpoints/pmi20_run_cost_sensitive_regularized_ce_lr5e5_s44,results/pmi20_sota_convnext_base_test/pmi20_run_cost_sensitive_regularized_ce_lr5e5_s44_05-04_10-28/metrics_20260504_102841_cost_sensitive_regularized_ce.json
44,cost_sensitive_regularized_ce,cost-sensitive regularized CE,cost_sensitive_regularized_ce,225,7,0,53746-0544,00378-0208,10.0,7,6.802689552307129,True,checkpoints/pmi20_run_cost_sensitive_regularized_ce_lr5e5_s44,results/pmi20_sota_convnext_base_test/pmi20_run_cost_sensitive_regularized_ce_lr5e5_s44_05-04_10-28/metrics_20260504_102841_cost_sensitive_regularized_ce.json
44,cost_sensitive_regularized_ce,cost-sensitive regularized CE,cost_sensitive_regularized_ce,226,7,0,53746-0544,00378-0208,10.0,7,6.0212790966033936,True,checkpoints/pmi20_run_cost_sensitive_regularized_ce_lr5e5_s44,results/pmi20_sota_convnext_base_test/pmi20_run_cost_sensitive_regularized_ce_lr5e5_s44_05-04_10-28/metrics_20260504_102841_cost_sensitive_regularized_ce.json
44,cost_sensitive_regularized_ce,cost-sensitive regularized CE,cost_sensitive_regularized_ce,227,7,0,53746-0544,00378-0208,10.0,7,9.677879840135574,True,checkpoints/pmi20_run_cost_sensitive_regularized_ce_lr5e5_s44,results/pmi20_sota_convnext_base_test/pmi20_run_cost_sensitive_regularized_ce_lr5e5_s44_05-04_10-28/metrics_20260504_102841_cost_sensitive_regularized_ce.json
44,cost_sensitive_regularized_ce,cost-sensitive regularized CE,cost_sensitive_regularized_ce,228,7,0,53746-0544,00378-0208,10.0,7,4.857633113861084,True,checkpoints/pmi20_run_cost_sensitive_regularized_ce_lr5e5_s44,results/pmi20_sota_convnext_base_test/pmi20_run_cost_sensitive_regularized_ce_lr5e5_s44_05-04_10-28/metrics_20260504_102841_cost_sensitive_regularized_ce.json
44,cost_sensitive_regularized_ce,cost-sensitive regularized CE,cost_sensitive_regularized_ce,229,7,0,53746-0544,00378-0208,10.0,7,8.321333527565002,True,checkpoints/pmi20_run_cost_sensitive_regularized_ce_lr5e5_s44,results/pmi20_sota_convnext_base_test/pmi20_run_cost_sensitive_regularized_ce_lr5e5_s44_05-04_10-28/metrics_20260504_102841_cost_sensitive_regularized_ce.json
44,cost_sensitive_regularized_ce,cost-sensitive regularized CE,cost_sensitive_regularized_ce,230,7,0,53746-0544,00378-0208,10.0,7,8.504719078540802,True,checkpoints/pmi20_run_cost_sensitive_regularized_ce_lr5e5_s44,results/pmi20_sota_convnext_base_test/pmi20_run_cost_sensitive_regularized_ce_lr5e5_s44_05-04_10-28/metrics_20260504_102841_cost_sensitive_regularized_ce.json
44,cost_sensitive_regularized_ce,cost-sensitive regularized CE,cost_sensitive_regularized_ce,231,7,0,53746-0544,00378-0208,10.0,7,9.259114980697632,True,checkpoints/pmi20_run_cost_sensitive_regularized_ce_lr5e5_s44,results/pmi20_sota_convnext_base_test/pmi20_run_cost_sensitive_regularized_ce_lr5e5_s44_05-04_10-28/metrics_20260504_102841_cost_sensitive_regularized_ce.json
44,cost_sensitive_regularized_ce,cost-sensitive regularized CE,cost_sensitive_regularized_ce,232,7,0,53746-0544,00378-0208,10.0,7,7.334058523178101,True,checkpoints/pmi20_run_cost_sensitive_regularized_ce_lr5e5_s44,results/pmi20_sota_convnext_base_test/pmi20_run_cost_sensitive_regularized_ce_lr5e5_s44_05-04_10-28/metrics_20260504_102841_cost_sensitive_regularized_ce.json
44,cost_sensitive_regularized_ce,cost-sensitive regularized CE,cost_sensitive_regularized_ce,233,7,0,53746-0544,00378-0208,10.0,7,10.629071772098541,True,checkpoints/pmi20_run_cost_sensitive_regularized_ce_lr5e5_s44,results/pmi20_sota_convnext_base_test/pmi20_run_cost_sensitive_regularized_ce_lr5e5_s44_05-04_10-28/metrics_20260504_102841_cost_sensitive_regularized_ce.json
44,cost_sensitive_regularized_ce,cost-sensitive regularized CE,cost_sensitive_regularized_ce,234,7,0,53746-0544,00378-0208,10.0,7,8.81396210193634,True,checkpoints/pmi20_run_cost_sensitive_regularized_ce_lr5e5_s44,results/pmi20_sota_convnext_base_test/pmi20_run_cost_sensitive_regularized_ce_lr5e5_s44_05-04_10-28/metrics_20260504_102841_cost_sensitive_regularized_ce.json
44,cost_sensitive_regularized_ce,cost-sensitive regularized CE,cost_sensitive_regularized_ce,235,7,0,53746-0544,00378-0208,10.0,7,10.437782526016235,True,checkpoints/pmi20_run_cost_sensitive_regularized_ce_lr5e5_s44,results/pmi20_sota_convnext_base_test/pmi20_run_cost_sensitive_regularized_ce_lr5e5_s44_05-04_10-28/metrics_20260504_102841_cost_sensitive_regularized_ce.json
44,cost_sensitive_regularized_ce,cost-sensitive regularized CE,cost_sensitive_regularized_ce,236,7,0,53746-0544,00378-0208,10.0,7,8.82999125123024,True,checkpoints/pmi20_run_cost_sensitive_regularized_ce_lr5e5_s44,results/pmi20_sota_convnext_base_test/pmi20_run_cost_sensitive_regularized_ce_lr5e5_s44_05-04_10-28/metrics_20260504_102841_cost_sensitive_regularized_ce.json
44,cost_sensitive_regularized_ce,cost-sensitive regularized CE,cost_sensitive_regularized_ce,237,7,0,53746-0544,00378-0208,10.0,7,9.534655123949051,True,checkpoints/pmi20_run_cost_sensitive_regularized_ce_lr5e5_s44,results/pmi20_sota_convnext_base_test/pmi20_run_cost_sensitive_regularized_ce_lr5e5_s44_05-04_10-28/metrics_20260504_102841_cost_sensitive_regularized_ce.json
44,cost_sensitive_regularized_ce,cost-sensitive regularized CE,cost_sensitive_regularized_ce,238,7,0,53746-0544,00378-0208,10.0,7,5.7163214683532715,True,checkpoints/pmi20_run_cost_sensitive_regularized_ce_lr5e5_s44,results/pmi20_sota_convnext_base_test/pmi20_run_cost_sensitive_regularized_ce_lr5e5_s44_05-04_10-28/metrics_20260504_102841_cost_sensitive_regularized_ce.json
44,cost_sensitive_regularized_ce,cost-sensitive regularized CE,cost_sensitive_regularized_ce,239,7,0,53746-0544,00378-0208,10.0,7,0.5732808113098145,True,checkpoints/pmi20_run_cost_sensitive_regularized_ce_lr5e5_s44,results/pmi20_sota_convnext_base_test/pmi20_run_cost_sensitive_regularized_ce_lr5e5_s44_05-04_10-28/metrics_20260504_102841_cost_sensitive_regularized_ce.json
44,cost_sensitive_regularized_ce,cost-sensitive regularized CE,cost_sensitive_regularized_ce,240,7,0,53746-0544,00378-0208,10.0,7,7.848687171936035,True,checkpoints/pmi20_run_cost_sensitive_regularized_ce_lr5e5_s44,results/pmi20_sota_convnext_base_test/pmi20_run_cost_sensitive_regularized_ce_lr5e5_s44_05-04_10-28/metrics_20260504_102841_cost_sensitive_regularized_ce.json
44,cost_sensitive_regularized_ce,cost-sensitive regularized CE,cost_sensitive_regularized_ce,241,7,0,53746-0544,00378-0208,10.0,7,9.423861920833588,True,checkpoints/pmi20_run_cost_sensitive_regularized_ce_lr5e5_s44,results/pmi20_sota_convnext_base_test/pmi20_run_cost_sensitive_regularized_ce_lr5e5_s44_05-04_10-28/metrics_20260504_102841_cost_sensitive_regularized_ce.json
44,cost_sensitive_regularized_ce,cost-sensitive regularized CE,cost_sensitive_regularized_ce,242,7,0,53746-0544,00378-0208,10.0,7,9.662673443555832,True,checkpoints/pmi20_run_cost_sensitive_regularized_ce_lr5e5_s44,results/pmi20_sota_convnext_base_test/pmi20_run_cost_sensitive_regularized_ce_lr5e5_s44_05-04_10-28/metrics_20260504_102841_cost_sensitive_regularized_ce.json
44,cost_sensitive_regularized_ce,cost-sensitive regularized CE,cost_sensitive_regularized_ce,243,7,0,53746-0544,00378-0208,10.0,7,7.664428234100342,True,checkpoints/pmi20_run_cost_sensitive_regularized_ce_lr5e5_s44,results/pmi20_sota_convnext_base_test/pmi20_run_cost_sensitive_regularized_ce_lr5e5_s44_05-04_10-28/metrics_20260504_102841_cost_sensitive_regularized_ce.json
44,cost_sensitive_regularized_ce,cost-sensitive regularized CE,cost_sensitive_regularized_ce,244,7,0,53746-0544,00378-0208,10.0,7,7.012024641036987,True,checkpoints/pmi20_run_cost_sensitive_regularized_ce_lr5e5_s44,results/pmi20_sota_convnext_base_test/pmi20_run_cost_sensitive_regularized_ce_lr5e5_s44_05-04_10-28/metrics_20260504_102841_cost_sensitive_regularized_ce.json
44,cost_sensitive_regularized_ce,cost-sensitive regularized CE,cost_sensitive_regularized_ce,245,7,0,53746-0544,00378-0208,10.0,7,8.469746887683868,True,checkpoints/pmi20_run_cost_sensitive_regularized_ce_lr5e5_s44,results/pmi20_sota_convnext_base_test/pmi20_run_cost_sensitive_regularized_ce_lr5e5_s44_05-04_10-28/metrics_20260504_102841_cost_sensitive_regularized_ce.json
44,cost_sensitive_regularized_ce,cost-sensitive regularized CE,cost_sensitive_regularized_ce,246,7,0,53746-0544,00378-0208,10.0,7,9.330049991607666,True,checkpoints/pmi20_run_cost_sensitive_regularized_ce_lr5e5_s44,results/pmi20_sota_convnext_base_test/pmi20_run_cost_sensitive_regularized_ce_lr5e5_s44_05-04_10-28/metrics_20260504_102841_cost_sensitive_regularized_ce.json
44,cost_sensitive_regularized_ce,cost-sensitive regularized CE,cost_sensitive_regularized_ce,247,7,0,53746-0544,00378-0208,10.0,7,9.543303698301315,True,checkpoints/pmi20_run_cost_sensitive_regularized_ce_lr5e5_s44,results/pmi20_sota_convnext_base_test/pmi20_run_cost_sensitive_regularized_ce_lr5e5_s44_05-04_10-28/metrics_20260504_102841_cost_sensitive_regularized_ce.json
44,cost_sensitive_regularized_ce,cost-sensitive regularized CE,cost_sensitive_regularized_ce,248,7,0,53746-0544,00378-0208,10.0,7,8.778682827949524,True,checkpoints/pmi20_run_cost_sensitive_regularized_ce_lr5e5_s44,results/pmi20_sota_convnext_base_test/pmi20_run_cost_sensitive_regularized_ce_lr5e5_s44_05-04_10-28/metrics_20260504_102841_cost_sensitive_regularized_ce.json
44,cost_sensitive_regularized_ce,cost-sensitive regularized CE,cost_sensitive_regularized_ce,249,7,0,53746-0544,00378-0208,10.0,7,8.38420557975769,True,checkpoints/pmi20_run_cost_sensitive_regularized_ce_lr5e5_s44,results/pmi20_sota_convnext_base_test/pmi20_run_cost_sensitive_regularized_ce_lr5e5_s44_05-04_10-28/metrics_20260504_102841_cost_sensitive_regularized_ce.json
44,cost_sensitive_regularized_ce,cost-sensitive regularized CE,cost_sensitive_regularized_ce,250,7,0,53746-0544,00378-0208,10.0,7,8.293472170829773,True,checkpoints/pmi20_run_cost_sensitive_regularized_ce_lr5e5_s44,results/pmi20_sota_convnext_base_test/pmi20_run_cost_sensitive_regularized_ce_lr5e5_s44_05-04_10-28/metrics_20260504_102841_cost_sensitive_regularized_ce.json
44,cost_sensitive_regularized_ce,cost-sensitive regularized CE,cost_sensitive_regularized_ce,251,7,0,53746-0544,00378-0208,10.0,7,9.231573462486267,True,checkpoints/pmi20_run_cost_sensitive_regularized_ce_lr5e5_s44,results/pmi20_sota_convnext_base_test/pmi20_run_cost_sensitive_regularized_ce_lr5e5_s44_05-04_10-28/metrics_20260504_102841_cost_sensitive_regularized_ce.json
44,cost_sensitive_regularized_ce,cost-sensitive regularized CE,cost_sensitive_regularized_ce,252,7,0,53746-0544,00378-0208,10.0,7,8.704897165298462,True,checkpoints/pmi20_run_cost_sensitive_regularized_ce_lr5e5_s44,results/pmi20_sota_convnext_base_test/pmi20_run_cost_sensitive_regularized_ce_lr5e5_s44_05-04_10-28/metrics_20260504_102841_cost_sensitive_regularized_ce.json
44,cost_sensitive_regularized_ce,cost-sensitive regularized CE,cost_sensitive_regularized_ce,253,7,0,53746-0544,00378-0208,10.0,7,8.886594414710999,True,checkpoints/pmi20_run_cost_sensitive_regularized_ce_lr5e5_s44,results/pmi20_sota_convnext_base_test/pmi20_run_cost_sensitive_regularized_ce_lr5e5_s44_05-04_10-28/metrics_20260504_102841_cost_sensitive_regularized_ce.json
44,cost_sensitive_regularized_ce,cost-sensitive regularized CE,cost_sensitive_regularized_ce,254,7,0,53746-0544,00378-0208,10.0,7,5.3525168895721436,True,checkpoints/pmi20_run_cost_sensitive_regularized_ce_lr5e5_s44,results/pmi20_sota_convnext_base_test/pmi20_run_cost_sensitive_regularized_ce_lr5e5_s44_05-04_10-28/metrics_20260504_102841_cost_sensitive_regularized_ce.json
44,cost_sensitive_regularized_ce,cost-sensitive regularized CE,cost_sensitive_regularized_ce,255,7,0,53746-0544,00378-0208,10.0,7,9.008183658123016,True,checkpoints/pmi20_run_cost_sensitive_regularized_ce_lr5e5_s44,results/pmi20_sota_convnext_base_test/pmi20_run_cost_sensitive_regularized_ce_lr5e5_s44_05-04_10-28/metrics_20260504_102841_cost_sensitive_regularized_ce.json
44,cost_sensitive_regularized_ce,cost-sensitive regularized CE,cost_sensitive_regularized_ce,480,15,6,68382-0227,53489-0156,8.0,15,5.762948513031006,True,checkpoints/pmi20_run_cost_sensitive_regularized_ce_lr5e5_s44,results/pmi20_sota_convnext_base_test/pmi20_run_cost_sensitive_regularized_ce_lr5e5_s44_05-04_10-28/metrics_20260504_102841_cost_sensitive_regularized_ce.json
44,cost_sensitive_regularized_ce,cost-sensitive regularized CE,cost_sensitive_regularized_ce,481,15,6,68382-0227,53489-0156,8.0,15,5.130458831787109,True,checkpoints/pmi20_run_cost_sensitive_regularized_ce_lr5e5_s44,results/pmi20_sota_convnext_base_test/pmi20_run_cost_sensitive_regularized_ce_lr5e5_s44_05-04_10-28/metrics_20260504_102841_cost_sensitive_regularized_ce.json
44,cost_sensitive_regularized_ce,cost-sensitive regularized CE,cost_sensitive_regularized_ce,482,15,6,68382-0227,53489-0156,8.0,15,6.508435487747192,True,checkpoints/pmi20_run_cost_sensitive_regularized_ce_lr5e5_s44,results/pmi20_sota_convnext_base_test/pmi20_run_cost_sensitive_regularized_ce_lr5e5_s44_05-04_10-28/metrics_20260504_102841_cost_sensitive_regularized_ce.json
44,cost_sensitive_regularized_ce,cost-sensitive regularized CE,cost_sensitive_regularized_ce,483,15,6,68382-0227,53489-0156,8.0,15,2.308661460876465,True,checkpoints/pmi20_run_cost_sensitive_regularized_ce_lr5e5_s44,results/pmi20_sota_convnext_base_test/pmi20_run_cost_sensitive_regularized_ce_lr5e5_s44_05-04_10-28/metrics_20260504_102841_cost_sensitive_regularized_ce.json
44,cost_sensitive_regularized_ce,cost-sensitive regularized CE,cost_sensitive_regularized_ce,484,15,6,68382-0227,53489-0156,8.0,15,8.91278213262558,True,checkpoints/pmi20_run_cost_sensitive_regularized_ce_lr5e5_s44,results/pmi20_sota_convnext_base_test/pmi20_run_cost_sensitive_regularized_ce_lr5e5_s44_05-04_10-28/metrics_20260504_102841_cost_sensitive_regularized_ce.json
44,cost_sensitive_regularized_ce,cost-sensitive regularized CE,cost_sensitive_regularized_ce,485,15,6,68382-0227,53489-0156,8.0,15,6.089987277984619,True,checkpoints/pmi20_run_cost_sensitive_regularized_ce_lr5e5_s44,results/pmi20_sota_convnext_base_test/pmi20_run_cost_sensitive_regularized_ce_lr5e5_s44_05-04_10-28/metrics_20260504_102841_cost_sensitive_regularized_ce.json
44,cost_sensitive_regularized_ce,cost-sensitive regularized CE,cost_sensitive_regularized_ce,486,15,6,68382-0227,53489-0156,8.0,15,0.704103946685791,True,checkpoints/pmi20_run_cost_sensitive_regularized_ce_lr5e5_s44,results/pmi20_sota_convnext_base_test/pmi20_run_cost_sensitive_regularized_ce_lr5e5_s44_05-04_10-28/metrics_20260504_102841_cost_sensitive_regularized_ce.json
44,cost_sensitive_regularized_ce,cost-sensitive regularized CE,cost_sensitive_regularized_ce,487,15,6,68382-0227,53489-0156,8.0,15,4.261593341827393,True,checkpoints/pmi20_run_cost_sensitive_regularized_ce_lr5e5_s44,results/pmi20_sota_convnext_base_test/pmi20_run_cost_sensitive_regularized_ce_lr5e5_s44_05-04_10-28/metrics_20260504_102841_cost_sensitive_regularized_ce.json
44,cost_sensitive_regularized_ce,cost-sensitive regularized CE,cost_sensitive_regularized_ce,488,15,6,68382-0227,53489-0156,8.0,15,4.047142028808594,True,checkpoints/pmi20_run_cost_sensitive_regularized_ce_lr5e5_s44,results/pmi20_sota_convnext_base_test/pmi20_run_cost_sensitive_regularized_ce_lr5e5_s44_05-04_10-28/metrics_20260504_102841_cost_sensitive_regularized_ce.json
44,cost_sensitive_regularized_ce,cost-sensitive regularized CE,cost_sensitive_regularized_ce,489,15,6,68382-0227,53489-0156,8.0,15,7.932419300079346,True,checkpoints/pmi20_run_cost_sensitive_regularized_ce_lr5e5_s44,results/pmi20_sota_convnext_base_test/pmi20_run_cost_sensitive_regularized_ce_lr5e5_s44_05-04_10-28/metrics_20260504_102841_cost_sensitive_regularized_ce.json
44,cost_sensitive_regularized_ce,cost-sensitive regularized CE,cost_sensitive_regularized_ce,490,15,6,68382-0227,53489-0156,8.0,15,5.119305372238159,True,checkpoints/pmi20_run_cost_sensitive_regularized_ce_lr5e5_s44,results/pmi20_sota_convnext_base_test/pmi20_run_cost_sensitive_regularized_ce_lr5e5_s44_05-04_10-28/metrics_20260504_102841_cost_sensitive_regularized_ce.json
44,cost_sensitive_regularized_ce,cost-sensitive regularized CE,cost_sensitive_regularized_ce,491,15,6,68382-0227,53489-0156,8.0,15,2.799696922302246,True,checkpoints/pmi20_run_cost_sensitive_regularized_ce_lr5e5_s44,results/pmi20_sota_convnext_base_test/pmi20_run_cost_sensitive_regularized_ce_lr5e5_s44_05-04_10-28/metrics_20260504_102841_cost_sensitive_regularized_ce.json
44,cost_sensitive_regularized_ce,cost-sensitive regularized CE,cost_sensitive_regularized_ce,492,15,6,68382-0227,53489-0156,8.0,6,-0.5173773765563965,False,checkpoints/pmi20_run_cost_sensitive_regularized_ce_lr5e5_s44,results/pmi20_sota_convnext_base_test/pmi20_run_cost_sensitive_regularized_ce_lr5e5_s44_05-04_10-28/metrics_20260504_102841_cost_sensitive_regularized_ce.json
44,cost_sensitive_regularized_ce,cost-sensitive regularized CE,cost_sensitive_regularized_ce,493,15,6,68382-0227,53489-0156,8.0,15,5.850656270980835,True,checkpoints/pmi20_run_cost_sensitive_regularized_ce_lr5e5_s44,results/pmi20_sota_convnext_base_test/pmi20_run_cost_sensitive_regularized_ce_lr5e5_s44_05-04_10-28/metrics_20260504_102841_cost_sensitive_regularized_ce.json
44,cost_sensitive_regularized_ce,cost-sensitive regularized CE,cost_sensitive_regularized_ce,494,15,6,68382-0227,53489-0156,8.0,15,5.801054239273071,True,checkpoints/pmi20_run_cost_sensitive_regularized_ce_lr5e5_s44,results/pmi20_sota_convnext_base_test/pmi20_run_cost_sensitive_regularized_ce_lr5e5_s44_05-04_10-28/metrics_20260504_102841_cost_sensitive_regularized_ce.json
44,cost_sensitive_regularized_ce,cost-sensitive regularized CE,cost_sensitive_regularized_ce,495,15,6,68382-0227,53489-0156,8.0,15,5.11400294303894,True,checkpoints/pmi20_run_cost_sensitive_regularized_ce_lr5e5_s44,results/pmi20_sota_convnext_base_test/pmi20_run_cost_sensitive_regularized_ce_lr5e5_s44_05-04_10-28/metrics_20260504_102841_cost_sensitive_regularized_ce.json
44,cost_sensitive_regularized_ce,cost-sensitive regularized CE,cost_sensitive_regularized_ce,496,15,6,68382-0227,53489-0156,8.0,15,1.1798162460327148,True,checkpoints/pmi20_run_cost_sensitive_regularized_ce_lr5e5_s44,results/pmi20_sota_convnext_base_test/pmi20_run_cost_sensitive_regularized_ce_lr5e5_s44_05-04_10-28/metrics_20260504_102841_cost_sensitive_regularized_ce.json
44,cost_sensitive_regularized_ce,cost-sensitive regularized CE,cost_sensitive_regularized_ce,497,15,6,68382-0227,53489-0156,8.0,15,7.694703102111816,True,checkpoints/pmi20_run_cost_sensitive_regularized_ce_lr5e5_s44,results/pmi20_sota_convnext_base_test/pmi20_run_cost_sensitive_regularized_ce_lr5e5_s44_05-04_10-28/metrics_20260504_102841_cost_sensitive_regularized_ce.json
44,cost_sensitive_regularized_ce,cost-sensitive regularized CE,cost_sensitive_regularized_ce,498,15,6,68382-0227,53489-0156,8.0,15,4.4850006103515625,True,checkpoints/pmi20_run_cost_sensitive_regularized_ce_lr5e5_s44,results/pmi20_sota_convnext_base_test/pmi20_run_cost_sensitive_regularized_ce_lr5e5_s44_05-04_10-28/metrics_20260504_102841_cost_sensitive_regularized_ce.json
44,cost_sensitive_regularized_ce,cost-sensitive regularized CE,cost_sensitive_regularized_ce,499,15,6,68382-0227,53489-0156,8.0,15,5.718974828720093,True,checkpoints/pmi20_run_cost_sensitive_regularized_ce_lr5e5_s44,results/pmi20_sota_convnext_base_test/pmi20_run_cost_sensitive_regularized_ce_lr5e5_s44_05-04_10-28/metrics_20260504_102841_cost_sensitive_regularized_ce.json
44,cost_sensitive_regularized_ce,cost-sensitive regularized CE,cost_sensitive_regularized_ce,500,15,6,68382-0227,53489-0156,8.0,15,6.6080641746521,True,checkpoints/pmi20_run_cost_sensitive_regularized_ce_lr5e5_s44,results/pmi20_sota_convnext_base_test/pmi20_run_cost_sensitive_regularized_ce_lr5e5_s44_05-04_10-28/metrics_20260504_102841_cost_sensitive_regularized_ce.json
44,cost_sensitive_regularized_ce,cost-sensitive regularized CE,cost_sensitive_regularized_ce,501,15,6,68382-0227,53489-0156,8.0,15,6.635465383529663,True,checkpoints/pmi20_run_cost_sensitive_regularized_ce_lr5e5_s44,results/pmi20_sota_convnext_base_test/pmi20_run_cost_sensitive_regularized_ce_lr5e5_s44_05-04_10-28/metrics_20260504_102841_cost_sensitive_regularized_ce.json
44,cost_sensitive_regularized_ce,cost-sensitive regularized CE,cost_sensitive_regularized_ce,502,15,6,68382-0227,53489-0156,8.0,15,5.7012763023376465,True,checkpoints/pmi20_run_cost_sensitive_regularized_ce_lr5e5_s44,results/pmi20_sota_convnext_base_test/pmi20_run_cost_sensitive_regularized_ce_lr5e5_s44_05-04_10-28/metrics_20260504_102841_cost_sensitive_regularized_ce.json
44,cost_sensitive_regularized_ce,cost-sensitive regularized CE,cost_sensitive_regularized_ce,503,15,6,68382-0227,53489-0156,8.0,15,4.799443244934082,True,checkpoints/pmi20_run_cost_sensitive_regularized_ce_lr5e5_s44,results/pmi20_sota_convnext_base_test/pmi20_run_cost_sensitive_regularized_ce_lr5e5_s44_05-04_10-28/metrics_20260504_102841_cost_sensitive_regularized_ce.json
44,cost_sensitive_regularized_ce,cost-sensitive regularized CE,cost_sensitive_regularized_ce,504,15,6,68382-0227,53489-0156,8.0,15,3.1852707862854004,True,checkpoints/pmi20_run_cost_sensitive_regularized_ce_lr5e5_s44,results/pmi20_sota_convnext_base_test/pmi20_run_cost_sensitive_regularized_ce_lr5e5_s44_05-04_10-28/metrics_20260504_102841_cost_sensitive_regularized_ce.json
44,cost_sensitive_regularized_ce,cost-sensitive regularized CE,cost_sensitive_regularized_ce,505,15,6,68382-0227,53489-0156,8.0,15,2.28812837600708,True,checkpoints/pmi20_run_cost_sensitive_regularized_ce_lr5e5_s44,results/pmi20_sota_convnext_base_test/pmi20_run_cost_sensitive_regularized_ce_lr5e5_s44_05-04_10-28/metrics_20260504_102841_cost_sensitive_regularized_ce.json
44,cost_sensitive_regularized_ce,cost-sensitive regularized CE,cost_sensitive_regularized_ce,506,15,6,68382-0227,53489-0156,8.0,15,1.5826878547668457,True,checkpoints/pmi20_run_cost_sensitive_regularized_ce_lr5e5_s44,results/pmi20_sota_convnext_base_test/pmi20_run_cost_sensitive_regularized_ce_lr5e5_s44_05-04_10-28/metrics_20260504_102841_cost_sensitive_regularized_ce.json
44,cost_sensitive_regularized_ce,cost-sensitive regularized CE,cost_sensitive_regularized_ce,507,15,6,68382-0227,53489-0156,8.0,15,4.15559196472168,True,checkpoints/pmi20_run_cost_sensitive_regularized_ce_lr5e5_s44,results/pmi20_sota_convnext_base_test/pmi20_run_cost_sensitive_regularized_ce_lr5e5_s44_05-04_10-28/metrics_20260504_102841_cost_sensitive_regularized_ce.json
44,cost_sensitive_regularized_ce,cost-sensitive regularized CE,cost_sensitive_regularized_ce,508,15,6,68382-0227,53489-0156,8.0,15,1.0097417831420898,True,checkpoints/pmi20_run_cost_sensitive_regularized_ce_lr5e5_s44,results/pmi20_sota_convnext_base_test/pmi20_run_cost_sensitive_regularized_ce_lr5e5_s44_05-04_10-28/metrics_20260504_102841_cost_sensitive_regularized_ce.json
44,cost_sensitive_regularized_ce,cost-sensitive regularized CE,cost_sensitive_regularized_ce,509,15,6,68382-0227,53489-0156,8.0,15,3.6032233238220215,True,checkpoints/pmi20_run_cost_sensitive_regularized_ce_lr5e5_s44,results/pmi20_sota_convnext_base_test/pmi20_run_cost_sensitive_regularized_ce_lr5e5_s44_05-04_10-28/metrics_20260504_102841_cost_sensitive_regularized_ce.json
44,cost_sensitive_regularized_ce,cost-sensitive regularized CE,cost_sensitive_regularized_ce,510,15,6,68382-0227,53489-0156,8.0,15,5.742400407791138,True,checkpoints/pmi20_run_cost_sensitive_regularized_ce_lr5e5_s44,results/pmi20_sota_convnext_base_test/pmi20_run_cost_sensitive_regularized_ce_lr5e5_s44_05-04_10-28/metrics_20260504_102841_cost_sensitive_regularized_ce.json
44,cost_sensitive_regularized_ce,cost-sensitive regularized CE,cost_sensitive_regularized_ce,511,15,6,68382-0227,53489-0156,8.0,15,7.51300573348999,True,checkpoints/pmi20_run_cost_sensitive_regularized_ce_lr5e5_s44,results/pmi20_sota_convnext_base_test/pmi20_run_cost_sensitive_regularized_ce_lr5e5_s44_05-04_10-28/metrics_20260504_102841_cost_sensitive_regularized_ce.json
44,CSADA,CSADA,csada,160,5,2,50111-0434,00591-0461,10.0,5,8.60922360420227,True,checkpoints/pmi20_run_csada_lr5e5_s44,results/pmi20_sota_convnext_base_test/pmi20_run_csada_lr5e5_s44_05-04_10-33/metrics_20260504_103339_csada.json
44,CSADA,CSADA,csada,161,5,2,50111-0434,00591-0461,10.0,5,8.830723881721497,True,checkpoints/pmi20_run_csada_lr5e5_s44,results/pmi20_sota_convnext_base_test/pmi20_run_csada_lr5e5_s44_05-04_10-33/metrics_20260504_103339_csada.json
44,CSADA,CSADA,csada,162,5,2,50111-0434,00591-0461,10.0,5,9.565635919570923,True,checkpoints/pmi20_run_csada_lr5e5_s44,results/pmi20_sota_convnext_base_test/pmi20_run_csada_lr5e5_s44_05-04_10-33/metrics_20260504_103339_csada.json
44,CSADA,CSADA,csada,163,5,2,50111-0434,00591-0461,10.0,5,8.884124636650085,True,checkpoints/pmi20_run_csada_lr5e5_s44,results/pmi20_sota_convnext_base_test/pmi20_run_csada_lr5e5_s44_05-04_10-33/metrics_20260504_103339_csada.json
44,CSADA,CSADA,csada,164,5,2,50111-0434,00591-0461,10.0,5,9.489003658294678,True,checkpoints/pmi20_run_csada_lr5e5_s44,results/pmi20_sota_convnext_base_test/pmi20_run_csada_lr5e5_s44_05-04_10-33/metrics_20260504_103339_csada.json
44,CSADA,CSADA,csada,165,5,2,50111-0434,00591-0461,10.0,5,9.324183940887451,True,checkpoints/pmi20_run_csada_lr5e5_s44,results/pmi20_sota_convnext_base_test/pmi20_run_csada_lr5e5_s44_05-04_10-33/metrics_20260504_103339_csada.json
44,CSADA,CSADA,csada,166,5,2,50111-0434,00591-0461,10.0,5,8.808192610740662,True,checkpoints/pmi20_run_csada_lr5e5_s44,results/pmi20_sota_convnext_base_test/pmi20_run_csada_lr5e5_s44_05-04_10-33/metrics_20260504_103339_csada.json
44,CSADA,CSADA,csada,167,5,2,50111-0434,00591-0461,10.0,5,8.111814379692078,True,checkpoints/pmi20_run_csada_lr5e5_s44,results/pmi20_sota_convnext_base_test/pmi20_run_csada_lr5e5_s44_05-04_10-33/metrics_20260504_103339_csada.json
44,CSADA,CSADA,csada,168,5,2,50111-0434,00591-0461,10.0,5,8.958381414413452,True,checkpoints/pmi20_run_csada_lr5e5_s44,results/pmi20_sota_convnext_base_test/pmi20_run_csada_lr5e5_s44_05-04_10-33/metrics_20260504_103339_csada.json
44,CSADA,CSADA,csada,169,5,2,50111-0434,00591-0461,10.0,5,8.638963103294373,True,checkpoints/pmi20_run_csada_lr5e5_s44,results/pmi20_sota_convnext_base_test/pmi20_run_csada_lr5e5_s44_05-04_10-33/metrics_20260504_103339_csada.json
44,CSADA,CSADA,csada,170,5,2,50111-0434,00591-0461,10.0,5,8.852357625961304,True,checkpoints/pmi20_run_csada_lr5e5_s44,results/pmi20_sota_convnext_base_test/pmi20_run_csada_lr5e5_s44_05-04_10-33/metrics_20260504_103339_csada.json
44,CSADA,CSADA,csada,171,5,2,50111-0434,00591-0461,10.0,5,9.197698831558228,True,checkpoints/pmi20_run_csada_lr5e5_s44,results/pmi20_sota_convnext_base_test/pmi20_run_csada_lr5e5_s44_05-04_10-33/metrics_20260504_103339_csada.json
44,CSADA,CSADA,csada,172,5,2,50111-0434,00591-0461,10.0,5,7.401293933391571,True,checkpoints/pmi20_run_csada_lr5e5_s44,results/pmi20_sota_convnext_base_test/pmi20_run_csada_lr5e5_s44_05-04_10-33/metrics_20260504_103339_csada.json
44,CSADA,CSADA,csada,173,5,2,50111-0434,00591-0461,10.0,5,8.249239444732666,True,checkpoints/pmi20_run_csada_lr5e5_s44,results/pmi20_sota_convnext_base_test/pmi20_run_csada_lr5e5_s44_05-04_10-33/metrics_20260504_103339_csada.json
44,CSADA,CSADA,csada,174,5,2,50111-0434,00591-0461,10.0,5,8.69777798652649,True,checkpoints/pmi20_run_csada_lr5e5_s44,results/pmi20_sota_convnext_base_test/pmi20_run_csada_lr5e5_s44_05-04_10-33/metrics_20260504_103339_csada.json
44,CSADA,CSADA,csada,175,5,2,50111-0434,00591-0461,10.0,5,9.038702845573425,True,checkpoints/pmi20_run_csada_lr5e5_s44,results/pmi20_sota_convnext_base_test/pmi20_run_csada_lr5e5_s44_05-04_10-33/metrics_20260504_103339_csada.json
44,CSADA,CSADA,csada,176,5,2,50111-0434,00591-0461,10.0,5,7.650109708309174,True,checkpoints/pmi20_run_csada_lr5e5_s44,results/pmi20_sota_convnext_base_test/pmi20_run_csada_lr5e5_s44_05-04_10-33/metrics_20260504_103339_csada.json
44,CSADA,CSADA,csada,177,5,2,50111-0434,00591-0461,10.0,5,8.789998650550842,True,checkpoints/pmi20_run_csada_lr5e5_s44,results/pmi20_sota_convnext_base_test/pmi20_run_csada_lr5e5_s44_05-04_10-33/metrics_20260504_103339_csada.json
44,CSADA,CSADA,csada,178,5,2,50111-0434,00591-0461,10.0,5,7.833553105592728,True,checkpoints/pmi20_run_csada_lr5e5_s44,results/pmi20_sota_convnext_base_test/pmi20_run_csada_lr5e5_s44_05-04_10-33/metrics_20260504_103339_csada.json
44,CSADA,CSADA,csada,179,5,2,50111-0434,00591-0461,10.0,5,8.86461067199707,True,checkpoints/pmi20_run_csada_lr5e5_s44,results/pmi20_sota_convnext_base_test/pmi20_run_csada_lr5e5_s44_05-04_10-33/metrics_20260504_103339_csada.json
44,CSADA,CSADA,csada,180,5,2,50111-0434,00591-0461,10.0,5,8.655495762825012,True,checkpoints/pmi20_run_csada_lr5e5_s44,results/pmi20_sota_convnext_base_test/pmi20_run_csada_lr5e5_s44_05-04_10-33/metrics_20260504_103339_csada.json
44,CSADA,CSADA,csada,181,5,2,50111-0434,00591-0461,10.0,5,8.310996413230896,True,checkpoints/pmi20_run_csada_lr5e5_s44,results/pmi20_sota_convnext_base_test/pmi20_run_csada_lr5e5_s44_05-04_10-33/metrics_20260504_103339_csada.json
44,CSADA,CSADA,csada,182,5,2,50111-0434,00591-0461,10.0,5,8.880484461784363,True,checkpoints/pmi20_run_csada_lr5e5_s44,results/pmi20_sota_convnext_base_test/pmi20_run_csada_lr5e5_s44_05-04_10-33/metrics_20260504_103339_csada.json
44,CSADA,CSADA,csada,183,5,2,50111-0434,00591-0461,10.0,5,8.542683720588684,True,checkpoints/pmi20_run_csada_lr5e5_s44,results/pmi20_sota_convnext_base_test/pmi20_run_csada_lr5e5_s44_05-04_10-33/metrics_20260504_103339_csada.json
44,CSADA,CSADA,csada,184,5,2,50111-0434,00591-0461,10.0,5,8.598853945732117,True,checkpoints/pmi20_run_csada_lr5e5_s44,results/pmi20_sota_convnext_base_test/pmi20_run_csada_lr5e5_s44_05-04_10-33/metrics_20260504_103339_csada.json
44,CSADA,CSADA,csada,185,5,2,50111-0434,00591-0461,10.0,5,8.20141750574112,True,checkpoints/pmi20_run_csada_lr5e5_s44,results/pmi20_sota_convnext_base_test/pmi20_run_csada_lr5e5_s44_05-04_10-33/metrics_20260504_103339_csada.json
44,CSADA,CSADA,csada,186,5,2,50111-0434,00591-0461,10.0,5,8.59452486038208,True,checkpoints/pmi20_run_csada_lr5e5_s44,results/pmi20_sota_convnext_base_test/pmi20_run_csada_lr5e5_s44_05-04_10-33/metrics_20260504_103339_csada.json
44,CSADA,CSADA,csada,187,5,2,50111-0434,00591-0461,10.0,5,8.557993054389954,True,checkpoints/pmi20_run_csada_lr5e5_s44,results/pmi20_sota_convnext_base_test/pmi20_run_csada_lr5e5_s44_05-04_10-33/metrics_20260504_103339_csada.json
44,CSADA,CSADA,csada,188,5,2,50111-0434,00591-0461,10.0,5,7.984801769256592,True,checkpoints/pmi20_run_csada_lr5e5_s44,results/pmi20_sota_convnext_base_test/pmi20_run_csada_lr5e5_s44_05-04_10-33/metrics_20260504_103339_csada.json
44,CSADA,CSADA,csada,189,5,2,50111-0434,00591-0461,10.0,5,7.588604986667633,True,checkpoints/pmi20_run_csada_lr5e5_s44,results/pmi20_sota_convnext_base_test/pmi20_run_csada_lr5e5_s44_05-04_10-33/metrics_20260504_103339_csada.json
44,CSADA,CSADA,csada,190,5,2,50111-0434,00591-0461,10.0,5,8.540235877037048,True,checkpoints/pmi20_run_csada_lr5e5_s44,results/pmi20_sota_convnext_base_test/pmi20_run_csada_lr5e5_s44_05-04_10-33/metrics_20260504_103339_csada.json
44,CSADA,CSADA,csada,191,5,2,50111-0434,00591-0461,10.0,5,8.103236079216003,True,checkpoints/pmi20_run_csada_lr5e5_s44,results/pmi20_sota_convnext_base_test/pmi20_run_csada_lr5e5_s44_05-04_10-33/metrics_20260504_103339_csada.json
44,CSADA,CSADA,csada,192,6,15,53489-0156,68382-0227,10.0,6,0.3833632469177246,True,checkpoints/pmi20_run_csada_lr5e5_s44,results/pmi20_sota_convnext_base_test/pmi20_run_csada_lr5e5_s44_05-04_10-33/metrics_20260504_103339_csada.json
44,CSADA,CSADA,csada,193,6,15,53489-0156,68382-0227,10.0,6,0.5510749816894531,True,checkpoints/pmi20_run_csada_lr5e5_s44,results/pmi20_sota_convnext_base_test/pmi20_run_csada_lr5e5_s44_05-04_10-33/metrics_20260504_103339_csada.json
44,CSADA,CSADA,csada,194,6,15,53489-0156,68382-0227,10.0,6,0.3990671634674072,True,checkpoints/pmi20_run_csada_lr5e5_s44,results/pmi20_sota_convnext_base_test/pmi20_run_csada_lr5e5_s44_05-04_10-33/metrics_20260504_103339_csada.json
44,CSADA,CSADA,csada,195,6,15,53489-0156,68382-0227,10.0,6,1.2817416191101074,True,checkpoints/pmi20_run_csada_lr5e5_s44,results/pmi20_sota_convnext_base_test/pmi20_run_csada_lr5e5_s44_05-04_10-33/metrics_20260504_103339_csada.json
44,CSADA,CSADA,csada,196,6,15,53489-0156,68382-0227,10.0,6,0.8947489261627197,True,checkpoints/pmi20_run_csada_lr5e5_s44,results/pmi20_sota_convnext_base_test/pmi20_run_csada_lr5e5_s44_05-04_10-33/metrics_20260504_103339_csada.json
44,CSADA,CSADA,csada,197,6,15,53489-0156,68382-0227,10.0,6,0.849586009979248,True,checkpoints/pmi20_run_csada_lr5e5_s44,results/pmi20_sota_convnext_base_test/pmi20_run_csada_lr5e5_s44_05-04_10-33/metrics_20260504_103339_csada.json
44,CSADA,CSADA,csada,198,6,15,53489-0156,68382-0227,10.0,6,1.0287439823150635,True,checkpoints/pmi20_run_csada_lr5e5_s44,results/pmi20_sota_convnext_base_test/pmi20_run_csada_lr5e5_s44_05-04_10-33/metrics_20260504_103339_csada.json
44,CSADA,CSADA,csada,199,6,15,53489-0156,68382-0227,10.0,6,1.0485785007476807,True,checkpoints/pmi20_run_csada_lr5e5_s44,results/pmi20_sota_convnext_base_test/pmi20_run_csada_lr5e5_s44_05-04_10-33/metrics_20260504_103339_csada.json
44,CSADA,CSADA,csada,200,6,15,53489-0156,68382-0227,10.0,7,-0.25785958766937256,False,checkpoints/pmi20_run_csada_lr5e5_s44,results/pmi20_sota_convnext_base_test/pmi20_run_csada_lr5e5_s44_05-04_10-33/metrics_20260504_103339_csada.json
44,CSADA,CSADA,csada,201,6,15,53489-0156,68382-0227,10.0,6,1.4220895767211914,True,checkpoints/pmi20_run_csada_lr5e5_s44,results/pmi20_sota_convnext_base_test/pmi20_run_csada_lr5e5_s44_05-04_10-33/metrics_20260504_103339_csada.json
44,CSADA,CSADA,csada,202,6,15,53489-0156,68382-0227,10.0,6,1.170597791671753,True,checkpoints/pmi20_run_csada_lr5e5_s44,results/pmi20_sota_convnext_base_test/pmi20_run_csada_lr5e5_s44_05-04_10-33/metrics_20260504_103339_csada.json
44,CSADA,CSADA,csada,203,6,15,53489-0156,68382-0227,10.0,6,0.5395627021789551,True,checkpoints/pmi20_run_csada_lr5e5_s44,results/pmi20_sota_convnext_base_test/pmi20_run_csada_lr5e5_s44_05-04_10-33/metrics_20260504_103339_csada.json
44,CSADA,CSADA,csada,204,6,15,53489-0156,68382-0227,10.0,6,0.7357561588287354,True,checkpoints/pmi20_run_csada_lr5e5_s44,results/pmi20_sota_convnext_base_test/pmi20_run_csada_lr5e5_s44_05-04_10-33/metrics_20260504_103339_csada.json
44,CSADA,CSADA,csada,205,6,15,53489-0156,68382-0227,10.0,6,1.2522587776184082,True,checkpoints/pmi20_run_csada_lr5e5_s44,results/pmi20_sota_convnext_base_test/pmi20_run_csada_lr5e5_s44_05-04_10-33/metrics_20260504_103339_csada.json
44,CSADA,CSADA,csada,206,6,15,53489-0156,68382-0227,10.0,6,0.3969686031341553,True,checkpoints/pmi20_run_csada_lr5e5_s44,results/pmi20_sota_convnext_base_test/pmi20_run_csada_lr5e5_s44_05-04_10-33/metrics_20260504_103339_csada.json
44,CSADA,CSADA,csada,207,6,15,53489-0156,68382-0227,10.0,6,0.4437105655670166,True,checkpoints/pmi20_run_csada_lr5e5_s44,results/pmi20_sota_convnext_base_test/pmi20_run_csada_lr5e5_s44_05-04_10-33/metrics_20260504_103339_csada.json
44,CSADA,CSADA,csada,208,6,15,53489-0156,68382-0227,10.0,6,0.6276850700378418,True,checkpoints/pmi20_run_csada_lr5e5_s44,results/pmi20_sota_convnext_base_test/pmi20_run_csada_lr5e5_s44_05-04_10-33/metrics_20260504_103339_csada.json
44,CSADA,CSADA,csada,209,6,15,53489-0156,68382-0227,10.0,6,1.1134748458862305,True,checkpoints/pmi20_run_csada_lr5e5_s44,results/pmi20_sota_convnext_base_test/pmi20_run_csada_lr5e5_s44_05-04_10-33/metrics_20260504_103339_csada.json
44,CSADA,CSADA,csada,210,6,15,53489-0156,68382-0227,10.0,6,0.6743335723876953,True,checkpoints/pmi20_run_csada_lr5e5_s44,results/pmi20_sota_convnext_base_test/pmi20_run_csada_lr5e5_s44_05-04_10-33/metrics_20260504_103339_csada.json
44,CSADA,CSADA,csada,211,6,15,53489-0156,68382-0227,10.0,6,0.18529343605041504,True,checkpoints/pmi20_run_csada_lr5e5_s44,results/pmi20_sota_convnext_base_test/pmi20_run_csada_lr5e5_s44_05-04_10-33/metrics_20260504_103339_csada.json
44,CSADA,CSADA,csada,212,6,15,53489-0156,68382-0227,10.0,6,0.5962059497833252,True,checkpoints/pmi20_run_csada_lr5e5_s44,results/pmi20_sota_convnext_base_test/pmi20_run_csada_lr5e5_s44_05-04_10-33/metrics_20260504_103339_csada.json
44,CSADA,CSADA,csada,213,6,15,53489-0156,68382-0227,10.0,6,0.4548501968383789,True,checkpoints/pmi20_run_csada_lr5e5_s44,results/pmi20_sota_convnext_base_test/pmi20_run_csada_lr5e5_s44_05-04_10-33/metrics_20260504_103339_csada.json
44,CSADA,CSADA,csada,214,6,15,53489-0156,68382-0227,10.0,7,0.5437054634094238,True,checkpoints/pmi20_run_csada_lr5e5_s44,results/pmi20_sota_convnext_base_test/pmi20_run_csada_lr5e5_s44_05-04_10-33/metrics_20260504_103339_csada.json
44,CSADA,CSADA,csada,215,6,15,53489-0156,68382-0227,10.0,6,1.2963883876800537,True,checkpoints/pmi20_run_csada_lr5e5_s44,results/pmi20_sota_convnext_base_test/pmi20_run_csada_lr5e5_s44_05-04_10-33/metrics_20260504_103339_csada.json
44,CSADA,CSADA,csada,216,6,15,53489-0156,68382-0227,10.0,6,0.7925868034362793,True,checkpoints/pmi20_run_csada_lr5e5_s44,results/pmi20_sota_convnext_base_test/pmi20_run_csada_lr5e5_s44_05-04_10-33/metrics_20260504_103339_csada.json
44,CSADA,CSADA,csada,217,6,15,53489-0156,68382-0227,10.0,6,1.0522942543029785,True,checkpoints/pmi20_run_csada_lr5e5_s44,results/pmi20_sota_convnext_base_test/pmi20_run_csada_lr5e5_s44_05-04_10-33/metrics_20260504_103339_csada.json
44,CSADA,CSADA,csada,218,6,15,53489-0156,68382-0227,10.0,6,0.18548154830932617,True,checkpoints/pmi20_run_csada_lr5e5_s44,results/pmi20_sota_convnext_base_test/pmi20_run_csada_lr5e5_s44_05-04_10-33/metrics_20260504_103339_csada.json
44,CSADA,CSADA,csada,219,6,15,53489-0156,68382-0227,10.0,15,-0.2129499912261963,False,checkpoints/pmi20_run_csada_lr5e5_s44,results/pmi20_sota_convnext_base_test/pmi20_run_csada_lr5e5_s44_05-04_10-33/metrics_20260504_103339_csada.json
44,CSADA,CSADA,csada,220,6,15,53489-0156,68382-0227,10.0,6,1.0786852836608887,True,checkpoints/pmi20_run_csada_lr5e5_s44,results/pmi20_sota_convnext_base_test/pmi20_run_csada_lr5e5_s44_05-04_10-33/metrics_20260504_103339_csada.json
44,CSADA,CSADA,csada,221,6,15,53489-0156,68382-0227,10.0,6,0.4518589973449707,True,checkpoints/pmi20_run_csada_lr5e5_s44,results/pmi20_sota_convnext_base_test/pmi20_run_csada_lr5e5_s44_05-04_10-33/metrics_20260504_103339_csada.json
44,CSADA,CSADA,csada,222,6,15,53489-0156,68382-0227,10.0,6,1.0814459323883057,True,checkpoints/pmi20_run_csada_lr5e5_s44,results/pmi20_sota_convnext_base_test/pmi20_run_csada_lr5e5_s44_05-04_10-33/metrics_20260504_103339_csada.json
44,CSADA,CSADA,csada,223,6,15,53489-0156,68382-0227,10.0,6,0.8296463489532471,True,checkpoints/pmi20_run_csada_lr5e5_s44,results/pmi20_sota_convnext_base_test/pmi20_run_csada_lr5e5_s44_05-04_10-33/metrics_20260504_103339_csada.json
44,CSADA,CSADA,csada,224,7,0,53746-0544,00378-0208,10.0,7,8.186359882354736,True,checkpoints/pmi20_run_csada_lr5e5_s44,results/pmi20_sota_convnext_base_test/pmi20_run_csada_lr5e5_s44_05-04_10-33/metrics_20260504_103339_csada.json
44,CSADA,CSADA,csada,225,7,0,53746-0544,00378-0208,10.0,7,8.542166471481323,True,checkpoints/pmi20_run_csada_lr5e5_s44,results/pmi20_sota_convnext_base_test/pmi20_run_csada_lr5e5_s44_05-04_10-33/metrics_20260504_103339_csada.json
44,CSADA,CSADA,csada,226,7,0,53746-0544,00378-0208,10.0,7,8.242493391036987,True,checkpoints/pmi20_run_csada_lr5e5_s44,results/pmi20_sota_convnext_base_test/pmi20_run_csada_lr5e5_s44_05-04_10-33/metrics_20260504_103339_csada.json
44,CSADA,CSADA,csada,227,7,0,53746-0544,00378-0208,10.0,7,8.665884494781494,True,checkpoints/pmi20_run_csada_lr5e5_s44,results/pmi20_sota_convnext_base_test/pmi20_run_csada_lr5e5_s44_05-04_10-33/metrics_20260504_103339_csada.json
44,CSADA,CSADA,csada,228,7,0,53746-0544,00378-0208,10.0,7,7.602589964866638,True,checkpoints/pmi20_run_csada_lr5e5_s44,results/pmi20_sota_convnext_base_test/pmi20_run_csada_lr5e5_s44_05-04_10-33/metrics_20260504_103339_csada.json
44,CSADA,CSADA,csada,229,7,0,53746-0544,00378-0208,10.0,7,8.180845141410828,True,checkpoints/pmi20_run_csada_lr5e5_s44,results/pmi20_sota_convnext_base_test/pmi20_run_csada_lr5e5_s44_05-04_10-33/metrics_20260504_103339_csada.json
44,CSADA,CSADA,csada,230,7,0,53746-0544,00378-0208,10.0,7,8.390846252441406,True,checkpoints/pmi20_run_csada_lr5e5_s44,results/pmi20_sota_convnext_base_test/pmi20_run_csada_lr5e5_s44_05-04_10-33/metrics_20260504_103339_csada.json
44,CSADA,CSADA,csada,231,7,0,53746-0544,00378-0208,10.0,7,8.869892477989197,True,checkpoints/pmi20_run_csada_lr5e5_s44,results/pmi20_sota_convnext_base_test/pmi20_run_csada_lr5e5_s44_05-04_10-33/metrics_20260504_103339_csada.json
44,CSADA,CSADA,csada,232,7,0,53746-0544,00378-0208,10.0,7,8.258838891983032,True,checkpoints/pmi20_run_csada_lr5e5_s44,results/pmi20_sota_convnext_base_test/pmi20_run_csada_lr5e5_s44_05-04_10-33/metrics_20260504_103339_csada.json
44,CSADA,CSADA,csada,233,7,0,53746-0544,00378-0208,10.0,7,8.52474570274353,True,checkpoints/pmi20_run_csada_lr5e5_s44,results/pmi20_sota_convnext_base_test/pmi20_run_csada_lr5e5_s44_05-04_10-33/metrics_20260504_103339_csada.json
44,CSADA,CSADA,csada,234,7,0,53746-0544,00378-0208,10.0,7,8.606191754341125,True,checkpoints/pmi20_run_csada_lr5e5_s44,results/pmi20_sota_convnext_base_test/pmi20_run_csada_lr5e5_s44_05-04_10-33/metrics_20260504_103339_csada.json
44,CSADA,CSADA,csada,235,7,0,53746-0544,00378-0208,10.0,7,8.944483518600464,True,checkpoints/pmi20_run_csada_lr5e5_s44,results/pmi20_sota_convnext_base_test/pmi20_run_csada_lr5e5_s44_05-04_10-33/metrics_20260504_103339_csada.json
44,CSADA,CSADA,csada,236,7,0,53746-0544,00378-0208,10.0,7,8.403478860855103,True,checkpoints/pmi20_run_csada_lr5e5_s44,results/pmi20_sota_convnext_base_test/pmi20_run_csada_lr5e5_s44_05-04_10-33/metrics_20260504_103339_csada.json
44,CSADA,CSADA,csada,237,7,0,53746-0544,00378-0208,10.0,7,8.961668252944946,True,checkpoints/pmi20_run_csada_lr5e5_s44,results/pmi20_sota_convnext_base_test/pmi20_run_csada_lr5e5_s44_05-04_10-33/metrics_20260504_103339_csada.json
44,CSADA,CSADA,csada,238,7,0,53746-0544,00378-0208,10.0,7,8.601967096328735,True,checkpoints/pmi20_run_csada_lr5e5_s44,results/pmi20_sota_convnext_base_test/pmi20_run_csada_lr5e5_s44_05-04_10-33/metrics_20260504_103339_csada.json
44,CSADA,CSADA,csada,239,7,0,53746-0544,00378-0208,10.0,7,6.431365266442299,True,checkpoints/pmi20_run_csada_lr5e5_s44,results/pmi20_sota_convnext_base_test/pmi20_run_csada_lr5e5_s44_05-04_10-33/metrics_20260504_103339_csada.json
44,CSADA,CSADA,csada,240,7,0,53746-0544,00378-0208,10.0,7,8.336705684661865,True,checkpoints/pmi20_run_csada_lr5e5_s44,results/pmi20_sota_convnext_base_test/pmi20_run_csada_lr5e5_s44_05-04_10-33/metrics_20260504_103339_csada.json
44,CSADA,CSADA,csada,241,7,0,53746-0544,00378-0208,10.0,7,9.009424924850464,True,checkpoints/pmi20_run_csada_lr5e5_s44,results/pmi20_sota_convnext_base_test/pmi20_run_csada_lr5e5_s44_05-04_10-33/metrics_20260504_103339_csada.json
44,CSADA,CSADA,csada,242,7,0,53746-0544,00378-0208,10.0,7,8.924385786056519,True,checkpoints/pmi20_run_csada_lr5e5_s44,results/pmi20_sota_convnext_base_test/pmi20_run_csada_lr5e5_s44_05-04_10-33/metrics_20260504_103339_csada.json
44,CSADA,CSADA,csada,243,7,0,53746-0544,00378-0208,10.0,7,8.700947999954224,True,checkpoints/pmi20_run_csada_lr5e5_s44,results/pmi20_sota_convnext_base_test/pmi20_run_csada_lr5e5_s44_05-04_10-33/metrics_20260504_103339_csada.json
44,CSADA,CSADA,csada,244,7,0,53746-0544,00378-0208,10.0,7,8.560070991516113,True,checkpoints/pmi20_run_csada_lr5e5_s44,results/pmi20_sota_convnext_base_test/pmi20_run_csada_lr5e5_s44_05-04_10-33/metrics_20260504_103339_csada.json
44,CSADA,CSADA,csada,245,7,0,53746-0544,00378-0208,10.0,7,8.428383708000183,True,checkpoints/pmi20_run_csada_lr5e5_s44,results/pmi20_sota_convnext_base_test/pmi20_run_csada_lr5e5_s44_05-04_10-33/metrics_20260504_103339_csada.json
44,CSADA,CSADA,csada,246,7,0,53746-0544,00378-0208,10.0,7,9.04886531829834,True,checkpoints/pmi20_run_csada_lr5e5_s44,results/pmi20_sota_convnext_base_test/pmi20_run_csada_lr5e5_s44_05-04_10-33/metrics_20260504_103339_csada.json
44,CSADA,CSADA,csada,247,7,0,53746-0544,00378-0208,10.0,7,9.011422634124756,True,checkpoints/pmi20_run_csada_lr5e5_s44,results/pmi20_sota_convnext_base_test/pmi20_run_csada_lr5e5_s44_05-04_10-33/metrics_20260504_103339_csada.json
44,CSADA,CSADA,csada,248,7,0,53746-0544,00378-0208,10.0,7,8.385903000831604,True,checkpoints/pmi20_run_csada_lr5e5_s44,results/pmi20_sota_convnext_base_test/pmi20_run_csada_lr5e5_s44_05-04_10-33/metrics_20260504_103339_csada.json
44,CSADA,CSADA,csada,249,7,0,53746-0544,00378-0208,10.0,7,8.617555260658264,True,checkpoints/pmi20_run_csada_lr5e5_s44,results/pmi20_sota_convnext_base_test/pmi20_run_csada_lr5e5_s44_05-04_10-33/metrics_20260504_103339_csada.json
44,CSADA,CSADA,csada,250,7,0,53746-0544,00378-0208,10.0,7,8.260488510131836,True,checkpoints/pmi20_run_csada_lr5e5_s44,results/pmi20_sota_convnext_base_test/pmi20_run_csada_lr5e5_s44_05-04_10-33/metrics_20260504_103339_csada.json
44,CSADA,CSADA,csada,251,7,0,53746-0544,00378-0208,10.0,7,8.951287388801575,True,checkpoints/pmi20_run_csada_lr5e5_s44,results/pmi20_sota_convnext_base_test/pmi20_run_csada_lr5e5_s44_05-04_10-33/metrics_20260504_103339_csada.json
44,CSADA,CSADA,csada,252,7,0,53746-0544,00378-0208,10.0,7,8.858671307563782,True,checkpoints/pmi20_run_csada_lr5e5_s44,results/pmi20_sota_convnext_base_test/pmi20_run_csada_lr5e5_s44_05-04_10-33/metrics_20260504_103339_csada.json
44,CSADA,CSADA,csada,253,7,0,53746-0544,00378-0208,10.0,7,9.066141605377197,True,checkpoints/pmi20_run_csada_lr5e5_s44,results/pmi20_sota_convnext_base_test/pmi20_run_csada_lr5e5_s44_05-04_10-33/metrics_20260504_103339_csada.json
44,CSADA,CSADA,csada,254,7,0,53746-0544,00378-0208,10.0,7,8.955491542816162,True,checkpoints/pmi20_run_csada_lr5e5_s44,results/pmi20_sota_convnext_base_test/pmi20_run_csada_lr5e5_s44_05-04_10-33/metrics_20260504_103339_csada.json
44,CSADA,CSADA,csada,255,7,0,53746-0544,00378-0208,10.0,7,8.57112741470337,True,checkpoints/pmi20_run_csada_lr5e5_s44,results/pmi20_sota_convnext_base_test/pmi20_run_csada_lr5e5_s44_05-04_10-33/metrics_20260504_103339_csada.json
44,CSADA,CSADA,csada,480,15,6,68382-0227,53489-0156,8.0,15,0.06647348403930664,True,checkpoints/pmi20_run_csada_lr5e5_s44,results/pmi20_sota_convnext_base_test/pmi20_run_csada_lr5e5_s44_05-04_10-33/metrics_20260504_103339_csada.json
44,CSADA,CSADA,csada,481,15,6,68382-0227,53489-0156,8.0,15,0.09965682029724121,True,checkpoints/pmi20_run_csada_lr5e5_s44,results/pmi20_sota_convnext_base_test/pmi20_run_csada_lr5e5_s44_05-04_10-33/metrics_20260504_103339_csada.json
44,CSADA,CSADA,csada,482,15,6,68382-0227,53489-0156,8.0,15,0.7092626094818115,True,checkpoints/pmi20_run_csada_lr5e5_s44,results/pmi20_sota_convnext_base_test/pmi20_run_csada_lr5e5_s44_05-04_10-33/metrics_20260504_103339_csada.json
44,CSADA,CSADA,csada,483,15,6,68382-0227,53489-0156,8.0,15,0.07976984977722168,True,checkpoints/pmi20_run_csada_lr5e5_s44,results/pmi20_sota_convnext_base_test/pmi20_run_csada_lr5e5_s44_05-04_10-33/metrics_20260504_103339_csada.json
44,CSADA,CSADA,csada,484,15,6,68382-0227,53489-0156,8.0,15,0.34973835945129395,True,checkpoints/pmi20_run_csada_lr5e5_s44,results/pmi20_sota_convnext_base_test/pmi20_run_csada_lr5e5_s44_05-04_10-33/metrics_20260504_103339_csada.json
44,CSADA,CSADA,csada,485,15,6,68382-0227,53489-0156,8.0,15,0.32590246200561523,True,checkpoints/pmi20_run_csada_lr5e5_s44,results/pmi20_sota_convnext_base_test/pmi20_run_csada_lr5e5_s44_05-04_10-33/metrics_20260504_103339_csada.json
44,CSADA,CSADA,csada,486,15,6,68382-0227,53489-0156,8.0,15,0.25056910514831543,True,checkpoints/pmi20_run_csada_lr5e5_s44,results/pmi20_sota_convnext_base_test/pmi20_run_csada_lr5e5_s44_05-04_10-33/metrics_20260504_103339_csada.json
44,CSADA,CSADA,csada,487,15,6,68382-0227,53489-0156,8.0,15,0.172715425491333,True,checkpoints/pmi20_run_csada_lr5e5_s44,results/pmi20_sota_convnext_base_test/pmi20_run_csada_lr5e5_s44_05-04_10-33/metrics_20260504_103339_csada.json
44,CSADA,CSADA,csada,488,15,6,68382-0227,53489-0156,8.0,15,0.012979507446289062,True,checkpoints/pmi20_run_csada_lr5e5_s44,results/pmi20_sota_convnext_base_test/pmi20_run_csada_lr5e5_s44_05-04_10-33/metrics_20260504_103339_csada.json
44,CSADA,CSADA,csada,489,15,6,68382-0227,53489-0156,8.0,15,0.6062324047088623,True,checkpoints/pmi20_run_csada_lr5e5_s44,results/pmi20_sota_convnext_base_test/pmi20_run_csada_lr5e5_s44_05-04_10-33/metrics_20260504_103339_csada.json
44,CSADA,CSADA,csada,490,15,6,68382-0227,53489-0156,8.0,15,0.3170161247253418,True,checkpoints/pmi20_run_csada_lr5e5_s44,results/pmi20_sota_convnext_base_test/pmi20_run_csada_lr5e5_s44_05-04_10-33/metrics_20260504_103339_csada.json
44,CSADA,CSADA,csada,491,15,6,68382-0227,53489-0156,8.0,15,0.6447358131408691,True,checkpoints/pmi20_run_csada_lr5e5_s44,results/pmi20_sota_convnext_base_test/pmi20_run_csada_lr5e5_s44_05-04_10-33/metrics_20260504_103339_csada.json
44,CSADA,CSADA,csada,492,15,6,68382-0227,53489-0156,8.0,15,0.15401697158813477,True,checkpoints/pmi20_run_csada_lr5e5_s44,results/pmi20_sota_convnext_base_test/pmi20_run_csada_lr5e5_s44_05-04_10-33/metrics_20260504_103339_csada.json
44,CSADA,CSADA,csada,493,15,6,68382-0227,53489-0156,8.0,15,0.34092068672180176,True,checkpoints/pmi20_run_csada_lr5e5_s44,results/pmi20_sota_convnext_base_test/pmi20_run_csada_lr5e5_s44_05-04_10-33/metrics_20260504_103339_csada.json
44,CSADA,CSADA,csada,494,15,6,68382-0227,53489-0156,8.0,15,0.5681793689727783,True,checkpoints/pmi20_run_csada_lr5e5_s44,results/pmi20_sota_convnext_base_test/pmi20_run_csada_lr5e5_s44_05-04_10-33/metrics_20260504_103339_csada.json
44,CSADA,CSADA,csada,495,15,6,68382-0227,53489-0156,8.0,15,0.18336224555969238,True,checkpoints/pmi20_run_csada_lr5e5_s44,results/pmi20_sota_convnext_base_test/pmi20_run_csada_lr5e5_s44_05-04_10-33/metrics_20260504_103339_csada.json
44,CSADA,CSADA,csada,496,15,6,68382-0227,53489-0156,8.0,15,0.33446836471557617,True,checkpoints/pmi20_run_csada_lr5e5_s44,results/pmi20_sota_convnext_base_test/pmi20_run_csada_lr5e5_s44_05-04_10-33/metrics_20260504_103339_csada.json
44,CSADA,CSADA,csada,497,15,6,68382-0227,53489-0156,8.0,15,0.39658427238464355,True,checkpoints/pmi20_run_csada_lr5e5_s44,results/pmi20_sota_convnext_base_test/pmi20_run_csada_lr5e5_s44_05-04_10-33/metrics_20260504_103339_csada.json
44,CSADA,CSADA,csada,498,15,6,68382-0227,53489-0156,8.0,15,0.1972360610961914,True,checkpoints/pmi20_run_csada_lr5e5_s44,results/pmi20_sota_convnext_base_test/pmi20_run_csada_lr5e5_s44_05-04_10-33/metrics_20260504_103339_csada.json
44,CSADA,CSADA,csada,499,15,6,68382-0227,53489-0156,8.0,15,0.32303595542907715,True,checkpoints/pmi20_run_csada_lr5e5_s44,results/pmi20_sota_convnext_base_test/pmi20_run_csada_lr5e5_s44_05-04_10-33/metrics_20260504_103339_csada.json
44,CSADA,CSADA,csada,500,15,6,68382-0227,53489-0156,8.0,15,0.12412881851196289,True,checkpoints/pmi20_run_csada_lr5e5_s44,results/pmi20_sota_convnext_base_test/pmi20_run_csada_lr5e5_s44_05-04_10-33/metrics_20260504_103339_csada.json
44,CSADA,CSADA,csada,501,15,6,68382-0227,53489-0156,8.0,15,0.31633949279785156,True,checkpoints/pmi20_run_csada_lr5e5_s44,results/pmi20_sota_convnext_base_test/pmi20_run_csada_lr5e5_s44_05-04_10-33/metrics_20260504_103339_csada.json
44,CSADA,CSADA,csada,502,15,6,68382-0227,53489-0156,8.0,15,0.34956860542297363,True,checkpoints/pmi20_run_csada_lr5e5_s44,results/pmi20_sota_convnext_base_test/pmi20_run_csada_lr5e5_s44_05-04_10-33/metrics_20260504_103339_csada.json
44,CSADA,CSADA,csada,503,15,6,68382-0227,53489-0156,8.0,15,0.589268684387207,True,checkpoints/pmi20_run_csada_lr5e5_s44,results/pmi20_sota_convnext_base_test/pmi20_run_csada_lr5e5_s44_05-04_10-33/metrics_20260504_103339_csada.json
44,CSADA,CSADA,csada,504,15,6,68382-0227,53489-0156,8.0,15,0.2693138122558594,True,checkpoints/pmi20_run_csada_lr5e5_s44,results/pmi20_sota_convnext_base_test/pmi20_run_csada_lr5e5_s44_05-04_10-33/metrics_20260504_103339_csada.json
44,CSADA,CSADA,csada,505,15,6,68382-0227,53489-0156,8.0,15,0.2398386001586914,True,checkpoints/pmi20_run_csada_lr5e5_s44,results/pmi20_sota_convnext_base_test/pmi20_run_csada_lr5e5_s44_05-04_10-33/metrics_20260504_103339_csada.json
44,CSADA,CSADA,csada,506,15,6,68382-0227,53489-0156,8.0,15,0.41077375411987305,True,checkpoints/pmi20_run_csada_lr5e5_s44,results/pmi20_sota_convnext_base_test/pmi20_run_csada_lr5e5_s44_05-04_10-33/metrics_20260504_103339_csada.json
44,CSADA,CSADA,csada,507,15,6,68382-0227,53489-0156,8.0,15,0.014918327331542969,True,checkpoints/pmi20_run_csada_lr5e5_s44,results/pmi20_sota_convnext_base_test/pmi20_run_csada_lr5e5_s44_05-04_10-33/metrics_20260504_103339_csada.json
44,CSADA,CSADA,csada,508,15,6,68382-0227,53489-0156,8.0,15,0.12000727653503418,True,checkpoints/pmi20_run_csada_lr5e5_s44,results/pmi20_sota_convnext_base_test/pmi20_run_csada_lr5e5_s44_05-04_10-33/metrics_20260504_103339_csada.json
44,CSADA,CSADA,csada,509,15,6,68382-0227,53489-0156,8.0,15,0.10802578926086426,True,checkpoints/pmi20_run_csada_lr5e5_s44,results/pmi20_sota_convnext_base_test/pmi20_run_csada_lr5e5_s44_05-04_10-33/metrics_20260504_103339_csada.json
44,CSADA,CSADA,csada,510,15,6,68382-0227,53489-0156,8.0,15,0.11316537857055664,True,checkpoints/pmi20_run_csada_lr5e5_s44,results/pmi20_sota_convnext_base_test/pmi20_run_csada_lr5e5_s44_05-04_10-33/metrics_20260504_103339_csada.json
44,CSADA,CSADA,csada,511,15,6,68382-0227,53489-0156,8.0,15,0.11328721046447754,True,checkpoints/pmi20_run_csada_lr5e5_s44,results/pmi20_sota_convnext_base_test/pmi20_run_csada_lr5e5_s44_05-04_10-33/metrics_20260504_103339_csada.json
44,NICME,"NICME (alpha=0.5, lambda=0.1)",nicme_extra_a0p5_l0p1_pmi20,160,5,2,50111-0434,00591-0461,10.0,5,8.192724466323853,True,checkpoints/pmi20_alpha_lambda6_run_nicme_v3_extra_a0p5_l0p1_pmi20_lr5e5_s44,results/pmi20_sota_convnext_base_test/pmi20_alpha_lambda6_run_nicme_extra_a0p5_l0p1_pmi20_lr5e5_s44_05-04_16-09/metrics_20260504_160947_nicme_hybrid.json
44,NICME,"NICME (alpha=0.5, lambda=0.1)",nicme_extra_a0p5_l0p1_pmi20,161,5,2,50111-0434,00591-0461,10.0,5,7.838696092367172,True,checkpoints/pmi20_alpha_lambda6_run_nicme_v3_extra_a0p5_l0p1_pmi20_lr5e5_s44,results/pmi20_sota_convnext_base_test/pmi20_alpha_lambda6_run_nicme_extra_a0p5_l0p1_pmi20_lr5e5_s44_05-04_16-09/metrics_20260504_160947_nicme_hybrid.json
44,NICME,"NICME (alpha=0.5, lambda=0.1)",nicme_extra_a0p5_l0p1_pmi20,162,5,2,50111-0434,00591-0461,10.0,5,9.348294503986835,True,checkpoints/pmi20_alpha_lambda6_run_nicme_v3_extra_a0p5_l0p1_pmi20_lr5e5_s44,results/pmi20_sota_convnext_base_test/pmi20_alpha_lambda6_run_nicme_extra_a0p5_l0p1_pmi20_lr5e5_s44_05-04_16-09/metrics_20260504_160947_nicme_hybrid.json
44,NICME,"NICME (alpha=0.5, lambda=0.1)",nicme_extra_a0p5_l0p1_pmi20,163,5,2,50111-0434,00591-0461,10.0,5,8.862489700317383,True,checkpoints/pmi20_alpha_lambda6_run_nicme_v3_extra_a0p5_l0p1_pmi20_lr5e5_s44,results/pmi20_sota_convnext_base_test/pmi20_alpha_lambda6_run_nicme_extra_a0p5_l0p1_pmi20_lr5e5_s44_05-04_16-09/metrics_20260504_160947_nicme_hybrid.json
44,NICME,"NICME (alpha=0.5, lambda=0.1)",nicme_extra_a0p5_l0p1_pmi20,164,5,2,50111-0434,00591-0461,10.0,5,10.39991021156311,True,checkpoints/pmi20_alpha_lambda6_run_nicme_v3_extra_a0p5_l0p1_pmi20_lr5e5_s44,results/pmi20_sota_convnext_base_test/pmi20_alpha_lambda6_run_nicme_extra_a0p5_l0p1_pmi20_lr5e5_s44_05-04_16-09/metrics_20260504_160947_nicme_hybrid.json
44,NICME,"NICME (alpha=0.5, lambda=0.1)",nicme_extra_a0p5_l0p1_pmi20,165,5,2,50111-0434,00591-0461,10.0,5,9.583951100707054,True,checkpoints/pmi20_alpha_lambda6_run_nicme_v3_extra_a0p5_l0p1_pmi20_lr5e5_s44,results/pmi20_sota_convnext_base_test/pmi20_alpha_lambda6_run_nicme_extra_a0p5_l0p1_pmi20_lr5e5_s44_05-04_16-09/metrics_20260504_160947_nicme_hybrid.json
44,NICME,"NICME (alpha=0.5, lambda=0.1)",nicme_extra_a0p5_l0p1_pmi20,166,5,2,50111-0434,00591-0461,10.0,5,9.057386204600334,True,checkpoints/pmi20_alpha_lambda6_run_nicme_v3_extra_a0p5_l0p1_pmi20_lr5e5_s44,results/pmi20_sota_convnext_base_test/pmi20_alpha_lambda6_run_nicme_extra_a0p5_l0p1_pmi20_lr5e5_s44_05-04_16-09/metrics_20260504_160947_nicme_hybrid.json
44,NICME,"NICME (alpha=0.5, lambda=0.1)",nicme_extra_a0p5_l0p1_pmi20,167,5,2,50111-0434,00591-0461,10.0,5,6.415746450424194,True,checkpoints/pmi20_alpha_lambda6_run_nicme_v3_extra_a0p5_l0p1_pmi20_lr5e5_s44,results/pmi20_sota_convnext_base_test/pmi20_alpha_lambda6_run_nicme_extra_a0p5_l0p1_pmi20_lr5e5_s44_05-04_16-09/metrics_20260504_160947_nicme_hybrid.json
44,NICME,"NICME (alpha=0.5, lambda=0.1)",nicme_extra_a0p5_l0p1_pmi20,168,5,2,50111-0434,00591-0461,10.0,5,9.13669764995575,True,checkpoints/pmi20_alpha_lambda6_run_nicme_v3_extra_a0p5_l0p1_pmi20_lr5e5_s44,results/pmi20_sota_convnext_base_test/pmi20_alpha_lambda6_run_nicme_extra_a0p5_l0p1_pmi20_lr5e5_s44_05-04_16-09/metrics_20260504_160947_nicme_hybrid.json
44,NICME,"NICME (alpha=0.5, lambda=0.1)",nicme_extra_a0p5_l0p1_pmi20,169,5,2,50111-0434,00591-0461,10.0,5,7.830636620521545,True,checkpoints/pmi20_alpha_lambda6_run_nicme_v3_extra_a0p5_l0p1_pmi20_lr5e5_s44,results/pmi20_sota_convnext_base_test/pmi20_alpha_lambda6_run_nicme_extra_a0p5_l0p1_pmi20_lr5e5_s44_05-04_16-09/metrics_20260504_160947_nicme_hybrid.json
44,NICME,"NICME (alpha=0.5, lambda=0.1)",nicme_extra_a0p5_l0p1_pmi20,170,5,2,50111-0434,00591-0461,10.0,5,8.889841556549072,True,checkpoints/pmi20_alpha_lambda6_run_nicme_v3_extra_a0p5_l0p1_pmi20_lr5e5_s44,results/pmi20_sota_convnext_base_test/pmi20_alpha_lambda6_run_nicme_extra_a0p5_l0p1_pmi20_lr5e5_s44_05-04_16-09/metrics_20260504_160947_nicme_hybrid.json
44,NICME,"NICME (alpha=0.5, lambda=0.1)",nicme_extra_a0p5_l0p1_pmi20,171,5,2,50111-0434,00591-0461,10.0,5,9.427197337150574,True,checkpoints/pmi20_alpha_lambda6_run_nicme_v3_extra_a0p5_l0p1_pmi20_lr5e5_s44,results/pmi20_sota_convnext_base_test/pmi20_alpha_lambda6_run_nicme_extra_a0p5_l0p1_pmi20_lr5e5_s44_05-04_16-09/metrics_20260504_160947_nicme_hybrid.json
44,NICME,"NICME (alpha=0.5, lambda=0.1)",nicme_extra_a0p5_l0p1_pmi20,172,5,2,50111-0434,00591-0461,10.0,5,4.936981916427612,True,checkpoints/pmi20_alpha_lambda6_run_nicme_v3_extra_a0p5_l0p1_pmi20_lr5e5_s44,results/pmi20_sota_convnext_base_test/pmi20_alpha_lambda6_run_nicme_extra_a0p5_l0p1_pmi20_lr5e5_s44_05-04_16-09/metrics_20260504_160947_nicme_hybrid.json
44,NICME,"NICME (alpha=0.5, lambda=0.1)",nicme_extra_a0p5_l0p1_pmi20,173,5,2,50111-0434,00591-0461,10.0,5,7.148561358451843,True,checkpoints/pmi20_alpha_lambda6_run_nicme_v3_extra_a0p5_l0p1_pmi20_lr5e5_s44,results/pmi20_sota_convnext_base_test/pmi20_alpha_lambda6_run_nicme_extra_a0p5_l0p1_pmi20_lr5e5_s44_05-04_16-09/metrics_20260504_160947_nicme_hybrid.json
44,NICME,"NICME (alpha=0.5, lambda=0.1)",nicme_extra_a0p5_l0p1_pmi20,174,5,2,50111-0434,00591-0461,10.0,5,7.842879414558411,True,checkpoints/pmi20_alpha_lambda6_run_nicme_v3_extra_a0p5_l0p1_pmi20_lr5e5_s44,results/pmi20_sota_convnext_base_test/pmi20_alpha_lambda6_run_nicme_extra_a0p5_l0p1_pmi20_lr5e5_s44_05-04_16-09/metrics_20260504_160947_nicme_hybrid.json
44,NICME,"NICME (alpha=0.5, lambda=0.1)",nicme_extra_a0p5_l0p1_pmi20,175,5,2,50111-0434,00591-0461,10.0,5,9.173824913799763,True,checkpoints/pmi20_alpha_lambda6_run_nicme_v3_extra_a0p5_l0p1_pmi20_lr5e5_s44,results/pmi20_sota_convnext_base_test/pmi20_alpha_lambda6_run_nicme_extra_a0p5_l0p1_pmi20_lr5e5_s44_05-04_16-09/metrics_20260504_160947_nicme_hybrid.json
44,NICME,"NICME (alpha=0.5, lambda=0.1)",nicme_extra_a0p5_l0p1_pmi20,176,5,2,50111-0434,00591-0461,10.0,5,3.170834541320801,True,checkpoints/pmi20_alpha_lambda6_run_nicme_v3_extra_a0p5_l0p1_pmi20_lr5e5_s44,results/pmi20_sota_convnext_base_test/pmi20_alpha_lambda6_run_nicme_extra_a0p5_l0p1_pmi20_lr5e5_s44_05-04_16-09/metrics_20260504_160947_nicme_hybrid.json
44,NICME,"NICME (alpha=0.5, lambda=0.1)",nicme_extra_a0p5_l0p1_pmi20,177,5,2,50111-0434,00591-0461,10.0,5,8.634493350982666,True,checkpoints/pmi20_alpha_lambda6_run_nicme_v3_extra_a0p5_l0p1_pmi20_lr5e5_s44,results/pmi20_sota_convnext_base_test/pmi20_alpha_lambda6_run_nicme_extra_a0p5_l0p1_pmi20_lr5e5_s44_05-04_16-09/metrics_20260504_160947_nicme_hybrid.json
44,NICME,"NICME (alpha=0.5, lambda=0.1)",nicme_extra_a0p5_l0p1_pmi20,178,5,2,50111-0434,00591-0461,10.0,5,3.3133387565612793,True,checkpoints/pmi20_alpha_lambda6_run_nicme_v3_extra_a0p5_l0p1_pmi20_lr5e5_s44,results/pmi20_sota_convnext_base_test/pmi20_alpha_lambda6_run_nicme_extra_a0p5_l0p1_pmi20_lr5e5_s44_05-04_16-09/metrics_20260504_160947_nicme_hybrid.json
44,NICME,"NICME (alpha=0.5, lambda=0.1)",nicme_extra_a0p5_l0p1_pmi20,179,5,2,50111-0434,00591-0461,10.0,5,9.353462364524603,True,checkpoints/pmi20_alpha_lambda6_run_nicme_v3_extra_a0p5_l0p1_pmi20_lr5e5_s44,results/pmi20_sota_convnext_base_test/pmi20_alpha_lambda6_run_nicme_extra_a0p5_l0p1_pmi20_lr5e5_s44_05-04_16-09/metrics_20260504_160947_nicme_hybrid.json
44,NICME,"NICME (alpha=0.5, lambda=0.1)",nicme_extra_a0p5_l0p1_pmi20,180,5,2,50111-0434,00591-0461,10.0,5,7.75892448425293,True,checkpoints/pmi20_alpha_lambda6_run_nicme_v3_extra_a0p5_l0p1_pmi20_lr5e5_s44,results/pmi20_sota_convnext_base_test/pmi20_alpha_lambda6_run_nicme_extra_a0p5_l0p1_pmi20_lr5e5_s44_05-04_16-09/metrics_20260504_160947_nicme_hybrid.json
44,NICME,"NICME (alpha=0.5, lambda=0.1)",nicme_extra_a0p5_l0p1_pmi20,181,5,2,50111-0434,00591-0461,10.0,5,8.264409989118576,True,checkpoints/pmi20_alpha_lambda6_run_nicme_v3_extra_a0p5_l0p1_pmi20_lr5e5_s44,results/pmi20_sota_convnext_base_test/pmi20_alpha_lambda6_run_nicme_extra_a0p5_l0p1_pmi20_lr5e5_s44_05-04_16-09/metrics_20260504_160947_nicme_hybrid.json
44,NICME,"NICME (alpha=0.5, lambda=0.1)",nicme_extra_a0p5_l0p1_pmi20,182,5,2,50111-0434,00591-0461,10.0,5,8.490553140640259,True,checkpoints/pmi20_alpha_lambda6_run_nicme_v3_extra_a0p5_l0p1_pmi20_lr5e5_s44,results/pmi20_sota_convnext_base_test/pmi20_alpha_lambda6_run_nicme_extra_a0p5_l0p1_pmi20_lr5e5_s44_05-04_16-09/metrics_20260504_160947_nicme_hybrid.json
44,NICME,"NICME (alpha=0.5, lambda=0.1)",nicme_extra_a0p5_l0p1_pmi20,183,5,2,50111-0434,00591-0461,10.0,5,8.503931403160095,True,checkpoints/pmi20_alpha_lambda6_run_nicme_v3_extra_a0p5_l0p1_pmi20_lr5e5_s44,results/pmi20_sota_convnext_base_test/pmi20_alpha_lambda6_run_nicme_extra_a0p5_l0p1_pmi20_lr5e5_s44_05-04_16-09/metrics_20260504_160947_nicme_hybrid.json
44,NICME,"NICME (alpha=0.5, lambda=0.1)",nicme_extra_a0p5_l0p1_pmi20,184,5,2,50111-0434,00591-0461,10.0,5,7.162220478057861,True,checkpoints/pmi20_alpha_lambda6_run_nicme_v3_extra_a0p5_l0p1_pmi20_lr5e5_s44,results/pmi20_sota_convnext_base_test/pmi20_alpha_lambda6_run_nicme_extra_a0p5_l0p1_pmi20_lr5e5_s44_05-04_16-09/metrics_20260504_160947_nicme_hybrid.json
44,NICME,"NICME (alpha=0.5, lambda=0.1)",nicme_extra_a0p5_l0p1_pmi20,185,5,2,50111-0434,00591-0461,10.0,5,7.84718656539917,True,checkpoints/pmi20_alpha_lambda6_run_nicme_v3_extra_a0p5_l0p1_pmi20_lr5e5_s44,results/pmi20_sota_convnext_base_test/pmi20_alpha_lambda6_run_nicme_extra_a0p5_l0p1_pmi20_lr5e5_s44_05-04_16-09/metrics_20260504_160947_nicme_hybrid.json
44,NICME,"NICME (alpha=0.5, lambda=0.1)",nicme_extra_a0p5_l0p1_pmi20,186,5,2,50111-0434,00591-0461,10.0,5,6.615599155426025,True,checkpoints/pmi20_alpha_lambda6_run_nicme_v3_extra_a0p5_l0p1_pmi20_lr5e5_s44,results/pmi20_sota_convnext_base_test/pmi20_alpha_lambda6_run_nicme_extra_a0p5_l0p1_pmi20_lr5e5_s44_05-04_16-09/metrics_20260504_160947_nicme_hybrid.json
44,NICME,"NICME (alpha=0.5, lambda=0.1)",nicme_extra_a0p5_l0p1_pmi20,187,5,2,50111-0434,00591-0461,10.0,5,9.19983059167862,True,checkpoints/pmi20_alpha_lambda6_run_nicme_v3_extra_a0p5_l0p1_pmi20_lr5e5_s44,results/pmi20_sota_convnext_base_test/pmi20_alpha_lambda6_run_nicme_extra_a0p5_l0p1_pmi20_lr5e5_s44_05-04_16-09/metrics_20260504_160947_nicme_hybrid.json
44,NICME,"NICME (alpha=0.5, lambda=0.1)",nicme_extra_a0p5_l0p1_pmi20,188,5,2,50111-0434,00591-0461,10.0,5,8.782963275909424,True,checkpoints/pmi20_alpha_lambda6_run_nicme_v3_extra_a0p5_l0p1_pmi20_lr5e5_s44,results/pmi20_sota_convnext_base_test/pmi20_alpha_lambda6_run_nicme_extra_a0p5_l0p1_pmi20_lr5e5_s44_05-04_16-09/metrics_20260504_160947_nicme_hybrid.json
44,NICME,"NICME (alpha=0.5, lambda=0.1)",nicme_extra_a0p5_l0p1_pmi20,189,5,2,50111-0434,00591-0461,10.0,5,6.154459238052368,True,checkpoints/pmi20_alpha_lambda6_run_nicme_v3_extra_a0p5_l0p1_pmi20_lr5e5_s44,results/pmi20_sota_convnext_base_test/pmi20_alpha_lambda6_run_nicme_extra_a0p5_l0p1_pmi20_lr5e5_s44_05-04_16-09/metrics_20260504_160947_nicme_hybrid.json
44,NICME,"NICME (alpha=0.5, lambda=0.1)",nicme_extra_a0p5_l0p1_pmi20,190,5,2,50111-0434,00591-0461,10.0,5,7.456913948059082,True,checkpoints/pmi20_alpha_lambda6_run_nicme_v3_extra_a0p5_l0p1_pmi20_lr5e5_s44,results/pmi20_sota_convnext_base_test/pmi20_alpha_lambda6_run_nicme_extra_a0p5_l0p1_pmi20_lr5e5_s44_05-04_16-09/metrics_20260504_160947_nicme_hybrid.json
44,NICME,"NICME (alpha=0.5, lambda=0.1)",nicme_extra_a0p5_l0p1_pmi20,191,5,2,50111-0434,00591-0461,10.0,5,8.795417726039886,True,checkpoints/pmi20_alpha_lambda6_run_nicme_v3_extra_a0p5_l0p1_pmi20_lr5e5_s44,results/pmi20_sota_convnext_base_test/pmi20_alpha_lambda6_run_nicme_extra_a0p5_l0p1_pmi20_lr5e5_s44_05-04_16-09/metrics_20260504_160947_nicme_hybrid.json
44,NICME,"NICME (alpha=0.5, lambda=0.1)",nicme_extra_a0p5_l0p1_pmi20,192,6,15,53489-0156,68382-0227,10.0,6,10.018928050994873,True,checkpoints/pmi20_alpha_lambda6_run_nicme_v3_extra_a0p5_l0p1_pmi20_lr5e5_s44,results/pmi20_sota_convnext_base_test/pmi20_alpha_lambda6_run_nicme_extra_a0p5_l0p1_pmi20_lr5e5_s44_05-04_16-09/metrics_20260504_160947_nicme_hybrid.json
44,NICME,"NICME (alpha=0.5, lambda=0.1)",nicme_extra_a0p5_l0p1_pmi20,193,6,15,53489-0156,68382-0227,10.0,6,10.546019911766052,True,checkpoints/pmi20_alpha_lambda6_run_nicme_v3_extra_a0p5_l0p1_pmi20_lr5e5_s44,results/pmi20_sota_convnext_base_test/pmi20_alpha_lambda6_run_nicme_extra_a0p5_l0p1_pmi20_lr5e5_s44_05-04_16-09/metrics_20260504_160947_nicme_hybrid.json
44,NICME,"NICME (alpha=0.5, lambda=0.1)",nicme_extra_a0p5_l0p1_pmi20,194,6,15,53489-0156,68382-0227,10.0,6,10.003004968166351,True,checkpoints/pmi20_alpha_lambda6_run_nicme_v3_extra_a0p5_l0p1_pmi20_lr5e5_s44,results/pmi20_sota_convnext_base_test/pmi20_alpha_lambda6_run_nicme_extra_a0p5_l0p1_pmi20_lr5e5_s44_05-04_16-09/metrics_20260504_160947_nicme_hybrid.json
44,NICME,"NICME (alpha=0.5, lambda=0.1)",nicme_extra_a0p5_l0p1_pmi20,195,6,15,53489-0156,68382-0227,10.0,6,10.467628598213196,True,checkpoints/pmi20_alpha_lambda6_run_nicme_v3_extra_a0p5_l0p1_pmi20_lr5e5_s44,results/pmi20_sota_convnext_base_test/pmi20_alpha_lambda6_run_nicme_extra_a0p5_l0p1_pmi20_lr5e5_s44_05-04_16-09/metrics_20260504_160947_nicme_hybrid.json
44,NICME,"NICME (alpha=0.5, lambda=0.1)",nicme_extra_a0p5_l0p1_pmi20,196,6,15,53489-0156,68382-0227,10.0,6,11.05391538143158,True,checkpoints/pmi20_alpha_lambda6_run_nicme_v3_extra_a0p5_l0p1_pmi20_lr5e5_s44,results/pmi20_sota_convnext_base_test/pmi20_alpha_lambda6_run_nicme_extra_a0p5_l0p1_pmi20_lr5e5_s44_05-04_16-09/metrics_20260504_160947_nicme_hybrid.json
44,NICME,"NICME (alpha=0.5, lambda=0.1)",nicme_extra_a0p5_l0p1_pmi20,197,6,15,53489-0156,68382-0227,10.0,6,9.891255497932434,True,checkpoints/pmi20_alpha_lambda6_run_nicme_v3_extra_a0p5_l0p1_pmi20_lr5e5_s44,results/pmi20_sota_convnext_base_test/pmi20_alpha_lambda6_run_nicme_extra_a0p5_l0p1_pmi20_lr5e5_s44_05-04_16-09/metrics_20260504_160947_nicme_hybrid.json
44,NICME,"NICME (alpha=0.5, lambda=0.1)",nicme_extra_a0p5_l0p1_pmi20,198,6,15,53489-0156,68382-0227,10.0,6,10.571281433105469,True,checkpoints/pmi20_alpha_lambda6_run_nicme_v3_extra_a0p5_l0p1_pmi20_lr5e5_s44,results/pmi20_sota_convnext_base_test/pmi20_alpha_lambda6_run_nicme_extra_a0p5_l0p1_pmi20_lr5e5_s44_05-04_16-09/metrics_20260504_160947_nicme_hybrid.json
44,NICME,"NICME (alpha=0.5, lambda=0.1)",nicme_extra_a0p5_l0p1_pmi20,199,6,15,53489-0156,68382-0227,10.0,6,11.513799548149109,True,checkpoints/pmi20_alpha_lambda6_run_nicme_v3_extra_a0p5_l0p1_pmi20_lr5e5_s44,results/pmi20_sota_convnext_base_test/pmi20_alpha_lambda6_run_nicme_extra_a0p5_l0p1_pmi20_lr5e5_s44_05-04_16-09/metrics_20260504_160947_nicme_hybrid.json
44,NICME,"NICME (alpha=0.5, lambda=0.1)",nicme_extra_a0p5_l0p1_pmi20,200,6,15,53489-0156,68382-0227,10.0,16,3.9136622548103333,True,checkpoints/pmi20_alpha_lambda6_run_nicme_v3_extra_a0p5_l0p1_pmi20_lr5e5_s44,results/pmi20_sota_convnext_base_test/pmi20_alpha_lambda6_run_nicme_extra_a0p5_l0p1_pmi20_lr5e5_s44_05-04_16-09/metrics_20260504_160947_nicme_hybrid.json
44,NICME,"NICME (alpha=0.5, lambda=0.1)",nicme_extra_a0p5_l0p1_pmi20,201,6,15,53489-0156,68382-0227,10.0,6,10.616936206817627,True,checkpoints/pmi20_alpha_lambda6_run_nicme_v3_extra_a0p5_l0p1_pmi20_lr5e5_s44,results/pmi20_sota_convnext_base_test/pmi20_alpha_lambda6_run_nicme_extra_a0p5_l0p1_pmi20_lr5e5_s44_05-04_16-09/metrics_20260504_160947_nicme_hybrid.json
44,NICME,"NICME (alpha=0.5, lambda=0.1)",nicme_extra_a0p5_l0p1_pmi20,202,6,15,53489-0156,68382-0227,10.0,6,8.905378937721252,True,checkpoints/pmi20_alpha_lambda6_run_nicme_v3_extra_a0p5_l0p1_pmi20_lr5e5_s44,results/pmi20_sota_convnext_base_test/pmi20_alpha_lambda6_run_nicme_extra_a0p5_l0p1_pmi20_lr5e5_s44_05-04_16-09/metrics_20260504_160947_nicme_hybrid.json
44,NICME,"NICME (alpha=0.5, lambda=0.1)",nicme_extra_a0p5_l0p1_pmi20,203,6,15,53489-0156,68382-0227,10.0,6,10.639716029167175,True,checkpoints/pmi20_alpha_lambda6_run_nicme_v3_extra_a0p5_l0p1_pmi20_lr5e5_s44,results/pmi20_sota_convnext_base_test/pmi20_alpha_lambda6_run_nicme_extra_a0p5_l0p1_pmi20_lr5e5_s44_05-04_16-09/metrics_20260504_160947_nicme_hybrid.json
44,NICME,"NICME (alpha=0.5, lambda=0.1)",nicme_extra_a0p5_l0p1_pmi20,204,6,15,53489-0156,68382-0227,10.0,6,9.738876044750214,True,checkpoints/pmi20_alpha_lambda6_run_nicme_v3_extra_a0p5_l0p1_pmi20_lr5e5_s44,results/pmi20_sota_convnext_base_test/pmi20_alpha_lambda6_run_nicme_extra_a0p5_l0p1_pmi20_lr5e5_s44_05-04_16-09/metrics_20260504_160947_nicme_hybrid.json
44,NICME,"NICME (alpha=0.5, lambda=0.1)",nicme_extra_a0p5_l0p1_pmi20,205,6,15,53489-0156,68382-0227,10.0,6,11.102933645248413,True,checkpoints/pmi20_alpha_lambda6_run_nicme_v3_extra_a0p5_l0p1_pmi20_lr5e5_s44,results/pmi20_sota_convnext_base_test/pmi20_alpha_lambda6_run_nicme_extra_a0p5_l0p1_pmi20_lr5e5_s44_05-04_16-09/metrics_20260504_160947_nicme_hybrid.json
44,NICME,"NICME (alpha=0.5, lambda=0.1)",nicme_extra_a0p5_l0p1_pmi20,206,6,15,53489-0156,68382-0227,10.0,6,10.517012178897858,True,checkpoints/pmi20_alpha_lambda6_run_nicme_v3_extra_a0p5_l0p1_pmi20_lr5e5_s44,results/pmi20_sota_convnext_base_test/pmi20_alpha_lambda6_run_nicme_extra_a0p5_l0p1_pmi20_lr5e5_s44_05-04_16-09/metrics_20260504_160947_nicme_hybrid.json
44,NICME,"NICME (alpha=0.5, lambda=0.1)",nicme_extra_a0p5_l0p1_pmi20,207,6,15,53489-0156,68382-0227,10.0,6,10.508618235588074,True,checkpoints/pmi20_alpha_lambda6_run_nicme_v3_extra_a0p5_l0p1_pmi20_lr5e5_s44,results/pmi20_sota_convnext_base_test/pmi20_alpha_lambda6_run_nicme_extra_a0p5_l0p1_pmi20_lr5e5_s44_05-04_16-09/metrics_20260504_160947_nicme_hybrid.json
44,NICME,"NICME (alpha=0.5, lambda=0.1)",nicme_extra_a0p5_l0p1_pmi20,208,6,15,53489-0156,68382-0227,10.0,6,11.164998054504395,True,checkpoints/pmi20_alpha_lambda6_run_nicme_v3_extra_a0p5_l0p1_pmi20_lr5e5_s44,results/pmi20_sota_convnext_base_test/pmi20_alpha_lambda6_run_nicme_extra_a0p5_l0p1_pmi20_lr5e5_s44_05-04_16-09/metrics_20260504_160947_nicme_hybrid.json
44,NICME,"NICME (alpha=0.5, lambda=0.1)",nicme_extra_a0p5_l0p1_pmi20,209,6,15,53489-0156,68382-0227,10.0,6,11.001326560974121,True,checkpoints/pmi20_alpha_lambda6_run_nicme_v3_extra_a0p5_l0p1_pmi20_lr5e5_s44,results/pmi20_sota_convnext_base_test/pmi20_alpha_lambda6_run_nicme_extra_a0p5_l0p1_pmi20_lr5e5_s44_05-04_16-09/metrics_20260504_160947_nicme_hybrid.json
44,NICME,"NICME (alpha=0.5, lambda=0.1)",nicme_extra_a0p5_l0p1_pmi20,210,6,15,53489-0156,68382-0227,10.0,6,11.43167781829834,True,checkpoints/pmi20_alpha_lambda6_run_nicme_v3_extra_a0p5_l0p1_pmi20_lr5e5_s44,results/pmi20_sota_convnext_base_test/pmi20_alpha_lambda6_run_nicme_extra_a0p5_l0p1_pmi20_lr5e5_s44_05-04_16-09/metrics_20260504_160947_nicme_hybrid.json
44,NICME,"NICME (alpha=0.5, lambda=0.1)",nicme_extra_a0p5_l0p1_pmi20,211,6,15,53489-0156,68382-0227,10.0,6,5.985369086265564,True,checkpoints/pmi20_alpha_lambda6_run_nicme_v3_extra_a0p5_l0p1_pmi20_lr5e5_s44,results/pmi20_sota_convnext_base_test/pmi20_alpha_lambda6_run_nicme_extra_a0p5_l0p1_pmi20_lr5e5_s44_05-04_16-09/metrics_20260504_160947_nicme_hybrid.json
44,NICME,"NICME (alpha=0.5, lambda=0.1)",nicme_extra_a0p5_l0p1_pmi20,212,6,15,53489-0156,68382-0227,10.0,6,9.507420659065247,True,checkpoints/pmi20_alpha_lambda6_run_nicme_v3_extra_a0p5_l0p1_pmi20_lr5e5_s44,results/pmi20_sota_convnext_base_test/pmi20_alpha_lambda6_run_nicme_extra_a0p5_l0p1_pmi20_lr5e5_s44_05-04_16-09/metrics_20260504_160947_nicme_hybrid.json
44,NICME,"NICME (alpha=0.5, lambda=0.1)",nicme_extra_a0p5_l0p1_pmi20,213,6,15,53489-0156,68382-0227,10.0,6,9.161541938781738,True,checkpoints/pmi20_alpha_lambda6_run_nicme_v3_extra_a0p5_l0p1_pmi20_lr5e5_s44,results/pmi20_sota_convnext_base_test/pmi20_alpha_lambda6_run_nicme_extra_a0p5_l0p1_pmi20_lr5e5_s44_05-04_16-09/metrics_20260504_160947_nicme_hybrid.json
44,NICME,"NICME (alpha=0.5, lambda=0.1)",nicme_extra_a0p5_l0p1_pmi20,214,6,15,53489-0156,68382-0227,10.0,16,4.73457533121109,True,checkpoints/pmi20_alpha_lambda6_run_nicme_v3_extra_a0p5_l0p1_pmi20_lr5e5_s44,results/pmi20_sota_convnext_base_test/pmi20_alpha_lambda6_run_nicme_extra_a0p5_l0p1_pmi20_lr5e5_s44_05-04_16-09/metrics_20260504_160947_nicme_hybrid.json
44,NICME,"NICME (alpha=0.5, lambda=0.1)",nicme_extra_a0p5_l0p1_pmi20,215,6,15,53489-0156,68382-0227,10.0,6,11.480613946914673,True,checkpoints/pmi20_alpha_lambda6_run_nicme_v3_extra_a0p5_l0p1_pmi20_lr5e5_s44,results/pmi20_sota_convnext_base_test/pmi20_alpha_lambda6_run_nicme_extra_a0p5_l0p1_pmi20_lr5e5_s44_05-04_16-09/metrics_20260504_160947_nicme_hybrid.json
44,NICME,"NICME (alpha=0.5, lambda=0.1)",nicme_extra_a0p5_l0p1_pmi20,216,6,15,53489-0156,68382-0227,10.0,6,8.979000180959702,True,checkpoints/pmi20_alpha_lambda6_run_nicme_v3_extra_a0p5_l0p1_pmi20_lr5e5_s44,results/pmi20_sota_convnext_base_test/pmi20_alpha_lambda6_run_nicme_extra_a0p5_l0p1_pmi20_lr5e5_s44_05-04_16-09/metrics_20260504_160947_nicme_hybrid.json
44,NICME,"NICME (alpha=0.5, lambda=0.1)",nicme_extra_a0p5_l0p1_pmi20,217,6,15,53489-0156,68382-0227,10.0,6,11.196416735649109,True,checkpoints/pmi20_alpha_lambda6_run_nicme_v3_extra_a0p5_l0p1_pmi20_lr5e5_s44,results/pmi20_sota_convnext_base_test/pmi20_alpha_lambda6_run_nicme_extra_a0p5_l0p1_pmi20_lr5e5_s44_05-04_16-09/metrics_20260504_160947_nicme_hybrid.json
44,NICME,"NICME (alpha=0.5, lambda=0.1)",nicme_extra_a0p5_l0p1_pmi20,218,6,15,53489-0156,68382-0227,10.0,6,6.435585975646973,True,checkpoints/pmi20_alpha_lambda6_run_nicme_v3_extra_a0p5_l0p1_pmi20_lr5e5_s44,results/pmi20_sota_convnext_base_test/pmi20_alpha_lambda6_run_nicme_extra_a0p5_l0p1_pmi20_lr5e5_s44_05-04_16-09/metrics_20260504_160947_nicme_hybrid.json
44,NICME,"NICME (alpha=0.5, lambda=0.1)",nicme_extra_a0p5_l0p1_pmi20,219,6,15,53489-0156,68382-0227,10.0,6,3.3481476306915283,True,checkpoints/pmi20_alpha_lambda6_run_nicme_v3_extra_a0p5_l0p1_pmi20_lr5e5_s44,results/pmi20_sota_convnext_base_test/pmi20_alpha_lambda6_run_nicme_extra_a0p5_l0p1_pmi20_lr5e5_s44_05-04_16-09/metrics_20260504_160947_nicme_hybrid.json
44,NICME,"NICME (alpha=0.5, lambda=0.1)",nicme_extra_a0p5_l0p1_pmi20,220,6,15,53489-0156,68382-0227,10.0,6,10.328305721282959,True,checkpoints/pmi20_alpha_lambda6_run_nicme_v3_extra_a0p5_l0p1_pmi20_lr5e5_s44,results/pmi20_sota_convnext_base_test/pmi20_alpha_lambda6_run_nicme_extra_a0p5_l0p1_pmi20_lr5e5_s44_05-04_16-09/metrics_20260504_160947_nicme_hybrid.json
44,NICME,"NICME (alpha=0.5, lambda=0.1)",nicme_extra_a0p5_l0p1_pmi20,221,6,15,53489-0156,68382-0227,10.0,6,10.087597966194153,True,checkpoints/pmi20_alpha_lambda6_run_nicme_v3_extra_a0p5_l0p1_pmi20_lr5e5_s44,results/pmi20_sota_convnext_base_test/pmi20_alpha_lambda6_run_nicme_extra_a0p5_l0p1_pmi20_lr5e5_s44_05-04_16-09/metrics_20260504_160947_nicme_hybrid.json
44,NICME,"NICME (alpha=0.5, lambda=0.1)",nicme_extra_a0p5_l0p1_pmi20,222,6,15,53489-0156,68382-0227,10.0,6,10.057448625564575,True,checkpoints/pmi20_alpha_lambda6_run_nicme_v3_extra_a0p5_l0p1_pmi20_lr5e5_s44,results/pmi20_sota_convnext_base_test/pmi20_alpha_lambda6_run_nicme_extra_a0p5_l0p1_pmi20_lr5e5_s44_05-04_16-09/metrics_20260504_160947_nicme_hybrid.json
44,NICME,"NICME (alpha=0.5, lambda=0.1)",nicme_extra_a0p5_l0p1_pmi20,223,6,15,53489-0156,68382-0227,10.0,6,11.048842549324036,True,checkpoints/pmi20_alpha_lambda6_run_nicme_v3_extra_a0p5_l0p1_pmi20_lr5e5_s44,results/pmi20_sota_convnext_base_test/pmi20_alpha_lambda6_run_nicme_extra_a0p5_l0p1_pmi20_lr5e5_s44_05-04_16-09/metrics_20260504_160947_nicme_hybrid.json
44,NICME,"NICME (alpha=0.5, lambda=0.1)",nicme_extra_a0p5_l0p1_pmi20,224,7,0,53746-0544,00378-0208,10.0,7,7.691777229309082,True,checkpoints/pmi20_alpha_lambda6_run_nicme_v3_extra_a0p5_l0p1_pmi20_lr5e5_s44,results/pmi20_sota_convnext_base_test/pmi20_alpha_lambda6_run_nicme_extra_a0p5_l0p1_pmi20_lr5e5_s44_05-04_16-09/metrics_20260504_160947_nicme_hybrid.json
44,NICME,"NICME (alpha=0.5, lambda=0.1)",nicme_extra_a0p5_l0p1_pmi20,225,7,0,53746-0544,00378-0208,10.0,7,6.399693489074707,True,checkpoints/pmi20_alpha_lambda6_run_nicme_v3_extra_a0p5_l0p1_pmi20_lr5e5_s44,results/pmi20_sota_convnext_base_test/pmi20_alpha_lambda6_run_nicme_extra_a0p5_l0p1_pmi20_lr5e5_s44_05-04_16-09/metrics_20260504_160947_nicme_hybrid.json
44,NICME,"NICME (alpha=0.5, lambda=0.1)",nicme_extra_a0p5_l0p1_pmi20,226,7,0,53746-0544,00378-0208,10.0,7,6.375110626220703,True,checkpoints/pmi20_alpha_lambda6_run_nicme_v3_extra_a0p5_l0p1_pmi20_lr5e5_s44,results/pmi20_sota_convnext_base_test/pmi20_alpha_lambda6_run_nicme_extra_a0p5_l0p1_pmi20_lr5e5_s44_05-04_16-09/metrics_20260504_160947_nicme_hybrid.json
44,NICME,"NICME (alpha=0.5, lambda=0.1)",nicme_extra_a0p5_l0p1_pmi20,227,7,0,53746-0544,00378-0208,10.0,7,10.035150170326233,True,checkpoints/pmi20_alpha_lambda6_run_nicme_v3_extra_a0p5_l0p1_pmi20_lr5e5_s44,results/pmi20_sota_convnext_base_test/pmi20_alpha_lambda6_run_nicme_extra_a0p5_l0p1_pmi20_lr5e5_s44_05-04_16-09/metrics_20260504_160947_nicme_hybrid.json
44,NICME,"NICME (alpha=0.5, lambda=0.1)",nicme_extra_a0p5_l0p1_pmi20,228,7,0,53746-0544,00378-0208,10.0,7,2.963507890701294,True,checkpoints/pmi20_alpha_lambda6_run_nicme_v3_extra_a0p5_l0p1_pmi20_lr5e5_s44,results/pmi20_sota_convnext_base_test/pmi20_alpha_lambda6_run_nicme_extra_a0p5_l0p1_pmi20_lr5e5_s44_05-04_16-09/metrics_20260504_160947_nicme_hybrid.json
44,NICME,"NICME (alpha=0.5, lambda=0.1)",nicme_extra_a0p5_l0p1_pmi20,229,7,0,53746-0544,00378-0208,10.0,7,7.809280812740326,True,checkpoints/pmi20_alpha_lambda6_run_nicme_v3_extra_a0p5_l0p1_pmi20_lr5e5_s44,results/pmi20_sota_convnext_base_test/pmi20_alpha_lambda6_run_nicme_extra_a0p5_l0p1_pmi20_lr5e5_s44_05-04_16-09/metrics_20260504_160947_nicme_hybrid.json
44,NICME,"NICME (alpha=0.5, lambda=0.1)",nicme_extra_a0p5_l0p1_pmi20,230,7,0,53746-0544,00378-0208,10.0,7,6.990888357162476,True,checkpoints/pmi20_alpha_lambda6_run_nicme_v3_extra_a0p5_l0p1_pmi20_lr5e5_s44,results/pmi20_sota_convnext_base_test/pmi20_alpha_lambda6_run_nicme_extra_a0p5_l0p1_pmi20_lr5e5_s44_05-04_16-09/metrics_20260504_160947_nicme_hybrid.json
44,NICME,"NICME (alpha=0.5, lambda=0.1)",nicme_extra_a0p5_l0p1_pmi20,231,7,0,53746-0544,00378-0208,10.0,7,8.971381187438965,True,checkpoints/pmi20_alpha_lambda6_run_nicme_v3_extra_a0p5_l0p1_pmi20_lr5e5_s44,results/pmi20_sota_convnext_base_test/pmi20_alpha_lambda6_run_nicme_extra_a0p5_l0p1_pmi20_lr5e5_s44_05-04_16-09/metrics_20260504_160947_nicme_hybrid.json
44,NICME,"NICME (alpha=0.5, lambda=0.1)",nicme_extra_a0p5_l0p1_pmi20,232,7,0,53746-0544,00378-0208,10.0,7,6.013698101043701,True,checkpoints/pmi20_alpha_lambda6_run_nicme_v3_extra_a0p5_l0p1_pmi20_lr5e5_s44,results/pmi20_sota_convnext_base_test/pmi20_alpha_lambda6_run_nicme_extra_a0p5_l0p1_pmi20_lr5e5_s44_05-04_16-09/metrics_20260504_160947_nicme_hybrid.json
44,NICME,"NICME (alpha=0.5, lambda=0.1)",nicme_extra_a0p5_l0p1_pmi20,233,7,0,53746-0544,00378-0208,10.0,7,10.761437892913818,True,checkpoints/pmi20_alpha_lambda6_run_nicme_v3_extra_a0p5_l0p1_pmi20_lr5e5_s44,results/pmi20_sota_convnext_base_test/pmi20_alpha_lambda6_run_nicme_extra_a0p5_l0p1_pmi20_lr5e5_s44_05-04_16-09/metrics_20260504_160947_nicme_hybrid.json
44,NICME,"NICME (alpha=0.5, lambda=0.1)",nicme_extra_a0p5_l0p1_pmi20,234,7,0,53746-0544,00378-0208,10.0,7,9.449121255427599,True,checkpoints/pmi20_alpha_lambda6_run_nicme_v3_extra_a0p5_l0p1_pmi20_lr5e5_s44,results/pmi20_sota_convnext_base_test/pmi20_alpha_lambda6_run_nicme_extra_a0p5_l0p1_pmi20_lr5e5_s44_05-04_16-09/metrics_20260504_160947_nicme_hybrid.json
44,NICME,"NICME (alpha=0.5, lambda=0.1)",nicme_extra_a0p5_l0p1_pmi20,235,7,0,53746-0544,00378-0208,10.0,7,10.670238375663757,True,checkpoints/pmi20_alpha_lambda6_run_nicme_v3_extra_a0p5_l0p1_pmi20_lr5e5_s44,results/pmi20_sota_convnext_base_test/pmi20_alpha_lambda6_run_nicme_extra_a0p5_l0p1_pmi20_lr5e5_s44_05-04_16-09/metrics_20260504_160947_nicme_hybrid.json
44,NICME,"NICME (alpha=0.5, lambda=0.1)",nicme_extra_a0p5_l0p1_pmi20,236,7,0,53746-0544,00378-0208,10.0,7,8.553013734519482,True,checkpoints/pmi20_alpha_lambda6_run_nicme_v3_extra_a0p5_l0p1_pmi20_lr5e5_s44,results/pmi20_sota_convnext_base_test/pmi20_alpha_lambda6_run_nicme_extra_a0p5_l0p1_pmi20_lr5e5_s44_05-04_16-09/metrics_20260504_160947_nicme_hybrid.json
44,NICME,"NICME (alpha=0.5, lambda=0.1)",nicme_extra_a0p5_l0p1_pmi20,237,7,0,53746-0544,00378-0208,10.0,7,9.954130008816719,True,checkpoints/pmi20_alpha_lambda6_run_nicme_v3_extra_a0p5_l0p1_pmi20_lr5e5_s44,results/pmi20_sota_convnext_base_test/pmi20_alpha_lambda6_run_nicme_extra_a0p5_l0p1_pmi20_lr5e5_s44_05-04_16-09/metrics_20260504_160947_nicme_hybrid.json
44,NICME,"NICME (alpha=0.5, lambda=0.1)",nicme_extra_a0p5_l0p1_pmi20,238,7,0,53746-0544,00378-0208,10.0,7,3.9335150718688965,True,checkpoints/pmi20_alpha_lambda6_run_nicme_v3_extra_a0p5_l0p1_pmi20_lr5e5_s44,results/pmi20_sota_convnext_base_test/pmi20_alpha_lambda6_run_nicme_extra_a0p5_l0p1_pmi20_lr5e5_s44_05-04_16-09/metrics_20260504_160947_nicme_hybrid.json
44,NICME,"NICME (alpha=0.5, lambda=0.1)",nicme_extra_a0p5_l0p1_pmi20,239,7,0,53746-0544,00378-0208,10.0,7,0.3164987564086914,True,checkpoints/pmi20_alpha_lambda6_run_nicme_v3_extra_a0p5_l0p1_pmi20_lr5e5_s44,results/pmi20_sota_convnext_base_test/pmi20_alpha_lambda6_run_nicme_extra_a0p5_l0p1_pmi20_lr5e5_s44_05-04_16-09/metrics_20260504_160947_nicme_hybrid.json
44,NICME,"NICME (alpha=0.5, lambda=0.1)",nicme_extra_a0p5_l0p1_pmi20,240,7,0,53746-0544,00378-0208,10.0,7,7.691042542457581,True,checkpoints/pmi20_alpha_lambda6_run_nicme_v3_extra_a0p5_l0p1_pmi20_lr5e5_s44,results/pmi20_sota_convnext_base_test/pmi20_alpha_lambda6_run_nicme_extra_a0p5_l0p1_pmi20_lr5e5_s44_05-04_16-09/metrics_20260504_160947_nicme_hybrid.json
44,NICME,"NICME (alpha=0.5, lambda=0.1)",nicme_extra_a0p5_l0p1_pmi20,241,7,0,53746-0544,00378-0208,10.0,7,8.802361845970154,True,checkpoints/pmi20_alpha_lambda6_run_nicme_v3_extra_a0p5_l0p1_pmi20_lr5e5_s44,results/pmi20_sota_convnext_base_test/pmi20_alpha_lambda6_run_nicme_extra_a0p5_l0p1_pmi20_lr5e5_s44_05-04_16-09/metrics_20260504_160947_nicme_hybrid.json
44,NICME,"NICME (alpha=0.5, lambda=0.1)",nicme_extra_a0p5_l0p1_pmi20,242,7,0,53746-0544,00378-0208,10.0,7,9.148551106452942,True,checkpoints/pmi20_alpha_lambda6_run_nicme_v3_extra_a0p5_l0p1_pmi20_lr5e5_s44,results/pmi20_sota_convnext_base_test/pmi20_alpha_lambda6_run_nicme_extra_a0p5_l0p1_pmi20_lr5e5_s44_05-04_16-09/metrics_20260504_160947_nicme_hybrid.json
44,NICME,"NICME (alpha=0.5, lambda=0.1)",nicme_extra_a0p5_l0p1_pmi20,243,7,0,53746-0544,00378-0208,10.0,7,7.014070987701416,True,checkpoints/pmi20_alpha_lambda6_run_nicme_v3_extra_a0p5_l0p1_pmi20_lr5e5_s44,results/pmi20_sota_convnext_base_test/pmi20_alpha_lambda6_run_nicme_extra_a0p5_l0p1_pmi20_lr5e5_s44_05-04_16-09/metrics_20260504_160947_nicme_hybrid.json
44,NICME,"NICME (alpha=0.5, lambda=0.1)",nicme_extra_a0p5_l0p1_pmi20,244,7,0,53746-0544,00378-0208,10.0,7,7.253691077232361,True,checkpoints/pmi20_alpha_lambda6_run_nicme_v3_extra_a0p5_l0p1_pmi20_lr5e5_s44,results/pmi20_sota_convnext_base_test/pmi20_alpha_lambda6_run_nicme_extra_a0p5_l0p1_pmi20_lr5e5_s44_05-04_16-09/metrics_20260504_160947_nicme_hybrid.json
44,NICME,"NICME (alpha=0.5, lambda=0.1)",nicme_extra_a0p5_l0p1_pmi20,245,7,0,53746-0544,00378-0208,10.0,7,8.25360256433487,True,checkpoints/pmi20_alpha_lambda6_run_nicme_v3_extra_a0p5_l0p1_pmi20_lr5e5_s44,results/pmi20_sota_convnext_base_test/pmi20_alpha_lambda6_run_nicme_extra_a0p5_l0p1_pmi20_lr5e5_s44_05-04_16-09/metrics_20260504_160947_nicme_hybrid.json
44,NICME,"NICME (alpha=0.5, lambda=0.1)",nicme_extra_a0p5_l0p1_pmi20,246,7,0,53746-0544,00378-0208,10.0,7,9.114097237586975,True,checkpoints/pmi20_alpha_lambda6_run_nicme_v3_extra_a0p5_l0p1_pmi20_lr5e5_s44,results/pmi20_sota_convnext_base_test/pmi20_alpha_lambda6_run_nicme_extra_a0p5_l0p1_pmi20_lr5e5_s44_05-04_16-09/metrics_20260504_160947_nicme_hybrid.json
44,NICME,"NICME (alpha=0.5, lambda=0.1)",nicme_extra_a0p5_l0p1_pmi20,247,7,0,53746-0544,00378-0208,10.0,7,9.863950848579407,True,checkpoints/pmi20_alpha_lambda6_run_nicme_v3_extra_a0p5_l0p1_pmi20_lr5e5_s44,results/pmi20_sota_convnext_base_test/pmi20_alpha_lambda6_run_nicme_extra_a0p5_l0p1_pmi20_lr5e5_s44_05-04_16-09/metrics_20260504_160947_nicme_hybrid.json
44,NICME,"NICME (alpha=0.5, lambda=0.1)",nicme_extra_a0p5_l0p1_pmi20,248,7,0,53746-0544,00378-0208,10.0,7,8.134192109107971,True,checkpoints/pmi20_alpha_lambda6_run_nicme_v3_extra_a0p5_l0p1_pmi20_lr5e5_s44,results/pmi20_sota_convnext_base_test/pmi20_alpha_lambda6_run_nicme_extra_a0p5_l0p1_pmi20_lr5e5_s44_05-04_16-09/metrics_20260504_160947_nicme_hybrid.json
44,NICME,"NICME (alpha=0.5, lambda=0.1)",nicme_extra_a0p5_l0p1_pmi20,249,7,0,53746-0544,00378-0208,10.0,7,8.783397823572159,True,checkpoints/pmi20_alpha_lambda6_run_nicme_v3_extra_a0p5_l0p1_pmi20_lr5e5_s44,results/pmi20_sota_convnext_base_test/pmi20_alpha_lambda6_run_nicme_extra_a0p5_l0p1_pmi20_lr5e5_s44_05-04_16-09/metrics_20260504_160947_nicme_hybrid.json
44,NICME,"NICME (alpha=0.5, lambda=0.1)",nicme_extra_a0p5_l0p1_pmi20,250,7,0,53746-0544,00378-0208,10.0,7,8.916612088680267,True,checkpoints/pmi20_alpha_lambda6_run_nicme_v3_extra_a0p5_l0p1_pmi20_lr5e5_s44,results/pmi20_sota_convnext_base_test/pmi20_alpha_lambda6_run_nicme_extra_a0p5_l0p1_pmi20_lr5e5_s44_05-04_16-09/metrics_20260504_160947_nicme_hybrid.json
44,NICME,"NICME (alpha=0.5, lambda=0.1)",nicme_extra_a0p5_l0p1_pmi20,251,7,0,53746-0544,00378-0208,10.0,7,9.501697227358818,True,checkpoints/pmi20_alpha_lambda6_run_nicme_v3_extra_a0p5_l0p1_pmi20_lr5e5_s44,results/pmi20_sota_convnext_base_test/pmi20_alpha_lambda6_run_nicme_extra_a0p5_l0p1_pmi20_lr5e5_s44_05-04_16-09/metrics_20260504_160947_nicme_hybrid.json
44,NICME,"NICME (alpha=0.5, lambda=0.1)",nicme_extra_a0p5_l0p1_pmi20,252,7,0,53746-0544,00378-0208,10.0,7,8.400362133979797,True,checkpoints/pmi20_alpha_lambda6_run_nicme_v3_extra_a0p5_l0p1_pmi20_lr5e5_s44,results/pmi20_sota_convnext_base_test/pmi20_alpha_lambda6_run_nicme_extra_a0p5_l0p1_pmi20_lr5e5_s44_05-04_16-09/metrics_20260504_160947_nicme_hybrid.json
44,NICME,"NICME (alpha=0.5, lambda=0.1)",nicme_extra_a0p5_l0p1_pmi20,253,7,0,53746-0544,00378-0208,10.0,7,8.708424866199493,True,checkpoints/pmi20_alpha_lambda6_run_nicme_v3_extra_a0p5_l0p1_pmi20_lr5e5_s44,results/pmi20_sota_convnext_base_test/pmi20_alpha_lambda6_run_nicme_extra_a0p5_l0p1_pmi20_lr5e5_s44_05-04_16-09/metrics_20260504_160947_nicme_hybrid.json
44,NICME,"NICME (alpha=0.5, lambda=0.1)",nicme_extra_a0p5_l0p1_pmi20,254,7,0,53746-0544,00378-0208,10.0,7,5.495659828186035,True,checkpoints/pmi20_alpha_lambda6_run_nicme_v3_extra_a0p5_l0p1_pmi20_lr5e5_s44,results/pmi20_sota_convnext_base_test/pmi20_alpha_lambda6_run_nicme_extra_a0p5_l0p1_pmi20_lr5e5_s44_05-04_16-09/metrics_20260504_160947_nicme_hybrid.json
44,NICME,"NICME (alpha=0.5, lambda=0.1)",nicme_extra_a0p5_l0p1_pmi20,255,7,0,53746-0544,00378-0208,10.0,7,9.444796979427338,True,checkpoints/pmi20_alpha_lambda6_run_nicme_v3_extra_a0p5_l0p1_pmi20_lr5e5_s44,results/pmi20_sota_convnext_base_test/pmi20_alpha_lambda6_run_nicme_extra_a0p5_l0p1_pmi20_lr5e5_s44_05-04_16-09/metrics_20260504_160947_nicme_hybrid.json
44,NICME,"NICME (alpha=0.5, lambda=0.1)",nicme_extra_a0p5_l0p1_pmi20,480,15,6,68382-0227,53489-0156,8.0,15,7.766527414321899,True,checkpoints/pmi20_alpha_lambda6_run_nicme_v3_extra_a0p5_l0p1_pmi20_lr5e5_s44,results/pmi20_sota_convnext_base_test/pmi20_alpha_lambda6_run_nicme_extra_a0p5_l0p1_pmi20_lr5e5_s44_05-04_16-09/metrics_20260504_160947_nicme_hybrid.json
44,NICME,"NICME (alpha=0.5, lambda=0.1)",nicme_extra_a0p5_l0p1_pmi20,481,15,6,68382-0227,53489-0156,8.0,15,6.314765691757202,True,checkpoints/pmi20_alpha_lambda6_run_nicme_v3_extra_a0p5_l0p1_pmi20_lr5e5_s44,results/pmi20_sota_convnext_base_test/pmi20_alpha_lambda6_run_nicme_extra_a0p5_l0p1_pmi20_lr5e5_s44_05-04_16-09/metrics_20260504_160947_nicme_hybrid.json
44,NICME,"NICME (alpha=0.5, lambda=0.1)",nicme_extra_a0p5_l0p1_pmi20,482,15,6,68382-0227,53489-0156,8.0,15,9.19245907664299,True,checkpoints/pmi20_alpha_lambda6_run_nicme_v3_extra_a0p5_l0p1_pmi20_lr5e5_s44,results/pmi20_sota_convnext_base_test/pmi20_alpha_lambda6_run_nicme_extra_a0p5_l0p1_pmi20_lr5e5_s44_05-04_16-09/metrics_20260504_160947_nicme_hybrid.json
44,NICME,"NICME (alpha=0.5, lambda=0.1)",nicme_extra_a0p5_l0p1_pmi20,483,15,6,68382-0227,53489-0156,8.0,15,5.51291036605835,True,checkpoints/pmi20_alpha_lambda6_run_nicme_v3_extra_a0p5_l0p1_pmi20_lr5e5_s44,results/pmi20_sota_convnext_base_test/pmi20_alpha_lambda6_run_nicme_extra_a0p5_l0p1_pmi20_lr5e5_s44_05-04_16-09/metrics_20260504_160947_nicme_hybrid.json
44,NICME,"NICME (alpha=0.5, lambda=0.1)",nicme_extra_a0p5_l0p1_pmi20,484,15,6,68382-0227,53489-0156,8.0,15,10.259592413902283,True,checkpoints/pmi20_alpha_lambda6_run_nicme_v3_extra_a0p5_l0p1_pmi20_lr5e5_s44,results/pmi20_sota_convnext_base_test/pmi20_alpha_lambda6_run_nicme_extra_a0p5_l0p1_pmi20_lr5e5_s44_05-04_16-09/metrics_20260504_160947_nicme_hybrid.json
44,NICME,"NICME (alpha=0.5, lambda=0.1)",nicme_extra_a0p5_l0p1_pmi20,485,15,6,68382-0227,53489-0156,8.0,15,7.936450958251953,True,checkpoints/pmi20_alpha_lambda6_run_nicme_v3_extra_a0p5_l0p1_pmi20_lr5e5_s44,results/pmi20_sota_convnext_base_test/pmi20_alpha_lambda6_run_nicme_extra_a0p5_l0p1_pmi20_lr5e5_s44_05-04_16-09/metrics_20260504_160947_nicme_hybrid.json
44,NICME,"NICME (alpha=0.5, lambda=0.1)",nicme_extra_a0p5_l0p1_pmi20,486,15,6,68382-0227,53489-0156,8.0,15,4.55599570274353,True,checkpoints/pmi20_alpha_lambda6_run_nicme_v3_extra_a0p5_l0p1_pmi20_lr5e5_s44,results/pmi20_sota_convnext_base_test/pmi20_alpha_lambda6_run_nicme_extra_a0p5_l0p1_pmi20_lr5e5_s44_05-04_16-09/metrics_20260504_160947_nicme_hybrid.json
44,NICME,"NICME (alpha=0.5, lambda=0.1)",nicme_extra_a0p5_l0p1_pmi20,487,15,6,68382-0227,53489-0156,8.0,15,6.945950269699097,True,checkpoints/pmi20_alpha_lambda6_run_nicme_v3_extra_a0p5_l0p1_pmi20_lr5e5_s44,results/pmi20_sota_convnext_base_test/pmi20_alpha_lambda6_run_nicme_extra_a0p5_l0p1_pmi20_lr5e5_s44_05-04_16-09/metrics_20260504_160947_nicme_hybrid.json
44,NICME,"NICME (alpha=0.5, lambda=0.1)",nicme_extra_a0p5_l0p1_pmi20,488,15,6,68382-0227,53489-0156,8.0,15,5.143838882446289,True,checkpoints/pmi20_alpha_lambda6_run_nicme_v3_extra_a0p5_l0p1_pmi20_lr5e5_s44,results/pmi20_sota_convnext_base_test/pmi20_alpha_lambda6_run_nicme_extra_a0p5_l0p1_pmi20_lr5e5_s44_05-04_16-09/metrics_20260504_160947_nicme_hybrid.json
44,NICME,"NICME (alpha=0.5, lambda=0.1)",nicme_extra_a0p5_l0p1_pmi20,489,15,6,68382-0227,53489-0156,8.0,15,9.436205031350255,True,checkpoints/pmi20_alpha_lambda6_run_nicme_v3_extra_a0p5_l0p1_pmi20_lr5e5_s44,results/pmi20_sota_convnext_base_test/pmi20_alpha_lambda6_run_nicme_extra_a0p5_l0p1_pmi20_lr5e5_s44_05-04_16-09/metrics_20260504_160947_nicme_hybrid.json
44,NICME,"NICME (alpha=0.5, lambda=0.1)",nicme_extra_a0p5_l0p1_pmi20,490,15,6,68382-0227,53489-0156,8.0,15,7.013286471366882,True,checkpoints/pmi20_alpha_lambda6_run_nicme_v3_extra_a0p5_l0p1_pmi20_lr5e5_s44,results/pmi20_sota_convnext_base_test/pmi20_alpha_lambda6_run_nicme_extra_a0p5_l0p1_pmi20_lr5e5_s44_05-04_16-09/metrics_20260504_160947_nicme_hybrid.json
44,NICME,"NICME (alpha=0.5, lambda=0.1)",nicme_extra_a0p5_l0p1_pmi20,491,15,6,68382-0227,53489-0156,8.0,15,5.767544746398926,True,checkpoints/pmi20_alpha_lambda6_run_nicme_v3_extra_a0p5_l0p1_pmi20_lr5e5_s44,results/pmi20_sota_convnext_base_test/pmi20_alpha_lambda6_run_nicme_extra_a0p5_l0p1_pmi20_lr5e5_s44_05-04_16-09/metrics_20260504_160947_nicme_hybrid.json
44,NICME,"NICME (alpha=0.5, lambda=0.1)",nicme_extra_a0p5_l0p1_pmi20,492,15,6,68382-0227,53489-0156,8.0,15,2.1786141395568848,True,checkpoints/pmi20_alpha_lambda6_run_nicme_v3_extra_a0p5_l0p1_pmi20_lr5e5_s44,results/pmi20_sota_convnext_base_test/pmi20_alpha_lambda6_run_nicme_extra_a0p5_l0p1_pmi20_lr5e5_s44_05-04_16-09/metrics_20260504_160947_nicme_hybrid.json
44,NICME,"NICME (alpha=0.5, lambda=0.1)",nicme_extra_a0p5_l0p1_pmi20,493,15,6,68382-0227,53489-0156,8.0,15,6.195671558380127,True,checkpoints/pmi20_alpha_lambda6_run_nicme_v3_extra_a0p5_l0p1_pmi20_lr5e5_s44,results/pmi20_sota_convnext_base_test/pmi20_alpha_lambda6_run_nicme_extra_a0p5_l0p1_pmi20_lr5e5_s44_05-04_16-09/metrics_20260504_160947_nicme_hybrid.json
44,NICME,"NICME (alpha=0.5, lambda=0.1)",nicme_extra_a0p5_l0p1_pmi20,494,15,6,68382-0227,53489-0156,8.0,15,8.391177713871002,True,checkpoints/pmi20_alpha_lambda6_run_nicme_v3_extra_a0p5_l0p1_pmi20_lr5e5_s44,results/pmi20_sota_convnext_base_test/pmi20_alpha_lambda6_run_nicme_extra_a0p5_l0p1_pmi20_lr5e5_s44_05-04_16-09/metrics_20260504_160947_nicme_hybrid.json
44,NICME,"NICME (alpha=0.5, lambda=0.1)",nicme_extra_a0p5_l0p1_pmi20,495,15,6,68382-0227,53489-0156,8.0,15,5.619216442108154,True,checkpoints/pmi20_alpha_lambda6_run_nicme_v3_extra_a0p5_l0p1_pmi20_lr5e5_s44,results/pmi20_sota_convnext_base_test/pmi20_alpha_lambda6_run_nicme_extra_a0p5_l0p1_pmi20_lr5e5_s44_05-04_16-09/metrics_20260504_160947_nicme_hybrid.json
44,NICME,"NICME (alpha=0.5, lambda=0.1)",nicme_extra_a0p5_l0p1_pmi20,496,15,6,68382-0227,53489-0156,8.0,15,3.5280230045318604,True,checkpoints/pmi20_alpha_lambda6_run_nicme_v3_extra_a0p5_l0p1_pmi20_lr5e5_s44,results/pmi20_sota_convnext_base_test/pmi20_alpha_lambda6_run_nicme_extra_a0p5_l0p1_pmi20_lr5e5_s44_05-04_16-09/metrics_20260504_160947_nicme_hybrid.json
44,NICME,"NICME (alpha=0.5, lambda=0.1)",nicme_extra_a0p5_l0p1_pmi20,497,15,6,68382-0227,53489-0156,8.0,15,9.756055355072021,True,checkpoints/pmi20_alpha_lambda6_run_nicme_v3_extra_a0p5_l0p1_pmi20_lr5e5_s44,results/pmi20_sota_convnext_base_test/pmi20_alpha_lambda6_run_nicme_extra_a0p5_l0p1_pmi20_lr5e5_s44_05-04_16-09/metrics_20260504_160947_nicme_hybrid.json
44,NICME,"NICME (alpha=0.5, lambda=0.1)",nicme_extra_a0p5_l0p1_pmi20,498,15,6,68382-0227,53489-0156,8.0,15,5.847959756851196,True,checkpoints/pmi20_alpha_lambda6_run_nicme_v3_extra_a0p5_l0p1_pmi20_lr5e5_s44,results/pmi20_sota_convnext_base_test/pmi20_alpha_lambda6_run_nicme_extra_a0p5_l0p1_pmi20_lr5e5_s44_05-04_16-09/metrics_20260504_160947_nicme_hybrid.json
44,NICME,"NICME (alpha=0.5, lambda=0.1)",nicme_extra_a0p5_l0p1_pmi20,499,15,6,68382-0227,53489-0156,8.0,15,8.492464423179626,True,checkpoints/pmi20_alpha_lambda6_run_nicme_v3_extra_a0p5_l0p1_pmi20_lr5e5_s44,results/pmi20_sota_convnext_base_test/pmi20_alpha_lambda6_run_nicme_extra_a0p5_l0p1_pmi20_lr5e5_s44_05-04_16-09/metrics_20260504_160947_nicme_hybrid.json
44,NICME,"NICME (alpha=0.5, lambda=0.1)",nicme_extra_a0p5_l0p1_pmi20,500,15,6,68382-0227,53489-0156,8.0,15,8.168715238571167,True,checkpoints/pmi20_alpha_lambda6_run_nicme_v3_extra_a0p5_l0p1_pmi20_lr5e5_s44,results/pmi20_sota_convnext_base_test/pmi20_alpha_lambda6_run_nicme_extra_a0p5_l0p1_pmi20_lr5e5_s44_05-04_16-09/metrics_20260504_160947_nicme_hybrid.json
44,NICME,"NICME (alpha=0.5, lambda=0.1)",nicme_extra_a0p5_l0p1_pmi20,501,15,6,68382-0227,53489-0156,8.0,15,8.735551953315735,True,checkpoints/pmi20_alpha_lambda6_run_nicme_v3_extra_a0p5_l0p1_pmi20_lr5e5_s44,results/pmi20_sota_convnext_base_test/pmi20_alpha_lambda6_run_nicme_extra_a0p5_l0p1_pmi20_lr5e5_s44_05-04_16-09/metrics_20260504_160947_nicme_hybrid.json
44,NICME,"NICME (alpha=0.5, lambda=0.1)",nicme_extra_a0p5_l0p1_pmi20,502,15,6,68382-0227,53489-0156,8.0,15,8.226823568344116,True,checkpoints/pmi20_alpha_lambda6_run_nicme_v3_extra_a0p5_l0p1_pmi20_lr5e5_s44,results/pmi20_sota_convnext_base_test/pmi20_alpha_lambda6_run_nicme_extra_a0p5_l0p1_pmi20_lr5e5_s44_05-04_16-09/metrics_20260504_160947_nicme_hybrid.json
44,NICME,"NICME (alpha=0.5, lambda=0.1)",nicme_extra_a0p5_l0p1_pmi20,503,15,6,68382-0227,53489-0156,8.0,15,7.413063049316406,True,checkpoints/pmi20_alpha_lambda6_run_nicme_v3_extra_a0p5_l0p1_pmi20_lr5e5_s44,results/pmi20_sota_convnext_base_test/pmi20_alpha_lambda6_run_nicme_extra_a0p5_l0p1_pmi20_lr5e5_s44_05-04_16-09/metrics_20260504_160947_nicme_hybrid.json
44,NICME,"NICME (alpha=0.5, lambda=0.1)",nicme_extra_a0p5_l0p1_pmi20,504,15,6,68382-0227,53489-0156,8.0,15,4.72669792175293,True,checkpoints/pmi20_alpha_lambda6_run_nicme_v3_extra_a0p5_l0p1_pmi20_lr5e5_s44,results/pmi20_sota_convnext_base_test/pmi20_alpha_lambda6_run_nicme_extra_a0p5_l0p1_pmi20_lr5e5_s44_05-04_16-09/metrics_20260504_160947_nicme_hybrid.json
44,NICME,"NICME (alpha=0.5, lambda=0.1)",nicme_extra_a0p5_l0p1_pmi20,505,15,6,68382-0227,53489-0156,8.0,15,4.558963298797607,True,checkpoints/pmi20_alpha_lambda6_run_nicme_v3_extra_a0p5_l0p1_pmi20_lr5e5_s44,results/pmi20_sota_convnext_base_test/pmi20_alpha_lambda6_run_nicme_extra_a0p5_l0p1_pmi20_lr5e5_s44_05-04_16-09/metrics_20260504_160947_nicme_hybrid.json
44,NICME,"NICME (alpha=0.5, lambda=0.1)",nicme_extra_a0p5_l0p1_pmi20,506,15,6,68382-0227,53489-0156,8.0,15,2.6487584114074707,True,checkpoints/pmi20_alpha_lambda6_run_nicme_v3_extra_a0p5_l0p1_pmi20_lr5e5_s44,results/pmi20_sota_convnext_base_test/pmi20_alpha_lambda6_run_nicme_extra_a0p5_l0p1_pmi20_lr5e5_s44_05-04_16-09/metrics_20260504_160947_nicme_hybrid.json
44,NICME,"NICME (alpha=0.5, lambda=0.1)",nicme_extra_a0p5_l0p1_pmi20,507,15,6,68382-0227,53489-0156,8.0,15,5.870699644088745,True,checkpoints/pmi20_alpha_lambda6_run_nicme_v3_extra_a0p5_l0p1_pmi20_lr5e5_s44,results/pmi20_sota_convnext_base_test/pmi20_alpha_lambda6_run_nicme_extra_a0p5_l0p1_pmi20_lr5e5_s44_05-04_16-09/metrics_20260504_160947_nicme_hybrid.json
44,NICME,"NICME (alpha=0.5, lambda=0.1)",nicme_extra_a0p5_l0p1_pmi20,508,15,6,68382-0227,53489-0156,8.0,15,1.5849132537841797,True,checkpoints/pmi20_alpha_lambda6_run_nicme_v3_extra_a0p5_l0p1_pmi20_lr5e5_s44,results/pmi20_sota_convnext_base_test/pmi20_alpha_lambda6_run_nicme_extra_a0p5_l0p1_pmi20_lr5e5_s44_05-04_16-09/metrics_20260504_160947_nicme_hybrid.json
44,NICME,"NICME (alpha=0.5, lambda=0.1)",nicme_extra_a0p5_l0p1_pmi20,509,15,6,68382-0227,53489-0156,8.0,15,6.099987745285034,True,checkpoints/pmi20_alpha_lambda6_run_nicme_v3_extra_a0p5_l0p1_pmi20_lr5e5_s44,results/pmi20_sota_convnext_base_test/pmi20_alpha_lambda6_run_nicme_extra_a0p5_l0p1_pmi20_lr5e5_s44_05-04_16-09/metrics_20260504_160947_nicme_hybrid.json
44,NICME,"NICME (alpha=0.5, lambda=0.1)",nicme_extra_a0p5_l0p1_pmi20,510,15,6,68382-0227,53489-0156,8.0,15,7.247896790504456,True,checkpoints/pmi20_alpha_lambda6_run_nicme_v3_extra_a0p5_l0p1_pmi20_lr5e5_s44,results/pmi20_sota_convnext_base_test/pmi20_alpha_lambda6_run_nicme_extra_a0p5_l0p1_pmi20_lr5e5_s44_05-04_16-09/metrics_20260504_160947_nicme_hybrid.json
44,NICME,"NICME (alpha=0.5, lambda=0.1)",nicme_extra_a0p5_l0p1_pmi20,511,15,6,68382-0227,53489-0156,8.0,15,8.851105690002441,True,checkpoints/pmi20_alpha_lambda6_run_nicme_v3_extra_a0p5_l0p1_pmi20_lr5e5_s44,results/pmi20_sota_convnext_base_test/pmi20_alpha_lambda6_run_nicme_extra_a0p5_l0p1_pmi20_lr5e5_s44_05-04_16-09/metrics_20260504_160947_nicme_hybrid.json
