metrics_file,run_dir,dataset,model,method,seed,mode,target_class,target_recall_floor,accuracy_floor,selection_accuracy_metric,cost_matrix,selection_score,normalized_atc,atc,crr,target_recall,target_fnr,target_precision,target_fpr,accuracy,balanced_accuracy,macro_f1,auroc,auprc,nll,brier,ece,temperature,threshold,confusion_matrix,selected_accuracy,recall_floor_met,accuracy_floor_met,all_floors_met
results/timm_dinov3_vit_lora_test/stop3a_balanced_primary_breakhis_balanced_timm_dinov3_vit_lora_ce_calibrated_cost_min_seed42_04-28_10-34/metrics_20260428_103510_ce_calibrated_cost_min.json,results/timm_dinov3_vit_lora_test/stop3a_balanced_primary_breakhis_balanced_timm_dinov3_vit_lora_ce_calibrated_cost_min_seed42_04-28_10-34,breakhis_balanced,timm_dinov3_vit_lora,ce_calibrated_cost_min,42,argmax,malignant,0.97,0.85,accuracy,"[[0.0,1.0],[10.0,0.0]]",0.18772982244353908,0.09237588652482269,0.9237588652482269,,0.8156028368794326,0.18439716312056736,0.9956709956709957,0.0035460992907801418,0.9060283687943262,0.9060283687943262,0.9052536490277183,0.9670162466676727,0.9755665245709397,0.3167406585776521,0.16914268426764337,0.11626222655705526,,,"[[281,1],[52,230]]",0.9060283687943262,False,True,False
results/timm_dinov3_vit_lora_test/stop3a_balanced_primary_breakhis_balanced_timm_dinov3_vit_lora_ce_calibrated_cost_min_seed42_04-28_10-34/metrics_20260428_103510_ce_calibrated_cost_min.json,results/timm_dinov3_vit_lora_test/stop3a_balanced_primary_breakhis_balanced_timm_dinov3_vit_lora_ce_calibrated_cost_min_seed42_04-28_10-34,breakhis_balanced,timm_dinov3_vit_lora,ce_calibrated_cost_min,42,calibrated_cost_min,malignant,0.97,0.85,accuracy,"[[0.0,1.0],[10.0,0.0]]",0.06145549016649059,0.04769503546099291,0.4769503546099291,,0.9113475177304965,0.08865248226950355,0.9311594202898551,0.0673758865248227,0.9219858156028369,0.9219858156028369,0.9219769854744388,0.9670162466676727,0.9755665245709397,0.26130355434804614,0.14515232197616745,0.02601604846506722,0.5,,"[[263,19],[25,257]]",0.9219858156028369,False,True,False
results/timm_dinov3_vit_lora_test/stop3a_balanced_primary_breakhis_balanced_timm_dinov3_vit_lora_ce_calibrated_cost_min_seed42_04-28_10-34/metrics_20260428_103510_ce_calibrated_cost_min.json,results/timm_dinov3_vit_lora_test/stop3a_balanced_primary_breakhis_balanced_timm_dinov3_vit_lora_ce_calibrated_cost_min_seed42_04-28_10-34,breakhis_balanced,timm_dinov3_vit_lora,ce_calibrated_cost_min,42,calibrated_threshold,malignant,0.97,0.85,accuracy,"[[0.0,1.0],[10.0,0.0]]",0.05584661737337153,0.04521276595744681,0.4521276595744681,,0.9184397163120568,0.08156028368794327,0.9119718309859155,0.08865248226950355,0.9148936170212766,0.9148936170212767,0.9148925468103568,0.9670162466676727,0.9755665245709397,0.26130355434804614,0.14515232197616745,0.02601604846506722,0.5,0.08197559860095563,"[[257,25],[23,259]]",0.9148936170212766,False,True,False
results/timm_dinov3_vit_lora_test/stop3a_balanced_primary_breakhis_balanced_timm_dinov3_vit_lora_ce_calibrated_cost_min_seed43_04-28_10-55/metrics_20260428_105521_ce_calibrated_cost_min.json,results/timm_dinov3_vit_lora_test/stop3a_balanced_primary_breakhis_balanced_timm_dinov3_vit_lora_ce_calibrated_cost_min_seed43_04-28_10-55,breakhis_balanced,timm_dinov3_vit_lora,ce_calibrated_cost_min,43,argmax,malignant,0.97,0.85,accuracy,"[[0.0,1.0],[10.0,0.0]]",0.13819911473265933,0.07819148936170213,0.7819148936170213,,0.8475177304964538,0.1524822695035461,0.956,0.03900709219858156,0.9042553191489362,0.9042553191489362,0.9039461068779331,0.9463935415723556,0.9596711378941775,0.5402116951189108,0.3501010770923364,0.3071438681783405,,,"[[271,11],[43,239]]",0.9042553191489362,False,True,False
results/timm_dinov3_vit_lora_test/stop3a_balanced_primary_breakhis_balanced_timm_dinov3_vit_lora_ce_calibrated_cost_min_seed43_04-28_10-55/metrics_20260428_105521_ce_calibrated_cost_min.json,results/timm_dinov3_vit_lora_test/stop3a_balanced_primary_breakhis_balanced_timm_dinov3_vit_lora_ce_calibrated_cost_min_seed43_04-28_10-55,breakhis_balanced,timm_dinov3_vit_lora,ce_calibrated_cost_min,43,calibrated_cost_min,malignant,0.97,0.85,accuracy,"[[0.0,1.0],[10.0,0.0]]",0.1725,0.05,0.5,,1.0,0.0,0.5,1.0,0.5,0.5,0.3333333333333333,0.9463935415723556,0.9596711378941775,0.43098884947442445,0.2546751404181875,0.22078028921196996,0.5,,"[[0,282],[0,282]]",0.5,True,False,False
results/timm_dinov3_vit_lora_test/stop3a_balanced_primary_breakhis_balanced_timm_dinov3_vit_lora_ce_calibrated_cost_min_seed43_04-28_10-55/metrics_20260428_105521_ce_calibrated_cost_min.json,results/timm_dinov3_vit_lora_test/stop3a_balanced_primary_breakhis_balanced_timm_dinov3_vit_lora_ce_calibrated_cost_min_seed43_04-28_10-55,breakhis_balanced,timm_dinov3_vit_lora,ce_calibrated_cost_min,43,calibrated_threshold,malignant,0.97,0.85,accuracy,"[[0.0,1.0],[10.0,0.0]]",0.11570024646647549,0.07180851063829788,0.7180851063829787,,0.8652482269503546,0.1347517730496454,0.9070631970260223,0.08865248226950355,0.8882978723404256,0.8882978723404256,0.8882384950004246,0.9463935415723556,0.9596711378941775,0.43098884947442445,0.2546751404181875,0.22078028921196996,0.5,0.46021671279412923,"[[257,25],[38,244]]",0.8882978723404256,False,True,False
results/timm_dinov3_vit_lora_test/stop3a_balanced_primary_breakhis_balanced_timm_dinov3_vit_lora_ce_calibrated_cost_min_seed44_04-28_11-15/metrics_20260428_111615_ce_calibrated_cost_min.json,results/timm_dinov3_vit_lora_test/stop3a_balanced_primary_breakhis_balanced_timm_dinov3_vit_lora_ce_calibrated_cost_min_seed44_04-28_11-15,breakhis_balanced,timm_dinov3_vit_lora,ce_calibrated_cost_min,44,argmax,malignant,0.97,0.85,accuracy,"[[0.0,1.0],[10.0,0.0]]",0.13317899502037117,0.07659574468085106,0.7659574468085106,,0.851063829787234,0.14893617021276595,0.9523809523809523,0.0425531914893617,0.9042553191489362,0.9042553191489362,0.9039836567926456,0.9479905437352245,0.9611167550576398,0.5420826102010148,0.3518296570177129,0.3091392053145888,,,"[[270,12],[42,240]]",0.9042553191489362,False,True,False
results/timm_dinov3_vit_lora_test/stop3a_balanced_primary_breakhis_balanced_timm_dinov3_vit_lora_ce_calibrated_cost_min_seed44_04-28_11-15/metrics_20260428_111615_ce_calibrated_cost_min.json,results/timm_dinov3_vit_lora_test/stop3a_balanced_primary_breakhis_balanced_timm_dinov3_vit_lora_ce_calibrated_cost_min_seed44_04-28_11-15,breakhis_balanced,timm_dinov3_vit_lora,ce_calibrated_cost_min,44,calibrated_cost_min,malignant,0.97,0.85,accuracy,"[[0.0,1.0],[10.0,0.0]]",0.1725,0.05,0.5,,1.0,0.0,0.5,1.0,0.5,0.5,0.3333333333333333,0.9479905437352245,0.9611167550576398,0.4331078729191135,0.25610892575561034,0.22423674274587352,0.5,,"[[0,282],[0,282]]",0.5,True,False,False
results/timm_dinov3_vit_lora_test/stop3a_balanced_primary_breakhis_balanced_timm_dinov3_vit_lora_ce_calibrated_cost_min_seed44_04-28_11-15/metrics_20260428_111615_ce_calibrated_cost_min.json,results/timm_dinov3_vit_lora_test/stop3a_balanced_primary_breakhis_balanced_timm_dinov3_vit_lora_ce_calibrated_cost_min_seed44_04-28_11-15,breakhis_balanced,timm_dinov3_vit_lora,ce_calibrated_cost_min,44,calibrated_threshold,malignant,0.97,0.85,accuracy,"[[0.0,1.0],[10.0,0.0]]",0.0989445500729339,0.06613475177304964,0.6613475177304965,,0.8794326241134752,0.12056737588652482,0.8825622775800712,0.11702127659574468,0.8812056737588653,0.8812056737588653,0.8812053003033685,0.9479905437352245,0.9611167550576398,0.4331078729191135,0.25610892575561034,0.22423674274587352,0.5,0.43590239156853416,"[[249,33],[34,248]]",0.8812056737588653,False,True,False
results/timm_dinov3_vit_lora_test/stop3a_balanced_primary_breakhis_balanced_timm_dinov3_vit_lora_ce_seed42_04-28_10-31/metrics_20260428_103137_ce.json,results/timm_dinov3_vit_lora_test/stop3a_balanced_primary_breakhis_balanced_timm_dinov3_vit_lora_ce_seed42_04-28_10-31,breakhis_balanced,timm_dinov3_vit_lora,ce,42,argmax,malignant,0.97,0.85,accuracy,"[[0.0,1.0],[10.0,0.0]]",0.18772982244353908,0.09237588652482269,0.9237588652482269,,0.8156028368794326,0.18439716312056736,0.9956709956709957,0.0035460992907801418,0.9060283687943262,0.9060283687943262,0.9052536490277183,0.9670162466676727,0.9755665245709397,0.3167406585776521,0.16914268426764337,0.11626222655705526,,,"[[281,1],[52,230]]",0.9060283687943262,False,True,False
results/timm_dinov3_vit_lora_test/stop3a_balanced_primary_breakhis_balanced_timm_dinov3_vit_lora_ce_seed42_04-28_10-31/metrics_20260428_103137_ce.json,results/timm_dinov3_vit_lora_test/stop3a_balanced_primary_breakhis_balanced_timm_dinov3_vit_lora_ce_seed42_04-28_10-31,breakhis_balanced,timm_dinov3_vit_lora,ce,42,calibrated_cost_min,malignant,0.97,0.85,accuracy,"[[0.0,1.0],[10.0,0.0]]",0.06145549016649059,0.04769503546099291,0.4769503546099291,,0.9113475177304965,0.08865248226950355,0.9311594202898551,0.0673758865248227,0.9219858156028369,0.9219858156028369,0.9219769854744388,0.9670162466676727,0.9755665245709397,0.26130355434804614,0.14515232197616745,0.02601604846506722,0.5,,"[[263,19],[25,257]]",0.9219858156028369,False,True,False
results/timm_dinov3_vit_lora_test/stop3a_balanced_primary_breakhis_balanced_timm_dinov3_vit_lora_ce_seed42_04-28_10-31/metrics_20260428_103137_ce.json,results/timm_dinov3_vit_lora_test/stop3a_balanced_primary_breakhis_balanced_timm_dinov3_vit_lora_ce_seed42_04-28_10-31,breakhis_balanced,timm_dinov3_vit_lora,ce,42,calibrated_threshold,malignant,0.97,0.85,accuracy,"[[0.0,1.0],[10.0,0.0]]",0.05584661737337153,0.04521276595744681,0.4521276595744681,,0.9184397163120568,0.08156028368794327,0.9119718309859155,0.08865248226950355,0.9148936170212766,0.9148936170212767,0.9148925468103568,0.9670162466676727,0.9755665245709397,0.26130355434804614,0.14515232197616745,0.02601604846506722,0.5,0.08197559860095563,"[[257,25],[23,259]]",0.9148936170212766,False,True,False
results/timm_dinov3_vit_lora_test/stop3a_balanced_primary_breakhis_balanced_timm_dinov3_vit_lora_ce_seed43_04-28_10-52/metrics_20260428_105219_ce.json,results/timm_dinov3_vit_lora_test/stop3a_balanced_primary_breakhis_balanced_timm_dinov3_vit_lora_ce_seed43_04-28_10-52,breakhis_balanced,timm_dinov3_vit_lora,ce,43,argmax,malignant,0.97,0.85,accuracy,"[[0.0,1.0],[10.0,0.0]]",0.13819911473265933,0.07819148936170213,0.7819148936170213,,0.8475177304964538,0.1524822695035461,0.956,0.03900709219858156,0.9042553191489362,0.9042553191489362,0.9039461068779331,0.9463935415723556,0.9596711378941775,0.5402116951189108,0.3501010770923364,0.3071438681783405,,,"[[271,11],[43,239]]",0.9042553191489362,False,True,False
results/timm_dinov3_vit_lora_test/stop3a_balanced_primary_breakhis_balanced_timm_dinov3_vit_lora_ce_seed43_04-28_10-52/metrics_20260428_105219_ce.json,results/timm_dinov3_vit_lora_test/stop3a_balanced_primary_breakhis_balanced_timm_dinov3_vit_lora_ce_seed43_04-28_10-52,breakhis_balanced,timm_dinov3_vit_lora,ce,43,calibrated_cost_min,malignant,0.97,0.85,accuracy,"[[0.0,1.0],[10.0,0.0]]",0.1725,0.05,0.5,,1.0,0.0,0.5,1.0,0.5,0.5,0.3333333333333333,0.9463935415723556,0.9596711378941775,0.43098884947442445,0.2546751404181875,0.22078028921196996,0.5,,"[[0,282],[0,282]]",0.5,True,False,False
results/timm_dinov3_vit_lora_test/stop3a_balanced_primary_breakhis_balanced_timm_dinov3_vit_lora_ce_seed43_04-28_10-52/metrics_20260428_105219_ce.json,results/timm_dinov3_vit_lora_test/stop3a_balanced_primary_breakhis_balanced_timm_dinov3_vit_lora_ce_seed43_04-28_10-52,breakhis_balanced,timm_dinov3_vit_lora,ce,43,calibrated_threshold,malignant,0.97,0.85,accuracy,"[[0.0,1.0],[10.0,0.0]]",0.11570024646647549,0.07180851063829788,0.7180851063829787,,0.8652482269503546,0.1347517730496454,0.9070631970260223,0.08865248226950355,0.8882978723404256,0.8882978723404256,0.8882384950004246,0.9463935415723556,0.9596711378941775,0.43098884947442445,0.2546751404181875,0.22078028921196996,0.5,0.46021671279412923,"[[257,25],[38,244]]",0.8882978723404256,False,True,False
results/timm_dinov3_vit_lora_test/stop3a_balanced_primary_breakhis_balanced_timm_dinov3_vit_lora_ce_seed44_04-28_11-12/metrics_20260428_111315_ce.json,results/timm_dinov3_vit_lora_test/stop3a_balanced_primary_breakhis_balanced_timm_dinov3_vit_lora_ce_seed44_04-28_11-12,breakhis_balanced,timm_dinov3_vit_lora,ce,44,argmax,malignant,0.97,0.85,accuracy,"[[0.0,1.0],[10.0,0.0]]",0.13317899502037117,0.07659574468085106,0.7659574468085106,,0.851063829787234,0.14893617021276595,0.9523809523809523,0.0425531914893617,0.9042553191489362,0.9042553191489362,0.9039836567926456,0.9479905437352245,0.9611167550576398,0.5420826102010148,0.3518296570177129,0.3091392053145888,,,"[[270,12],[42,240]]",0.9042553191489362,False,True,False
results/timm_dinov3_vit_lora_test/stop3a_balanced_primary_breakhis_balanced_timm_dinov3_vit_lora_ce_seed44_04-28_11-12/metrics_20260428_111315_ce.json,results/timm_dinov3_vit_lora_test/stop3a_balanced_primary_breakhis_balanced_timm_dinov3_vit_lora_ce_seed44_04-28_11-12,breakhis_balanced,timm_dinov3_vit_lora,ce,44,calibrated_cost_min,malignant,0.97,0.85,accuracy,"[[0.0,1.0],[10.0,0.0]]",0.1725,0.05,0.5,,1.0,0.0,0.5,1.0,0.5,0.5,0.3333333333333333,0.9479905437352245,0.9611167550576398,0.4331078729191135,0.25610892575561034,0.22423674274587352,0.5,,"[[0,282],[0,282]]",0.5,True,False,False
results/timm_dinov3_vit_lora_test/stop3a_balanced_primary_breakhis_balanced_timm_dinov3_vit_lora_ce_seed44_04-28_11-12/metrics_20260428_111315_ce.json,results/timm_dinov3_vit_lora_test/stop3a_balanced_primary_breakhis_balanced_timm_dinov3_vit_lora_ce_seed44_04-28_11-12,breakhis_balanced,timm_dinov3_vit_lora,ce,44,calibrated_threshold,malignant,0.97,0.85,accuracy,"[[0.0,1.0],[10.0,0.0]]",0.0989445500729339,0.06613475177304964,0.6613475177304965,,0.8794326241134752,0.12056737588652482,0.8825622775800712,0.11702127659574468,0.8812056737588653,0.8812056737588653,0.8812053003033685,0.9479905437352245,0.9611167550576398,0.4331078729191135,0.25610892575561034,0.22423674274587352,0.5,0.43590239156853416,"[[249,33],[34,248]]",0.8812056737588653,False,True,False
results/timm_dinov3_vit_lora_test/stop3a_balanced_primary_breakhis_balanced_timm_dinov3_vit_lora_cs_regularized_ce_seed42_04-28_10-41/metrics_20260428_104210_cs_regularized_ce.json,results/timm_dinov3_vit_lora_test/stop3a_balanced_primary_breakhis_balanced_timm_dinov3_vit_lora_cs_regularized_ce_seed42_04-28_10-41,breakhis_balanced,timm_dinov3_vit_lora,cs_regularized_ce,42,argmax,malignant,0.97,0.85,accuracy,"[[0.0,1.0],[10.0,0.0]]",0.16392216689301342,0.08528368794326241,0.8528368794326241,,0.8297872340425532,0.1702127659574468,0.9957446808510638,0.0035460992907801418,0.9131205673758865,0.9131205673758865,0.9125130188959976,0.9668401991851517,0.9753764654584869,0.31209843902602874,0.1648143272950362,0.12526089713928548,,,"[[281,1],[48,234]]",0.9131205673758865,False,True,False
results/timm_dinov3_vit_lora_test/stop3a_balanced_primary_breakhis_balanced_timm_dinov3_vit_lora_cs_regularized_ce_seed42_04-28_10-41/metrics_20260428_104210_cs_regularized_ce.json,results/timm_dinov3_vit_lora_test/stop3a_balanced_primary_breakhis_balanced_timm_dinov3_vit_lora_cs_regularized_ce_seed42_04-28_10-41,breakhis_balanced,timm_dinov3_vit_lora,cs_regularized_ce,42,calibrated_cost_min,malignant,0.97,0.85,accuracy,"[[0.0,1.0],[10.0,0.0]]",0.04689988431165435,0.04131205673758866,0.41312056737588654,,0.9326241134751773,0.0673758865248227,0.8594771241830066,0.1524822695035461,0.8900709219858156,0.8900709219858156,0.8898715041572185,0.9668401991851517,0.9753764654584869,0.23974392627271326,0.13491499510962532,0.009564599346942062,0.5,,"[[239,43],[19,263]]",0.8900709219858156,False,True,False
results/timm_dinov3_vit_lora_test/stop3a_balanced_primary_breakhis_balanced_timm_dinov3_vit_lora_cs_regularized_ce_seed42_04-28_10-41/metrics_20260428_104210_cs_regularized_ce.json,results/timm_dinov3_vit_lora_test/stop3a_balanced_primary_breakhis_balanced_timm_dinov3_vit_lora_cs_regularized_ce_seed42_04-28_10-41,breakhis_balanced,timm_dinov3_vit_lora,cs_regularized_ce,42,calibrated_threshold,malignant,0.97,0.85,accuracy,"[[0.0,1.0],[10.0,0.0]]",0.08229221870127255,0.056737588652482275,0.5673758865248227,,0.8900709219858156,0.1099290780141844,0.9616858237547893,0.03546099290780142,0.9273049645390071,0.927304964539007,0.9272040421211692,0.9668401991851517,0.9753764654584869,0.23974392627271326,0.13491499510962532,0.009564599346942062,0.5,0.20105210586955438,"[[272,10],[31,251]]",0.9273049645390071,False,True,False
results/timm_dinov3_vit_lora_test/stop3a_balanced_primary_breakhis_balanced_timm_dinov3_vit_lora_cs_regularized_ce_seed43_04-28_11-01/metrics_20260428_110121_cs_regularized_ce.json,results/timm_dinov3_vit_lora_test/stop3a_balanced_primary_breakhis_balanced_timm_dinov3_vit_lora_cs_regularized_ce_seed43_04-28_11-01,breakhis_balanced,timm_dinov3_vit_lora,cs_regularized_ce,43,argmax,malignant,0.97,0.85,accuracy,"[[0.0,1.0],[10.0,0.0]]",0.10404640611639253,0.06861702127659575,0.6861702127659575,,0.875886524822695,0.12411347517730496,0.8697183098591549,0.13120567375886524,0.8723404255319149,0.8723404255319149,0.8723388202155351,0.9461671948091143,0.9595630076306858,0.54204299695279,0.3528737105926461,0.2773912014267969,,,"[[245,37],[35,247]]",0.8723404255319149,False,True,False
results/timm_dinov3_vit_lora_test/stop3a_balanced_primary_breakhis_balanced_timm_dinov3_vit_lora_cs_regularized_ce_seed43_04-28_11-01/metrics_20260428_110121_cs_regularized_ce.json,results/timm_dinov3_vit_lora_test/stop3a_balanced_primary_breakhis_balanced_timm_dinov3_vit_lora_cs_regularized_ce_seed43_04-28_11-01,breakhis_balanced,timm_dinov3_vit_lora,cs_regularized_ce,43,calibrated_cost_min,malignant,0.97,0.85,accuracy,"[[0.0,1.0],[10.0,0.0]]",0.1725,0.05,0.5,,1.0,0.0,0.5,1.0,0.5,0.5,0.3333333333333333,0.9461671948091143,0.9595630076306858,0.4384833152041502,0.26545117338095076,0.19928378329841479,0.5,,"[[0,282],[0,282]]",0.5,True,False,False
results/timm_dinov3_vit_lora_test/stop3a_balanced_primary_breakhis_balanced_timm_dinov3_vit_lora_cs_regularized_ce_seed43_04-28_11-01/metrics_20260428_110121_cs_regularized_ce.json,results/timm_dinov3_vit_lora_test/stop3a_balanced_primary_breakhis_balanced_timm_dinov3_vit_lora_cs_regularized_ce_seed43_04-28_11-01,breakhis_balanced,timm_dinov3_vit_lora,cs_regularized_ce,43,calibrated_threshold,malignant,0.97,0.85,accuracy,"[[0.0,1.0],[10.0,0.0]]",0.1118923394195463,0.07092198581560284,0.7092198581560284,,0.8687943262411347,0.13120567375886524,0.8909090909090909,0.10638297872340426,0.8812056737588653,0.8812056737588652,0.881187371677771,0.9461671948091143,0.9595630076306858,0.4384833152041502,0.26545117338095076,0.19928378329841479,0.5,0.5096855546235496,"[[252,30],[37,245]]",0.8812056737588653,False,True,False
results/timm_dinov3_vit_lora_test/stop3a_balanced_primary_breakhis_balanced_timm_dinov3_vit_lora_cs_regularized_ce_seed44_04-28_11-22/metrics_20260428_112224_cs_regularized_ce.json,results/timm_dinov3_vit_lora_test/stop3a_balanced_primary_breakhis_balanced_timm_dinov3_vit_lora_cs_regularized_ce_seed44_04-28_11-22,breakhis_balanced,timm_dinov3_vit_lora,cs_regularized_ce,44,argmax,malignant,0.97,0.85,accuracy,"[[0.0,1.0],[10.0,0.0]]",0.1033371862582365,0.06790780141843972,0.6790780141843972,,0.875886524822695,0.12411347517730496,0.8821428571428571,0.11702127659574468,0.8794326241134752,0.8794326241134751,0.8794311079813386,0.9463809667521754,0.9600326577643007,0.5435551282802323,0.35429728612144984,0.28602761104174534,,,"[[249,33],[35,247]]",0.8794326241134752,False,True,False
results/timm_dinov3_vit_lora_test/stop3a_balanced_primary_breakhis_balanced_timm_dinov3_vit_lora_cs_regularized_ce_seed44_04-28_11-22/metrics_20260428_112224_cs_regularized_ce.json,results/timm_dinov3_vit_lora_test/stop3a_balanced_primary_breakhis_balanced_timm_dinov3_vit_lora_cs_regularized_ce_seed44_04-28_11-22,breakhis_balanced,timm_dinov3_vit_lora,cs_regularized_ce,44,calibrated_cost_min,malignant,0.97,0.85,accuracy,"[[0.0,1.0],[10.0,0.0]]",0.1725,0.05,0.5,,1.0,0.0,0.5,1.0,0.5,0.5,0.3333333333333333,0.9463809667521754,0.9600326577643007,0.44049089791757234,0.26701929016172554,0.20595549050622064,0.5,,"[[0,282],[0,282]]",0.5,True,False,False
results/timm_dinov3_vit_lora_test/stop3a_balanced_primary_breakhis_balanced_timm_dinov3_vit_lora_cs_regularized_ce_seed44_04-28_11-22/metrics_20260428_112224_cs_regularized_ce.json,results/timm_dinov3_vit_lora_test/stop3a_balanced_primary_breakhis_balanced_timm_dinov3_vit_lora_cs_regularized_ce_seed44_04-28_11-22,breakhis_balanced,timm_dinov3_vit_lora,cs_regularized_ce,44,calibrated_threshold,malignant,0.97,0.85,accuracy,"[[0.0,1.0],[10.0,0.0]]",0.1033371862582365,0.06790780141843972,0.6790780141843972,,0.875886524822695,0.12411347517730496,0.8821428571428571,0.11702127659574468,0.8794326241134752,0.8794326241134751,0.8794311079813386,0.9463809667521754,0.9600326577643007,0.44049089791757234,0.26701929016172554,0.20595549050622064,0.5,0.4986952330446798,"[[249,33],[35,247]]",0.8794326241134752,False,True,False
results/timm_dinov3_vit_lora_test/stop3a_balanced_primary_breakhis_balanced_timm_dinov3_vit_lora_menon_logit_adjusted_seed42_04-28_10-38/metrics_20260428_103840_menon_logit_adjusted.json,results/timm_dinov3_vit_lora_test/stop3a_balanced_primary_breakhis_balanced_timm_dinov3_vit_lora_menon_logit_adjusted_seed42_04-28_10-38,breakhis_balanced,timm_dinov3_vit_lora,menon_logit_adjusted,42,argmax,malignant,0.97,0.85,accuracy,"[[0.0,1.0],[10.0,0.0]]",0.18772982244353908,0.09237588652482269,0.9237588652482269,,0.8156028368794326,0.18439716312056736,0.9956709956709957,0.0035460992907801418,0.9060283687943262,0.9060283687943262,0.9052536490277183,0.9669659473869524,0.9755407365624866,0.3167803532224289,0.16916333067104716,0.11629779150722722,,,"[[281,1],[52,230]]",0.9060283687943262,False,True,False
results/timm_dinov3_vit_lora_test/stop3a_balanced_primary_breakhis_balanced_timm_dinov3_vit_lora_menon_logit_adjusted_seed42_04-28_10-38/metrics_20260428_103840_menon_logit_adjusted.json,results/timm_dinov3_vit_lora_test/stop3a_balanced_primary_breakhis_balanced_timm_dinov3_vit_lora_menon_logit_adjusted_seed42_04-28_10-38,breakhis_balanced,timm_dinov3_vit_lora,menon_logit_adjusted,42,calibrated_cost_min,malignant,0.97,0.85,accuracy,"[[0.0,1.0],[10.0,0.0]]",0.06145549016649059,0.04769503546099291,0.4769503546099291,,0.9113475177304965,0.08865248226950355,0.9311594202898551,0.0673758865248227,0.9219858156028369,0.9219858156028369,0.9219769854744388,0.9669659473869524,0.9755407365624866,0.2613091026831578,0.14514276902618076,0.02596722052970831,0.5,,"[[263,19],[25,257]]",0.9219858156028369,False,True,False
results/timm_dinov3_vit_lora_test/stop3a_balanced_primary_breakhis_balanced_timm_dinov3_vit_lora_menon_logit_adjusted_seed42_04-28_10-38/metrics_20260428_103840_menon_logit_adjusted.json,results/timm_dinov3_vit_lora_test/stop3a_balanced_primary_breakhis_balanced_timm_dinov3_vit_lora_menon_logit_adjusted_seed42_04-28_10-38,breakhis_balanced,timm_dinov3_vit_lora,menon_logit_adjusted,42,calibrated_threshold,malignant,0.97,0.85,accuracy,"[[0.0,1.0],[10.0,0.0]]",0.05566931240883252,0.0450354609929078,0.450354609929078,,0.9184397163120568,0.08156028368794327,0.9151943462897526,0.0851063829787234,0.9166666666666666,0.9166666666666667,0.9166664046904226,0.9669659473869524,0.9755407365624866,0.2613091026831578,0.14514276902618076,0.02596722052970831,0.5,0.08222643056984408,"[[258,24],[23,259]]",0.9166666666666666,False,True,False
results/timm_dinov3_vit_lora_test/stop3a_balanced_primary_breakhis_balanced_timm_dinov3_vit_lora_menon_logit_adjusted_seed43_04-28_10-58/metrics_20260428_105820_menon_logit_adjusted.json,results/timm_dinov3_vit_lora_test/stop3a_balanced_primary_breakhis_balanced_timm_dinov3_vit_lora_menon_logit_adjusted_seed43_04-28_10-58,breakhis_balanced,timm_dinov3_vit_lora,menon_logit_adjusted,43,argmax,malignant,0.97,0.85,accuracy,"[[0.0,1.0],[10.0,0.0]]",0.13819911473265933,0.07819148936170213,0.7819148936170213,,0.8475177304964538,0.1524822695035461,0.956,0.03900709219858156,0.9042553191489362,0.9042553191489362,0.9039461068779331,0.9464438408530759,0.9597213145010128,0.5402153761794417,0.35010495059429336,0.3071501862706867,,,"[[271,11],[43,239]]",0.9042553191489362,False,True,False
results/timm_dinov3_vit_lora_test/stop3a_balanced_primary_breakhis_balanced_timm_dinov3_vit_lora_menon_logit_adjusted_seed43_04-28_10-58/metrics_20260428_105820_menon_logit_adjusted.json,results/timm_dinov3_vit_lora_test/stop3a_balanced_primary_breakhis_balanced_timm_dinov3_vit_lora_menon_logit_adjusted_seed43_04-28_10-58,breakhis_balanced,timm_dinov3_vit_lora,menon_logit_adjusted,43,calibrated_cost_min,malignant,0.97,0.85,accuracy,"[[0.0,1.0],[10.0,0.0]]",0.1725,0.05,0.5,,1.0,0.0,0.5,1.0,0.5,0.5,0.3333333333333333,0.9464438408530759,0.9597213145010128,0.4309953113560844,0.2546823622565238,0.22079335449786266,0.5,,"[[0,282],[0,282]]",0.5,True,False,False
results/timm_dinov3_vit_lora_test/stop3a_balanced_primary_breakhis_balanced_timm_dinov3_vit_lora_menon_logit_adjusted_seed43_04-28_10-58/metrics_20260428_105820_menon_logit_adjusted.json,results/timm_dinov3_vit_lora_test/stop3a_balanced_primary_breakhis_balanced_timm_dinov3_vit_lora_menon_logit_adjusted_seed43_04-28_10-58,breakhis_balanced,timm_dinov3_vit_lora,menon_logit_adjusted,43,calibrated_threshold,malignant,0.97,0.85,accuracy,"[[0.0,1.0],[10.0,0.0]]",0.11570024646647549,0.07180851063829788,0.7180851063829787,,0.8652482269503546,0.1347517730496454,0.9070631970260223,0.08865248226950355,0.8882978723404256,0.8882978723404256,0.8882384950004246,0.9464438408530759,0.9597213145010128,0.4309953113560844,0.2546823622565238,0.22079335449786266,0.5,0.4601386955810379,"[[257,25],[38,244]]",0.8882978723404256,False,True,False
results/timm_dinov3_vit_lora_test/stop3a_balanced_primary_breakhis_balanced_timm_dinov3_vit_lora_menon_logit_adjusted_seed44_04-28_11-19/metrics_20260428_111919_menon_logit_adjusted.json,results/timm_dinov3_vit_lora_test/stop3a_balanced_primary_breakhis_balanced_timm_dinov3_vit_lora_menon_logit_adjusted_seed44_04-28_11-19,breakhis_balanced,timm_dinov3_vit_lora,menon_logit_adjusted,44,argmax,malignant,0.97,0.85,accuracy,"[[0.0,1.0],[10.0,0.0]]",0.13317899502037117,0.07659574468085106,0.7659574468085106,,0.851063829787234,0.14893617021276595,0.9523809523809523,0.0425531914893617,0.9042553191489362,0.9042553191489362,0.9039836567926456,0.9479653940948645,0.9610963759879303,0.5421110303001598,0.3518567945135551,0.30915942840965077,,,"[[270,12],[42,240]]",0.9042553191489362,False,True,False
results/timm_dinov3_vit_lora_test/stop3a_balanced_primary_breakhis_balanced_timm_dinov3_vit_lora_menon_logit_adjusted_seed44_04-28_11-19/metrics_20260428_111919_menon_logit_adjusted.json,results/timm_dinov3_vit_lora_test/stop3a_balanced_primary_breakhis_balanced_timm_dinov3_vit_lora_menon_logit_adjusted_seed44_04-28_11-19,breakhis_balanced,timm_dinov3_vit_lora,menon_logit_adjusted,44,calibrated_cost_min,malignant,0.97,0.85,accuracy,"[[0.0,1.0],[10.0,0.0]]",0.1725,0.05,0.5,,1.0,0.0,0.5,1.0,0.5,0.5,0.3333333333333333,0.9479653940948645,0.9610963759879303,0.4331500702070287,0.2561449862906378,0.22427245394273682,0.5,,"[[0,282],[0,282]]",0.5,True,False,False
results/timm_dinov3_vit_lora_test/stop3a_balanced_primary_breakhis_balanced_timm_dinov3_vit_lora_menon_logit_adjusted_seed44_04-28_11-19/metrics_20260428_111919_menon_logit_adjusted.json,results/timm_dinov3_vit_lora_test/stop3a_balanced_primary_breakhis_balanced_timm_dinov3_vit_lora_menon_logit_adjusted_seed44_04-28_11-19,breakhis_balanced,timm_dinov3_vit_lora,menon_logit_adjusted,44,calibrated_threshold,malignant,0.97,0.85,accuracy,"[[0.0,1.0],[10.0,0.0]]",0.0987672451083949,0.06595744680851064,0.6595744680851063,,0.8794326241134752,0.12056737588652482,0.8857142857142857,0.11347517730496454,0.8829787234042553,0.8829787234042553,0.8829772518642406,0.9479653940948645,0.9610963759879303,0.4331500702070287,0.2561449862906378,0.22427245394273682,0.5,0.43595880593279723,"[[250,32],[34,248]]",0.8829787234042553,False,True,False
results/timm_dinov3_vit_lora_test/stop3a_balanced_primary_breakhis_balanced_timm_dinov3_vit_lora_nicme_hybrid_seed42_04-28_10-48/metrics_20260428_104916_nicme_hybrid.json,results/timm_dinov3_vit_lora_test/stop3a_balanced_primary_breakhis_balanced_timm_dinov3_vit_lora_nicme_hybrid_seed42_04-28_10-48,breakhis_balanced,timm_dinov3_vit_lora,nicme_hybrid,42,argmax,malignant,0.97,0.85,accuracy,"[[0.0,1.0],[10.0,0.0]]",0.062164710024646616,0.04840425531914894,0.48404255319148937,,0.9113475177304965,0.08865248226950355,0.9178571428571428,0.08156028368794327,0.9148936170212766,0.9148936170212767,0.9148925468103568,0.9703611488355717,0.9756410349142873,0.5329062027382045,0.34415173414112676,0.3185467298360581,,,"[[259,23],[25,257]]",0.9148936170212766,False,True,False
results/timm_dinov3_vit_lora_test/stop3a_balanced_primary_breakhis_balanced_timm_dinov3_vit_lora_nicme_hybrid_seed42_04-28_10-48/metrics_20260428_104916_nicme_hybrid.json,results/timm_dinov3_vit_lora_test/stop3a_balanced_primary_breakhis_balanced_timm_dinov3_vit_lora_nicme_hybrid_seed42_04-28_10-48,breakhis_balanced,timm_dinov3_vit_lora,nicme_hybrid,42,calibrated_cost_min,malignant,0.97,0.85,accuracy,"[[0.0,1.0],[10.0,0.0]]",0.1725,0.05,0.5,,1.0,0.0,0.5,1.0,0.5,0.5,0.3333333333333333,0.9703611488355717,0.9756410349142873,0.4222810797964146,0.25071327241127206,0.23701204836264048,0.5,,"[[0,282],[0,282]]",0.5,True,False,False
results/timm_dinov3_vit_lora_test/stop3a_balanced_primary_breakhis_balanced_timm_dinov3_vit_lora_nicme_hybrid_seed42_04-28_10-48/metrics_20260428_104916_nicme_hybrid.json,results/timm_dinov3_vit_lora_test/stop3a_balanced_primary_breakhis_balanced_timm_dinov3_vit_lora_nicme_hybrid_seed42_04-28_10-48,breakhis_balanced,timm_dinov3_vit_lora,nicme_hybrid,42,calibrated_threshold,malignant,0.97,0.85,accuracy,"[[0.0,1.0],[10.0,0.0]]",0.062164710024646616,0.04840425531914894,0.48404255319148937,,0.9113475177304965,0.08865248226950355,0.9178571428571428,0.08156028368794327,0.9148936170212766,0.9148936170212767,0.9148925468103568,0.9703611488355717,0.9756410349142873,0.4222810797964146,0.25071327241127206,0.23701204836264048,0.5,0.4999662853687068,"[[259,23],[25,257]]",0.9148936170212766,False,True,False
results/timm_dinov3_vit_lora_test/stop3a_balanced_primary_breakhis_balanced_timm_dinov3_vit_lora_nicme_hybrid_seed43_04-28_11-10/metrics_20260428_111017_nicme_hybrid.json,results/timm_dinov3_vit_lora_test/stop3a_balanced_primary_breakhis_balanced_timm_dinov3_vit_lora_nicme_hybrid_seed43_04-28_11-10,breakhis_balanced,timm_dinov3_vit_lora,nicme_hybrid,43,argmax,malignant,0.97,0.85,accuracy,"[[0.0,1.0],[10.0,0.0]]",0.030469372767969412,0.029432624113475175,0.29432624113475175,,0.9539007092198581,0.04609929078014184,0.8819672131147541,0.1276595744680851,0.9131205673758865,0.9131205673758865,0.9129758444674668,0.9768749056888486,0.9727547119168665,0.28041235614518106,0.14929175690331928,0.11961749248893547,,,"[[246,36],[13,269]]",0.9131205673758865,False,True,False
results/timm_dinov3_vit_lora_test/stop3a_balanced_primary_breakhis_balanced_timm_dinov3_vit_lora_nicme_hybrid_seed43_04-28_11-10/metrics_20260428_111017_nicme_hybrid.json,results/timm_dinov3_vit_lora_test/stop3a_balanced_primary_breakhis_balanced_timm_dinov3_vit_lora_nicme_hybrid_seed43_04-28_11-10,breakhis_balanced,timm_dinov3_vit_lora,nicme_hybrid,43,calibrated_cost_min,malignant,0.97,0.85,accuracy,"[[0.0,1.0],[10.0,0.0]]",0.026415170263065234,0.022695035460992906,0.22695035460992907,,0.9964539007092199,0.0035460992907801418,0.7042606516290727,0.41843971631205673,0.7890070921985816,0.7890070921985816,0.7795188678315546,0.9768749056888486,0.9727547119168665,0.20899383841551136,0.11860849492442352,0.023418290645835775,0.5,,"[[164,118],[1,281]]",0.7890070921985816,True,False,False
results/timm_dinov3_vit_lora_test/stop3a_balanced_primary_breakhis_balanced_timm_dinov3_vit_lora_nicme_hybrid_seed43_04-28_11-10/metrics_20260428_111017_nicme_hybrid.json,results/timm_dinov3_vit_lora_test/stop3a_balanced_primary_breakhis_balanced_timm_dinov3_vit_lora_nicme_hybrid_seed43_04-28_11-10,breakhis_balanced,timm_dinov3_vit_lora,nicme_hybrid,43,calibrated_threshold,malignant,0.97,0.85,accuracy,"[[0.0,1.0],[10.0,0.0]]",0.01595744680851064,0.01595744680851064,0.1595744680851064,,0.9929078014184397,0.0070921985815602835,0.8,0.24822695035460993,0.8723404255319149,0.8723404255319149,0.8704573295222541,0.9768749056888486,0.9727547119168665,0.20899383841551136,0.11860849492442352,0.023418290645835775,0.5,0.2114557765888693,"[[212,70],[2,280]]",0.8723404255319149,True,True,True
results/timm_dinov3_vit_lora_test/stop3a_balanced_primary_breakhis_balanced_timm_dinov3_vit_lora_nicme_hybrid_seed44_04-28_11-29/metrics_20260428_112921_nicme_hybrid.json,results/timm_dinov3_vit_lora_test/stop3a_balanced_primary_breakhis_balanced_timm_dinov3_vit_lora_nicme_hybrid_seed44_04-28_11-29,breakhis_balanced,timm_dinov3_vit_lora,nicme_hybrid,44,argmax,malignant,0.97,0.85,accuracy,"[[0.0,1.0],[10.0,0.0]]",0.05531470247975451,0.04468085106382978,0.44680851063829785,,0.9184397163120568,0.08156028368794327,0.9217081850533808,0.07801418439716312,0.9202127659574468,0.9202127659574468,0.920212515129128,0.9742216186308537,0.9788546035475885,0.5391873674502138,0.34993145647630447,0.3288498700510526,,,"[[260,22],[23,259]]",0.9202127659574468,False,True,False
results/timm_dinov3_vit_lora_test/stop3a_balanced_primary_breakhis_balanced_timm_dinov3_vit_lora_nicme_hybrid_seed44_04-28_11-29/metrics_20260428_112921_nicme_hybrid.json,results/timm_dinov3_vit_lora_test/stop3a_balanced_primary_breakhis_balanced_timm_dinov3_vit_lora_nicme_hybrid_seed44_04-28_11-29,breakhis_balanced,timm_dinov3_vit_lora,nicme_hybrid,44,calibrated_cost_min,malignant,0.97,0.85,accuracy,"[[0.0,1.0],[10.0,0.0]]",0.1725,0.05,0.5,,1.0,0.0,0.5,1.0,0.5,0.5,0.3333333333333333,0.9742216186308537,0.9788546035475885,0.4305888470248823,0.25709741563649563,0.2505809406759724,0.5,,"[[0,282],[0,282]]",0.5,True,False,False
results/timm_dinov3_vit_lora_test/stop3a_balanced_primary_breakhis_balanced_timm_dinov3_vit_lora_nicme_hybrid_seed44_04-28_11-29/metrics_20260428_112921_nicme_hybrid.json,results/timm_dinov3_vit_lora_test/stop3a_balanced_primary_breakhis_balanced_timm_dinov3_vit_lora_nicme_hybrid_seed44_04-28_11-29,breakhis_balanced,timm_dinov3_vit_lora,nicme_hybrid,44,calibrated_threshold,malignant,0.97,0.85,accuracy,"[[0.0,1.0],[10.0,0.0]]",0.06476543433428902,0.04929078014184397,0.4929078014184397,,0.9078014184397163,0.09219858156028368,0.9343065693430657,0.06382978723404255,0.9219858156028369,0.9219858156028369,0.9219701162147205,0.9742216186308537,0.9788546035475885,0.4305888470248823,0.25709741563649563,0.2505809406759724,0.5,0.5137046112363018,"[[264,18],[26,256]]",0.9219858156028369,False,True,False
results/timm_dinov3_vit_lora_test/stop3a_balanced_primary_breakhis_balanced_timm_dinov3_vit_lora_nicme_logit_adjustment_seed42_04-28_10-45/metrics_20260428_104544_nicme_logit_adjustment.json,results/timm_dinov3_vit_lora_test/stop3a_balanced_primary_breakhis_balanced_timm_dinov3_vit_lora_nicme_logit_adjustment_seed42_04-28_10-45,breakhis_balanced,timm_dinov3_vit_lora,nicme_logit_adjustment,42,argmax,malignant,0.97,0.85,accuracy,"[[0.0,1.0],[10.0,0.0]]",0.12255402645742162,0.07251773049645391,0.725177304964539,,0.8581560283687943,0.14184397163120568,0.9641434262948207,0.031914893617021274,0.9131205673758865,0.9131205673758865,0.9128573005187066,0.9688898948745034,0.9753105080184407,0.4103374394384657,0.23631422010574513,0.23461219309069586,,,"[[273,9],[40,242]]",0.9131205673758865,False,True,False
results/timm_dinov3_vit_lora_test/stop3a_balanced_primary_breakhis_balanced_timm_dinov3_vit_lora_nicme_logit_adjustment_seed42_04-28_10-45/metrics_20260428_104544_nicme_logit_adjustment.json,results/timm_dinov3_vit_lora_test/stop3a_balanced_primary_breakhis_balanced_timm_dinov3_vit_lora_nicme_logit_adjustment_seed42_04-28_10-45,breakhis_balanced,timm_dinov3_vit_lora,nicme_logit_adjustment,42,calibrated_cost_min,malignant,0.97,0.85,accuracy,"[[0.0,1.0],[10.0,0.0]]",0.16687654041547204,0.04929078014184397,0.4929078014184397,,1.0,0.0,0.5035714285714286,0.9858156028368794,0.5070921985815603,0.5070921985815603,0.34890287859409,0.9688898948745034,0.9753105080184407,0.27873945683650597,0.15029943310428362,0.1057685909500912,0.5,,"[[4,278],[0,282]]",0.5070921985815603,True,False,False
results/timm_dinov3_vit_lora_test/stop3a_balanced_primary_breakhis_balanced_timm_dinov3_vit_lora_nicme_logit_adjustment_seed42_04-28_10-45/metrics_20260428_104544_nicme_logit_adjustment.json,results/timm_dinov3_vit_lora_test/stop3a_balanced_primary_breakhis_balanced_timm_dinov3_vit_lora_nicme_logit_adjustment_seed42_04-28_10-45,breakhis_balanced,timm_dinov3_vit_lora,nicme_logit_adjustment,42,calibrated_threshold,malignant,0.97,0.85,accuracy,"[[0.0,1.0],[10.0,0.0]]",0.064056214476133,0.048581560283687944,0.4858156028368794,,0.9078014184397163,0.09219858156028368,0.9481481481481482,0.04964539007092199,0.9290780141843972,0.9290780141843972,0.9290458937198068,0.9688898948745034,0.9753105080184407,0.27873945683650597,0.15029943310428362,0.1057685909500912,0.5,0.42566674178906205,"[[268,14],[26,256]]",0.9290780141843972,False,True,False
results/timm_dinov3_vit_lora_test/stop3a_balanced_primary_breakhis_balanced_timm_dinov3_vit_lora_nicme_logit_adjustment_seed43_04-28_11-04/metrics_20260428_110451_nicme_logit_adjustment.json,results/timm_dinov3_vit_lora_test/stop3a_balanced_primary_breakhis_balanced_timm_dinov3_vit_lora_nicme_logit_adjustment_seed43_04-28_11-04,breakhis_balanced,timm_dinov3_vit_lora,nicme_logit_adjustment,43,argmax,malignant,0.97,0.85,accuracy,"[[0.0,1.0],[10.0,0.0]]",0.09468923092399772,0.061879432624113474,0.6187943262411347,,0.8794326241134752,0.12056737588652482,0.9649805447470817,0.031914893617021274,0.9237588652482269,0.9237588652482269,0.9236087705648705,0.9730018610733866,0.9783621005887924,0.40681949247830934,0.23272793325442334,0.2347434346980237,,,"[[273,9],[34,248]]",0.9237588652482269,False,True,False
results/timm_dinov3_vit_lora_test/stop3a_balanced_primary_breakhis_balanced_timm_dinov3_vit_lora_nicme_logit_adjustment_seed43_04-28_11-04/metrics_20260428_110451_nicme_logit_adjustment.json,results/timm_dinov3_vit_lora_test/stop3a_balanced_primary_breakhis_balanced_timm_dinov3_vit_lora_nicme_logit_adjustment_seed43_04-28_11-04,breakhis_balanced,timm_dinov3_vit_lora,nicme_logit_adjustment,43,calibrated_cost_min,malignant,0.97,0.85,accuracy,"[[0.0,1.0],[10.0,0.0]]",0.16827297419646897,0.04946808510638298,0.4946808510638298,,1.0,0.0,0.5026737967914439,0.9893617021276596,0.5053191489361702,0.5053191489361702,0.3450458887432103,0.9730018610733866,0.9783621005887924,0.27078773038918086,0.14306030926333943,0.11376128310709463,0.5,,"[[3,279],[0,282]]",0.5053191489361702,True,False,False
results/timm_dinov3_vit_lora_test/stop3a_balanced_primary_breakhis_balanced_timm_dinov3_vit_lora_nicme_logit_adjustment_seed43_04-28_11-04/metrics_20260428_110451_nicme_logit_adjustment.json,results/timm_dinov3_vit_lora_test/stop3a_balanced_primary_breakhis_balanced_timm_dinov3_vit_lora_nicme_logit_adjustment_seed43_04-28_11-04,breakhis_balanced,timm_dinov3_vit_lora,nicme_logit_adjustment,43,calibrated_threshold,malignant,0.97,0.85,accuracy,"[[0.0,1.0],[10.0,0.0]]",0.05753692470197675,0.04539007092198581,0.45390070921985815,,0.9148936170212766,0.0851063829787234,0.9416058394160584,0.05673758865248227,0.9290780141843972,0.9290780141843972,0.9290637420133823,0.9730018610733866,0.9783621005887924,0.27078773038918086,0.14306030926333943,0.11376128310709463,0.5,0.4063768241235064,"[[266,16],[24,258]]",0.9290780141843972,False,True,False
results/timm_dinov3_vit_lora_test/stop3a_balanced_primary_breakhis_balanced_timm_dinov3_vit_lora_nicme_logit_adjustment_seed44_04-28_11-25/metrics_20260428_112552_nicme_logit_adjustment.json,results/timm_dinov3_vit_lora_test/stop3a_balanced_primary_breakhis_balanced_timm_dinov3_vit_lora_nicme_logit_adjustment_seed44_04-28_11-25,breakhis_balanced,timm_dinov3_vit_lora,nicme_logit_adjustment,44,argmax,malignant,0.97,0.85,accuracy,"[[0.0,1.0],[10.0,0.0]]",0.0860284492731754,0.05815602836879432,0.5815602836879432,,0.8865248226950354,0.11347517730496454,0.9689922480620154,0.028368794326241134,0.9290780141843972,0.9290780141843971,0.9289493575207861,0.9743473668326543,0.9791182818424308,0.411932336899374,0.23672475775541224,0.24415813999395847,,,"[[274,8],[32,250]]",0.9290780141843972,False,True,False
results/timm_dinov3_vit_lora_test/stop3a_balanced_primary_breakhis_balanced_timm_dinov3_vit_lora_nicme_logit_adjustment_seed44_04-28_11-25/metrics_20260428_112552_nicme_logit_adjustment.json,results/timm_dinov3_vit_lora_test/stop3a_balanced_primary_breakhis_balanced_timm_dinov3_vit_lora_nicme_logit_adjustment_seed44_04-28_11-25,breakhis_balanced,timm_dinov3_vit_lora,nicme_logit_adjustment,44,calibrated_cost_min,malignant,0.97,0.85,accuracy,"[[0.0,1.0],[10.0,0.0]]",0.1725,0.05,0.5,,1.0,0.0,0.5,1.0,0.5,0.5,0.3333333333333333,0.9743473668326543,0.9791182818424308,0.27494810461129143,0.14510543345768642,0.11961082678767461,0.5,,"[[0,282],[0,282]]",0.5,True,False,False
results/timm_dinov3_vit_lora_test/stop3a_balanced_primary_breakhis_balanced_timm_dinov3_vit_lora_nicme_logit_adjustment_seed44_04-28_11-25/metrics_20260428_112552_nicme_logit_adjustment.json,results/timm_dinov3_vit_lora_test/stop3a_balanced_primary_breakhis_balanced_timm_dinov3_vit_lora_nicme_logit_adjustment_seed44_04-28_11-25,breakhis_balanced,timm_dinov3_vit_lora,nicme_logit_adjustment,44,calibrated_threshold,malignant,0.97,0.85,accuracy,"[[0.0,1.0],[10.0,0.0]]",0.06145549016649059,0.04769503546099291,0.4769503546099291,,0.9113475177304965,0.08865248226950355,0.9311594202898551,0.0673758865248227,0.9219858156028369,0.9219858156028369,0.9219769854744388,0.9743473668326543,0.9791182818424308,0.27494810461129143,0.14510543345768642,0.11961082678767461,0.5,0.39352439451838084,"[[263,19],[25,257]]",0.9219858156028369,False,True,False
results/timm_dinov3_vit_lora_test/stop3a_balanced_primary_spider_balanced_timm_dinov3_vit_lora_ce_calibrated_cost_min_seed42_04-28_08-35/metrics_20260428_083516_ce_calibrated_cost_min.json,results/timm_dinov3_vit_lora_test/stop3a_balanced_primary_spider_balanced_timm_dinov3_vit_lora_ce_calibrated_cost_min_seed42_04-28_08-35,spider_balanced,timm_dinov3_vit_lora,ce_calibrated_cost_min,42,argmax,black_widow,0.95,0.8,accuracy,"[[0.0,10.0],[1.0,0.0]]",0.22101111111111102,0.12033333333333333,1.2033333333333334,,0.8,0.2,0.6629834254143646,0.4066666666666667,0.6966666666666667,0.6966666666666668,0.6933927829378138,0.795911111111111,0.805257028367251,0.6835140980142878,0.4903699531789686,0.18835718015829717,,,"[[120,30],[61,89]]",0.6966666666666667,False,False,False
results/timm_dinov3_vit_lora_test/stop3a_balanced_primary_spider_balanced_timm_dinov3_vit_lora_ce_calibrated_cost_min_seed42_04-28_08-35/metrics_20260428_083516_ce_calibrated_cost_min.json,results/timm_dinov3_vit_lora_test/stop3a_balanced_primary_spider_balanced_timm_dinov3_vit_lora_ce_calibrated_cost_min_seed42_04-28_08-35,spider_balanced,timm_dinov3_vit_lora,ce_calibrated_cost_min,42,calibrated_cost_min,black_widow,0.95,0.8,accuracy,"[[0.0,10.0],[1.0,0.0]]",0.14,0.05,0.5,,1.0,0.0,0.5,1.0,0.5,0.5,0.3333333333333333,0.795911111111111,0.805257028367251,0.674287317057667,0.48116354921731175,0.1800598426802717,0.5,,"[[150,0],[150,0]]",0.5,True,False,False
results/timm_dinov3_vit_lora_test/stop3a_balanced_primary_spider_balanced_timm_dinov3_vit_lora_ce_calibrated_cost_min_seed42_04-28_08-35/metrics_20260428_083516_ce_calibrated_cost_min.json,results/timm_dinov3_vit_lora_test/stop3a_balanced_primary_spider_balanced_timm_dinov3_vit_lora_ce_calibrated_cost_min_seed42_04-28_08-35,spider_balanced,timm_dinov3_vit_lora,ce_calibrated_cost_min,42,calibrated_threshold,black_widow,0.95,0.8,accuracy,"[[0.0,10.0],[1.0,0.0]]",0.07717777777777779,0.05566666666666666,0.5566666666666666,,0.9533333333333334,0.04666666666666667,0.5958333333333333,0.6466666666666666,0.6533333333333333,0.6533333333333333,0.6190476190476191,0.795911111111111,0.805257028367251,0.674287317057667,0.48116354921731175,0.1800598426802717,0.5,0.48802412387234817,"[[143,7],[97,53]]",0.6533333333333333,True,False,False
results/timm_dinov3_vit_lora_test/stop3a_balanced_primary_spider_balanced_timm_dinov3_vit_lora_ce_calibrated_cost_min_seed43_04-28_08-43/metrics_20260428_084357_ce_calibrated_cost_min.json,results/timm_dinov3_vit_lora_test/stop3a_balanced_primary_spider_balanced_timm_dinov3_vit_lora_ce_calibrated_cost_min_seed43_04-28_08-43,spider_balanced,timm_dinov3_vit_lora,ce_calibrated_cost_min,43,argmax,black_widow,0.95,0.8,accuracy,"[[0.0,10.0],[1.0,0.0]]",0.22101111111111102,0.12033333333333333,1.2033333333333334,,0.8,0.2,0.6629834254143646,0.4066666666666667,0.6966666666666667,0.6966666666666668,0.6933927829378138,0.795911111111111,0.8053063509545402,0.6835274612653199,0.49038329372295836,0.18837514460086824,,,"[[120,30],[61,89]]",0.6966666666666667,False,False,False
results/timm_dinov3_vit_lora_test/stop3a_balanced_primary_spider_balanced_timm_dinov3_vit_lora_ce_calibrated_cost_min_seed43_04-28_08-43/metrics_20260428_084357_ce_calibrated_cost_min.json,results/timm_dinov3_vit_lora_test/stop3a_balanced_primary_spider_balanced_timm_dinov3_vit_lora_ce_calibrated_cost_min_seed43_04-28_08-43,spider_balanced,timm_dinov3_vit_lora,ce_calibrated_cost_min,43,calibrated_cost_min,black_widow,0.95,0.8,accuracy,"[[0.0,10.0],[1.0,0.0]]",0.14,0.05,0.5,,1.0,0.0,0.5,1.0,0.5,0.5,0.3333333333333333,0.795911111111111,0.8053063509545402,0.6743123052320312,0.48118839099776,0.180095685585127,0.5,,"[[150,0],[150,0]]",0.5,True,False,False
results/timm_dinov3_vit_lora_test/stop3a_balanced_primary_spider_balanced_timm_dinov3_vit_lora_ce_calibrated_cost_min_seed43_04-28_08-43/metrics_20260428_084357_ce_calibrated_cost_min.json,results/timm_dinov3_vit_lora_test/stop3a_balanced_primary_spider_balanced_timm_dinov3_vit_lora_ce_calibrated_cost_min_seed43_04-28_08-43,spider_balanced,timm_dinov3_vit_lora,ce_calibrated_cost_min,43,calibrated_threshold,black_widow,0.95,0.8,accuracy,"[[0.0,10.0],[1.0,0.0]]",0.07717777777777779,0.05566666666666666,0.5566666666666666,,0.9533333333333334,0.04666666666666667,0.5958333333333333,0.6466666666666666,0.6533333333333333,0.6533333333333333,0.6190476190476191,0.795911111111111,0.8053063509545402,0.6743123052320312,0.48118839099776,0.180095685585127,0.5,0.48795866554344197,"[[143,7],[97,53]]",0.6533333333333333,True,False,False
results/timm_dinov3_vit_lora_test/stop3a_balanced_primary_spider_balanced_timm_dinov3_vit_lora_ce_calibrated_cost_min_seed44_04-28_08-55/metrics_20260428_085521_ce_calibrated_cost_min.json,results/timm_dinov3_vit_lora_test/stop3a_balanced_primary_spider_balanced_timm_dinov3_vit_lora_ce_calibrated_cost_min_seed44_04-28_08-55,spider_balanced,timm_dinov3_vit_lora,ce_calibrated_cost_min,44,argmax,black_widow,0.95,0.8,accuracy,"[[0.0,10.0],[1.0,0.0]]",0.0537111111111111,0.04833333333333333,0.48333333333333334,,0.9133333333333333,0.08666666666666667,0.9013157894736842,0.1,0.9066666666666666,0.9066666666666667,0.9066625183341481,0.9738666666666667,0.9756511130447765,0.22153724514179307,0.13112707010989133,0.03693904380003617,,,"[[137,13],[15,135]]",0.9066666666666666,False,True,False
results/timm_dinov3_vit_lora_test/stop3a_balanced_primary_spider_balanced_timm_dinov3_vit_lora_ce_calibrated_cost_min_seed44_04-28_08-55/metrics_20260428_085521_ce_calibrated_cost_min.json,results/timm_dinov3_vit_lora_test/stop3a_balanced_primary_spider_balanced_timm_dinov3_vit_lora_ce_calibrated_cost_min_seed44_04-28_08-55,spider_balanced,timm_dinov3_vit_lora,ce_calibrated_cost_min,44,calibrated_cost_min,black_widow,0.95,0.8,accuracy,"[[0.0,10.0],[1.0,0.0]]",0.023,0.023,0.23,,0.9933333333333333,0.006666666666666667,0.7163461538461539,0.3933333333333333,0.8,0.8,0.7922341751696754,0.9738666666666667,0.9756511130447765,0.22460603916945387,0.1314561260631383,0.04558766891996655,1.05,,"[[149,1],[59,91]]",0.8,True,True,True
results/timm_dinov3_vit_lora_test/stop3a_balanced_primary_spider_balanced_timm_dinov3_vit_lora_ce_calibrated_cost_min_seed44_04-28_08-55/metrics_20260428_085521_ce_calibrated_cost_min.json,results/timm_dinov3_vit_lora_test/stop3a_balanced_primary_spider_balanced_timm_dinov3_vit_lora_ce_calibrated_cost_min_seed44_04-28_08-55,spider_balanced,timm_dinov3_vit_lora,ce_calibrated_cost_min,44,calibrated_threshold,black_widow,0.95,0.8,accuracy,"[[0.0,10.0],[1.0,0.0]]",0.02287777777777778,0.022333333333333334,0.22333333333333333,,1.0,0.0,0.6912442396313364,0.44666666666666666,0.7766666666666666,0.7766666666666666,0.7649425220147117,0.9738666666666667,0.9756511130447765,0.22460603916945387,0.1314561260631383,0.04558766891996655,1.05,0.08050723883152797,"[[150,0],[67,83]]",0.7766666666666666,True,False,False
results/timm_dinov3_vit_lora_test/stop3a_balanced_primary_spider_balanced_timm_dinov3_vit_lora_ce_seed42_04-28_08-34/metrics_20260428_083425_ce.json,results/timm_dinov3_vit_lora_test/stop3a_balanced_primary_spider_balanced_timm_dinov3_vit_lora_ce_seed42_04-28_08-34,spider_balanced,timm_dinov3_vit_lora,ce,42,argmax,black_widow,0.95,0.8,accuracy,"[[0.0,10.0],[1.0,0.0]]",0.22101111111111102,0.12033333333333333,1.2033333333333334,,0.8,0.2,0.6629834254143646,0.4066666666666667,0.6966666666666667,0.6966666666666668,0.6933927829378138,0.795911111111111,0.805257028367251,0.6835140980142878,0.4903699531789686,0.18835718015829717,,,"[[120,30],[61,89]]",0.6966666666666667,False,False,False
results/timm_dinov3_vit_lora_test/stop3a_balanced_primary_spider_balanced_timm_dinov3_vit_lora_ce_seed42_04-28_08-34/metrics_20260428_083425_ce.json,results/timm_dinov3_vit_lora_test/stop3a_balanced_primary_spider_balanced_timm_dinov3_vit_lora_ce_seed42_04-28_08-34,spider_balanced,timm_dinov3_vit_lora,ce,42,calibrated_cost_min,black_widow,0.95,0.8,accuracy,"[[0.0,10.0],[1.0,0.0]]",0.14,0.05,0.5,,1.0,0.0,0.5,1.0,0.5,0.5,0.3333333333333333,0.795911111111111,0.805257028367251,0.674287317057667,0.48116354921731175,0.1800598426802717,0.5,,"[[150,0],[150,0]]",0.5,True,False,False
results/timm_dinov3_vit_lora_test/stop3a_balanced_primary_spider_balanced_timm_dinov3_vit_lora_ce_seed42_04-28_08-34/metrics_20260428_083425_ce.json,results/timm_dinov3_vit_lora_test/stop3a_balanced_primary_spider_balanced_timm_dinov3_vit_lora_ce_seed42_04-28_08-34,spider_balanced,timm_dinov3_vit_lora,ce,42,calibrated_threshold,black_widow,0.95,0.8,accuracy,"[[0.0,10.0],[1.0,0.0]]",0.07717777777777779,0.05566666666666666,0.5566666666666666,,0.9533333333333334,0.04666666666666667,0.5958333333333333,0.6466666666666666,0.6533333333333333,0.6533333333333333,0.6190476190476191,0.795911111111111,0.805257028367251,0.674287317057667,0.48116354921731175,0.1800598426802717,0.5,0.48802412387234817,"[[143,7],[97,53]]",0.6533333333333333,True,False,False
results/timm_dinov3_vit_lora_test/stop3a_balanced_primary_spider_balanced_timm_dinov3_vit_lora_ce_seed43_04-28_08-42/metrics_20260428_084303_ce.json,results/timm_dinov3_vit_lora_test/stop3a_balanced_primary_spider_balanced_timm_dinov3_vit_lora_ce_seed43_04-28_08-42,spider_balanced,timm_dinov3_vit_lora,ce,43,argmax,black_widow,0.95,0.8,accuracy,"[[0.0,10.0],[1.0,0.0]]",0.22101111111111102,0.12033333333333333,1.2033333333333334,,0.8,0.2,0.6629834254143646,0.4066666666666667,0.6966666666666667,0.6966666666666668,0.6933927829378138,0.795911111111111,0.8053063509545402,0.6835274612653199,0.49038329372295836,0.18837514460086824,,,"[[120,30],[61,89]]",0.6966666666666667,False,False,False
results/timm_dinov3_vit_lora_test/stop3a_balanced_primary_spider_balanced_timm_dinov3_vit_lora_ce_seed43_04-28_08-42/metrics_20260428_084303_ce.json,results/timm_dinov3_vit_lora_test/stop3a_balanced_primary_spider_balanced_timm_dinov3_vit_lora_ce_seed43_04-28_08-42,spider_balanced,timm_dinov3_vit_lora,ce,43,calibrated_cost_min,black_widow,0.95,0.8,accuracy,"[[0.0,10.0],[1.0,0.0]]",0.14,0.05,0.5,,1.0,0.0,0.5,1.0,0.5,0.5,0.3333333333333333,0.795911111111111,0.8053063509545402,0.6743123052320312,0.48118839099776,0.180095685585127,0.5,,"[[150,0],[150,0]]",0.5,True,False,False
results/timm_dinov3_vit_lora_test/stop3a_balanced_primary_spider_balanced_timm_dinov3_vit_lora_ce_seed43_04-28_08-42/metrics_20260428_084303_ce.json,results/timm_dinov3_vit_lora_test/stop3a_balanced_primary_spider_balanced_timm_dinov3_vit_lora_ce_seed43_04-28_08-42,spider_balanced,timm_dinov3_vit_lora,ce,43,calibrated_threshold,black_widow,0.95,0.8,accuracy,"[[0.0,10.0],[1.0,0.0]]",0.07717777777777779,0.05566666666666666,0.5566666666666666,,0.9533333333333334,0.04666666666666667,0.5958333333333333,0.6466666666666666,0.6533333333333333,0.6533333333333333,0.6190476190476191,0.795911111111111,0.8053063509545402,0.6743123052320312,0.48118839099776,0.180095685585127,0.5,0.48795866554344197,"[[143,7],[97,53]]",0.6533333333333333,True,False,False
results/timm_dinov3_vit_lora_test/stop3a_balanced_primary_spider_balanced_timm_dinov3_vit_lora_ce_seed44_04-28_08-52/metrics_20260428_085235_ce.json,results/timm_dinov3_vit_lora_test/stop3a_balanced_primary_spider_balanced_timm_dinov3_vit_lora_ce_seed44_04-28_08-52,spider_balanced,timm_dinov3_vit_lora,ce,44,argmax,black_widow,0.95,0.8,accuracy,"[[0.0,10.0],[1.0,0.0]]",0.0537111111111111,0.04833333333333333,0.48333333333333334,,0.9133333333333333,0.08666666666666667,0.9013157894736842,0.1,0.9066666666666666,0.9066666666666667,0.9066625183341481,0.9738666666666667,0.9756511130447765,0.22153724514179307,0.13112707010989133,0.03693904380003617,,,"[[137,13],[15,135]]",0.9066666666666666,False,True,False
results/timm_dinov3_vit_lora_test/stop3a_balanced_primary_spider_balanced_timm_dinov3_vit_lora_ce_seed44_04-28_08-52/metrics_20260428_085235_ce.json,results/timm_dinov3_vit_lora_test/stop3a_balanced_primary_spider_balanced_timm_dinov3_vit_lora_ce_seed44_04-28_08-52,spider_balanced,timm_dinov3_vit_lora,ce,44,calibrated_cost_min,black_widow,0.95,0.8,accuracy,"[[0.0,10.0],[1.0,0.0]]",0.023,0.023,0.23,,0.9933333333333333,0.006666666666666667,0.7163461538461539,0.3933333333333333,0.8,0.8,0.7922341751696754,0.9738666666666667,0.9756511130447765,0.22460603916945387,0.1314561260631383,0.04558766891996655,1.05,,"[[149,1],[59,91]]",0.8,True,True,True
results/timm_dinov3_vit_lora_test/stop3a_balanced_primary_spider_balanced_timm_dinov3_vit_lora_ce_seed44_04-28_08-52/metrics_20260428_085235_ce.json,results/timm_dinov3_vit_lora_test/stop3a_balanced_primary_spider_balanced_timm_dinov3_vit_lora_ce_seed44_04-28_08-52,spider_balanced,timm_dinov3_vit_lora,ce,44,calibrated_threshold,black_widow,0.95,0.8,accuracy,"[[0.0,10.0],[1.0,0.0]]",0.02287777777777778,0.022333333333333334,0.22333333333333333,,1.0,0.0,0.6912442396313364,0.44666666666666666,0.7766666666666666,0.7766666666666666,0.7649425220147117,0.9738666666666667,0.9756511130447765,0.22460603916945387,0.1314561260631383,0.04558766891996655,1.05,0.08050723883152797,"[[150,0],[67,83]]",0.7766666666666666,True,False,False
results/timm_dinov3_vit_lora_test/stop3a_balanced_primary_spider_balanced_timm_dinov3_vit_lora_cs_regularized_ce_seed42_04-28_08-36/metrics_20260428_083705_cs_regularized_ce.json,results/timm_dinov3_vit_lora_test/stop3a_balanced_primary_spider_balanced_timm_dinov3_vit_lora_cs_regularized_ce_seed42_04-28_08-36,spider_balanced,timm_dinov3_vit_lora,cs_regularized_ce,42,argmax,black_widow,0.95,0.8,accuracy,"[[0.0,10.0],[1.0,0.0]]",0.14438888888888884,0.09633333333333334,0.9633333333333334,,0.8533333333333334,0.14666666666666667,0.649746192893401,0.46,0.6966666666666667,0.6966666666666668,0.689034183458441,0.7943555555555556,0.8031007120596194,0.6836502071381196,0.49050657167679645,0.18792340079943337,,,"[[128,22],[69,81]]",0.6966666666666667,False,False,False
results/timm_dinov3_vit_lora_test/stop3a_balanced_primary_spider_balanced_timm_dinov3_vit_lora_cs_regularized_ce_seed42_04-28_08-36/metrics_20260428_083705_cs_regularized_ce.json,results/timm_dinov3_vit_lora_test/stop3a_balanced_primary_spider_balanced_timm_dinov3_vit_lora_cs_regularized_ce_seed42_04-28_08-36,spider_balanced,timm_dinov3_vit_lora,cs_regularized_ce,42,calibrated_cost_min,black_widow,0.95,0.8,accuracy,"[[0.0,10.0],[1.0,0.0]]",0.14,0.05,0.5,,1.0,0.0,0.5,1.0,0.5,0.5,0.3333333333333333,0.7943555555555556,0.8031007120596194,0.6746136450954284,0.48149364894876545,0.17919509748344753,0.5,,"[[150,0],[150,0]]",0.5,True,False,False
results/timm_dinov3_vit_lora_test/stop3a_balanced_primary_spider_balanced_timm_dinov3_vit_lora_cs_regularized_ce_seed42_04-28_08-36/metrics_20260428_083705_cs_regularized_ce.json,results/timm_dinov3_vit_lora_test/stop3a_balanced_primary_spider_balanced_timm_dinov3_vit_lora_cs_regularized_ce_seed42_04-28_08-36,spider_balanced,timm_dinov3_vit_lora,cs_regularized_ce,42,calibrated_threshold,black_widow,0.95,0.8,accuracy,"[[0.0,10.0],[1.0,0.0]]",0.07717777777777779,0.05566666666666666,0.5566666666666666,,0.9533333333333334,0.04666666666666667,0.5958333333333333,0.6466666666666666,0.6533333333333333,0.6533333333333333,0.6190476190476191,0.7943555555555556,0.8031007120596194,0.6746136450954284,0.48149364894876545,0.17919509748344753,0.5,0.4920075495172009,"[[143,7],[97,53]]",0.6533333333333333,True,False,False
results/timm_dinov3_vit_lora_test/stop3a_balanced_primary_spider_balanced_timm_dinov3_vit_lora_cs_regularized_ce_seed43_04-28_08-45/metrics_20260428_084545_cs_regularized_ce.json,results/timm_dinov3_vit_lora_test/stop3a_balanced_primary_spider_balanced_timm_dinov3_vit_lora_cs_regularized_ce_seed43_04-28_08-45,spider_balanced,timm_dinov3_vit_lora,cs_regularized_ce,43,argmax,black_widow,0.95,0.8,accuracy,"[[0.0,10.0],[1.0,0.0]]",0.14337777777777772,0.096,0.96,,0.8533333333333334,0.14666666666666667,0.6530612244897959,0.4533333333333333,0.7,0.7,0.6927768422010832,0.795,0.8042655845726581,0.6836645161465232,0.49052085256002925,0.19127563436826067,,,"[[128,22],[68,82]]",0.7,False,False,False
results/timm_dinov3_vit_lora_test/stop3a_balanced_primary_spider_balanced_timm_dinov3_vit_lora_cs_regularized_ce_seed43_04-28_08-45/metrics_20260428_084545_cs_regularized_ce.json,results/timm_dinov3_vit_lora_test/stop3a_balanced_primary_spider_balanced_timm_dinov3_vit_lora_cs_regularized_ce_seed43_04-28_08-45,spider_balanced,timm_dinov3_vit_lora,cs_regularized_ce,43,calibrated_cost_min,black_widow,0.95,0.8,accuracy,"[[0.0,10.0],[1.0,0.0]]",0.14,0.05,0.5,,1.0,0.0,0.5,1.0,0.5,0.5,0.3333333333333333,0.7949777777777779,0.8042655845726581,0.6746403633153407,0.48152019586093653,0.18256612963190513,0.5,,"[[150,0],[150,0]]",0.5,True,False,False
results/timm_dinov3_vit_lora_test/stop3a_balanced_primary_spider_balanced_timm_dinov3_vit_lora_cs_regularized_ce_seed43_04-28_08-45/metrics_20260428_084545_cs_regularized_ce.json,results/timm_dinov3_vit_lora_test/stop3a_balanced_primary_spider_balanced_timm_dinov3_vit_lora_cs_regularized_ce_seed43_04-28_08-45,spider_balanced,timm_dinov3_vit_lora,cs_regularized_ce,43,calibrated_threshold,black_widow,0.95,0.8,accuracy,"[[0.0,10.0],[1.0,0.0]]",0.0758777777777778,0.05533333333333333,0.5533333333333333,,0.9533333333333334,0.04666666666666667,0.5983263598326359,0.64,0.6566666666666666,0.6566666666666667,0.6235334251148283,0.7949777777777779,0.8042655845726581,0.6746403633153407,0.48152019586093653,0.18256612963190513,0.5,0.4920274866704838,"[[143,7],[96,54]]",0.6566666666666666,True,False,False
results/timm_dinov3_vit_lora_test/stop3a_balanced_primary_spider_balanced_timm_dinov3_vit_lora_cs_regularized_ce_seed44_04-28_08-58/metrics_20260428_085859_cs_regularized_ce.json,results/timm_dinov3_vit_lora_test/stop3a_balanced_primary_spider_balanced_timm_dinov3_vit_lora_cs_regularized_ce_seed44_04-28_08-58,spider_balanced,timm_dinov3_vit_lora,cs_regularized_ce,44,argmax,black_widow,0.95,0.8,accuracy,"[[0.0,10.0],[1.0,0.0]]",0.15272222222222218,0.09933333333333333,0.9933333333333333,,0.8466666666666667,0.15333333333333332,0.6512820512820513,0.4533333333333333,0.6966666666666667,0.6966666666666667,0.6896845694799659,0.794711111111111,0.8039770417057196,0.6836469744280242,0.4905032807783304,0.18796144525210057,,,"[[127,23],[68,82]]",0.6966666666666667,False,False,False
results/timm_dinov3_vit_lora_test/stop3a_balanced_primary_spider_balanced_timm_dinov3_vit_lora_cs_regularized_ce_seed44_04-28_08-58/metrics_20260428_085859_cs_regularized_ce.json,results/timm_dinov3_vit_lora_test/stop3a_balanced_primary_spider_balanced_timm_dinov3_vit_lora_cs_regularized_ce_seed44_04-28_08-58,spider_balanced,timm_dinov3_vit_lora,cs_regularized_ce,44,calibrated_cost_min,black_widow,0.95,0.8,accuracy,"[[0.0,10.0],[1.0,0.0]]",0.14,0.05,0.5,,1.0,0.0,0.5,1.0,0.5,0.5,0.3333333333333333,0.794711111111111,0.8039770417057196,0.6746021514732415,0.4814817282456379,0.179270913515511,0.5,,"[[150,0],[150,0]]",0.5,True,False,False
results/timm_dinov3_vit_lora_test/stop3a_balanced_primary_spider_balanced_timm_dinov3_vit_lora_cs_regularized_ce_seed44_04-28_08-58/metrics_20260428_085859_cs_regularized_ce.json,results/timm_dinov3_vit_lora_test/stop3a_balanced_primary_spider_balanced_timm_dinov3_vit_lora_cs_regularized_ce_seed44_04-28_08-58,spider_balanced,timm_dinov3_vit_lora,cs_regularized_ce,44,calibrated_threshold,black_widow,0.95,0.8,accuracy,"[[0.0,10.0],[1.0,0.0]]",0.0758777777777778,0.05533333333333333,0.5533333333333333,,0.9533333333333334,0.04666666666666667,0.5983263598326359,0.64,0.6566666666666666,0.6566666666666667,0.6235334251148283,0.794711111111111,0.8039770417057196,0.6746021514732415,0.4814817282456379,0.179270913515511,0.5,0.4918693305079829,"[[143,7],[96,54]]",0.6566666666666666,True,False,False
results/timm_dinov3_vit_lora_test/stop3a_balanced_primary_spider_balanced_timm_dinov3_vit_lora_menon_logit_adjusted_seed42_04-28_08-36/metrics_20260428_083611_menon_logit_adjusted.json,results/timm_dinov3_vit_lora_test/stop3a_balanced_primary_spider_balanced_timm_dinov3_vit_lora_menon_logit_adjusted_seed42_04-28_08-36,spider_balanced,timm_dinov3_vit_lora,menon_logit_adjusted,42,argmax,black_widow,0.95,0.8,accuracy,"[[0.0,10.0],[1.0,0.0]]",0.22101111111111102,0.12033333333333333,1.2033333333333334,,0.8,0.2,0.6629834254143646,0.4066666666666667,0.6966666666666667,0.6966666666666668,0.6933927829378138,0.795911111111111,0.805257028367251,0.6835140754170635,0.4903699287474799,0.18835718413194025,,,"[[120,30],[61,89]]",0.6966666666666667,False,False,False
results/timm_dinov3_vit_lora_test/stop3a_balanced_primary_spider_balanced_timm_dinov3_vit_lora_menon_logit_adjusted_seed42_04-28_08-36/metrics_20260428_083611_menon_logit_adjusted.json,results/timm_dinov3_vit_lora_test/stop3a_balanced_primary_spider_balanced_timm_dinov3_vit_lora_menon_logit_adjusted_seed42_04-28_08-36,spider_balanced,timm_dinov3_vit_lora,menon_logit_adjusted,42,calibrated_cost_min,black_widow,0.95,0.8,accuracy,"[[0.0,10.0],[1.0,0.0]]",0.14,0.05,0.5,,1.0,0.0,0.5,1.0,0.5,0.5,0.3333333333333333,0.795911111111111,0.805257028367251,0.6742872712829722,0.48116350351254833,0.18005985036558286,0.5,,"[[150,0],[150,0]]",0.5,True,False,False
results/timm_dinov3_vit_lora_test/stop3a_balanced_primary_spider_balanced_timm_dinov3_vit_lora_menon_logit_adjusted_seed42_04-28_08-36/metrics_20260428_083611_menon_logit_adjusted.json,results/timm_dinov3_vit_lora_test/stop3a_balanced_primary_spider_balanced_timm_dinov3_vit_lora_menon_logit_adjusted_seed42_04-28_08-36,spider_balanced,timm_dinov3_vit_lora,menon_logit_adjusted,42,calibrated_threshold,black_widow,0.95,0.8,accuracy,"[[0.0,10.0],[1.0,0.0]]",0.07717777777777779,0.05566666666666666,0.5566666666666666,,0.9533333333333334,0.04666666666666667,0.5958333333333333,0.6466666666666666,0.6533333333333333,0.6533333333333333,0.6190476190476191,0.795911111111111,0.805257028367251,0.6742872712829722,0.48116350351254833,0.18005985036558286,0.5,0.48802418297742534,"[[143,7],[97,53]]",0.6533333333333333,True,False,False
results/timm_dinov3_vit_lora_test/stop3a_balanced_primary_spider_balanced_timm_dinov3_vit_lora_menon_logit_adjusted_seed43_04-28_08-44/metrics_20260428_084452_menon_logit_adjusted.json,results/timm_dinov3_vit_lora_test/stop3a_balanced_primary_spider_balanced_timm_dinov3_vit_lora_menon_logit_adjusted_seed43_04-28_08-44,spider_balanced,timm_dinov3_vit_lora,menon_logit_adjusted,43,argmax,black_widow,0.95,0.8,accuracy,"[[0.0,10.0],[1.0,0.0]]",0.22101111111111102,0.12033333333333333,1.2033333333333334,,0.8,0.2,0.6629834254143646,0.4066666666666667,0.6966666666666667,0.6966666666666668,0.6933927829378138,0.795911111111111,0.8053063509545402,0.6835274508136283,0.4903832876980295,0.18837516148885092,,,"[[120,30],[61,89]]",0.6966666666666667,False,False,False
results/timm_dinov3_vit_lora_test/stop3a_balanced_primary_spider_balanced_timm_dinov3_vit_lora_menon_logit_adjusted_seed43_04-28_08-44/metrics_20260428_084452_menon_logit_adjusted.json,results/timm_dinov3_vit_lora_test/stop3a_balanced_primary_spider_balanced_timm_dinov3_vit_lora_menon_logit_adjusted_seed43_04-28_08-44,spider_balanced,timm_dinov3_vit_lora,menon_logit_adjusted,43,calibrated_cost_min,black_widow,0.95,0.8,accuracy,"[[0.0,10.0],[1.0,0.0]]",0.14,0.05,0.5,,1.0,0.0,0.5,1.0,0.5,0.5,0.3333333333333333,0.795911111111111,0.8053063509545402,0.6743122895086554,0.48118837527961394,0.1800957267284435,0.5,,"[[150,0],[150,0]]",0.5,True,False,False
results/timm_dinov3_vit_lora_test/stop3a_balanced_primary_spider_balanced_timm_dinov3_vit_lora_menon_logit_adjusted_seed43_04-28_08-44/metrics_20260428_084452_menon_logit_adjusted.json,results/timm_dinov3_vit_lora_test/stop3a_balanced_primary_spider_balanced_timm_dinov3_vit_lora_menon_logit_adjusted_seed43_04-28_08-44,spider_balanced,timm_dinov3_vit_lora,menon_logit_adjusted,43,calibrated_threshold,black_widow,0.95,0.8,accuracy,"[[0.0,10.0],[1.0,0.0]]",0.07717777777777779,0.05566666666666666,0.5566666666666666,,0.9533333333333334,0.04666666666666667,0.5958333333333333,0.6466666666666666,0.6533333333333333,0.6533333333333333,0.6190476190476191,0.795911111111111,0.8053063509545402,0.6743122895086554,0.48118837527961394,0.1800957267284435,0.5,0.48795868183193664,"[[143,7],[97,53]]",0.6533333333333333,True,False,False
results/timm_dinov3_vit_lora_test/stop3a_balanced_primary_spider_balanced_timm_dinov3_vit_lora_menon_logit_adjusted_seed44_04-28_08-57/metrics_20260428_085807_menon_logit_adjusted.json,results/timm_dinov3_vit_lora_test/stop3a_balanced_primary_spider_balanced_timm_dinov3_vit_lora_menon_logit_adjusted_seed44_04-28_08-57,spider_balanced,timm_dinov3_vit_lora,menon_logit_adjusted,44,argmax,black_widow,0.95,0.8,accuracy,"[[0.0,10.0],[1.0,0.0]]",0.0537111111111111,0.04833333333333333,0.48333333333333334,,0.9133333333333333,0.08666666666666667,0.9013157894736842,0.1,0.9066666666666666,0.9066666666666667,0.9066625183341481,0.9739111111111112,0.9756077370624169,0.22156532722738886,0.13114468333126925,0.0413956383864085,,,"[[137,13],[15,135]]",0.9066666666666666,False,True,False
results/timm_dinov3_vit_lora_test/stop3a_balanced_primary_spider_balanced_timm_dinov3_vit_lora_menon_logit_adjusted_seed44_04-28_08-57/metrics_20260428_085807_menon_logit_adjusted.json,results/timm_dinov3_vit_lora_test/stop3a_balanced_primary_spider_balanced_timm_dinov3_vit_lora_menon_logit_adjusted_seed44_04-28_08-57,spider_balanced,timm_dinov3_vit_lora,menon_logit_adjusted,44,calibrated_cost_min,black_widow,0.95,0.8,accuracy,"[[0.0,10.0],[1.0,0.0]]",0.023,0.023,0.23,,0.9933333333333333,0.006666666666666667,0.7163461538461539,0.3933333333333333,0.8,0.8,0.7922341751696754,0.9739111111111112,0.9756077370624169,0.22463467660831354,0.13147358492849043,0.04782245780429027,1.05,,"[[149,1],[59,91]]",0.8,True,True,True
results/timm_dinov3_vit_lora_test/stop3a_balanced_primary_spider_balanced_timm_dinov3_vit_lora_menon_logit_adjusted_seed44_04-28_08-57/metrics_20260428_085807_menon_logit_adjusted.json,results/timm_dinov3_vit_lora_test/stop3a_balanced_primary_spider_balanced_timm_dinov3_vit_lora_menon_logit_adjusted_seed44_04-28_08-57,spider_balanced,timm_dinov3_vit_lora,menon_logit_adjusted,44,calibrated_threshold,black_widow,0.95,0.8,accuracy,"[[0.0,10.0],[1.0,0.0]]",0.02287777777777778,0.022333333333333334,0.22333333333333333,,1.0,0.0,0.6912442396313364,0.44666666666666666,0.7766666666666666,0.7766666666666666,0.7649425220147117,0.9739111111111112,0.9756077370624169,0.22463467660831354,0.13147358492849043,0.04782245780429027,1.05,0.08083377118028295,"[[150,0],[67,83]]",0.7766666666666666,True,False,False
results/timm_dinov3_vit_lora_test/stop3a_balanced_primary_spider_balanced_timm_dinov3_vit_lora_nicme_hybrid_seed42_04-28_08-42/metrics_20260428_084211_nicme_hybrid.json,results/timm_dinov3_vit_lora_test/stop3a_balanced_primary_spider_balanced_timm_dinov3_vit_lora_nicme_hybrid_seed42_04-28_08-42,spider_balanced,timm_dinov3_vit_lora,nicme_hybrid,42,argmax,black_widow,0.95,0.8,accuracy,"[[0.0,10.0],[1.0,0.0]]",0.027000000000000003,0.027000000000000003,0.27,,0.96,0.04,0.8727272727272727,0.14,0.91,0.9099999999999999,0.9097744360902256,0.9781333333333333,0.9802508301021441,0.31760019693726577,0.17417503028284342,0.1437951191266378,,,"[[144,6],[21,129]]",0.91,True,True,True
results/timm_dinov3_vit_lora_test/stop3a_balanced_primary_spider_balanced_timm_dinov3_vit_lora_nicme_hybrid_seed42_04-28_08-42/metrics_20260428_084211_nicme_hybrid.json,results/timm_dinov3_vit_lora_test/stop3a_balanced_primary_spider_balanced_timm_dinov3_vit_lora_nicme_hybrid_seed42_04-28_08-42,spider_balanced,timm_dinov3_vit_lora,nicme_hybrid,42,calibrated_cost_min,black_widow,0.95,0.8,accuracy,"[[0.0,10.0],[1.0,0.0]]",0.032711111111111114,0.02733333333333333,0.2733333333333333,,1.0,0.0,0.646551724137931,0.5466666666666666,0.7266666666666667,0.7266666666666667,0.7045967625726499,0.9781333333333333,0.9802508301021441,0.22249296877983796,0.12905185171262,0.04418933867801346,0.5,,"[[150,0],[82,68]]",0.7266666666666667,True,False,False
results/timm_dinov3_vit_lora_test/stop3a_balanced_primary_spider_balanced_timm_dinov3_vit_lora_nicme_hybrid_seed42_04-28_08-42/metrics_20260428_084211_nicme_hybrid.json,results/timm_dinov3_vit_lora_test/stop3a_balanced_primary_spider_balanced_timm_dinov3_vit_lora_nicme_hybrid_seed42_04-28_08-42,spider_balanced,timm_dinov3_vit_lora,nicme_hybrid,42,calibrated_threshold,black_widow,0.95,0.8,accuracy,"[[0.0,10.0],[1.0,0.0]]",0.021099999999999997,0.020999999999999998,0.21,,1.0,0.0,0.704225352112676,0.42,0.79,0.79,0.7803117480908044,0.9781333333333333,0.9802508301021441,0.22249296877983796,0.12905185171262,0.04418933867801346,0.5,0.15822653351977903,"[[150,0],[63,87]]",0.79,True,False,False
results/timm_dinov3_vit_lora_test/stop3a_balanced_primary_spider_balanced_timm_dinov3_vit_lora_nicme_hybrid_seed43_04-28_08-49/metrics_20260428_084952_nicme_hybrid.json,results/timm_dinov3_vit_lora_test/stop3a_balanced_primary_spider_balanced_timm_dinov3_vit_lora_nicme_hybrid_seed43_04-28_08-49,spider_balanced,timm_dinov3_vit_lora,nicme_hybrid,43,argmax,black_widow,0.95,0.8,accuracy,"[[0.0,10.0],[1.0,0.0]]",0.030666666666666665,0.030666666666666665,0.30666666666666664,,0.9533333333333334,0.04666666666666667,0.8666666666666667,0.14666666666666667,0.9033333333333333,0.9033333333333333,0.9030910609857978,0.9765333333333333,0.9794352797012031,0.4075644607583406,0.23736036014934878,0.21971454799175258,,,"[[143,7],[22,128]]",0.9033333333333333,True,True,True
results/timm_dinov3_vit_lora_test/stop3a_balanced_primary_spider_balanced_timm_dinov3_vit_lora_nicme_hybrid_seed43_04-28_08-49/metrics_20260428_084952_nicme_hybrid.json,results/timm_dinov3_vit_lora_test/stop3a_balanced_primary_spider_balanced_timm_dinov3_vit_lora_nicme_hybrid_seed43_04-28_08-49,spider_balanced,timm_dinov3_vit_lora,nicme_hybrid,43,calibrated_cost_min,black_widow,0.95,0.8,accuracy,"[[0.0,10.0],[1.0,0.0]]",0.11777777777777781,0.04666666666666667,0.4666666666666667,,1.0,0.0,0.5172413793103449,0.9333333333333333,0.5333333333333333,0.5333333333333333,0.40340909090909094,0.9765333333333333,0.9794352797012031,0.28538201034250826,0.15994539353965495,0.10067479750953923,0.5,,"[[150,0],[140,10]]",0.5333333333333333,True,False,False
results/timm_dinov3_vit_lora_test/stop3a_balanced_primary_spider_balanced_timm_dinov3_vit_lora_nicme_hybrid_seed43_04-28_08-49/metrics_20260428_084952_nicme_hybrid.json,results/timm_dinov3_vit_lora_test/stop3a_balanced_primary_spider_balanced_timm_dinov3_vit_lora_nicme_hybrid_seed43_04-28_08-49,spider_balanced,timm_dinov3_vit_lora,nicme_hybrid,43,calibrated_threshold,black_widow,0.95,0.8,accuracy,"[[0.0,10.0],[1.0,0.0]]",0.0224,0.022,0.22,,1.0,0.0,0.6944444444444444,0.44,0.78,0.78,0.7688104245481295,0.9765333333333333,0.9794352797012031,0.28538201034250826,0.15994539353965495,0.10067479750953923,0.5,0.248029825911314,"[[150,0],[66,84]]",0.78,True,False,False
results/timm_dinov3_vit_lora_test/stop3a_balanced_primary_spider_balanced_timm_dinov3_vit_lora_nicme_hybrid_seed44_04-28_09-03/metrics_20260428_090317_nicme_hybrid.json,results/timm_dinov3_vit_lora_test/stop3a_balanced_primary_spider_balanced_timm_dinov3_vit_lora_nicme_hybrid_seed44_04-28_09-03,spider_balanced,timm_dinov3_vit_lora,nicme_hybrid,44,argmax,black_widow,0.95,0.8,accuracy,"[[0.0,10.0],[1.0,0.0]]",0.024,0.024,0.24,,0.9666666666666667,0.03333333333333333,0.8682634730538922,0.14666666666666667,0.91,0.91,0.9097100689993423,0.9781333333333333,0.9800032733084302,0.33793300558286954,0.18907321387834597,0.1580153038104375,,,"[[145,5],[22,128]]",0.91,True,True,True
results/timm_dinov3_vit_lora_test/stop3a_balanced_primary_spider_balanced_timm_dinov3_vit_lora_nicme_hybrid_seed44_04-28_09-03/metrics_20260428_090317_nicme_hybrid.json,results/timm_dinov3_vit_lora_test/stop3a_balanced_primary_spider_balanced_timm_dinov3_vit_lora_nicme_hybrid_seed44_04-28_09-03,spider_balanced,timm_dinov3_vit_lora,nicme_hybrid,44,calibrated_cost_min,black_widow,0.95,0.8,accuracy,"[[0.0,10.0],[1.0,0.0]]",0.05360000000000001,0.034,0.34,,1.0,0.0,0.5952380952380952,0.68,0.66,0.66,0.6155585707824514,0.9781333333333333,0.9800032733084302,0.24069472781699447,0.13937804678534135,0.055362044527580305,0.5,,"[[150,0],[102,48]]",0.66,True,False,False
results/timm_dinov3_vit_lora_test/stop3a_balanced_primary_spider_balanced_timm_dinov3_vit_lora_nicme_hybrid_seed44_04-28_09-03/metrics_20260428_090317_nicme_hybrid.json,results/timm_dinov3_vit_lora_test/stop3a_balanced_primary_spider_balanced_timm_dinov3_vit_lora_nicme_hybrid_seed44_04-28_09-03,spider_balanced,timm_dinov3_vit_lora,nicme_hybrid,44,calibrated_threshold,black_widow,0.95,0.8,accuracy,"[[0.0,10.0],[1.0,0.0]]",0.021944444444444447,0.021666666666666667,0.21666666666666667,,1.0,0.0,0.6976744186046512,0.43333333333333335,0.7833333333333333,0.7833333333333333,0.7726610317691636,0.9781333333333333,0.9800032733084302,0.24069472781699447,0.13937804678534135,0.055362044527580305,0.5,0.20703343567779664,"[[150,0],[65,85]]",0.7833333333333333,True,False,False
results/timm_dinov3_vit_lora_test/stop3a_balanced_primary_spider_balanced_timm_dinov3_vit_lora_nicme_logit_adjustment_seed42_04-28_08-39/metrics_20260428_083909_nicme_logit_adjustment.json,results/timm_dinov3_vit_lora_test/stop3a_balanced_primary_spider_balanced_timm_dinov3_vit_lora_nicme_logit_adjustment_seed42_04-28_08-39,spider_balanced,timm_dinov3_vit_lora,nicme_logit_adjustment,42,argmax,black_widow,0.95,0.8,accuracy,"[[0.0,10.0],[1.0,0.0]]",0.025,0.025,0.25,,0.9666666666666667,0.03333333333333333,0.8529411764705882,0.16666666666666666,0.9,0.9,0.8995535714285714,0.9744888888888888,0.9764496726326085,0.334296812015196,0.18822492806229008,0.13984215319156648,,,"[[145,5],[25,125]]",0.9,True,True,True
results/timm_dinov3_vit_lora_test/stop3a_balanced_primary_spider_balanced_timm_dinov3_vit_lora_nicme_logit_adjustment_seed42_04-28_08-39/metrics_20260428_083909_nicme_logit_adjustment.json,results/timm_dinov3_vit_lora_test/stop3a_balanced_primary_spider_balanced_timm_dinov3_vit_lora_nicme_logit_adjustment_seed42_04-28_08-39,spider_balanced,timm_dinov3_vit_lora,nicme_logit_adjustment,42,calibrated_cost_min,black_widow,0.95,0.8,accuracy,"[[0.0,10.0],[1.0,0.0]]",0.03804444444444445,0.029333333333333333,0.29333333333333333,,1.0,0.0,0.6302521008403361,0.5866666666666667,0.7066666666666667,0.7066666666666667,0.6790507683330091,0.9744888888888888,0.9764496726326085,0.2459755593854788,0.14775455029225928,0.045240096124145895,0.5,,"[[150,0],[88,62]]",0.7066666666666667,True,False,False
results/timm_dinov3_vit_lora_test/stop3a_balanced_primary_spider_balanced_timm_dinov3_vit_lora_nicme_logit_adjustment_seed42_04-28_08-39/metrics_20260428_083909_nicme_logit_adjustment.json,results/timm_dinov3_vit_lora_test/stop3a_balanced_primary_spider_balanced_timm_dinov3_vit_lora_nicme_logit_adjustment_seed42_04-28_08-39,spider_balanced,timm_dinov3_vit_lora,nicme_logit_adjustment,42,calibrated_threshold,black_widow,0.95,0.8,accuracy,"[[0.0,10.0],[1.0,0.0]]",0.02337777777777778,0.022666666666666665,0.22666666666666666,,1.0,0.0,0.6880733944954128,0.4533333333333333,0.7733333333333333,0.7733333333333333,0.7610569715142428,0.9744888888888888,0.9764496726326085,0.2459755593854788,0.14775455029225928,0.045240096124145895,0.5,0.169000395973148,"[[150,0],[68,82]]",0.7733333333333333,True,False,False
results/timm_dinov3_vit_lora_test/stop3a_balanced_primary_spider_balanced_timm_dinov3_vit_lora_nicme_logit_adjustment_seed43_04-28_08-47/metrics_20260428_084756_nicme_logit_adjustment.json,results/timm_dinov3_vit_lora_test/stop3a_balanced_primary_spider_balanced_timm_dinov3_vit_lora_nicme_logit_adjustment_seed43_04-28_08-47,spider_balanced,timm_dinov3_vit_lora,nicme_logit_adjustment,43,argmax,black_widow,0.95,0.8,accuracy,"[[0.0,10.0],[1.0,0.0]]",0.026666666666666665,0.026666666666666665,0.26666666666666666,,0.96,0.04,0.8780487804878049,0.13333333333333333,0.9133333333333333,0.9133333333333333,0.9131441806601042,0.9785333333333333,0.9805977814220986,0.3074557784743799,0.16762897774612773,0.13574458380540214,,,"[[144,6],[20,130]]",0.9133333333333333,True,True,True
results/timm_dinov3_vit_lora_test/stop3a_balanced_primary_spider_balanced_timm_dinov3_vit_lora_nicme_logit_adjustment_seed43_04-28_08-47/metrics_20260428_084756_nicme_logit_adjustment.json,results/timm_dinov3_vit_lora_test/stop3a_balanced_primary_spider_balanced_timm_dinov3_vit_lora_nicme_logit_adjustment_seed43_04-28_08-47,spider_balanced,timm_dinov3_vit_lora,nicme_logit_adjustment,43,calibrated_cost_min,black_widow,0.95,0.8,accuracy,"[[0.0,10.0],[1.0,0.0]]",0.028877777777777787,0.025666666666666664,0.25666666666666665,,1.0,0.0,0.6607929515418502,0.5133333333333333,0.7433333333333333,0.7433333333333334,0.7252322441745667,0.9785333333333333,0.9805977814220986,0.21808548438167907,0.1294048433633037,0.04047182215301254,0.5,,"[[150,0],[77,73]]",0.7433333333333333,True,False,False
results/timm_dinov3_vit_lora_test/stop3a_balanced_primary_spider_balanced_timm_dinov3_vit_lora_nicme_logit_adjustment_seed43_04-28_08-47/metrics_20260428_084756_nicme_logit_adjustment.json,results/timm_dinov3_vit_lora_test/stop3a_balanced_primary_spider_balanced_timm_dinov3_vit_lora_nicme_logit_adjustment_seed43_04-28_08-47,spider_balanced,timm_dinov3_vit_lora,nicme_logit_adjustment,43,calibrated_threshold,black_widow,0.95,0.8,accuracy,"[[0.0,10.0],[1.0,0.0]]",0.019333333333333334,0.019333333333333334,0.19333333333333333,,1.0,0.0,0.7211538461538461,0.38666666666666666,0.8066666666666666,0.8066666666666666,0.7991597026640195,0.9785333333333333,0.9805977814220986,0.21808548438167907,0.1294048433633037,0.04047182215301254,0.5,0.14283317610002838,"[[150,0],[58,92]]",0.8066666666666666,True,True,True
results/timm_dinov3_vit_lora_test/stop3a_balanced_primary_spider_balanced_timm_dinov3_vit_lora_nicme_logit_adjustment_seed44_04-28_09-00/metrics_20260428_090055_nicme_logit_adjustment.json,results/timm_dinov3_vit_lora_test/stop3a_balanced_primary_spider_balanced_timm_dinov3_vit_lora_nicme_logit_adjustment_seed44_04-28_09-00,spider_balanced,timm_dinov3_vit_lora,nicme_logit_adjustment,44,argmax,black_widow,0.95,0.8,accuracy,"[[0.0,10.0],[1.0,0.0]]",0.032044444444444445,0.032,0.32,,0.9466666666666667,0.05333333333333334,0.8987341772151899,0.10666666666666667,0.92,0.9199999999999999,0.9199430706280023,0.9753333333333333,0.9773535099867794,0.3373026917485108,0.18663060061698514,0.16868101298809052,,,"[[142,8],[16,134]]",0.92,False,True,False
results/timm_dinov3_vit_lora_test/stop3a_balanced_primary_spider_balanced_timm_dinov3_vit_lora_nicme_logit_adjustment_seed44_04-28_09-00/metrics_20260428_090055_nicme_logit_adjustment.json,results/timm_dinov3_vit_lora_test/stop3a_balanced_primary_spider_balanced_timm_dinov3_vit_lora_nicme_logit_adjustment_seed44_04-28_09-00,spider_balanced,timm_dinov3_vit_lora,nicme_logit_adjustment,44,calibrated_cost_min,black_widow,0.95,0.8,accuracy,"[[0.0,10.0],[1.0,0.0]]",0.037100000000000015,0.028999999999999998,0.29,,1.0,0.0,0.6329113924050633,0.58,0.71,0.71,0.6833715471121302,0.9753333333333333,0.9773535099867794,0.23507103118057784,0.1366671229134174,0.06616914323868549,0.5,,"[[150,0],[87,63]]",0.71,True,False,False
results/timm_dinov3_vit_lora_test/stop3a_balanced_primary_spider_balanced_timm_dinov3_vit_lora_nicme_logit_adjustment_seed44_04-28_09-00/metrics_20260428_090055_nicme_logit_adjustment.json,results/timm_dinov3_vit_lora_test/stop3a_balanced_primary_spider_balanced_timm_dinov3_vit_lora_nicme_logit_adjustment_seed44_04-28_09-00,spider_balanced,timm_dinov3_vit_lora,nicme_logit_adjustment,44,calibrated_threshold,black_widow,0.95,0.8,accuracy,"[[0.0,10.0],[1.0,0.0]]",0.021511111111111116,0.021333333333333336,0.21333333333333335,,1.0,0.0,0.7009345794392523,0.4266666666666667,0.7866666666666666,0.7866666666666666,0.776494691748929,0.9753333333333333,0.9773535099867794,0.23507103118057784,0.1366671229134174,0.06616914323868549,0.5,0.1599814788247122,"[[150,0],[64,86]]",0.7866666666666666,True,False,False
results/vit_test/stop3a_balanced_primary_breakhis_balanced_vit_ce_calibrated_cost_min_seed42_04-28_09-14/metrics_20260428_091509_ce_calibrated_cost_min.json,results/vit_test/stop3a_balanced_primary_breakhis_balanced_vit_ce_calibrated_cost_min_seed42_04-28_09-14,breakhis_balanced,vit,ce_calibrated_cost_min,42,argmax,malignant,0.97,0.85,accuracy,"[[0.0,1.0],[10.0,0.0]]",0.027784900155927758,0.02624113475177305,0.2624113475177305,,0.950354609929078,0.04964539007092199,0.9710144927536232,0.028368794326241134,0.9609929078014184,0.9609929078014184,0.9609884927372194,0.9935491172476234,0.9936272440390423,0.11200837805433174,0.06039414430619413,0.01957556552498061,,,"[[274,8],[14,268]]",0.9609929078014184,False,True,False
results/vit_test/stop3a_balanced_primary_breakhis_balanced_vit_ce_calibrated_cost_min_seed42_04-28_09-14/metrics_20260428_091509_ce_calibrated_cost_min.json,results/vit_test/stop3a_balanced_primary_breakhis_balanced_vit_ce_calibrated_cost_min_seed42_04-28_09-14,breakhis_balanced,vit,ce_calibrated_cost_min,42,calibrated_cost_min,malignant,0.97,0.85,accuracy,"[[0.0,1.0],[10.0,0.0]]",0.012588652482269503,0.012588652482269503,0.12588652482269502,,1.0,0.0,0.7988668555240793,0.25177304964539005,0.874113475177305,0.874113475177305,0.8720863745987126,0.9935491172476234,0.9936272440390423,0.15977059587830789,0.07210155401763808,0.07947893737698623,1.6,,"[[211,71],[0,282]]",0.874113475177305,True,True,True
results/vit_test/stop3a_balanced_primary_breakhis_balanced_vit_ce_calibrated_cost_min_seed42_04-28_09-14/metrics_20260428_091509_ce_calibrated_cost_min.json,results/vit_test/stop3a_balanced_primary_breakhis_balanced_vit_ce_calibrated_cost_min_seed42_04-28_09-14,breakhis_balanced,vit,ce_calibrated_cost_min,42,calibrated_threshold,malignant,0.97,0.85,accuracy,"[[0.0,1.0],[10.0,0.0]]",0.021531738846134497,0.01950354609929078,0.1950354609929078,,1.0,0.0,0.7193877551020408,0.3900709219858156,0.8049645390070922,0.8049645390070922,0.7972522516634204,0.9935491172476234,0.9936272440390423,0.15977059587830789,0.07210155401763808,0.07947893737698623,1.6,0.06217859583942506,"[[172,110],[0,282]]",0.8049645390070922,True,False,False
results/vit_test/stop3a_balanced_primary_breakhis_balanced_vit_ce_calibrated_cost_min_seed43_04-28_09-47/metrics_20260428_094721_ce_calibrated_cost_min.json,results/vit_test/stop3a_balanced_primary_breakhis_balanced_vit_ce_calibrated_cost_min_seed43_04-28_09-47,breakhis_balanced,vit,ce_calibrated_cost_min,43,argmax,malignant,0.97,0.85,accuracy,"[[0.0,1.0],[10.0,0.0]]",0.01879432624113475,0.01879432624113475,0.1879432624113475,,0.9822695035460993,0.01773049645390071,0.8318318318318318,0.19858156028368795,0.8918439716312057,0.8918439716312057,0.8909523130319023,0.9898269704743222,0.9909472165461923,0.23412330951659568,0.15408377207840296,0.05315155826561837,,,"[[226,56],[5,277]]",0.8918439716312057,True,True,True
results/vit_test/stop3a_balanced_primary_breakhis_balanced_vit_ce_calibrated_cost_min_seed43_04-28_09-47/metrics_20260428_094721_ce_calibrated_cost_min.json,results/vit_test/stop3a_balanced_primary_breakhis_balanced_vit_ce_calibrated_cost_min_seed43_04-28_09-47,breakhis_balanced,vit,ce_calibrated_cost_min,43,calibrated_cost_min,malignant,0.97,0.85,accuracy,"[[0.0,1.0],[10.0,0.0]]",0.022571047734017406,0.020035460992907803,0.20035460992907803,,1.0,0.0,0.7139240506329114,0.40070921985815605,0.799645390070922,0.799645390070922,0.7912664127312685,0.9898269704743222,0.9909472165461923,0.22845637054680698,0.14403291389434314,0.0636915357262018,1.4,,"[[169,113],[0,282]]",0.799645390070922,True,False,False
results/vit_test/stop3a_balanced_primary_breakhis_balanced_vit_ce_calibrated_cost_min_seed43_04-28_09-47/metrics_20260428_094721_ce_calibrated_cost_min.json,results/vit_test/stop3a_balanced_primary_breakhis_balanced_vit_ce_calibrated_cost_min_seed43_04-28_09-47,breakhis_balanced,vit,ce_calibrated_cost_min,43,calibrated_threshold,malignant,0.97,0.85,accuracy,"[[0.0,1.0],[10.0,0.0]]",0.01785926261254464,0.01773049645390071,0.1773049645390071,,0.9964539007092199,0.0035460992907801418,0.7574123989218329,0.3191489361702128,0.8386524822695035,0.8386524822695036,0.8345321189651003,0.9898269704743222,0.9909472165461923,0.22845637054680698,0.14403291389434314,0.0636915357262018,1.4,0.31849134151708836,"[[192,90],[1,281]]",0.8386524822695035,True,False,False
results/vit_test/stop3a_balanced_primary_breakhis_balanced_vit_ce_calibrated_cost_min_seed44_04-28_10-13/metrics_20260428_101402_ce_calibrated_cost_min.json,results/vit_test/stop3a_balanced_primary_breakhis_balanced_vit_ce_calibrated_cost_min_seed44_04-28_10-13,breakhis_balanced,vit,ce_calibrated_cost_min,44,argmax,malignant,0.97,0.85,accuracy,"[[0.0,1.0],[10.0,0.0]]",0.018617021276595744,0.018617021276595744,0.18617021276595744,,0.975177304964539,0.024822695035460994,0.8870967741935484,0.12411347517730496,0.925531914893617,0.925531914893617,0.9253479225494151,0.9924425330717772,0.9932985039453125,0.1661002230791106,0.1038833233415499,0.04158608995853584,,,"[[247,35],[7,275]]",0.925531914893617,True,True,True
results/vit_test/stop3a_balanced_primary_breakhis_balanced_vit_ce_calibrated_cost_min_seed44_04-28_10-13/metrics_20260428_101402_ce_calibrated_cost_min.json,results/vit_test/stop3a_balanced_primary_breakhis_balanced_vit_ce_calibrated_cost_min_seed44_04-28_10-13,breakhis_balanced,vit,ce_calibrated_cost_min,44,calibrated_cost_min,malignant,0.97,0.85,accuracy,"[[0.0,1.0],[10.0,0.0]]",0.016666666666666666,0.016666666666666666,0.16666666666666666,,0.9929078014184397,0.0070921985815602835,0.7909604519774012,0.2624113475177305,0.8652482269503546,0.8652482269503545,0.8630157999693204,0.9924425330717772,0.9932985039453125,0.17676334536810132,0.09938811189850512,0.058467700560144595,1.4,,"[[208,74],[2,280]]",0.8652482269503546,True,True,True
results/vit_test/stop3a_balanced_primary_breakhis_balanced_vit_ce_calibrated_cost_min_seed44_04-28_10-13/metrics_20260428_101402_ce_calibrated_cost_min.json,results/vit_test/stop3a_balanced_primary_breakhis_balanced_vit_ce_calibrated_cost_min_seed44_04-28_10-13,breakhis_balanced,vit,ce_calibrated_cost_min,44,calibrated_threshold,malignant,0.97,0.85,accuracy,"[[0.0,1.0],[10.0,0.0]]",0.016312056737588655,0.016312056737588655,0.16312056737588654,,0.9929078014184397,0.0070921985815602835,0.7954545454545454,0.2553191489361702,0.8687943262411347,0.8687943262411347,0.8667415931237946,0.9924425330717772,0.9932985039453125,0.17676334536810132,0.09938811189850512,0.058467700560144595,1.4,0.10395498174866838,"[[210,72],[2,280]]",0.8687943262411347,True,True,True
results/vit_test/stop3a_balanced_primary_breakhis_balanced_vit_ce_seed42_04-28_09-10/metrics_20260428_091024_ce.json,results/vit_test/stop3a_balanced_primary_breakhis_balanced_vit_ce_seed42_04-28_09-10,breakhis_balanced,vit,ce,42,argmax,malignant,0.97,0.85,accuracy,"[[0.0,1.0],[10.0,0.0]]",0.023050148382878125,0.02304964539007092,0.23049645390070922,,0.9822695035460993,0.01773049645390071,0.7759103641456583,0.28368794326241137,0.849290780141844,0.849290780141844,0.8465777624163522,0.9611312308233992,0.9613320807702733,0.4936922189325736,0.2569360988713617,0.12176658012342789,,,"[[202,80],[5,277]]",0.849290780141844,True,False,False
results/vit_test/stop3a_balanced_primary_breakhis_balanced_vit_ce_seed42_04-28_09-10/metrics_20260428_091024_ce.json,results/vit_test/stop3a_balanced_primary_breakhis_balanced_vit_ce_seed42_04-28_09-10,breakhis_balanced,vit,ce,42,calibrated_cost_min,malignant,0.97,0.85,accuracy,"[[0.0,1.0],[10.0,0.0]]",0.02346763241285649,0.02127659574468085,0.2127659574468085,,0.9964539007092199,0.0035460992907801418,0.7186700767263428,0.3900709219858156,0.8031914893617021,0.8031914893617021,0.7955554104142515,0.9611312308233992,0.9613320807702733,0.3494054102319607,0.21966052376318618,0.10091695679825606,1.9000000000000001,,"[[172,110],[1,281]]",0.8031914893617021,True,False,False
results/vit_test/stop3a_balanced_primary_breakhis_balanced_vit_ce_seed42_04-28_09-10/metrics_20260428_091024_ce.json,results/vit_test/stop3a_balanced_primary_breakhis_balanced_vit_ce_seed42_04-28_09-10,breakhis_balanced,vit,ce,42,calibrated_threshold,malignant,0.97,0.85,accuracy,"[[0.0,1.0],[10.0,0.0]]",0.02246604798551381,0.02074468085106383,0.2074468085106383,,0.9964539007092199,0.0035460992907801418,0.7242268041237113,0.37943262411347517,0.8085106382978723,0.8085106382978724,0.8014990549436225,0.9611312308233992,0.9613320807702733,0.3494054102319607,0.21966052376318618,0.10091695679825606,1.9000000000000001,0.09510494623638152,"[[175,107],[1,281]]",0.8085106382978723,True,False,False
results/vit_test/stop3a_balanced_primary_breakhis_balanced_vit_ce_seed43_04-28_09-41/metrics_20260428_094201_ce.json,results/vit_test/stop3a_balanced_primary_breakhis_balanced_vit_ce_seed43_04-28_09-41,breakhis_balanced,vit,ce,43,argmax,malignant,0.97,0.85,accuracy,"[[0.0,1.0],[10.0,0.0]]",0.01987282329862683,0.019858156028368795,0.19858156028368795,,0.9680851063829787,0.031914893617021274,0.9254237288135593,0.07801418439716312,0.9450354609929078,0.9450354609929078,0.9450062435716375,0.9863688949248026,0.9875078624663534,0.187437654900434,0.09573650875928863,0.036313395762274436,,,"[[260,22],[9,273]]",0.9450354609929078,False,True,False
results/vit_test/stop3a_balanced_primary_breakhis_balanced_vit_ce_seed43_04-28_09-41/metrics_20260428_094201_ce.json,results/vit_test/stop3a_balanced_primary_breakhis_balanced_vit_ce_seed43_04-28_09-41,breakhis_balanced,vit,ce,43,calibrated_cost_min,malignant,0.97,0.85,accuracy,"[[0.0,1.0],[10.0,0.0]]",0.017375886524822696,0.017375886524822696,0.17375886524822695,,0.9822695035460993,0.01773049645390071,0.8523076923076923,0.1702127659574468,0.9060283687943262,0.9060283687943262,0.9054789452548166,0.9863688949248026,0.9875078624663534,0.16924503588296919,0.09097172129301213,0.018618778642081196,1.4,,"[[234,48],[5,277]]",0.9060283687943262,True,True,True
results/vit_test/stop3a_balanced_primary_breakhis_balanced_vit_ce_seed43_04-28_09-41/metrics_20260428_094201_ce.json,results/vit_test/stop3a_balanced_primary_breakhis_balanced_vit_ce_seed43_04-28_09-41,breakhis_balanced,vit,ce,43,calibrated_threshold,malignant,0.97,0.85,accuracy,"[[0.0,1.0],[10.0,0.0]]",0.018262411347517733,0.018262411347517733,0.18262411347517732,,0.9858156028368794,0.014184397163120567,0.8152492668621701,0.22340425531914893,0.8812056737588653,0.8812056737588652,0.8798912957106305,0.9863688949248026,0.9875078624663534,0.16924503588296919,0.09097172129301213,0.018618778642081196,1.4,0.05161797331412873,"[[219,63],[4,278]]",0.8812056737588653,True,True,True
results/vit_test/stop3a_balanced_primary_breakhis_balanced_vit_ce_seed44_04-28_10-09/metrics_20260428_100949_ce.json,results/vit_test/stop3a_balanced_primary_breakhis_balanced_vit_ce_seed44_04-28_10-09,breakhis_balanced,vit,ce,44,argmax,malignant,0.97,0.85,accuracy,"[[0.0,1.0],[10.0,0.0]]",0.021099290780141843,0.021099290780141843,0.21099290780141844,,0.9858156028368794,0.014184397163120567,0.7787114845938375,0.2801418439716312,0.8528368794326241,0.8528368794326241,0.8501876974183205,0.9810245963482722,0.9829627257074361,0.4210014280391774,0.23558230609965575,0.1071637678653636,,,"[[203,79],[4,278]]",0.8528368794326241,True,True,True
results/vit_test/stop3a_balanced_primary_breakhis_balanced_vit_ce_seed44_04-28_10-09/metrics_20260428_100949_ce.json,results/vit_test/stop3a_balanced_primary_breakhis_balanced_vit_ce_seed44_04-28_10-09,breakhis_balanced,vit,ce,44,calibrated_cost_min,malignant,0.97,0.85,accuracy,"[[0.0,1.0],[10.0,0.0]]",0.02293005885015844,0.020212765957446806,0.20212765957446807,,1.0,0.0,0.7121212121212122,0.40425531914893614,0.7978723404255319,0.7978723404255319,0.7892625368731563,0.9810245963482722,0.9829627257074361,0.31990572787942523,0.20175297118761032,0.11165263407331447,1.85,,"[[168,114],[0,282]]",0.7978723404255319,True,False,False
results/vit_test/stop3a_balanced_primary_breakhis_balanced_vit_ce_seed44_04-28_10-09/metrics_20260428_100949_ce.json,results/vit_test/stop3a_balanced_primary_breakhis_balanced_vit_ce_seed44_04-28_10-09,breakhis_balanced,vit,ce,44,calibrated_threshold,malignant,0.97,0.85,accuracy,"[[0.0,1.0],[10.0,0.0]]",0.018779739449725868,0.018439716312056736,0.18439716312056736,,0.9964539007092199,0.0035460992907801418,0.7493333333333333,0.3333333333333333,0.8315602836879432,0.8315602836879432,0.8268524173768044,0.9810245963482722,0.9829627257074361,0.31990572787942523,0.20175297118761032,0.11165263407331447,1.85,0.31017983108017033,"[[188,94],[1,281]]",0.8315602836879432,True,False,False
results/vit_test/stop3a_balanced_primary_breakhis_balanced_vit_cs_regularized_ce_seed42_04-28_09-26/metrics_20260428_092657_cs_regularized_ce.json,results/vit_test/stop3a_balanced_primary_breakhis_balanced_vit_cs_regularized_ce_seed42_04-28_09-26,breakhis_balanced,vit,cs_regularized_ce,42,argmax,malignant,0.97,0.85,accuracy,"[[0.0,1.0],[10.0,0.0]]",0.021271440068407022,0.021099290780141843,0.21099290780141844,,0.9893617021276596,0.010638297872340425,0.7581521739130435,0.31560283687943264,0.8368794326241135,0.8368794326241136,0.8329964596073384,0.9746114380564357,0.9769822357926984,0.7973450936173255,0.30600935202637747,0.15288652426807592,,,"[[193,89],[3,279]]",0.8368794326241135,True,False,False
results/vit_test/stop3a_balanced_primary_breakhis_balanced_vit_cs_regularized_ce_seed42_04-28_09-26/metrics_20260428_092657_cs_regularized_ce.json,results/vit_test/stop3a_balanced_primary_breakhis_balanced_vit_cs_regularized_ce_seed42_04-28_09-26,breakhis_balanced,vit,cs_regularized_ce,42,calibrated_cost_min,malignant,0.97,0.85,accuracy,"[[0.0,1.0],[10.0,0.0]]",0.1725,0.05,0.5,,1.0,0.0,0.5,1.0,0.5,0.5,0.3333333333333333,0.9746114380564358,0.9769814302165666,0.4205702642115252,0.25494252280516916,0.12371272319500906,4.0,,"[[0,282],[0,282]]",0.5,True,False,False
results/vit_test/stop3a_balanced_primary_breakhis_balanced_vit_cs_regularized_ce_seed42_04-28_09-26/metrics_20260428_092657_cs_regularized_ce.json,results/vit_test/stop3a_balanced_primary_breakhis_balanced_vit_cs_regularized_ce_seed42_04-28_09-26,breakhis_balanced,vit,cs_regularized_ce,42,calibrated_threshold,malignant,0.97,0.85,accuracy,"[[0.0,1.0],[10.0,0.0]]",0.021050751974246766,0.020921985815602836,0.20921985815602837,,0.9893617021276596,0.010638297872340425,0.7602179836512262,0.3120567375886525,0.8386524822695035,0.8386524822695036,0.8349025801699096,0.9746114380564358,0.9769814302165666,0.4205702642115252,0.25494252280516916,0.12371272319500906,4.0,0.5151917572588834,"[[194,88],[3,279]]",0.8386524822695035,True,False,False
results/vit_test/stop3a_balanced_primary_breakhis_balanced_vit_cs_regularized_ce_seed43_04-28_09-55/metrics_20260428_095553_cs_regularized_ce.json,results/vit_test/stop3a_balanced_primary_breakhis_balanced_vit_cs_regularized_ce_seed43_04-28_09-55,breakhis_balanced,vit,cs_regularized_ce,43,argmax,malignant,0.97,0.85,accuracy,"[[0.0,1.0],[10.0,0.0]]",0.019148936170212766,0.019148936170212766,0.19148936170212766,,0.9822695035460993,0.01773049645390071,0.826865671641791,0.20567375886524822,0.8882978723404256,0.8882978723404256,0.8873026797806444,0.9756299984910216,0.9737253356392646,0.3582637816927583,0.19299548383009568,0.0781233140551452,,,"[[224,58],[5,277]]",0.8882978723404256,True,True,True
results/vit_test/stop3a_balanced_primary_breakhis_balanced_vit_cs_regularized_ce_seed43_04-28_09-55/metrics_20260428_095553_cs_regularized_ce.json,results/vit_test/stop3a_balanced_primary_breakhis_balanced_vit_cs_regularized_ce_seed43_04-28_09-55,breakhis_balanced,vit,cs_regularized_ce,43,calibrated_cost_min,malignant,0.97,0.85,accuracy,"[[0.0,1.0],[10.0,0.0]]",0.021944821689049845,0.021099290780141843,0.21099290780141844,,0.9929078014184397,0.0070921985815602835,0.7387862796833773,0.35106382978723405,0.8209219858156028,0.8209219858156028,0.8154635601758415,0.9756299984910216,0.9737249385396798,0.30841763533808764,0.1813337093665954,0.049356261151211736,1.35,,"[[183,99],[2,280]]",0.8209219858156028,True,False,False
results/vit_test/stop3a_balanced_primary_breakhis_balanced_vit_cs_regularized_ce_seed43_04-28_09-55/metrics_20260428_095553_cs_regularized_ce.json,results/vit_test/stop3a_balanced_primary_breakhis_balanced_vit_cs_regularized_ce_seed43_04-28_09-55,breakhis_balanced,vit,cs_regularized_ce,43,calibrated_threshold,malignant,0.97,0.85,accuracy,"[[0.0,1.0],[10.0,0.0]]",0.02222398269704743,0.022163120567375884,0.22163120567375885,,0.9858156028368794,0.014184397163120567,0.7658402203856749,0.30141843971631205,0.8421985815602837,0.8421985815602837,0.838875246762001,0.9756299984910216,0.9737249385396798,0.30841763533808764,0.1813337093665954,0.049356261151211736,1.35,0.1451043438447085,"[[197,85],[4,278]]",0.8421985815602837,True,False,False
results/vit_test/stop3a_balanced_primary_breakhis_balanced_vit_cs_regularized_ce_seed44_04-28_10-21/metrics_20260428_102154_cs_regularized_ce.json,results/vit_test/stop3a_balanced_primary_breakhis_balanced_vit_cs_regularized_ce_seed44_04-28_10-21,breakhis_balanced,vit,cs_regularized_ce,44,argmax,malignant,0.97,0.85,accuracy,"[[0.0,1.0],[10.0,0.0]]",0.05262042150797243,0.04592198581560284,0.4592198581560284,,0.9290780141843972,0.07092198581560284,0.8161993769470405,0.20921985815602837,0.8599290780141844,0.8599290780141844,0.8592561004501302,0.939452240832956,0.9367824331669642,0.3665310053423676,0.2244941789138942,0.07251869744442885,,,"[[223,59],[20,262]]",0.8599290780141844,False,True,False
results/vit_test/stop3a_balanced_primary_breakhis_balanced_vit_cs_regularized_ce_seed44_04-28_10-21/metrics_20260428_102154_cs_regularized_ce.json,results/vit_test/stop3a_balanced_primary_breakhis_balanced_vit_cs_regularized_ce_seed44_04-28_10-21,breakhis_balanced,vit,cs_regularized_ce,44,calibrated_cost_min,malignant,0.97,0.85,accuracy,"[[0.0,1.0],[10.0,0.0]]",0.020922488808410036,0.019858156028368795,0.19858156028368795,,0.9964539007092199,0.0035460992907801418,0.7336814621409922,0.3617021276595745,0.8173758865248227,0.8173758865248227,0.8113252894655646,0.939452240832956,0.9367824331669642,0.34304054821314295,0.2137298273916749,0.0814239939563148,1.3,,"[[180,102],[1,281]]",0.8173758865248227,True,False,False
results/vit_test/stop3a_balanced_primary_breakhis_balanced_vit_cs_regularized_ce_seed44_04-28_10-21/metrics_20260428_102154_cs_regularized_ce.json,results/vit_test/stop3a_balanced_primary_breakhis_balanced_vit_cs_regularized_ce_seed44_04-28_10-21,breakhis_balanced,vit,cs_regularized_ce,44,calibrated_threshold,malignant,0.97,0.85,accuracy,"[[0.0,1.0],[10.0,0.0]]",0.02264649665509783,0.0225177304964539,0.225177304964539,,0.9858156028368794,0.014184397163120567,0.7616438356164383,0.30851063829787234,0.8386524822695035,0.8386524822695036,0.8350808304440454,0.939452240832956,0.9367824331669642,0.34304054821314295,0.2137298273916749,0.0814239939563148,1.3,0.1440323216044302,"[[195,87],[4,278]]",0.8386524822695035,True,False,False
results/vit_test/stop3a_balanced_primary_breakhis_balanced_vit_menon_logit_adjusted_seed42_04-28_09-19/metrics_20260428_091953_menon_logit_adjusted.json,results/vit_test/stop3a_balanced_primary_breakhis_balanced_vit_menon_logit_adjusted_seed42_04-28_09-19,breakhis_balanced,vit,menon_logit_adjusted,42,argmax,malignant,0.97,0.85,accuracy,"[[0.0,1.0],[10.0,0.0]]",0.041989165534932836,0.037411347517730495,0.374113475177305,,0.9361702127659575,0.06382978723404255,0.8949152542372881,0.1099290780141844,0.9131205673758865,0.9131205673758865,0.9130743850003303,0.9736180272622101,0.9723060702893719,0.22898110521269754,0.1318009935480351,0.036636257742313647,,,"[[251,31],[18,264]]",0.9131205673758865,False,True,False
results/vit_test/stop3a_balanced_primary_breakhis_balanced_vit_menon_logit_adjusted_seed42_04-28_09-19/metrics_20260428_091953_menon_logit_adjusted.json,results/vit_test/stop3a_balanced_primary_breakhis_balanced_vit_menon_logit_adjusted_seed42_04-28_09-19,breakhis_balanced,vit,menon_logit_adjusted,42,calibrated_cost_min,malignant,0.97,0.85,accuracy,"[[0.0,1.0],[10.0,0.0]]",0.024819425582214172,0.021099290780141843,0.21099290780141844,,1.0,0.0,0.7032418952618454,0.4219858156028369,0.7890070921985816,0.7890070921985816,0.7791764686528371,0.9736180272622101,0.9723060702893719,0.24003838644000694,0.1315683218507347,0.053304875277656406,1.75,,"[[163,119],[0,282]]",0.7890070921985816,True,False,False
results/vit_test/stop3a_balanced_primary_breakhis_balanced_vit_menon_logit_adjusted_seed42_04-28_09-19/metrics_20260428_091953_menon_logit_adjusted.json,results/vit_test/stop3a_balanced_primary_breakhis_balanced_vit_menon_logit_adjusted_seed42_04-28_09-19,breakhis_balanced,vit,menon_logit_adjusted,42,calibrated_threshold,malignant,0.97,0.85,accuracy,"[[0.0,1.0],[10.0,0.0]]",0.020870303304662746,0.019148936170212766,0.19148936170212766,,1.0,0.0,0.7230769230769231,0.3829787234042553,0.8085106382978723,0.8085106382978724,0.8012218045112781,0.9736180272622101,0.9723060702893719,0.24003838644000694,0.1315683218507347,0.053304875277656406,1.75,0.1040559115900942,"[[174,108],[0,282]]",0.8085106382978723,True,False,False
results/vit_test/stop3a_balanced_primary_breakhis_balanced_vit_menon_logit_adjusted_seed43_04-28_09-51/metrics_20260428_095134_menon_logit_adjusted.json,results/vit_test/stop3a_balanced_primary_breakhis_balanced_vit_menon_logit_adjusted_seed43_04-28_09-51,breakhis_balanced,vit,menon_logit_adjusted,43,argmax,malignant,0.97,0.85,accuracy,"[[0.0,1.0],[10.0,0.0]]",0.01702127659574468,0.01702127659574468,0.1702127659574468,,0.9858156028368794,0.014184397163120567,0.8323353293413174,0.19858156028368795,0.8936170212765957,0.8936170212765957,0.8927049512987013,0.9870730848548867,0.9878846787627222,0.23772301587386976,0.14967920123127804,0.04640512200112042,,,"[[226,56],[4,278]]",0.8936170212765957,True,True,True
results/vit_test/stop3a_balanced_primary_breakhis_balanced_vit_menon_logit_adjusted_seed43_04-28_09-51/metrics_20260428_095134_menon_logit_adjusted.json,results/vit_test/stop3a_balanced_primary_breakhis_balanced_vit_menon_logit_adjusted_seed43_04-28_09-51,breakhis_balanced,vit,menon_logit_adjusted,43,calibrated_cost_min,malignant,0.97,0.85,accuracy,"[[0.0,1.0],[10.0,0.0]]",0.019800814848347666,0.019148936170212766,0.19148936170212766,,0.9964539007092199,0.0035460992907801418,0.741424802110818,0.3475177304964539,0.824468085106383,0.824468085106383,0.8191177471030526,0.9870730848548867,0.9878846787627222,0.23772301263228343,0.1496792013926577,0.04640512000148512,1.0,,"[[184,98],[1,281]]",0.824468085106383,True,False,False
results/vit_test/stop3a_balanced_primary_breakhis_balanced_vit_menon_logit_adjusted_seed43_04-28_09-51/metrics_20260428_095134_menon_logit_adjusted.json,results/vit_test/stop3a_balanced_primary_breakhis_balanced_vit_menon_logit_adjusted_seed43_04-28_09-51,breakhis_balanced,vit,menon_logit_adjusted,43,calibrated_threshold,malignant,0.97,0.85,accuracy,"[[0.0,1.0],[10.0,0.0]]",0.019032493335345305,0.01897163120567376,0.18971631205673758,,0.9929078014184397,0.0070921985815602835,0.7629427792915532,0.30851063829787234,0.8421985815602837,0.8421985815602837,0.8385310948914502,0.9870730848548867,0.9878846787627222,0.23772301263228343,0.1496792013926577,0.04640512000148512,1.0,0.141812658152952,"[[195,87],[2,280]]",0.8421985815602837,True,False,False
results/vit_test/stop3a_balanced_primary_breakhis_balanced_vit_menon_logit_adjusted_seed44_04-28_10-17/metrics_20260428_101812_menon_logit_adjusted.json,results/vit_test/stop3a_balanced_primary_breakhis_balanced_vit_menon_logit_adjusted_seed44_04-28_10-17,breakhis_balanced,vit,menon_logit_adjusted,44,argmax,malignant,0.97,0.85,accuracy,"[[0.0,1.0],[10.0,0.0]]",0.01524822695035461,0.01524822695035461,0.1524822695035461,,0.9964539007092199,0.0035460992907801418,0.7871148459383753,0.2695035460992908,0.8634751773049646,0.8634751773049646,0.861017502424225,0.9868090136311052,0.987718474945262,0.40120540262007937,0.22820437839027202,0.08861182651198504,,,"[[206,76],[1,281]]",0.8634751773049646,True,True,True
results/vit_test/stop3a_balanced_primary_breakhis_balanced_vit_menon_logit_adjusted_seed44_04-28_10-17/metrics_20260428_101812_menon_logit_adjusted.json,results/vit_test/stop3a_balanced_primary_breakhis_balanced_vit_menon_logit_adjusted_seed44_04-28_10-17,breakhis_balanced,vit,menon_logit_adjusted,44,calibrated_cost_min,malignant,0.97,0.85,accuracy,"[[0.0,1.0],[10.0,0.0]]",0.041835672249886824,0.027127659574468083,0.2712765957446808,,1.0,0.0,0.6482758620689655,0.5425531914893617,0.7287234042553191,0.7287234042553191,0.70717405246923,0.9868090136311052,0.987718474945262,0.34185672639532705,0.21010135771578828,0.08833246142140252,1.5,,"[[129,153],[0,282]]",0.7287234042553191,True,False,False
results/vit_test/stop3a_balanced_primary_breakhis_balanced_vit_menon_logit_adjusted_seed44_04-28_10-17/metrics_20260428_101812_menon_logit_adjusted.json,results/vit_test/stop3a_balanced_primary_breakhis_balanced_vit_menon_logit_adjusted_seed44_04-28_10-17,breakhis_balanced,vit,menon_logit_adjusted,44,calibrated_threshold,malignant,0.97,0.85,accuracy,"[[0.0,1.0],[10.0,0.0]]",0.017436748654494242,0.017375886524822696,0.17375886524822695,,0.9964539007092199,0.0035460992907801418,0.7615176151761518,0.3120567375886525,0.8421985815602837,0.8421985815602837,0.8383522205798529,0.9868090136311052,0.987718474945262,0.34185672639532705,0.21010135771578828,0.08833246142140252,1.5,0.3929336038779905,"[[194,88],[1,281]]",0.8421985815602837,True,False,False
results/vit_test/stop3a_balanced_primary_breakhis_balanced_vit_nicme_hybrid_seed42_04-28_09-35/metrics_20260428_093602_nicme_hybrid.json,results/vit_test/stop3a_balanced_primary_breakhis_balanced_vit_nicme_hybrid_seed42_04-28_09-35,breakhis_balanced,vit,nicme_hybrid,42,argmax,malignant,0.97,0.85,accuracy,"[[0.0,1.0],[10.0,0.0]]",0.019858659021176,0.019858156028368795,0.19858156028368795,,0.9893617021276596,0.010638297872340425,0.7728531855955678,0.2907801418439716,0.849290780141844,0.849290780141844,0.8462747110035111,0.9827599215331222,0.984861359886746,0.2583896191402651,0.16894896474544163,0.08951581972287902,,,"[[200,82],[3,279]]",0.849290780141844,True,False,False
results/vit_test/stop3a_balanced_primary_breakhis_balanced_vit_nicme_hybrid_seed42_04-28_09-35/metrics_20260428_093602_nicme_hybrid.json,results/vit_test/stop3a_balanced_primary_breakhis_balanced_vit_nicme_hybrid_seed42_04-28_09-35,breakhis_balanced,vit,nicme_hybrid,42,calibrated_cost_min,malignant,0.97,0.85,accuracy,"[[0.0,1.0],[10.0,0.0]]",0.024428977415622957,0.020921985815602836,0.20921985815602837,,1.0,0.0,0.705,0.41843971631205673,0.7907801418439716,0.7907801418439716,0.7812027405546862,0.9827599215331222,0.984861359886746,0.2572601787191933,0.17857630540165423,0.08443078359393583,0.75,,"[[164,118],[0,282]]",0.7907801418439716,True,False,False
results/vit_test/stop3a_balanced_primary_breakhis_balanced_vit_nicme_hybrid_seed42_04-28_09-35/metrics_20260428_093602_nicme_hybrid.json,results/vit_test/stop3a_balanced_primary_breakhis_balanced_vit_nicme_hybrid_seed42_04-28_09-35,breakhis_balanced,vit,nicme_hybrid,42,calibrated_threshold,malignant,0.97,0.85,accuracy,"[[0.0,1.0],[10.0,0.0]]",0.022571047734017406,0.020035460992907803,0.20035460992907803,,1.0,0.0,0.7139240506329114,0.40070921985815605,0.799645390070922,0.799645390070922,0.7912664127312685,0.9827599215331222,0.984861359886746,0.2572601787191933,0.17857630540165423,0.08443078359393583,0.75,0.14431051326562122,"[[169,113],[0,282]]",0.799645390070922,True,False,False
results/vit_test/stop3a_balanced_primary_breakhis_balanced_vit_nicme_hybrid_seed43_04-28_10-03/metrics_20260428_100344_nicme_hybrid.json,results/vit_test/stop3a_balanced_primary_breakhis_balanced_vit_nicme_hybrid_seed43_04-28_10-03,breakhis_balanced,vit,nicme_hybrid,43,argmax,malignant,0.97,0.85,accuracy,"[[0.0,1.0],[10.0,0.0]]",0.09925917207383934,0.06382978723404256,0.6382978723404256,,0.875886524822695,0.12411347517730496,0.9610894941634242,0.03546099290780142,0.9202127659574468,0.9202127659574468,0.9200556901260272,0.9856269805341784,0.986361096675021,0.4004512787008437,0.23077036874663515,0.23188324716496975,,,"[[272,10],[35,247]]",0.9202127659574468,False,True,False
results/vit_test/stop3a_balanced_primary_breakhis_balanced_vit_nicme_hybrid_seed43_04-28_10-03/metrics_20260428_100344_nicme_hybrid.json,results/vit_test/stop3a_balanced_primary_breakhis_balanced_vit_nicme_hybrid_seed43_04-28_10-03,breakhis_balanced,vit,nicme_hybrid,43,calibrated_cost_min,malignant,0.97,0.85,accuracy,"[[0.0,1.0],[10.0,0.0]]",0.15459156984055128,0.04769503546099291,0.4769503546099291,,1.0,0.0,0.5117967332123412,0.9539007092198581,0.5230496453900709,0.5230496453900709,0.3826032107758358,0.9856269805341784,0.986361096675021,0.26762543601394195,0.1444501542872358,0.11811063642107031,0.5,,"[[13,269],[0,282]]",0.5230496453900709,True,False,False
results/vit_test/stop3a_balanced_primary_breakhis_balanced_vit_nicme_hybrid_seed43_04-28_10-03/metrics_20260428_100344_nicme_hybrid.json,results/vit_test/stop3a_balanced_primary_breakhis_balanced_vit_nicme_hybrid_seed43_04-28_10-03,breakhis_balanced,vit,nicme_hybrid,43,calibrated_threshold,malignant,0.97,0.85,accuracy,"[[0.0,1.0],[10.0,0.0]]",0.01702127659574468,0.01702127659574468,0.1702127659574468,,0.9929078014184397,0.0070921985815602835,0.7865168539325843,0.2695035460992908,0.8617021276595744,0.8617021276595744,0.8592796366195381,0.9856269805341784,0.986361096675021,0.26762543601394195,0.1444501542872358,0.11811063642107031,0.5,0.22173460208851503,"[[206,76],[2,280]]",0.8617021276595744,True,True,True
results/vit_test/stop3a_balanced_primary_breakhis_balanced_vit_nicme_hybrid_seed44_04-28_10-27/metrics_20260428_102810_nicme_hybrid.json,results/vit_test/stop3a_balanced_primary_breakhis_balanced_vit_nicme_hybrid_seed44_04-28_10-27,breakhis_balanced,vit,nicme_hybrid,44,argmax,malignant,0.97,0.85,accuracy,"[[0.0,1.0],[10.0,0.0]]",0.018085106382978725,0.018085106382978725,0.18085106382978725,,0.9716312056737588,0.028368794326241134,0.9256756756756757,0.07801418439716312,0.9468085106382979,0.9468085106382979,0.9467757156338471,0.9919521150847541,0.9931551993631257,0.3497635276459014,0.1960191368667213,0.2226108575754977,,,"[[260,22],[8,274]]",0.9468085106382979,True,True,True
results/vit_test/stop3a_balanced_primary_breakhis_balanced_vit_nicme_hybrid_seed44_04-28_10-27/metrics_20260428_102810_nicme_hybrid.json,results/vit_test/stop3a_balanced_primary_breakhis_balanced_vit_nicme_hybrid_seed44_04-28_10-27,breakhis_balanced,vit,nicme_hybrid,44,calibrated_cost_min,malignant,0.97,0.85,accuracy,"[[0.0,1.0],[10.0,0.0]]",0.16687654041547204,0.04929078014184397,0.4929078014184397,,1.0,0.0,0.5035714285714286,0.9858156028368794,0.5070921985815603,0.5070921985815603,0.34890287859409,0.9919521150847541,0.9931551993631257,0.22472977446461453,0.11834725678820153,0.11967543391512883,0.5,,"[[4,278],[0,282]]",0.5070921985815603,True,False,False
results/vit_test/stop3a_balanced_primary_breakhis_balanced_vit_nicme_hybrid_seed44_04-28_10-27/metrics_20260428_102810_nicme_hybrid.json,results/vit_test/stop3a_balanced_primary_breakhis_balanced_vit_nicme_hybrid_seed44_04-28_10-27,breakhis_balanced,vit,nicme_hybrid,44,calibrated_threshold,malignant,0.97,0.85,accuracy,"[[0.0,1.0],[10.0,0.0]]",0.016843971631205674,0.016843971631205674,0.16843971631205673,,0.9858156028368794,0.014184397163120567,0.8348348348348348,0.1950354609929078,0.8953900709219859,0.8953900709219857,0.8945276470308563,0.9919521150847541,0.9931551993631257,0.22472977446461453,0.11834725678820153,0.11967543391512883,0.5,0.38415401403292226,"[[227,55],[4,278]]",0.8953900709219859,True,True,True
results/vit_test/stop3a_balanced_primary_breakhis_balanced_vit_nicme_logit_adjustment_seed42_04-28_09-30/metrics_20260428_093114_nicme_logit_adjustment.json,results/vit_test/stop3a_balanced_primary_breakhis_balanced_vit_nicme_logit_adjustment_seed42_04-28_09-30,breakhis_balanced,vit,nicme_logit_adjustment,42,argmax,malignant,0.97,0.85,accuracy,"[[0.0,1.0],[10.0,0.0]]",0.029019998994014386,0.028900709219858156,0.28900709219858156,,0.9645390070921985,0.03546099290780142,0.8119402985074626,0.22340425531914893,0.8705673758865248,0.8705673758865248,0.8694142162537624,0.9719707258186208,0.9731177913818088,0.29066047165693204,0.1838381486833156,0.06286176510736449,,,"[[219,63],[10,272]]",0.8705673758865248,False,True,False
results/vit_test/stop3a_balanced_primary_breakhis_balanced_vit_nicme_logit_adjustment_seed42_04-28_09-30/metrics_20260428_093114_nicme_logit_adjustment.json,results/vit_test/stop3a_balanced_primary_breakhis_balanced_vit_nicme_logit_adjustment_seed42_04-28_09-30,breakhis_balanced,vit,nicme_logit_adjustment,42,calibrated_cost_min,malignant,0.97,0.85,accuracy,"[[0.0,1.0],[10.0,0.0]]",0.018779739449725868,0.018439716312056736,0.18439716312056736,,0.9964539007092199,0.0035460992907801418,0.7493333333333333,0.3333333333333333,0.8315602836879432,0.8315602836879432,0.8268524173768044,0.9719707258186208,0.9731177913818088,0.27915049370896994,0.17478168738715127,0.08359609503292734,1.25,,"[[188,94],[1,281]]",0.8315602836879432,True,False,False
results/vit_test/stop3a_balanced_primary_breakhis_balanced_vit_nicme_logit_adjustment_seed42_04-28_09-30/metrics_20260428_093114_nicme_logit_adjustment.json,results/vit_test/stop3a_balanced_primary_breakhis_balanced_vit_nicme_logit_adjustment_seed42_04-28_09-30,breakhis_balanced,vit,nicme_logit_adjustment,42,calibrated_threshold,malignant,0.97,0.85,accuracy,"[[0.0,1.0],[10.0,0.0]]",0.020375484130576934,0.020035460992907803,0.20035460992907803,,0.9929078014184397,0.0070921985815602835,0.7506702412868632,0.32978723404255317,0.8315602836879432,0.8315602836879432,0.827058083049562,0.9719707258186208,0.9731177913818088,0.27915049370896994,0.17478168738715127,0.08359609503292734,1.25,0.09993756363846602,"[[189,93],[2,280]]",0.8315602836879432,True,False,False
results/vit_test/stop3a_balanced_primary_breakhis_balanced_vit_nicme_logit_adjustment_seed43_04-28_10-00/metrics_20260428_100038_nicme_logit_adjustment.json,results/vit_test/stop3a_balanced_primary_breakhis_balanced_vit_nicme_logit_adjustment_seed43_04-28_10-00,breakhis_balanced,vit,nicme_logit_adjustment,43,argmax,malignant,0.97,0.85,accuracy,"[[0.0,1.0],[10.0,0.0]]",0.02641843971631206,0.02641843971631206,0.2641843971631206,,0.9716312056737588,0.028368794326241134,0.7988338192419825,0.24468085106382978,0.8634751773049646,0.8634751773049645,0.8618592445328032,0.9638976912630149,0.966374689105963,0.3893081665332817,0.22582767507911158,0.09361354953853801,,,"[[213,69],[8,274]]",0.8634751773049646,True,True,True
results/vit_test/stop3a_balanced_primary_breakhis_balanced_vit_nicme_logit_adjustment_seed43_04-28_10-00/metrics_20260428_100038_nicme_logit_adjustment.json,results/vit_test/stop3a_balanced_primary_breakhis_balanced_vit_nicme_logit_adjustment_seed43_04-28_10-00,breakhis_balanced,vit,nicme_logit_adjustment,43,calibrated_cost_min,malignant,0.97,0.85,accuracy,"[[0.0,1.0],[10.0,0.0]]",0.025985111412906797,0.024113475177304965,0.24113475177304963,,0.9893617021276596,0.010638297872340425,0.7246753246753247,0.375886524822695,0.8067375886524822,0.8067375886524824,0.8000695964382234,0.9638976912630149,0.966374689105963,0.33333724178633894,0.20628279130273075,0.10153517771331487,1.5,,"[[176,106],[3,279]]",0.8067375886524822,True,False,False
results/vit_test/stop3a_balanced_primary_breakhis_balanced_vit_nicme_logit_adjustment_seed43_04-28_10-00/metrics_20260428_100038_nicme_logit_adjustment.json,results/vit_test/stop3a_balanced_primary_breakhis_balanced_vit_nicme_logit_adjustment_seed43_04-28_10-00,breakhis_balanced,vit,nicme_logit_adjustment,43,calibrated_threshold,malignant,0.97,0.85,accuracy,"[[0.0,1.0],[10.0,0.0]]",0.023127483526985564,0.021099290780141843,0.21099290780141844,,0.9964539007092199,0.0035460992907801418,0.7205128205128205,0.38652482269503546,0.8049645390070922,0.8049645390070923,0.7975407268170427,0.9638976912630149,0.966374689105963,0.33333724178633894,0.20628279130273075,0.10153517771331487,1.5,0.07461314120772393,"[[173,109],[1,281]]",0.8049645390070922,True,False,False
results/vit_test/stop3a_balanced_primary_breakhis_balanced_vit_nicme_logit_adjustment_seed44_04-28_10-24/metrics_20260428_102505_nicme_logit_adjustment.json,results/vit_test/stop3a_balanced_primary_breakhis_balanced_vit_nicme_logit_adjustment_seed44_04-28_10-24,breakhis_balanced,vit,nicme_logit_adjustment,44,argmax,malignant,0.97,0.85,accuracy,"[[0.0,1.0],[10.0,0.0]]",0.013120567375886525,0.013120567375886525,0.13120567375886524,,0.9893617021276596,0.010638297872340425,0.8637770897832817,0.15602836879432624,0.9166666666666666,0.9166666666666667,0.916223946399507,0.9916880438609728,0.9928079092625638,0.26294350379788606,0.14157737095799455,0.08001864928725766,,,"[[238,44],[3,279]]",0.9166666666666666,True,True,True
results/vit_test/stop3a_balanced_primary_breakhis_balanced_vit_nicme_logit_adjustment_seed44_04-28_10-24/metrics_20260428_102505_nicme_logit_adjustment.json,results/vit_test/stop3a_balanced_primary_breakhis_balanced_vit_nicme_logit_adjustment_seed44_04-28_10-24,breakhis_balanced,vit,nicme_logit_adjustment,44,calibrated_cost_min,malignant,0.97,0.85,accuracy,"[[0.0,1.0],[10.0,0.0]]",0.03717795885518837,0.02570921985815603,0.2570921985815603,,1.0,0.0,0.6604215456674473,0.5141843971631206,0.7429078014184397,0.7429078014184397,0.7247122741701479,0.9916880438609728,0.9928079092625638,0.22135249560557993,0.12888856884733998,0.016390540616802222,0.6,,"[[137,145],[0,282]]",0.7429078014184397,True,False,False
results/vit_test/stop3a_balanced_primary_breakhis_balanced_vit_nicme_logit_adjustment_seed44_04-28_10-24/metrics_20260428_102505_nicme_logit_adjustment.json,results/vit_test/stop3a_balanced_primary_breakhis_balanced_vit_nicme_logit_adjustment_seed44_04-28_10-24,breakhis_balanced,vit,nicme_logit_adjustment,44,calibrated_threshold,malignant,0.97,0.85,accuracy,"[[0.0,1.0],[10.0,0.0]]",0.012411347517730497,0.012411347517730497,0.12411347517730496,,0.9893617021276596,0.010638297872340425,0.8746081504702194,0.14184397163120568,0.9237588652482269,0.9237588652482269,0.9234293255706019,0.9916880438609728,0.9928079092625638,0.22135249560557993,0.12888856884733998,0.016390540616802222,0.6,0.5710813567540147,"[[242,40],[3,279]]",0.9237588652482269,True,True,True
results/vit_test/stop3a_balanced_primary_spider_balanced_vit_ce_calibrated_cost_min_seed42_04-28_08-13/metrics_20260428_081325_ce_calibrated_cost_min.json,results/vit_test/stop3a_balanced_primary_spider_balanced_vit_ce_calibrated_cost_min_seed42_04-28_08-13,spider_balanced,vit,ce_calibrated_cost_min,42,argmax,black_widow,0.95,0.8,accuracy,"[[0.0,10.0],[1.0,0.0]]",0.04273333333333333,0.042333333333333334,0.42333333333333334,,0.94,0.06,0.7921348314606742,0.24666666666666667,0.8466666666666667,0.8466666666666667,0.8453192252510761,0.9517333333333334,0.9550025788708496,0.370563712177417,0.22197872779716696,0.11184620062510175,,,"[[141,9],[37,113]]",0.8466666666666667,False,True,False
results/vit_test/stop3a_balanced_primary_spider_balanced_vit_ce_calibrated_cost_min_seed42_04-28_08-13/metrics_20260428_081325_ce_calibrated_cost_min.json,results/vit_test/stop3a_balanced_primary_spider_balanced_vit_ce_calibrated_cost_min_seed42_04-28_08-13,spider_balanced,vit,ce_calibrated_cost_min,42,calibrated_cost_min,black_widow,0.95,0.8,accuracy,"[[0.0,10.0],[1.0,0.0]]",0.04204444444444445,0.030666666666666665,0.30666666666666664,,1.0,0.0,0.6198347107438017,0.6133333333333333,0.6933333333333334,0.6933333333333334,0.6614992150706437,0.9517333333333334,0.9550025788708496,0.33167933350210727,0.21103008254822486,0.06178030310314871,0.6,,"[[150,0],[92,58]]",0.6933333333333334,True,False,False
results/vit_test/stop3a_balanced_primary_spider_balanced_vit_ce_calibrated_cost_min_seed42_04-28_08-13/metrics_20260428_081325_ce_calibrated_cost_min.json,results/vit_test/stop3a_balanced_primary_spider_balanced_vit_ce_calibrated_cost_min_seed42_04-28_08-13,spider_balanced,vit,ce_calibrated_cost_min,42,calibrated_threshold,black_widow,0.95,0.8,accuracy,"[[0.0,10.0],[1.0,0.0]]",0.023344444444444445,0.023333333333333334,0.23333333333333334,,0.9933333333333333,0.006666666666666667,0.7129186602870813,0.4,0.7966666666666666,0.7966666666666666,0.7884857661322946,0.9517333333333334,0.9550025788708496,0.33167933350210727,0.21103008254822486,0.06178030310314871,0.6,0.2494072924228496,"[[149,1],[60,90]]",0.7966666666666666,True,False,False
results/vit_test/stop3a_balanced_primary_spider_balanced_vit_ce_calibrated_cost_min_seed43_04-28_08-20/metrics_20260428_082103_ce_calibrated_cost_min.json,results/vit_test/stop3a_balanced_primary_spider_balanced_vit_ce_calibrated_cost_min_seed43_04-28_08-20,spider_balanced,vit,ce_calibrated_cost_min,43,argmax,black_widow,0.95,0.8,accuracy,"[[0.0,10.0],[1.0,0.0]]",0.04173333333333333,0.04133333333333333,0.41333333333333333,,0.94,0.06,0.8057142857142857,0.22666666666666666,0.8566666666666667,0.8566666666666667,0.8556643356643356,0.9411555555555555,0.9511110057872173,0.37617078198033416,0.22207210580876885,0.0916227193673452,,,"[[141,9],[34,116]]",0.8566666666666667,False,True,False
results/vit_test/stop3a_balanced_primary_spider_balanced_vit_ce_calibrated_cost_min_seed43_04-28_08-20/metrics_20260428_082103_ce_calibrated_cost_min.json,results/vit_test/stop3a_balanced_primary_spider_balanced_vit_ce_calibrated_cost_min_seed43_04-28_08-20,spider_balanced,vit,ce_calibrated_cost_min,43,calibrated_cost_min,black_widow,0.95,0.8,accuracy,"[[0.0,10.0],[1.0,0.0]]",0.040000000000000015,0.03,0.3,,1.0,0.0,0.625,0.6,0.7,0.7,0.6703296703296704,0.9411555555555555,0.9511110057872173,0.34423891664864814,0.20753073559104063,0.03855930358497397,0.6,,"[[150,0],[90,60]]",0.7,True,False,False
results/vit_test/stop3a_balanced_primary_spider_balanced_vit_ce_calibrated_cost_min_seed43_04-28_08-20/metrics_20260428_082103_ce_calibrated_cost_min.json,results/vit_test/stop3a_balanced_primary_spider_balanced_vit_ce_calibrated_cost_min_seed43_04-28_08-20,spider_balanced,vit,ce_calibrated_cost_min,43,calibrated_threshold,black_widow,0.95,0.8,accuracy,"[[0.0,10.0],[1.0,0.0]]",0.028600000000000007,0.027000000000000003,0.27,,0.9933333333333333,0.006666666666666667,0.6772727272727272,0.47333333333333333,0.76,0.76,0.7461809635722679,0.9411555555555555,0.9511110057872173,0.34423891664864814,0.20753073559104063,0.03855930358497397,0.6,0.17053055372082654,"[[149,1],[71,79]]",0.76,True,False,False
results/vit_test/stop3a_balanced_primary_spider_balanced_vit_ce_calibrated_cost_min_seed44_04-28_08-28/metrics_20260428_082853_ce_calibrated_cost_min.json,results/vit_test/stop3a_balanced_primary_spider_balanced_vit_ce_calibrated_cost_min_seed44_04-28_08-28,spider_balanced,vit,ce_calibrated_cost_min,44,argmax,black_widow,0.95,0.8,accuracy,"[[0.0,10.0],[1.0,0.0]]",0.03666666666666667,0.03666666666666667,0.36666666666666664,,0.9533333333333334,0.04666666666666667,0.7814207650273224,0.26666666666666666,0.8433333333333334,0.8433333333333333,0.8414144481560212,0.9422666666666667,0.9464562255109686,0.3986842247985998,0.24248541093535436,0.06875864247481028,,,"[[143,7],[40,110]]",0.8433333333333334,True,True,True
results/vit_test/stop3a_balanced_primary_spider_balanced_vit_ce_calibrated_cost_min_seed44_04-28_08-28/metrics_20260428_082853_ce_calibrated_cost_min.json,results/vit_test/stop3a_balanced_primary_spider_balanced_vit_ce_calibrated_cost_min_seed44_04-28_08-28,spider_balanced,vit,ce_calibrated_cost_min,44,calibrated_cost_min,black_widow,0.95,0.8,accuracy,"[[0.0,10.0],[1.0,0.0]]",0.05884444444444448,0.035333333333333335,0.35333333333333333,,1.0,0.0,0.5859375,0.7066666666666667,0.6466666666666666,0.6466666666666667,0.5962622517901579,0.9422666666666667,0.9464562255109686,0.3786509021172649,0.23692054383984654,0.05883682224596977,0.65,,"[[150,0],[106,44]]",0.6466666666666666,True,False,False
results/vit_test/stop3a_balanced_primary_spider_balanced_vit_ce_calibrated_cost_min_seed44_04-28_08-28/metrics_20260428_082853_ce_calibrated_cost_min.json,results/vit_test/stop3a_balanced_primary_spider_balanced_vit_ce_calibrated_cost_min_seed44_04-28_08-28,spider_balanced,vit,ce_calibrated_cost_min,44,calibrated_threshold,black_widow,0.95,0.8,accuracy,"[[0.0,10.0],[1.0,0.0]]",0.032211111111111114,0.030333333333333334,0.30333333333333334,,0.9866666666666667,0.013333333333333334,0.6757990867579908,0.47333333333333333,0.7566666666666667,0.7566666666666666,0.7430753528314503,0.9422666666666667,0.9464562255109686,0.3786509021172649,0.23692054383984654,0.05883682224596977,0.65,0.20125198643244763,"[[148,2],[71,79]]",0.7566666666666667,True,False,False
results/vit_test/stop3a_balanced_primary_spider_balanced_vit_ce_seed42_04-28_08-12/metrics_20260428_081216_ce.json,results/vit_test/stop3a_balanced_primary_spider_balanced_vit_ce_seed42_04-28_08-12,spider_balanced,vit,ce,42,argmax,black_widow,0.95,0.8,accuracy,"[[0.0,10.0],[1.0,0.0]]",0.04144444444444444,0.04033333333333333,0.4033333333333333,,0.9333333333333333,0.06666666666666667,0.8695652173913043,0.14,0.8966666666666666,0.8966666666666667,0.8965275537111004,0.9739111111111111,0.9759388841867013,0.22935991254655666,0.14201653383655102,0.05889274239540106,,,"[[140,10],[21,129]]",0.8966666666666666,False,True,False
results/vit_test/stop3a_balanced_primary_spider_balanced_vit_ce_seed42_04-28_08-12/metrics_20260428_081216_ce.json,results/vit_test/stop3a_balanced_primary_spider_balanced_vit_ce_seed42_04-28_08-12,spider_balanced,vit,ce,42,calibrated_cost_min,black_widow,0.95,0.8,accuracy,"[[0.0,10.0],[1.0,0.0]]",0.01633333333333333,0.01633333333333333,0.16333333333333333,,1.0,0.0,0.7537688442211056,0.32666666666666666,0.8366666666666667,0.8366666666666667,0.8321898651811094,0.9739111111111111,0.9759388841867013,0.22935991487280044,0.14201653222199775,0.05889274096219183,1.0,,"[[150,0],[49,101]]",0.8366666666666667,True,True,True
results/vit_test/stop3a_balanced_primary_spider_balanced_vit_ce_seed42_04-28_08-12/metrics_20260428_081216_ce.json,results/vit_test/stop3a_balanced_primary_spider_balanced_vit_ce_seed42_04-28_08-12,spider_balanced,vit,ce,42,calibrated_threshold,black_widow,0.95,0.8,accuracy,"[[0.0,10.0],[1.0,0.0]]",0.02633333333333333,0.02633333333333333,0.2633333333333333,,0.9666666666666667,0.03333333333333333,0.8333333333333334,0.19333333333333333,0.8866666666666667,0.8866666666666667,0.8859366612989801,0.9739111111111111,0.9759388841867013,0.22935991487280044,0.14201653222199775,0.05889274096219183,1.0,0.2165877906628424,"[[145,5],[29,121]]",0.8866666666666667,True,True,True
results/vit_test/stop3a_balanced_primary_spider_balanced_vit_ce_seed43_04-28_08-19/metrics_20260428_081952_ce.json,results/vit_test/stop3a_balanced_primary_spider_balanced_vit_ce_seed43_04-28_08-19,spider_balanced,vit,ce,43,argmax,black_widow,0.95,0.8,accuracy,"[[0.0,10.0],[1.0,0.0]]",0.0404,0.04,0.4,,0.94,0.06,0.8245614035087719,0.2,0.87,0.87,0.8693598633303186,0.9404888888888888,0.9508999721439098,0.3758559895847491,0.22161420480632582,0.09677054683367409,,,"[[141,9],[30,120]]",0.87,False,True,False
results/vit_test/stop3a_balanced_primary_spider_balanced_vit_ce_seed43_04-28_08-19/metrics_20260428_081952_ce.json,results/vit_test/stop3a_balanced_primary_spider_balanced_vit_ce_seed43_04-28_08-19,spider_balanced,vit,ce,43,calibrated_cost_min,black_widow,0.95,0.8,accuracy,"[[0.0,10.0],[1.0,0.0]]",0.04101111111111112,0.030333333333333334,0.30333333333333334,,1.0,0.0,0.6224066390041494,0.6066666666666667,0.6966666666666667,0.6966666666666667,0.6659283642726905,0.9404888888888888,0.9508999721439098,0.34352897162369006,0.20648437410997697,0.04661214774520551,0.6,,"[[150,0],[91,59]]",0.6966666666666667,True,False,False
results/vit_test/stop3a_balanced_primary_spider_balanced_vit_ce_seed43_04-28_08-19/metrics_20260428_081952_ce.json,results/vit_test/stop3a_balanced_primary_spider_balanced_vit_ce_seed43_04-28_08-19,spider_balanced,vit,ce,43,calibrated_threshold,black_widow,0.95,0.8,accuracy,"[[0.0,10.0],[1.0,0.0]]",0.02744444444444444,0.02633333333333333,0.2633333333333333,,0.9933333333333333,0.006666666666666667,0.6834862385321101,0.46,0.7666666666666667,0.7666666666666666,0.7540292353823088,0.9404888888888888,0.9508999721439098,0.34352897162369006,0.20648437410997697,0.04661214774520551,0.6,0.1768341912173868,"[[149,1],[69,81]]",0.7666666666666667,True,False,False
results/vit_test/stop3a_balanced_primary_spider_balanced_vit_ce_seed44_04-28_08-27/metrics_20260428_082746_ce.json,results/vit_test/stop3a_balanced_primary_spider_balanced_vit_ce_seed44_04-28_08-27,spider_balanced,vit,ce,44,argmax,black_widow,0.95,0.8,accuracy,"[[0.0,10.0],[1.0,0.0]]",0.039044444444444444,0.039,0.39,,0.9466666666666667,0.05333333333333334,0.7932960893854749,0.24666666666666667,0.85,0.85,0.8485851119909376,0.9420888888888889,0.9466280271182514,0.3969036021268804,0.2405381091301131,0.07604949653148652,,,"[[142,8],[37,113]]",0.85,False,True,False
results/vit_test/stop3a_balanced_primary_spider_balanced_vit_ce_seed44_04-28_08-27/metrics_20260428_082746_ce.json,results/vit_test/stop3a_balanced_primary_spider_balanced_vit_ce_seed44_04-28_08-27,spider_balanced,vit,ce,44,calibrated_cost_min,black_widow,0.95,0.8,accuracy,"[[0.0,10.0],[1.0,0.0]]",0.05884444444444448,0.035333333333333335,0.35333333333333333,,1.0,0.0,0.5859375,0.7066666666666667,0.6466666666666666,0.6466666666666667,0.5962622517901579,0.9420888888888889,0.9466280271182514,0.37430134049687835,0.23306864185720277,0.06129128619468412,0.65,,"[[150,0],[106,44]]",0.6466666666666666,True,False,False
results/vit_test/stop3a_balanced_primary_spider_balanced_vit_ce_seed44_04-28_08-27/metrics_20260428_082746_ce.json,results/vit_test/stop3a_balanced_primary_spider_balanced_vit_ce_seed44_04-28_08-27,spider_balanced,vit,ce,44,calibrated_threshold,black_widow,0.95,0.8,accuracy,"[[0.0,10.0],[1.0,0.0]]",0.028011111111111115,0.026666666666666665,0.26666666666666666,,0.9933333333333333,0.006666666666666667,0.680365296803653,0.4666666666666667,0.7633333333333333,0.7633333333333333,0.7501143842607256,0.9420888888888889,0.9466280271182514,0.37430134049687835,0.23306864185720277,0.06129128619468412,0.65,0.19844916204977192,"[[149,1],[70,80]]",0.7633333333333333,True,False,False
results/vit_test/stop3a_balanced_primary_spider_balanced_vit_cs_regularized_ce_seed42_04-28_08-15/metrics_20260428_081543_cs_regularized_ce.json,results/vit_test/stop3a_balanced_primary_spider_balanced_vit_cs_regularized_ce_seed42_04-28_08-15,spider_balanced,vit,cs_regularized_ce,42,argmax,black_widow,0.95,0.8,accuracy,"[[0.0,10.0],[1.0,0.0]]",0.04306666666666667,0.04266666666666667,0.4266666666666667,,0.94,0.06,0.7877094972067039,0.25333333333333335,0.8433333333333334,0.8433333333333333,0.8418555614127571,0.9527555555555556,0.9559908857732282,0.36942660359297713,0.2216216876220037,0.1108236747980118,,,"[[141,9],[38,112]]",0.8433333333333334,False,True,False
results/vit_test/stop3a_balanced_primary_spider_balanced_vit_cs_regularized_ce_seed42_04-28_08-15/metrics_20260428_081543_cs_regularized_ce.json,results/vit_test/stop3a_balanced_primary_spider_balanced_vit_cs_regularized_ce_seed42_04-28_08-15,spider_balanced,vit,cs_regularized_ce,42,calibrated_cost_min,black_widow,0.95,0.8,accuracy,"[[0.0,10.0],[1.0,0.0]]",0.044177777777777795,0.03133333333333334,0.31333333333333335,,1.0,0.0,0.6147540983606558,0.6266666666666667,0.6866666666666666,0.6866666666666666,0.6525553200926519,0.9527555555555556,0.9559908857732282,0.333035246753021,0.2120369464663068,0.06002999018171013,0.6,,"[[150,0],[94,56]]",0.6866666666666666,True,False,False
results/vit_test/stop3a_balanced_primary_spider_balanced_vit_cs_regularized_ce_seed42_04-28_08-15/metrics_20260428_081543_cs_regularized_ce.json,results/vit_test/stop3a_balanced_primary_spider_balanced_vit_cs_regularized_ce_seed42_04-28_08-15,spider_balanced,vit,cs_regularized_ce,42,calibrated_threshold,black_widow,0.95,0.8,accuracy,"[[0.0,10.0],[1.0,0.0]]",0.026211111111111112,0.024333333333333335,0.24333333333333335,,1.0,0.0,0.672645739910314,0.4866666666666667,0.7566666666666667,0.7566666666666666,0.7413518205761123,0.9527555555555556,0.9559908857732282,0.333035246753021,0.2120369464663068,0.06002999018171013,0.6,0.16078704154663015,"[[150,0],[73,77]]",0.7566666666666667,True,False,False
results/vit_test/stop3a_balanced_primary_spider_balanced_vit_cs_regularized_ce_seed43_04-28_08-23/metrics_20260428_082349_cs_regularized_ce.json,results/vit_test/stop3a_balanced_primary_spider_balanced_vit_cs_regularized_ce_seed43_04-28_08-23,spider_balanced,vit,cs_regularized_ce,43,argmax,black_widow,0.95,0.8,accuracy,"[[0.0,10.0],[1.0,0.0]]",0.0344,0.034,0.34,,0.94,0.06,0.9215686274509803,0.08,0.93,0.9299999999999999,0.9299929992999301,0.9773333333333334,0.980965216115883,0.19984433250979472,0.11400456600511798,0.03413205881913499,,,"[[141,9],[12,138]]",0.93,False,True,False
results/vit_test/stop3a_balanced_primary_spider_balanced_vit_cs_regularized_ce_seed43_04-28_08-23/metrics_20260428_082349_cs_regularized_ce.json,results/vit_test/stop3a_balanced_primary_spider_balanced_vit_cs_regularized_ce_seed43_04-28_08-23,spider_balanced,vit,cs_regularized_ce,43,calibrated_cost_min,black_widow,0.95,0.8,accuracy,"[[0.0,10.0],[1.0,0.0]]",0.016666666666666666,0.016666666666666666,0.16666666666666666,,0.9866666666666667,0.013333333333333334,0.8314606741573034,0.2,0.8933333333333333,0.8933333333333333,0.8923959827833572,0.9773333333333334,0.980965216115883,0.1996517216183307,0.11446083528156284,0.029575691203288998,0.95,,"[[148,2],[30,120]]",0.8933333333333333,True,True,True
results/vit_test/stop3a_balanced_primary_spider_balanced_vit_cs_regularized_ce_seed43_04-28_08-23/metrics_20260428_082349_cs_regularized_ce.json,results/vit_test/stop3a_balanced_primary_spider_balanced_vit_cs_regularized_ce_seed43_04-28_08-23,spider_balanced,vit,cs_regularized_ce,43,calibrated_threshold,black_widow,0.95,0.8,accuracy,"[[0.0,10.0],[1.0,0.0]]",0.013333333333333332,0.013333333333333332,0.13333333333333333,,1.0,0.0,0.7894736842105263,0.26666666666666666,0.8666666666666667,0.8666666666666667,0.8642533936651583,0.9773333333333334,0.980965216115883,0.1996517216183307,0.11446083528156284,0.029575691203288998,0.95,0.05747013576928055,"[[150,0],[40,110]]",0.8666666666666667,True,True,True
results/vit_test/stop3a_balanced_primary_spider_balanced_vit_cs_regularized_ce_seed44_04-28_08-31/metrics_20260428_083111_cs_regularized_ce.json,results/vit_test/stop3a_balanced_primary_spider_balanced_vit_cs_regularized_ce_seed44_04-28_08-31,spider_balanced,vit,cs_regularized_ce,44,argmax,black_widow,0.95,0.8,accuracy,"[[0.0,10.0],[1.0,0.0]]",0.03766666666666667,0.03766666666666667,0.37666666666666665,,0.9533333333333334,0.04666666666666667,0.7688172043010753,0.2866666666666667,0.8333333333333334,0.8333333333333334,0.8308982683982684,0.9429333333333334,0.9472807768096906,0.3966264717404334,0.24134792712165057,0.07012482662995657,,,"[[143,7],[43,107]]",0.8333333333333334,True,True,True
results/vit_test/stop3a_balanced_primary_spider_balanced_vit_cs_regularized_ce_seed44_04-28_08-31/metrics_20260428_083111_cs_regularized_ce.json,results/vit_test/stop3a_balanced_primary_spider_balanced_vit_cs_regularized_ce_seed44_04-28_08-31,spider_balanced,vit,cs_regularized_ce,44,calibrated_cost_min,black_widow,0.95,0.8,accuracy,"[[0.0,10.0],[1.0,0.0]]",0.05617777777777779,0.034666666666666665,0.3466666666666667,,1.0,0.0,0.5905511811023622,0.6933333333333334,0.6533333333333333,0.6533333333333333,0.6059810062638917,0.9429333333333334,0.9472807768096906,0.37936800688953715,0.2374688182127333,0.07274602255732245,0.65,,"[[150,0],[104,46]]",0.6533333333333333,True,False,False
results/vit_test/stop3a_balanced_primary_spider_balanced_vit_cs_regularized_ce_seed44_04-28_08-31/metrics_20260428_083111_cs_regularized_ce.json,results/vit_test/stop3a_balanced_primary_spider_balanced_vit_cs_regularized_ce_seed44_04-28_08-31,spider_balanced,vit,cs_regularized_ce,44,calibrated_threshold,black_widow,0.95,0.8,accuracy,"[[0.0,10.0],[1.0,0.0]]",0.02937777777777778,0.028666666666666667,0.2866666666666667,,0.9866666666666667,0.013333333333333334,0.6915887850467289,0.44,0.7733333333333333,0.7733333333333334,0.7625256099832372,0.9429333333333334,0.9472807768096906,0.37936800688953715,0.2374688182127333,0.07274602255732245,0.65,0.20908256873521808,"[[148,2],[66,84]]",0.7733333333333333,True,False,False
results/vit_test/stop3a_balanced_primary_spider_balanced_vit_menon_logit_adjusted_seed42_04-28_08-14/metrics_20260428_081433_menon_logit_adjusted.json,results/vit_test/stop3a_balanced_primary_spider_balanced_vit_menon_logit_adjusted_seed42_04-28_08-14,spider_balanced,vit,menon_logit_adjusted,42,argmax,black_widow,0.95,0.8,accuracy,"[[0.0,10.0],[1.0,0.0]]",0.04677777777777777,0.04566666666666667,0.45666666666666667,,0.9333333333333333,0.06666666666666667,0.7909604519774012,0.24666666666666667,0.8433333333333334,0.8433333333333333,0.8420539704943375,0.9508444444444444,0.9542160694199983,0.3727126764505878,0.2235019355544761,0.10398003756999971,,,"[[140,10],[37,113]]",0.8433333333333334,False,True,False
results/vit_test/stop3a_balanced_primary_spider_balanced_vit_menon_logit_adjusted_seed42_04-28_08-14/metrics_20260428_081433_menon_logit_adjusted.json,results/vit_test/stop3a_balanced_primary_spider_balanced_vit_menon_logit_adjusted_seed42_04-28_08-14,spider_balanced,vit,menon_logit_adjusted,42,calibrated_cost_min,black_widow,0.95,0.8,accuracy,"[[0.0,10.0],[1.0,0.0]]",0.039011111111111114,0.029666666666666668,0.2966666666666667,,1.0,0.0,0.6276150627615062,0.5933333333333334,0.7033333333333334,0.7033333333333334,0.6747036391768906,0.9508444444444444,0.9542160694199983,0.3335757848795274,0.21205436715621004,0.0427957685336608,0.6,,"[[150,0],[89,61]]",0.7033333333333334,True,False,False
results/vit_test/stop3a_balanced_primary_spider_balanced_vit_menon_logit_adjusted_seed42_04-28_08-14/metrics_20260428_081433_menon_logit_adjusted.json,results/vit_test/stop3a_balanced_primary_spider_balanced_vit_menon_logit_adjusted_seed42_04-28_08-14,spider_balanced,vit,menon_logit_adjusted,42,calibrated_threshold,black_widow,0.95,0.8,accuracy,"[[0.0,10.0],[1.0,0.0]]",0.026000000000000002,0.026000000000000002,0.26,,0.9866666666666667,0.013333333333333334,0.7184466019417476,0.38666666666666666,0.8,0.8,0.7927795174065206,0.9508444444444444,0.9542160694199983,0.3335757848795274,0.21205436715621004,0.0427957685336608,0.6,0.27033645402847406,"[[148,2],[58,92]]",0.8,True,True,True
results/vit_test/stop3a_balanced_primary_spider_balanced_vit_menon_logit_adjusted_seed43_04-28_08-22/metrics_20260428_082213_menon_logit_adjusted.json,results/vit_test/stop3a_balanced_primary_spider_balanced_vit_menon_logit_adjusted_seed43_04-28_08-22,spider_balanced,vit,menon_logit_adjusted,43,argmax,black_widow,0.95,0.8,accuracy,"[[0.0,10.0],[1.0,0.0]]",0.04073333333333333,0.04033333333333333,0.4033333333333333,,0.94,0.06,0.8197674418604651,0.20666666666666667,0.8666666666666667,0.8666666666666667,0.8659457527145984,0.9408444444444445,0.9508146894963897,0.37801020201670876,0.22330254993734286,0.08879258811473845,,,"[[141,9],[31,119]]",0.8666666666666667,False,True,False
results/vit_test/stop3a_balanced_primary_spider_balanced_vit_menon_logit_adjusted_seed43_04-28_08-22/metrics_20260428_082213_menon_logit_adjusted.json,results/vit_test/stop3a_balanced_primary_spider_balanced_vit_menon_logit_adjusted_seed43_04-28_08-22,spider_balanced,vit,menon_logit_adjusted,43,calibrated_cost_min,black_widow,0.95,0.8,accuracy,"[[0.0,10.0],[1.0,0.0]]",0.040000000000000015,0.03,0.3,,1.0,0.0,0.625,0.6,0.7,0.7,0.6703296703296704,0.9408444444444445,0.9508146894963897,0.34540571394043795,0.2082755378684903,0.04965817224973023,0.6,,"[[150,0],[90,60]]",0.7,True,False,False
results/vit_test/stop3a_balanced_primary_spider_balanced_vit_menon_logit_adjusted_seed43_04-28_08-22/metrics_20260428_082213_menon_logit_adjusted.json,results/vit_test/stop3a_balanced_primary_spider_balanced_vit_menon_logit_adjusted_seed43_04-28_08-22,spider_balanced,vit,menon_logit_adjusted,43,calibrated_threshold,black_widow,0.95,0.8,accuracy,"[[0.0,10.0],[1.0,0.0]]",0.029211111111111108,0.02733333333333333,0.2733333333333333,,0.9933333333333333,0.006666666666666667,0.6742081447963801,0.48,0.7566666666666667,0.7566666666666666,0.7422286043856449,0.9408444444444445,0.9508146894963897,0.34540571394043795,0.2082755378684903,0.04965817224973023,0.6,0.17619683683694276,"[[149,1],[72,78]]",0.7566666666666667,True,False,False
results/vit_test/stop3a_balanced_primary_spider_balanced_vit_menon_logit_adjusted_seed44_04-28_08-29/metrics_20260428_083001_menon_logit_adjusted.json,results/vit_test/stop3a_balanced_primary_spider_balanced_vit_menon_logit_adjusted_seed44_04-28_08-29,spider_balanced,vit,menon_logit_adjusted,44,argmax,black_widow,0.95,0.8,accuracy,"[[0.0,10.0],[1.0,0.0]]",0.037,0.037,0.37,,0.9533333333333334,0.04666666666666667,0.7771739130434783,0.2733333333333333,0.84,0.8400000000000001,0.837918148665076,0.9448444444444444,0.9491857732089117,0.387634006199551,0.2331875928486273,0.077774738073349,,,"[[143,7],[41,109]]",0.84,True,True,True
results/vit_test/stop3a_balanced_primary_spider_balanced_vit_menon_logit_adjusted_seed44_04-28_08-29/metrics_20260428_083001_menon_logit_adjusted.json,results/vit_test/stop3a_balanced_primary_spider_balanced_vit_menon_logit_adjusted_seed44_04-28_08-29,spider_balanced,vit,menon_logit_adjusted,44,calibrated_cost_min,black_widow,0.95,0.8,accuracy,"[[0.0,10.0],[1.0,0.0]]",0.05234444444444446,0.033666666666666664,0.33666666666666667,,1.0,0.0,0.5976095617529881,0.6733333333333333,0.6633333333333333,0.6633333333333333,0.6202959936841314,0.9448444444444444,0.9491857732089117,0.36302691168917645,0.22561587369904695,0.061525179850500794,0.65,,"[[150,0],[101,49]]",0.6633333333333333,True,False,False
results/vit_test/stop3a_balanced_primary_spider_balanced_vit_menon_logit_adjusted_seed44_04-28_08-29/metrics_20260428_083001_menon_logit_adjusted.json,results/vit_test/stop3a_balanced_primary_spider_balanced_vit_menon_logit_adjusted_seed44_04-28_08-29,spider_balanced,vit,menon_logit_adjusted,44,calibrated_threshold,black_widow,0.95,0.8,accuracy,"[[0.0,10.0],[1.0,0.0]]",0.028011111111111115,0.026666666666666665,0.26666666666666666,,0.9933333333333333,0.006666666666666667,0.680365296803653,0.4666666666666667,0.7633333333333333,0.7633333333333333,0.7501143842607256,0.9448444444444444,0.9491857732089117,0.36302691168917645,0.22561587369904695,0.061525179850500794,0.65,0.17470430735151457,"[[149,1],[70,80]]",0.7633333333333333,True,False,False
results/vit_test/stop3a_balanced_primary_spider_balanced_vit_nicme_hybrid_seed42_04-28_08-18/metrics_20260428_081844_nicme_hybrid.json,results/vit_test/stop3a_balanced_primary_spider_balanced_vit_nicme_hybrid_seed42_04-28_08-18,spider_balanced,vit,nicme_hybrid,42,argmax,black_widow,0.95,0.8,accuracy,"[[0.0,10.0],[1.0,0.0]]",0.030666666666666665,0.030666666666666665,0.30666666666666664,,0.9666666666666667,0.03333333333333333,0.7754010695187166,0.28,0.8433333333333334,0.8433333333333333,0.8409134501472397,0.9524444444444444,0.959839178868559,0.3474519350622337,0.21000741259509614,0.07674158314863838,,,"[[145,5],[42,108]]",0.8433333333333334,True,True,True
results/vit_test/stop3a_balanced_primary_spider_balanced_vit_nicme_hybrid_seed42_04-28_08-18/metrics_20260428_081844_nicme_hybrid.json,results/vit_test/stop3a_balanced_primary_spider_balanced_vit_nicme_hybrid_seed42_04-28_08-18,spider_balanced,vit,nicme_hybrid,42,calibrated_cost_min,black_widow,0.95,0.8,accuracy,"[[0.0,10.0],[1.0,0.0]]",0.04310000000000002,0.031,0.31,,1.0,0.0,0.6172839506172839,0.62,0.69,0.69,0.6570417081535568,0.9524444444444444,0.959839178868559,0.3294482143615758,0.20161615350359752,0.04703567587760451,0.65,,"[[150,0],[93,57]]",0.69,True,False,False
results/vit_test/stop3a_balanced_primary_spider_balanced_vit_nicme_hybrid_seed42_04-28_08-18/metrics_20260428_081844_nicme_hybrid.json,results/vit_test/stop3a_balanced_primary_spider_balanced_vit_nicme_hybrid_seed42_04-28_08-18,spider_balanced,vit,nicme_hybrid,42,calibrated_threshold,black_widow,0.95,0.8,accuracy,"[[0.0,10.0],[1.0,0.0]]",0.022333333333333334,0.022333333333333334,0.22333333333333333,,0.9933333333333333,0.006666666666666667,0.7233009708737864,0.38,0.8066666666666666,0.8066666666666666,0.7996868668263032,0.9524444444444444,0.959839178868559,0.3294482143615758,0.20161615350359752,0.04703567587760451,0.65,0.2581053051725479,"[[149,1],[57,93]]",0.8066666666666666,True,True,True
results/vit_test/stop3a_balanced_primary_spider_balanced_vit_nicme_hybrid_seed43_04-28_08-26/metrics_20260428_082637_nicme_hybrid.json,results/vit_test/stop3a_balanced_primary_spider_balanced_vit_nicme_hybrid_seed43_04-28_08-26,spider_balanced,vit,nicme_hybrid,43,argmax,black_widow,0.95,0.8,accuracy,"[[0.0,10.0],[1.0,0.0]]",0.03133333333333334,0.03133333333333334,0.31333333333333335,,0.96,0.04,0.8089887640449438,0.22666666666666666,0.8666666666666667,0.8666666666666667,0.8654949784791965,0.9615555555555555,0.9667747326139537,0.5292466747928019,0.34131781738933703,0.25696033239364624,,,"[[144,6],[34,116]]",0.8666666666666667,True,True,True
results/vit_test/stop3a_balanced_primary_spider_balanced_vit_nicme_hybrid_seed43_04-28_08-26/metrics_20260428_082637_nicme_hybrid.json,results/vit_test/stop3a_balanced_primary_spider_balanced_vit_nicme_hybrid_seed43_04-28_08-26,spider_balanced,vit,nicme_hybrid,43,calibrated_cost_min,black_widow,0.95,0.8,accuracy,"[[0.0,10.0],[1.0,0.0]]",0.14,0.05,0.5,,1.0,0.0,0.5,1.0,0.5,0.5,0.3333333333333333,0.9615555555555555,0.9667747326139537,0.425978293865596,0.25675136376168656,0.16623067642376763,0.5,,"[[150,0],[150,0]]",0.5,True,False,False
results/vit_test/stop3a_balanced_primary_spider_balanced_vit_nicme_hybrid_seed43_04-28_08-26/metrics_20260428_082637_nicme_hybrid.json,results/vit_test/stop3a_balanced_primary_spider_balanced_vit_nicme_hybrid_seed43_04-28_08-26,spider_balanced,vit,nicme_hybrid,43,calibrated_threshold,black_widow,0.95,0.8,accuracy,"[[0.0,10.0],[1.0,0.0]]",0.022333333333333334,0.022333333333333334,0.22333333333333333,,0.9933333333333333,0.006666666666666667,0.7233009708737864,0.38,0.8066666666666666,0.8066666666666666,0.7996868668263032,0.9615555555555555,0.9667747326139537,0.425978293865596,0.25675136376168656,0.16623067642376763,0.5,0.4294819583674975,"[[149,1],[57,93]]",0.8066666666666666,True,True,True
results/vit_test/stop3a_balanced_primary_spider_balanced_vit_nicme_hybrid_seed44_04-28_08-33/metrics_20260428_083330_nicme_hybrid.json,results/vit_test/stop3a_balanced_primary_spider_balanced_vit_nicme_hybrid_seed44_04-28_08-33,spider_balanced,vit,nicme_hybrid,44,argmax,black_widow,0.95,0.8,accuracy,"[[0.0,10.0],[1.0,0.0]]",0.034999999999999996,0.034999999999999996,0.35,,0.96,0.04,0.7619047619047619,0.3,0.83,0.83,0.8270776116366596,0.9464444444444444,0.9485695788110434,0.54796696621138,0.3598145813726698,0.22785433510939274,,,"[[144,6],[45,105]]",0.83,True,True,True
results/vit_test/stop3a_balanced_primary_spider_balanced_vit_nicme_hybrid_seed44_04-28_08-33/metrics_20260428_083330_nicme_hybrid.json,results/vit_test/stop3a_balanced_primary_spider_balanced_vit_nicme_hybrid_seed44_04-28_08-33,spider_balanced,vit,nicme_hybrid,44,calibrated_cost_min,black_widow,0.95,0.8,accuracy,"[[0.0,10.0],[1.0,0.0]]",0.14,0.05,0.5,,1.0,0.0,0.5,1.0,0.5,0.5,0.3333333333333333,0.9464444444444444,0.9485695788110434,0.4594002877366406,0.28851331241447703,0.1438120170268893,0.5,,"[[150,0],[150,0]]",0.5,True,False,False
results/vit_test/stop3a_balanced_primary_spider_balanced_vit_nicme_hybrid_seed44_04-28_08-33/metrics_20260428_083330_nicme_hybrid.json,results/vit_test/stop3a_balanced_primary_spider_balanced_vit_nicme_hybrid_seed44_04-28_08-33,spider_balanced,vit,nicme_hybrid,44,calibrated_threshold,black_widow,0.95,0.8,accuracy,"[[0.0,10.0],[1.0,0.0]]",0.03351111111111111,0.03333333333333333,0.3333333333333333,,0.9733333333333334,0.02666666666666667,0.7087378640776699,0.4,0.7866666666666666,0.7866666666666666,0.7789648185669553,0.9464444444444444,0.9485695788110434,0.4594002877366406,0.28851331241447703,0.1438120170268893,0.5,0.457581296562445,"[[146,4],[60,90]]",0.7866666666666666,True,False,False
results/vit_test/stop3a_balanced_primary_spider_balanced_vit_nicme_logit_adjustment_seed42_04-28_08-16/metrics_20260428_081707_nicme_logit_adjustment.json,results/vit_test/stop3a_balanced_primary_spider_balanced_vit_nicme_logit_adjustment_seed42_04-28_08-16,spider_balanced,vit,nicme_logit_adjustment,42,argmax,black_widow,0.95,0.8,accuracy,"[[0.0,10.0],[1.0,0.0]]",0.035333333333333335,0.035333333333333335,0.35333333333333333,,0.9533333333333334,0.04666666666666667,0.7988826815642458,0.24,0.8566666666666667,0.8566666666666667,0.855314662569118,0.9603111111111111,0.9644204889833841,0.32696324503892843,0.19636483209863004,0.07547761817773183,,,"[[143,7],[36,114]]",0.8566666666666667,True,True,True
results/vit_test/stop3a_balanced_primary_spider_balanced_vit_nicme_logit_adjustment_seed42_04-28_08-16/metrics_20260428_081707_nicme_logit_adjustment.json,results/vit_test/stop3a_balanced_primary_spider_balanced_vit_nicme_logit_adjustment_seed42_04-28_08-16,spider_balanced,vit,nicme_logit_adjustment,42,calibrated_cost_min,black_widow,0.95,0.8,accuracy,"[[0.0,10.0],[1.0,0.0]]",0.03527777777777778,0.028333333333333332,0.2833333333333333,,1.0,0.0,0.6382978723404256,0.5666666666666667,0.7166666666666667,0.7166666666666667,0.6919359710057384,0.9603111111111111,0.9644204889833841,0.30769342484297996,0.19245500491608167,0.05136704318017684,0.65,,"[[150,0],[85,65]]",0.7166666666666667,True,False,False
results/vit_test/stop3a_balanced_primary_spider_balanced_vit_nicme_logit_adjustment_seed42_04-28_08-16/metrics_20260428_081707_nicme_logit_adjustment.json,results/vit_test/stop3a_balanced_primary_spider_balanced_vit_nicme_logit_adjustment_seed42_04-28_08-16,spider_balanced,vit,nicme_logit_adjustment,42,calibrated_threshold,black_widow,0.95,0.8,accuracy,"[[0.0,10.0],[1.0,0.0]]",0.018666666666666668,0.018666666666666668,0.18666666666666668,,1.0,0.0,0.7281553398058253,0.37333333333333335,0.8133333333333334,0.8133333333333334,0.8065942162460858,0.9603111111111111,0.9644204889833841,0.30769342484297996,0.19245500491608167,0.05136704318017684,0.65,0.2505643253955637,"[[150,0],[56,94]]",0.8133333333333334,True,True,True
results/vit_test/stop3a_balanced_primary_spider_balanced_vit_nicme_logit_adjustment_seed43_04-28_08-25/metrics_20260428_082526_nicme_logit_adjustment.json,results/vit_test/stop3a_balanced_primary_spider_balanced_vit_nicme_logit_adjustment_seed43_04-28_08-25,spider_balanced,vit,nicme_logit_adjustment,43,argmax,black_widow,0.95,0.8,accuracy,"[[0.0,10.0],[1.0,0.0]]",0.022,0.022,0.22,,0.9733333333333334,0.02666666666666667,0.8488372093023255,0.17333333333333334,0.9,0.9,0.8994593145359489,0.965911111111111,0.971127478327942,0.29363258457081626,0.17196619148780376,0.06864286998907725,,,"[[146,4],[26,124]]",0.9,True,True,True
results/vit_test/stop3a_balanced_primary_spider_balanced_vit_nicme_logit_adjustment_seed43_04-28_08-25/metrics_20260428_082526_nicme_logit_adjustment.json,results/vit_test/stop3a_balanced_primary_spider_balanced_vit_nicme_logit_adjustment_seed43_04-28_08-25,spider_balanced,vit,nicme_logit_adjustment,43,calibrated_cost_min,black_widow,0.95,0.8,accuracy,"[[0.0,10.0],[1.0,0.0]]",0.026211111111111112,0.024333333333333335,0.24333333333333335,,1.0,0.0,0.672645739910314,0.4866666666666667,0.7566666666666667,0.7566666666666666,0.7413518205761123,0.965911111111111,0.971127478327942,0.27578766973475644,0.16493942103807274,0.03709342051682255,0.6,,"[[150,0],[73,77]]",0.7566666666666667,True,False,False
results/vit_test/stop3a_balanced_primary_spider_balanced_vit_nicme_logit_adjustment_seed43_04-28_08-25/metrics_20260428_082526_nicme_logit_adjustment.json,results/vit_test/stop3a_balanced_primary_spider_balanced_vit_nicme_logit_adjustment_seed43_04-28_08-25,spider_balanced,vit,nicme_logit_adjustment,43,calibrated_threshold,black_widow,0.95,0.8,accuracy,"[[0.0,10.0],[1.0,0.0]]",0.0224,0.022,0.22,,1.0,0.0,0.6944444444444444,0.44,0.78,0.78,0.7688104245481295,0.965911111111111,0.971127478327942,0.27578766973475644,0.16493942103807274,0.03709342051682255,0.6,0.11316308425943694,"[[150,0],[66,84]]",0.78,True,False,False
results/vit_test/stop3a_balanced_primary_spider_balanced_vit_nicme_logit_adjustment_seed44_04-28_08-32/metrics_20260428_083221_nicme_logit_adjustment.json,results/vit_test/stop3a_balanced_primary_spider_balanced_vit_nicme_logit_adjustment_seed44_04-28_08-32,spider_balanced,vit,nicme_logit_adjustment,44,argmax,black_widow,0.95,0.8,accuracy,"[[0.0,10.0],[1.0,0.0]]",0.03233333333333333,0.03233333333333333,0.3233333333333333,,0.96,0.04,0.7955801104972375,0.24666666666666667,0.8566666666666667,0.8566666666666667,0.855119666662923,0.9521777777777778,0.9558541831969749,0.4767062054890325,0.2972887264860102,0.19954210182030999,,,"[[144,6],[37,113]]",0.8566666666666667,True,True,True
results/vit_test/stop3a_balanced_primary_spider_balanced_vit_nicme_logit_adjustment_seed44_04-28_08-32/metrics_20260428_083221_nicme_logit_adjustment.json,results/vit_test/stop3a_balanced_primary_spider_balanced_vit_nicme_logit_adjustment_seed44_04-28_08-32,spider_balanced,vit,nicme_logit_adjustment,44,calibrated_cost_min,black_widow,0.95,0.8,accuracy,"[[0.0,10.0],[1.0,0.0]]",0.13767777777777782,0.049666666666666665,0.49666666666666665,,1.0,0.0,0.5016722408026756,0.9933333333333333,0.5033333333333333,0.5033333333333333,0.3406982403870263,0.9521777777777778,0.9558541831969749,0.37905746930235784,0.23071970132938902,0.09217892219738145,0.5,,"[[150,0],[149,1]]",0.5033333333333333,True,False,False
results/vit_test/stop3a_balanced_primary_spider_balanced_vit_nicme_logit_adjustment_seed44_04-28_08-32/metrics_20260428_083221_nicme_logit_adjustment.json,results/vit_test/stop3a_balanced_primary_spider_balanced_vit_nicme_logit_adjustment_seed44_04-28_08-32,spider_balanced,vit,nicme_logit_adjustment,44,calibrated_threshold,black_widow,0.95,0.8,accuracy,"[[0.0,10.0],[1.0,0.0]]",0.028000000000000004,0.028000000000000004,0.28,,0.98,0.02,0.7313432835820896,0.36,0.81,0.81,0.8043455874781176,0.9521777777777778,0.9558541831969749,0.37905746930235784,0.23071970132938902,0.09217892219738145,0.5,0.41827508049026163,"[[147,3],[54,96]]",0.81,True,True,True
