metrics_file,run_dir,dataset,model,method,seed,mode,target_class,target_recall_floor,accuracy_floor,selection_accuracy_metric,cost_ratio,cost_matrix,test_class_prevalence,selection_score,normalized_atc,atc,crr,target_recall,target_fnr,target_precision,target_fpr,accuracy,balanced_accuracy,macro_f1,auroc,auprc,nll,brier,ece,temperature,threshold,calibration_selection_score,calibration_target_recall,calibration_accuracy,calibration_normalized_atc,confusion_matrix,selected_accuracy,recall_floor_met,accuracy_floor_met,all_floors_met
results/vit_test/stop3b_imbalance_decoupling_spider_target_minority_vit_ce_seed42_04-28_16-08/metrics_20260428_160821_ce.json,results/vit_test/stop3b_imbalance_decoupling_spider_target_minority_vit_ce_seed42_04-28_16-08,spider_target_minority,vit,ce,42,argmax,black_widow,0.95,0.75,balanced_accuracy,,"[[0.0,10.0],[1.0,0.0]]","{""0"":0.25,""1"":0.75}",0.018,0.018,0.18,,0.96,0.04,0.75,0.10666666666666667,0.91,0.9266666666666666,0.8895841001104159,0.9682666666666666,0.9883949660751372,0.23999327729337566,0.13718890439869366,0.06445191383361816,,,,,,,"[[48,2],[16,134]]",0.9266666666666666,True,True,True
results/vit_test/stop3b_imbalance_decoupling_spider_target_minority_vit_ce_seed42_04-28_16-08/metrics_20260428_160821_ce.json,results/vit_test/stop3b_imbalance_decoupling_spider_target_minority_vit_ce_seed42_04-28_16-08,spider_target_minority,vit,ce,42,calibrated_cost_min,black_widow,0.95,0.75,balanced_accuracy,,"[[0.0,10.0],[1.0,0.0]]","{""0"":0.25,""1"":0.75}",0.018,0.018,0.18,,0.98,0.02,0.6533333333333333,0.17333333333333334,0.865,0.9033333333333333,0.8429090909090908,0.9682666666666666,0.9883949660751369,0.21065715560022547,0.12733528714695214,0.04386215138011779,0.6,,,,,,"[[49,1],[26,124]]",0.9033333333333333,True,True,True
results/vit_test/stop3b_imbalance_decoupling_spider_target_minority_vit_ce_seed42_04-28_16-08/metrics_20260428_160821_ce.json,results/vit_test/stop3b_imbalance_decoupling_spider_target_minority_vit_ce_seed42_04-28_16-08,spider_target_minority,vit,ce,42,calibrated_threshold,black_widow,0.95,0.75,balanced_accuracy,,"[[0.0,10.0],[1.0,0.0]]","{""0"":0.25,""1"":0.75}",0.018,0.018,0.18,,0.96,0.04,0.75,0.10666666666666667,0.91,0.9266666666666666,0.8895841001104159,0.9682666666666666,0.9883949660751369,0.21065715560022547,0.12733528714695214,0.04386215138011779,0.6,0.47415960056111844,0.015,0.96,0.9466666666666667,0.015,"[[48,2],[16,134]]",0.9266666666666666,True,True,True
results/vit_test/stop3b_imbalance_decoupling_spider_target_minority_vit_ce_calibrated_cost_min_seed42_04-28_16-09/metrics_20260428_160932_ce_calibrated_cost_min.json,results/vit_test/stop3b_imbalance_decoupling_spider_target_minority_vit_ce_calibrated_cost_min_seed42_04-28_16-09,spider_target_minority,vit,ce_calibrated_cost_min,42,argmax,black_widow,0.95,0.75,balanced_accuracy,,"[[0.0,10.0],[1.0,0.0]]","{""0"":0.25,""1"":0.75}",0.09339999999999998,0.045,0.45,,0.84,0.16,0.8076923076923077,0.06666666666666667,0.91,0.8866666666666667,0.8815633636004737,0.9681333333333333,0.9900601358692094,0.21461005070579206,0.12661511006428222,0.051993768811225874,,,,,,,"[[42,8],[10,140]]",0.8866666666666667,False,True,False
results/vit_test/stop3b_imbalance_decoupling_spider_target_minority_vit_ce_calibrated_cost_min_seed42_04-28_16-09/metrics_20260428_160932_ce_calibrated_cost_min.json,results/vit_test/stop3b_imbalance_decoupling_spider_target_minority_vit_ce_calibrated_cost_min_seed42_04-28_16-09,spider_target_minority,vit,ce_calibrated_cost_min,42,calibrated_cost_min,black_widow,0.95,0.75,balanced_accuracy,,"[[0.0,10.0],[1.0,0.0]]","{""0"":0.25,""1"":0.75}",0.018,0.018,0.18,,0.98,0.02,0.6533333333333333,0.17333333333333334,0.865,0.9033333333333333,0.8429090909090908,0.9681333333333333,0.9900601358692094,0.20993354775062378,0.126955737195274,0.03530038927861085,0.9,,,,,,"[[49,1],[26,124]]",0.9033333333333333,True,True,True
results/vit_test/stop3b_imbalance_decoupling_spider_target_minority_vit_ce_calibrated_cost_min_seed42_04-28_16-09/metrics_20260428_160932_ce_calibrated_cost_min.json,results/vit_test/stop3b_imbalance_decoupling_spider_target_minority_vit_ce_calibrated_cost_min_seed42_04-28_16-09,spider_target_minority,vit,ce_calibrated_cost_min,42,calibrated_threshold,black_widow,0.95,0.75,balanced_accuracy,,"[[0.0,10.0],[1.0,0.0]]","{""0"":0.25,""1"":0.75}",0.022,0.022,0.22,,1.0,0.0,0.5319148936170213,0.29333333333333333,0.78,0.8533333333333333,0.7612847222222222,0.9681333333333333,0.9900601358692094,0.20993354775062378,0.126955737195274,0.03530038927861085,0.9,0.039775936278876003,0.026000000000000002,0.98,0.85,0.026000000000000002,"[[50,0],[44,106]]",0.8533333333333333,True,True,True
results/vit_test/stop3b_imbalance_decoupling_spider_target_minority_vit_menon_logit_adjusted_seed42_04-28_16-10/metrics_20260428_161043_menon_logit_adjusted.json,results/vit_test/stop3b_imbalance_decoupling_spider_target_minority_vit_menon_logit_adjusted_seed42_04-28_16-10,spider_target_minority,vit,menon_logit_adjusted,42,argmax,black_widow,0.95,0.75,balanced_accuracy,,"[[0.0,10.0],[1.0,0.0]]","{""0"":0.25,""1"":0.75}",0.03009999999999998,0.026500000000000003,0.265,,0.92,0.08,0.7796610169491526,0.08666666666666667,0.915,0.9166666666666667,0.8928087266307261,0.9762666666666668,0.9925025342390816,0.25609708743141774,0.13725147909461602,0.04507769882678984,,,,,,,"[[46,4],[13,137]]",0.9166666666666667,False,True,False
results/vit_test/stop3b_imbalance_decoupling_spider_target_minority_vit_menon_logit_adjusted_seed42_04-28_16-10/metrics_20260428_161043_menon_logit_adjusted.json,results/vit_test/stop3b_imbalance_decoupling_spider_target_minority_vit_menon_logit_adjusted_seed42_04-28_16-10,spider_target_minority,vit,menon_logit_adjusted,42,calibrated_cost_min,black_widow,0.95,0.75,balanced_accuracy,,"[[0.0,10.0],[1.0,0.0]]","{""0"":0.25,""1"":0.75}",0.020999999999999998,0.020999999999999998,0.21,,1.0,0.0,0.5434782608695652,0.28,0.79,0.86,0.7707173272191287,0.9762666666666668,0.9925025342390816,0.2554280108427162,0.13743129837347098,0.043675327633659715,1.05,,,,,,"[[50,0],[42,108]]",0.86,True,True,True
results/vit_test/stop3b_imbalance_decoupling_spider_target_minority_vit_menon_logit_adjusted_seed42_04-28_16-10/metrics_20260428_161043_menon_logit_adjusted.json,results/vit_test/stop3b_imbalance_decoupling_spider_target_minority_vit_menon_logit_adjusted_seed42_04-28_16-10,spider_target_minority,vit,menon_logit_adjusted,42,calibrated_threshold,black_widow,0.95,0.75,balanced_accuracy,,"[[0.0,10.0],[1.0,0.0]]","{""0"":0.25,""1"":0.75}",0.011,0.011,0.11,,1.0,0.0,0.6944444444444444,0.14666666666666667,0.89,0.9266666666666667,0.8702677202500295,0.9762666666666668,0.9925025342390816,0.2554280108427162,0.13743129837347098,0.043675327633659715,1.05,0.23396623830158841,0.0095,1.0,0.9366666666666666,0.0095,"[[50,0],[22,128]]",0.9266666666666667,True,True,True
results/vit_test/stop3b_imbalance_decoupling_spider_target_minority_vit_cs_regularized_ce_seed42_04-28_16-11/metrics_20260428_161154_cs_regularized_ce.json,results/vit_test/stop3b_imbalance_decoupling_spider_target_minority_vit_cs_regularized_ce_seed42_04-28_16-11,spider_target_minority,vit,cs_regularized_ce,42,argmax,black_widow,0.95,0.75,balanced_accuracy,,"[[0.0,10.0],[1.0,0.0]]","{""0"":0.25,""1"":0.75}",0.09339999999999998,0.045,0.45,,0.84,0.16,0.8076923076923077,0.06666666666666667,0.91,0.8866666666666667,0.8815633636004737,0.9684,0.9900075683891821,0.22651622085690967,0.13697616056841994,0.05625817507505419,,,,,,,"[[42,8],[10,140]]",0.8866666666666667,False,True,False
results/vit_test/stop3b_imbalance_decoupling_spider_target_minority_vit_cs_regularized_ce_seed42_04-28_16-11/metrics_20260428_161154_cs_regularized_ce.json,results/vit_test/stop3b_imbalance_decoupling_spider_target_minority_vit_cs_regularized_ce_seed42_04-28_16-11,spider_target_minority,vit,cs_regularized_ce,42,calibrated_cost_min,black_widow,0.95,0.75,balanced_accuracy,,"[[0.0,10.0],[1.0,0.0]]","{""0"":0.25,""1"":0.75}",0.016,0.016,0.16,,0.98,0.02,0.6901408450704225,0.14666666666666667,0.885,0.9166666666666667,0.8637400396931189,0.9684,0.9900075683891821,0.22613993870956733,0.1390739098091663,0.07042182405528101,0.9,,,,,,"[[49,1],[22,128]]",0.9166666666666667,True,True,True
results/vit_test/stop3b_imbalance_decoupling_spider_target_minority_vit_cs_regularized_ce_seed42_04-28_16-11/metrics_20260428_161154_cs_regularized_ce.json,results/vit_test/stop3b_imbalance_decoupling_spider_target_minority_vit_cs_regularized_ce_seed42_04-28_16-11,spider_target_minority,vit,cs_regularized_ce,42,calibrated_threshold,black_widow,0.95,0.75,balanced_accuracy,,"[[0.0,10.0],[1.0,0.0]]","{""0"":0.25,""1"":0.75}",0.017499999999999998,0.017499999999999998,0.175,,1.0,0.0,0.5882352941176471,0.23333333333333334,0.825,0.8833333333333333,0.8043326345213138,0.9684,0.9900075683891821,0.22613993870956733,0.1390739098091663,0.07042182405528101,0.9,0.04490586087998391,0.0165,1.0,0.89,0.0165,"[[50,0],[35,115]]",0.8833333333333333,True,True,True
results/vit_test/stop3b_imbalance_decoupling_spider_target_minority_vit_nicme_logit_adjustment_seed42_04-28_16-12/metrics_20260428_161256_nicme_logit_adjustment.json,results/vit_test/stop3b_imbalance_decoupling_spider_target_minority_vit_nicme_logit_adjustment_seed42_04-28_16-12,spider_target_minority,vit,nicme_logit_adjustment,42,argmax,black_widow,0.95,0.75,balanced_accuracy,,"[[0.0,10.0],[1.0,0.0]]","{""0"":0.25,""1"":0.75}",0.013500000000000002,0.013500000000000002,0.135,,0.98,0.02,0.7424242424242424,0.11333333333333333,0.91,0.9333333333333333,0.8907236522583779,0.9790666666666666,0.9933695928941904,0.31582547196927924,0.17403073409534697,0.14765872687101364,,,,,,,"[[49,1],[17,133]]",0.9333333333333333,True,True,True
results/vit_test/stop3b_imbalance_decoupling_spider_target_minority_vit_nicme_logit_adjustment_seed42_04-28_16-12/metrics_20260428_161256_nicme_logit_adjustment.json,results/vit_test/stop3b_imbalance_decoupling_spider_target_minority_vit_nicme_logit_adjustment_seed42_04-28_16-12,spider_target_minority,vit,nicme_logit_adjustment,42,calibrated_cost_min,black_widow,0.95,0.75,balanced_accuracy,,"[[0.0,10.0],[1.0,0.0]]","{""0"":0.25,""1"":0.75}",0.028000000000000004,0.028000000000000004,0.28,,1.0,0.0,0.4716981132075472,0.37333333333333335,0.72,0.8133333333333334,0.7057587221521648,0.9790666666666666,0.9933695928941904,0.22346272673229758,0.1309332033794667,0.05429855204512284,0.5,,,,,,"[[50,0],[56,94]]",0.8133333333333334,True,True,True
results/vit_test/stop3b_imbalance_decoupling_spider_target_minority_vit_nicme_logit_adjustment_seed42_04-28_16-12/metrics_20260428_161256_nicme_logit_adjustment.json,results/vit_test/stop3b_imbalance_decoupling_spider_target_minority_vit_nicme_logit_adjustment_seed42_04-28_16-12,spider_target_minority,vit,nicme_logit_adjustment,42,calibrated_threshold,black_widow,0.95,0.75,balanced_accuracy,,"[[0.0,10.0],[1.0,0.0]]","{""0"":0.25,""1"":0.75}",0.017,0.017,0.17,,0.98,0.02,0.6712328767123288,0.16,0.875,0.9099999999999999,0.8532476299492238,0.9790666666666666,0.9933695928941904,0.22346272673229758,0.1309332033794667,0.05429855204512284,0.5,0.3677515064166704,0.017499999999999998,0.98,0.9066666666666667,0.017499999999999998,"[[49,1],[24,126]]",0.9099999999999999,True,True,True
results/vit_test/stop3b_imbalance_decoupling_spider_target_minority_vit_nicme_hybrid_seed42_04-28_16-14/metrics_20260428_161407_nicme_hybrid.json,results/vit_test/stop3b_imbalance_decoupling_spider_target_minority_vit_nicme_hybrid_seed42_04-28_16-14,spider_target_minority,vit,nicme_hybrid,42,argmax,black_widow,0.95,0.75,balanced_accuracy,,"[[0.0,10.0],[1.0,0.0]]","{""0"":0.25,""1"":0.75}",0.025900000000000003,0.025500000000000002,0.255,,0.94,0.06,0.6911764705882353,0.14,0.88,0.8999999999999999,0.855751893256401,0.9663999999999999,0.9889410942750918,0.30430290985931435,0.17840116385259008,0.08752120405435561,,,,,,,"[[47,3],[21,129]]",0.8999999999999999,False,True,False
results/vit_test/stop3b_imbalance_decoupling_spider_target_minority_vit_nicme_hybrid_seed42_04-28_16-14/metrics_20260428_161407_nicme_hybrid.json,results/vit_test/stop3b_imbalance_decoupling_spider_target_minority_vit_nicme_hybrid_seed42_04-28_16-14,spider_target_minority,vit,nicme_hybrid,42,calibrated_cost_min,black_widow,0.95,0.75,balanced_accuracy,,"[[0.0,10.0],[1.0,0.0]]","{""0"":0.25,""1"":0.75}",0.027500000000000004,0.027500000000000004,0.275,,1.0,0.0,0.47619047619047616,0.36666666666666664,0.725,0.8166666666666667,0.7103357472021066,0.9663999999999999,0.9889410942750918,0.2525247307853227,0.1618974353752235,0.04277683343708525,0.55,,,,,,"[[50,0],[55,95]]",0.8166666666666667,True,True,True
results/vit_test/stop3b_imbalance_decoupling_spider_target_minority_vit_nicme_hybrid_seed42_04-28_16-14/metrics_20260428_161407_nicme_hybrid.json,results/vit_test/stop3b_imbalance_decoupling_spider_target_minority_vit_nicme_hybrid_seed42_04-28_16-14,spider_target_minority,vit,nicme_hybrid,42,calibrated_threshold,black_widow,0.95,0.75,balanced_accuracy,,"[[0.0,10.0],[1.0,0.0]]","{""0"":0.25,""1"":0.75}",0.028000000000000004,0.028000000000000004,0.28,,1.0,0.0,0.4716981132075472,0.37333333333333335,0.72,0.8133333333333334,0.7057587221521648,0.9663999999999999,0.9889410942750918,0.2525247307853227,0.1618974353752235,0.04277683343708525,0.55,0.0892685008995233,0.0225,1.0,0.85,0.0225,"[[50,0],[56,94]]",0.8133333333333334,True,True,True
results/vit_test/stop3b_imbalance_decoupling_spider_target_minority_vit_ce_seed43_04-28_16-15/metrics_20260428_161527_ce.json,results/vit_test/stop3b_imbalance_decoupling_spider_target_minority_vit_ce_seed43_04-28_16-15,spider_target_minority,vit,ce,43,argmax,black_widow,0.95,0.75,balanced_accuracy,,"[[0.0,10.0],[1.0,0.0]]","{""0"":0.25,""1"":0.75}",0.24489999999999995,0.0685,0.685,,0.74,0.26,0.8409090909090909,0.04666666666666667,0.9,0.8466666666666667,0.8609372827145043,0.9640000000000001,0.9879259296937988,0.24115669038735443,0.14493698628644347,0.042874352931976334,,,,,,,"[[37,13],[7,143]]",0.8466666666666667,False,True,False
results/vit_test/stop3b_imbalance_decoupling_spider_target_minority_vit_ce_seed43_04-28_16-15/metrics_20260428_161527_ce.json,results/vit_test/stop3b_imbalance_decoupling_spider_target_minority_vit_ce_seed43_04-28_16-15,spider_target_minority,vit,ce,43,calibrated_cost_min,black_widow,0.95,0.75,balanced_accuracy,,"[[0.0,10.0],[1.0,0.0]]","{""0"":0.25,""1"":0.75}",0.032599999999999976,0.028999999999999998,0.29,,0.92,0.08,0.71875,0.12,0.89,0.9,0.8650472334682862,0.9640000000000001,0.9879259296937988,0.24115669054865954,0.1449369847378643,0.04287434941479352,1.0,,,,,,"[[46,4],[18,132]]",0.9,False,True,False
results/vit_test/stop3b_imbalance_decoupling_spider_target_minority_vit_ce_seed43_04-28_16-15/metrics_20260428_161527_ce.json,results/vit_test/stop3b_imbalance_decoupling_spider_target_minority_vit_ce_seed43_04-28_16-15,spider_target_minority,vit,ce,43,calibrated_threshold,black_widow,0.95,0.75,balanced_accuracy,,"[[0.0,10.0],[1.0,0.0]]","{""0"":0.25,""1"":0.75}",0.026500000000000003,0.026500000000000003,0.265,,0.96,0.04,0.5925925925925926,0.22,0.825,0.87,0.8013564516586736,0.9640000000000001,0.9879259296937988,0.24115669054865954,0.1449369847378643,0.04287434941479352,1.0,0.04989544214430312,0.016,0.98,0.9166666666666667,0.016,"[[48,2],[33,117]]",0.87,True,True,True
results/vit_test/stop3b_imbalance_decoupling_spider_target_minority_vit_ce_calibrated_cost_min_seed43_04-28_16-16/metrics_20260428_161637_ce_calibrated_cost_min.json,results/vit_test/stop3b_imbalance_decoupling_spider_target_minority_vit_ce_calibrated_cost_min_seed43_04-28_16-16,spider_target_minority,vit,ce_calibrated_cost_min,43,argmax,black_widow,0.95,0.75,balanced_accuracy,,"[[0.0,10.0],[1.0,0.0]]","{""0"":0.25,""1"":0.75}",0.09489999999999998,0.0465,0.465,,0.84,0.16,0.7636363636363637,0.08666666666666667,0.895,0.8766666666666667,0.864406779661017,0.9596,0.9864352564920206,0.2434272540166183,0.1447281336136842,0.05112318247556684,,,,,,,"[[42,8],[13,137]]",0.8766666666666667,False,True,False
results/vit_test/stop3b_imbalance_decoupling_spider_target_minority_vit_ce_calibrated_cost_min_seed43_04-28_16-16/metrics_20260428_161637_ce_calibrated_cost_min.json,results/vit_test/stop3b_imbalance_decoupling_spider_target_minority_vit_ce_calibrated_cost_min_seed43_04-28_16-16,spider_target_minority,vit,ce_calibrated_cost_min,43,calibrated_cost_min,black_widow,0.95,0.75,balanced_accuracy,,"[[0.0,10.0],[1.0,0.0]]","{""0"":0.25,""1"":0.75}",0.0294,0.028999999999999998,0.29,,0.94,0.06,0.6266666666666667,0.18666666666666668,0.845,0.8766666666666667,0.8196363636363636,0.9596,0.9864352564920206,0.2378262591558009,0.14616979883189254,0.0320201131427225,0.8,,,,,,"[[47,3],[28,122]]",0.8766666666666667,False,True,False
results/vit_test/stop3b_imbalance_decoupling_spider_target_minority_vit_ce_calibrated_cost_min_seed43_04-28_16-16/metrics_20260428_161637_ce_calibrated_cost_min.json,results/vit_test/stop3b_imbalance_decoupling_spider_target_minority_vit_ce_calibrated_cost_min_seed43_04-28_16-16,spider_target_minority,vit,ce_calibrated_cost_min,43,calibrated_threshold,black_widow,0.95,0.75,balanced_accuracy,,"[[0.0,10.0],[1.0,0.0]]","{""0"":0.25,""1"":0.75}",0.020499999999999997,0.020499999999999997,0.205,,1.0,0.0,0.5494505494505495,0.2733333333333333,0.795,0.8633333333333333,0.7754593499274351,0.9596,0.9864352564920206,0.2378262591558009,0.14616979883189254,0.0320201131427225,0.8,0.04970453803232761,0.022,0.98,0.8766666666666667,0.022,"[[50,0],[41,109]]",0.8633333333333333,True,True,True
results/vit_test/stop3b_imbalance_decoupling_spider_target_minority_vit_menon_logit_adjusted_seed43_04-28_16-17/metrics_20260428_161756_menon_logit_adjusted.json,results/vit_test/stop3b_imbalance_decoupling_spider_target_minority_vit_menon_logit_adjusted_seed43_04-28_16-17,spider_target_minority,vit,menon_logit_adjusted,43,argmax,black_widow,0.95,0.75,balanced_accuracy,,"[[0.0,10.0],[1.0,0.0]]","{""0"":0.25,""1"":0.75}",0.07289999999999998,0.0405,0.405,,0.86,0.14,0.7962962962962963,0.07333333333333333,0.91,0.8933333333333333,0.8830561330561331,0.9648,0.988613002599999,0.25784304017842885,0.1451663415655705,0.03695830255746841,,,,,,,"[[43,7],[11,139]]",0.8933333333333333,False,True,False
results/vit_test/stop3b_imbalance_decoupling_spider_target_minority_vit_menon_logit_adjusted_seed43_04-28_16-17/metrics_20260428_161756_menon_logit_adjusted.json,results/vit_test/stop3b_imbalance_decoupling_spider_target_minority_vit_menon_logit_adjusted_seed43_04-28_16-17,spider_target_minority,vit,menon_logit_adjusted,43,calibrated_cost_min,black_widow,0.95,0.75,balanced_accuracy,,"[[0.0,10.0],[1.0,0.0]]","{""0"":0.25,""1"":0.75}",0.0225,0.0225,0.225,,0.96,0.04,0.6575342465753424,0.16666666666666666,0.865,0.8966666666666667,0.8415074403451616,0.9648,0.988613002599999,0.2609465229542201,0.14616154644147572,0.050433283843251034,0.95,,,,,,"[[48,2],[25,125]]",0.8966666666666667,True,True,True
results/vit_test/stop3b_imbalance_decoupling_spider_target_minority_vit_menon_logit_adjusted_seed43_04-28_16-17/metrics_20260428_161756_menon_logit_adjusted.json,results/vit_test/stop3b_imbalance_decoupling_spider_target_minority_vit_menon_logit_adjusted_seed43_04-28_16-17,spider_target_minority,vit,menon_logit_adjusted,43,calibrated_threshold,black_widow,0.95,0.75,balanced_accuracy,,"[[0.0,10.0],[1.0,0.0]]","{""0"":0.25,""1"":0.75}",0.024,0.024,0.24,,0.96,0.04,0.631578947368421,0.18666666666666668,0.85,0.8866666666666667,0.8262078554049357,0.9648,0.988613002599999,0.2609465229542201,0.14616154644147572,0.050433283843251034,0.95,0.08167065206590834,0.0115,1.0,0.9233333333333333,0.0115,"[[48,2],[28,122]]",0.8866666666666667,True,True,True
results/vit_test/stop3b_imbalance_decoupling_spider_target_minority_vit_cs_regularized_ce_seed43_04-28_16-18/metrics_20260428_161858_cs_regularized_ce.json,results/vit_test/stop3b_imbalance_decoupling_spider_target_minority_vit_cs_regularized_ce_seed43_04-28_16-18,spider_target_minority,vit,cs_regularized_ce,43,argmax,black_widow,0.95,0.75,balanced_accuracy,,"[[0.0,10.0],[1.0,0.0]]","{""0"":0.25,""1"":0.75}",0.023,0.023,0.23,,0.96,0.04,0.6486486486486487,0.17333333333333334,0.86,0.8933333333333333,0.8363721365123888,0.9594666666666667,0.9869209552631003,0.2940545573218525,0.18378158616600157,0.08528996050357816,,,,,,,"[[48,2],[26,124]]",0.8933333333333333,True,True,True
results/vit_test/stop3b_imbalance_decoupling_spider_target_minority_vit_cs_regularized_ce_seed43_04-28_16-18/metrics_20260428_161858_cs_regularized_ce.json,results/vit_test/stop3b_imbalance_decoupling_spider_target_minority_vit_cs_regularized_ce_seed43_04-28_16-18,spider_target_minority,vit,cs_regularized_ce,43,calibrated_cost_min,black_widow,0.95,0.75,balanced_accuracy,,"[[0.0,10.0],[1.0,0.0]]","{""0"":0.25,""1"":0.75}",0.020999999999999998,0.020999999999999998,0.21,,1.0,0.0,0.5434782608695652,0.28,0.79,0.86,0.7707173272191287,0.9594666666666667,0.9869209552631003,0.28041384743960174,0.18558594651978713,0.06640098844070219,0.75,,,,,,"[[50,0],[42,108]]",0.86,True,True,True
results/vit_test/stop3b_imbalance_decoupling_spider_target_minority_vit_cs_regularized_ce_seed43_04-28_16-18/metrics_20260428_161858_cs_regularized_ce.json,results/vit_test/stop3b_imbalance_decoupling_spider_target_minority_vit_cs_regularized_ce_seed43_04-28_16-18,spider_target_minority,vit,cs_regularized_ce,43,calibrated_threshold,black_widow,0.95,0.75,balanced_accuracy,,"[[0.0,10.0],[1.0,0.0]]","{""0"":0.25,""1"":0.75}",0.0245,0.0245,0.245,,1.0,0.0,0.5050505050505051,0.32666666666666666,0.755,0.8366666666666667,0.7379609080456697,0.9594666666666667,0.9869209552631003,0.28041384743960174,0.18558594651978713,0.06640098844070219,0.75,0.06260194850592424,0.019,1.0,0.8733333333333333,0.019,"[[50,0],[49,101]]",0.8366666666666667,True,True,True
results/vit_test/stop3b_imbalance_decoupling_spider_target_minority_vit_nicme_logit_adjustment_seed43_04-28_16-19/metrics_20260428_162000_nicme_logit_adjustment.json,results/vit_test/stop3b_imbalance_decoupling_spider_target_minority_vit_nicme_logit_adjustment_seed43_04-28_16-19,spider_target_minority,vit,nicme_logit_adjustment,43,argmax,black_widow,0.95,0.75,balanced_accuracy,,"[[0.0,10.0],[1.0,0.0]]","{""0"":0.25,""1"":0.75}",0.03659999999999998,0.033,0.33,,0.92,0.08,0.6388888888888888,0.17333333333333334,0.85,0.8733333333333333,0.8230923457954947,0.9565333333333333,0.9845513064887368,0.3513791193281432,0.21030770224487683,0.1245974612236023,,,,,,,"[[46,4],[26,124]]",0.8733333333333333,False,True,False
results/vit_test/stop3b_imbalance_decoupling_spider_target_minority_vit_nicme_logit_adjustment_seed43_04-28_16-19/metrics_20260428_162000_nicme_logit_adjustment.json,results/vit_test/stop3b_imbalance_decoupling_spider_target_minority_vit_nicme_logit_adjustment_seed43_04-28_16-19,spider_target_minority,vit,nicme_logit_adjustment,43,calibrated_cost_min,black_widow,0.95,0.75,balanced_accuracy,,"[[0.0,10.0],[1.0,0.0]]","{""0"":0.25,""1"":0.75}",0.031,0.031,0.31,,0.98,0.02,0.48514851485148514,0.3466666666666667,0.735,0.8166666666666667,0.7180776084470331,0.9565333333333333,0.9845513064887368,0.2855825257988127,0.18429979499029364,0.07608818287083506,0.5,,,,,,"[[49,1],[52,98]]",0.8166666666666667,True,True,True
results/vit_test/stop3b_imbalance_decoupling_spider_target_minority_vit_nicme_logit_adjustment_seed43_04-28_16-19/metrics_20260428_162000_nicme_logit_adjustment.json,results/vit_test/stop3b_imbalance_decoupling_spider_target_minority_vit_nicme_logit_adjustment_seed43_04-28_16-19,spider_target_minority,vit,nicme_logit_adjustment,43,calibrated_threshold,black_widow,0.95,0.75,balanced_accuracy,,"[[0.0,10.0],[1.0,0.0]]","{""0"":0.25,""1"":0.75}",0.028499999999999998,0.028499999999999998,0.285,,0.98,0.02,0.5104166666666666,0.31333333333333335,0.76,0.8333333333333333,0.7411282493797864,0.9565333333333333,0.9845513064887368,0.2855825257988127,0.18429979499029364,0.07608818287083506,0.5,0.15341102511892452,0.03,0.96,0.8466666666666667,0.03,"[[49,1],[47,103]]",0.8333333333333333,True,True,True
results/vit_test/stop3b_imbalance_decoupling_spider_target_minority_vit_nicme_hybrid_seed43_04-28_16-21/metrics_20260428_162140_nicme_hybrid.json,results/vit_test/stop3b_imbalance_decoupling_spider_target_minority_vit_nicme_hybrid_seed43_04-28_16-21,spider_target_minority,vit,nicme_hybrid,43,argmax,black_widow,0.95,0.75,balanced_accuracy,,"[[0.0,10.0],[1.0,0.0]]","{""0"":0.25,""1"":0.75}",0.041999999999999975,0.032,0.32,,0.9,0.1,0.7627118644067796,0.09333333333333334,0.905,0.9033333333333333,0.8801979885872819,0.9692,0.9902026559458998,0.23245108269153886,0.13952421732369644,0.058112497925758386,,,,,,,"[[45,5],[14,136]]",0.9033333333333333,False,True,False
results/vit_test/stop3b_imbalance_decoupling_spider_target_minority_vit_nicme_hybrid_seed43_04-28_16-21/metrics_20260428_162140_nicme_hybrid.json,results/vit_test/stop3b_imbalance_decoupling_spider_target_minority_vit_nicme_hybrid_seed43_04-28_16-21,spider_target_minority,vit,nicme_hybrid,43,calibrated_cost_min,black_widow,0.95,0.75,balanced_accuracy,,"[[0.0,10.0],[1.0,0.0]]","{""0"":0.25,""1"":0.75}",0.0155,0.0155,0.155,,1.0,0.0,0.6172839506172839,0.20666666666666667,0.845,0.8966666666666667,0.8240585714691109,0.9692,0.9902026559458998,0.23051670713004388,0.14067028786132424,0.06149146724777978,0.9,,,,,,"[[50,0],[31,119]]",0.8966666666666667,True,True,True
results/vit_test/stop3b_imbalance_decoupling_spider_target_minority_vit_nicme_hybrid_seed43_04-28_16-21/metrics_20260428_162140_nicme_hybrid.json,results/vit_test/stop3b_imbalance_decoupling_spider_target_minority_vit_nicme_hybrid_seed43_04-28_16-21,spider_target_minority,vit,nicme_hybrid,43,calibrated_threshold,black_widow,0.95,0.75,balanced_accuracy,,"[[0.0,10.0],[1.0,0.0]]","{""0"":0.25,""1"":0.75}",0.0155,0.0155,0.155,,1.0,0.0,0.6172839506172839,0.20666666666666667,0.845,0.8966666666666667,0.8240585714691109,0.9692,0.9902026559458998,0.23051670713004388,0.14067028786132424,0.06149146724777978,0.9,0.08645539559106527,0.013000000000000001,1.0,0.9133333333333333,0.013000000000000001,"[[50,0],[31,119]]",0.8966666666666667,True,True,True
results/vit_test/stop3b_imbalance_decoupling_spider_target_minority_vit_ce_seed44_04-28_16-22/metrics_20260428_162304_ce.json,results/vit_test/stop3b_imbalance_decoupling_spider_target_minority_vit_ce_seed44_04-28_16-22,spider_target_minority,vit,ce,44,argmax,black_widow,0.95,0.75,balanced_accuracy,,"[[0.0,10.0],[1.0,0.0]]","{""0"":0.25,""1"":0.75}",0.07539999999999997,0.043,0.43,,0.86,0.14,0.7288135593220338,0.10666666666666667,0.885,0.8766666666666667,0.8549765125003941,0.9618666666666666,0.9870504738924692,0.2889717448448762,0.1779212046249573,0.06916353553533552,,,,,,,"[[43,7],[16,134]]",0.8766666666666667,False,True,False
results/vit_test/stop3b_imbalance_decoupling_spider_target_minority_vit_ce_seed44_04-28_16-22/metrics_20260428_162304_ce.json,results/vit_test/stop3b_imbalance_decoupling_spider_target_minority_vit_ce_seed44_04-28_16-22,spider_target_minority,vit,ce,44,calibrated_cost_min,black_widow,0.95,0.75,balanced_accuracy,,"[[0.0,10.0],[1.0,0.0]]","{""0"":0.25,""1"":0.75}",0.0294,0.028999999999999998,0.29,,0.94,0.06,0.6266666666666667,0.18666666666666668,0.845,0.8766666666666667,0.8196363636363636,0.9618666666666666,0.9870504738924692,0.2853041245938229,0.1759687712739977,0.06714986925524777,1.05,,,,,,"[[47,3],[28,122]]",0.8766666666666667,False,True,False
results/vit_test/stop3b_imbalance_decoupling_spider_target_minority_vit_ce_seed44_04-28_16-22/metrics_20260428_162304_ce.json,results/vit_test/stop3b_imbalance_decoupling_spider_target_minority_vit_ce_seed44_04-28_16-22,spider_target_minority,vit,ce,44,calibrated_threshold,black_widow,0.95,0.75,balanced_accuracy,,"[[0.0,10.0],[1.0,0.0]]","{""0"":0.25,""1"":0.75}",0.04749999999999997,0.0375,0.375,,0.9,0.1,0.6428571428571429,0.16666666666666666,0.85,0.8666666666666667,0.8214285714285714,0.9618666666666666,0.9870504738924692,0.2853041245938229,0.1759687712739977,0.06714986925524777,1.05,0.14076822186181545,0.0165,0.98,0.9133333333333333,0.0165,"[[45,5],[25,125]]",0.8666666666666667,False,True,False
results/vit_test/stop3b_imbalance_decoupling_spider_target_minority_vit_ce_calibrated_cost_min_seed44_04-28_16-24/metrics_20260428_162409_ce_calibrated_cost_min.json,results/vit_test/stop3b_imbalance_decoupling_spider_target_minority_vit_ce_calibrated_cost_min_seed44_04-28_16-24,spider_target_minority,vit,ce_calibrated_cost_min,44,argmax,black_widow,0.95,0.75,balanced_accuracy,,"[[0.0,10.0],[1.0,0.0]]","{""0"":0.25,""1"":0.75}",0.04599999999999997,0.036,0.36,,0.9,0.1,0.6716417910447762,0.14666666666666667,0.865,0.8766666666666667,0.8369122044033706,0.9382666666666667,0.9764480174621607,0.3187485187829557,0.1963216887106332,0.08287934273481369,,,,,,,"[[45,5],[22,128]]",0.8766666666666667,False,True,False
results/vit_test/stop3b_imbalance_decoupling_spider_target_minority_vit_ce_calibrated_cost_min_seed44_04-28_16-24/metrics_20260428_162409_ce_calibrated_cost_min.json,results/vit_test/stop3b_imbalance_decoupling_spider_target_minority_vit_ce_calibrated_cost_min_seed44_04-28_16-24,spider_target_minority,vit,ce_calibrated_cost_min,44,calibrated_cost_min,black_widow,0.95,0.75,balanced_accuracy,,"[[0.0,10.0],[1.0,0.0]]","{""0"":0.25,""1"":0.75}",0.0389,0.0385,0.385,,0.94,0.06,0.5,0.31333333333333335,0.75,0.8133333333333332,0.7287326388888888,0.9382666666666667,0.9764480174621607,0.3156034503210446,0.19812642010863768,0.047002487657791726,0.8,,,,,,"[[47,3],[47,103]]",0.8133333333333332,False,True,False
results/vit_test/stop3b_imbalance_decoupling_spider_target_minority_vit_ce_calibrated_cost_min_seed44_04-28_16-24/metrics_20260428_162409_ce_calibrated_cost_min.json,results/vit_test/stop3b_imbalance_decoupling_spider_target_minority_vit_ce_calibrated_cost_min_seed44_04-28_16-24,spider_target_minority,vit,ce_calibrated_cost_min,44,calibrated_threshold,black_widow,0.95,0.75,balanced_accuracy,,"[[0.0,10.0],[1.0,0.0]]","{""0"":0.25,""1"":0.75}",0.039099999999999975,0.0355,0.355,,0.92,0.08,0.5974025974025974,0.20666666666666667,0.825,0.8566666666666667,0.7981021603068847,0.9382666666666667,0.9764480174621607,0.3156034503210446,0.19812642010863768,0.047002487657791726,0.8,0.25835349669406865,0.025500000000000002,0.96,0.8766666666666667,0.025500000000000002,"[[46,4],[31,119]]",0.8566666666666667,False,True,False
results/vit_test/stop3b_imbalance_decoupling_spider_target_minority_vit_menon_logit_adjusted_seed44_04-28_16-25/metrics_20260428_162530_menon_logit_adjusted.json,results/vit_test/stop3b_imbalance_decoupling_spider_target_minority_vit_menon_logit_adjusted_seed44_04-28_16-25,spider_target_minority,vit,menon_logit_adjusted,44,argmax,black_widow,0.95,0.75,balanced_accuracy,,"[[0.0,10.0],[1.0,0.0]]","{""0"":0.25,""1"":0.75}",0.032099999999999976,0.028499999999999998,0.285,,0.92,0.08,0.7301587301587301,0.11333333333333333,0.895,0.9033333333333333,0.8704942801640406,0.9732,0.9915902055801064,0.26811625682092016,0.1541938162248574,0.03162895023822784,,,,,,,"[[46,4],[17,133]]",0.9033333333333333,False,True,False
results/vit_test/stop3b_imbalance_decoupling_spider_target_minority_vit_menon_logit_adjusted_seed44_04-28_16-25/metrics_20260428_162530_menon_logit_adjusted.json,results/vit_test/stop3b_imbalance_decoupling_spider_target_minority_vit_menon_logit_adjusted_seed44_04-28_16-25,spider_target_minority,vit,menon_logit_adjusted,44,calibrated_cost_min,black_widow,0.95,0.75,balanced_accuracy,,"[[0.0,10.0],[1.0,0.0]]","{""0"":0.25,""1"":0.75}",0.0155,0.0155,0.155,,1.0,0.0,0.6172839506172839,0.20666666666666667,0.845,0.8966666666666667,0.8240585714691109,0.9732,0.9915902055801064,0.2756028264970825,0.15668044275467,0.04356159252716135,0.9,,,,,,"[[50,0],[31,119]]",0.8966666666666667,True,True,True
results/vit_test/stop3b_imbalance_decoupling_spider_target_minority_vit_menon_logit_adjusted_seed44_04-28_16-25/metrics_20260428_162530_menon_logit_adjusted.json,results/vit_test/stop3b_imbalance_decoupling_spider_target_minority_vit_menon_logit_adjusted_seed44_04-28_16-25,spider_target_minority,vit,menon_logit_adjusted,44,calibrated_threshold,black_widow,0.95,0.75,balanced_accuracy,,"[[0.0,10.0],[1.0,0.0]]","{""0"":0.25,""1"":0.75}",0.010499999999999999,0.010499999999999999,0.105,,1.0,0.0,0.704225352112676,0.14,0.895,0.9299999999999999,0.8755887318937172,0.9732,0.9915902055801064,0.2756028264970825,0.15668044275467,0.04356159252716135,0.9,0.2052092076904136,0.0095,1.0,0.9366666666666666,0.0095,"[[50,0],[21,129]]",0.9299999999999999,True,True,True
results/vit_test/stop3b_imbalance_decoupling_spider_target_minority_vit_cs_regularized_ce_seed44_04-28_16-26/metrics_20260428_162637_cs_regularized_ce.json,results/vit_test/stop3b_imbalance_decoupling_spider_target_minority_vit_cs_regularized_ce_seed44_04-28_16-26,spider_target_minority,vit,cs_regularized_ce,44,argmax,black_widow,0.95,0.75,balanced_accuracy,,"[[0.0,10.0],[1.0,0.0]]","{""0"":0.25,""1"":0.75}",0.1479999999999999,0.057999999999999996,0.58,,0.8,0.2,0.7142857142857143,0.10666666666666667,0.87,0.8466666666666667,0.8331408034912079,0.9381333333333333,0.9775146265932712,0.2972818025027722,0.18186908785251166,0.05499297261238095,,,,,,,"[[40,10],[16,134]]",0.8466666666666667,False,True,False
results/vit_test/stop3b_imbalance_decoupling_spider_target_minority_vit_cs_regularized_ce_seed44_04-28_16-26/metrics_20260428_162637_cs_regularized_ce.json,results/vit_test/stop3b_imbalance_decoupling_spider_target_minority_vit_cs_regularized_ce_seed44_04-28_16-26,spider_target_minority,vit,cs_regularized_ce,44,calibrated_cost_min,black_widow,0.95,0.75,balanced_accuracy,,"[[0.0,10.0],[1.0,0.0]]","{""0"":0.25,""1"":0.75}",0.04799999999999997,0.038,0.38,,0.9,0.1,0.6338028169014085,0.17333333333333334,0.845,0.8633333333333333,0.8163452708907255,0.9381333333333334,0.9775146265932708,0.30211797749289676,0.1876179783752411,0.0536120997651623,0.75,,,,,,"[[45,5],[26,124]]",0.8633333333333333,False,True,False
results/vit_test/stop3b_imbalance_decoupling_spider_target_minority_vit_cs_regularized_ce_seed44_04-28_16-26/metrics_20260428_162637_cs_regularized_ce.json,results/vit_test/stop3b_imbalance_decoupling_spider_target_minority_vit_cs_regularized_ce_seed44_04-28_16-26,spider_target_minority,vit,cs_regularized_ce,44,calibrated_threshold,black_widow,0.95,0.75,balanced_accuracy,,"[[0.0,10.0],[1.0,0.0]]","{""0"":0.25,""1"":0.75}",0.04799999999999997,0.038,0.38,,0.9,0.1,0.6338028169014085,0.17333333333333334,0.845,0.8633333333333333,0.8163452708907255,0.9381333333333334,0.9775146265932708,0.30211797749289676,0.1876179783752411,0.0536120997651623,0.75,0.09356190759109004,0.025500000000000002,0.96,0.8766666666666667,0.025500000000000002,"[[45,5],[26,124]]",0.8633333333333333,False,True,False
results/vit_test/stop3b_imbalance_decoupling_spider_target_minority_vit_nicme_logit_adjustment_seed44_04-28_16-27/metrics_20260428_162746_nicme_logit_adjustment.json,results/vit_test/stop3b_imbalance_decoupling_spider_target_minority_vit_nicme_logit_adjustment_seed44_04-28_16-27,spider_target_minority,vit,nicme_logit_adjustment,44,argmax,black_widow,0.95,0.75,balanced_accuracy,,"[[0.0,10.0],[1.0,0.0]]","{""0"":0.25,""1"":0.75}",0.0214,0.020999999999999998,0.21,,0.94,0.06,0.7966101694915254,0.08,0.925,0.9299999999999999,0.90541946467417,0.9677333333333334,0.9899277148391672,0.2521211029152583,0.13946060058348614,0.08239114731550218,,,,,,,"[[47,3],[12,138]]",0.9299999999999999,False,True,False
results/vit_test/stop3b_imbalance_decoupling_spider_target_minority_vit_nicme_logit_adjustment_seed44_04-28_16-27/metrics_20260428_162746_nicme_logit_adjustment.json,results/vit_test/stop3b_imbalance_decoupling_spider_target_minority_vit_nicme_logit_adjustment_seed44_04-28_16-27,spider_target_minority,vit,nicme_logit_adjustment,44,calibrated_cost_min,black_widow,0.95,0.75,balanced_accuracy,,"[[0.0,10.0],[1.0,0.0]]","{""0"":0.25,""1"":0.75}",0.02,0.02,0.2,,1.0,0.0,0.5555555555555556,0.26666666666666666,0.8,0.8666666666666667,0.7802197802197801,0.9677333333333334,0.9899277148391672,0.21487310772536475,0.12790264983590668,0.035028953399638456,0.6,,,,,,"[[50,0],[40,110]]",0.8666666666666667,True,True,True
results/vit_test/stop3b_imbalance_decoupling_spider_target_minority_vit_nicme_logit_adjustment_seed44_04-28_16-27/metrics_20260428_162746_nicme_logit_adjustment.json,results/vit_test/stop3b_imbalance_decoupling_spider_target_minority_vit_nicme_logit_adjustment_seed44_04-28_16-27,spider_target_minority,vit,nicme_logit_adjustment,44,calibrated_threshold,black_widow,0.95,0.75,balanced_accuracy,,"[[0.0,10.0],[1.0,0.0]]","{""0"":0.25,""1"":0.75}",0.020499999999999997,0.020499999999999997,0.205,,1.0,0.0,0.5494505494505495,0.2733333333333333,0.795,0.8633333333333333,0.7754593499274351,0.9677333333333334,0.9899277148391672,0.21487310772536475,0.12790264983590668,0.035028953399638456,0.6,0.07285650476069411,0.0155,1.0,0.8966666666666667,0.0155,"[[50,0],[41,109]]",0.8633333333333333,True,True,True
results/vit_test/stop3b_imbalance_decoupling_spider_target_minority_vit_nicme_hybrid_seed44_04-28_16-28/metrics_20260428_162840_nicme_hybrid.json,results/vit_test/stop3b_imbalance_decoupling_spider_target_minority_vit_nicme_hybrid_seed44_04-28_16-28,spider_target_minority,vit,nicme_hybrid,44,argmax,black_widow,0.95,0.75,balanced_accuracy,,"[[0.0,10.0],[1.0,0.0]]","{""0"":0.25,""1"":0.75}",0.03509999999999998,0.0315,0.315,,0.92,0.08,0.6666666666666666,0.15333333333333332,0.865,0.8833333333333333,0.8385119172224049,0.9556,0.9850888053119781,0.5457210914877928,0.3568718182348135,0.2726220637559891,,,,,,,"[[46,4],[23,127]]",0.8833333333333333,False,True,False
results/vit_test/stop3b_imbalance_decoupling_spider_target_minority_vit_nicme_hybrid_seed44_04-28_16-28/metrics_20260428_162840_nicme_hybrid.json,results/vit_test/stop3b_imbalance_decoupling_spider_target_minority_vit_nicme_hybrid_seed44_04-28_16-28,spider_target_minority,vit,nicme_hybrid,44,calibrated_cost_min,black_widow,0.95,0.75,balanced_accuracy,,"[[0.0,10.0],[1.0,0.0]]","{""0"":0.25,""1"":0.75}",0.13321111111111109,0.074,0.74,,1.0,0.0,0.25252525252525254,0.9866666666666667,0.26,0.5066666666666667,0.21477079796264859,0.9556,0.9850888053119781,0.4458616483986562,0.27315994109974673,0.1947273843806462,0.5,,,,,,"[[50,0],[148,2]]",0.5066666666666667,True,False,False
results/vit_test/stop3b_imbalance_decoupling_spider_target_minority_vit_nicme_hybrid_seed44_04-28_16-28/metrics_20260428_162840_nicme_hybrid.json,results/vit_test/stop3b_imbalance_decoupling_spider_target_minority_vit_nicme_hybrid_seed44_04-28_16-28,spider_target_minority,vit,nicme_hybrid,44,calibrated_threshold,black_widow,0.95,0.75,balanced_accuracy,,"[[0.0,10.0],[1.0,0.0]]","{""0"":0.25,""1"":0.75}",0.025500000000000002,0.025500000000000002,0.255,,0.98,0.02,0.5444444444444444,0.2733333333333333,0.79,0.8533333333333333,0.7692307692307692,0.9556,0.9850888053119781,0.4458616483986562,0.27315994109974673,0.1947273843806462,0.5,0.41917722825661835,0.0324,0.94,0.8566666666666667,0.032,"[[49,1],[41,109]]",0.8533333333333333,True,True,True
results/timm_dinov3_vit_lora_test/stop3b_imbalance_decoupling_spider_target_minority_timm_dinov3_vit_lora_ce_seed42_04-28_16-29/metrics_20260428_162920_ce.json,results/timm_dinov3_vit_lora_test/stop3b_imbalance_decoupling_spider_target_minority_timm_dinov3_vit_lora_ce_seed42_04-28_16-29,spider_target_minority,timm_dinov3_vit_lora,ce,42,argmax,black_widow,0.95,0.75,balanced_accuracy,,"[[0.0,10.0],[1.0,0.0]]","{""0"":0.25,""1"":0.75}",3.9225,0.25,2.5,,0.0,1.0,0.0,0.0,0.75,0.5,0.42857142857142855,0.7018666666666667,0.8782662904715559,0.6591415866656465,0.46605352511854903,0.21671783864498134,,,,,,,"[[0,50],[0,150]]",0.5,False,False,False
results/timm_dinov3_vit_lora_test/stop3b_imbalance_decoupling_spider_target_minority_timm_dinov3_vit_lora_ce_seed42_04-28_16-29/metrics_20260428_162920_ce.json,results/timm_dinov3_vit_lora_test/stop3b_imbalance_decoupling_spider_target_minority_timm_dinov3_vit_lora_ce_seed42_04-28_16-29,spider_target_minority,timm_dinov3_vit_lora,ce,42,calibrated_cost_min,black_widow,0.95,0.75,balanced_accuracy,,"[[0.0,10.0],[1.0,0.0]]","{""0"":0.25,""1"":0.75}",0.1375,0.075,0.75,,1.0,0.0,0.25,1.0,0.25,0.5,0.2,0.7018666666666667,0.8782662904715559,0.6296642031791285,0.4369425770436166,0.18375006691077211,0.5,,,,,,"[[50,0],[150,0]]",0.5,True,False,False
results/timm_dinov3_vit_lora_test/stop3b_imbalance_decoupling_spider_target_minority_timm_dinov3_vit_lora_ce_seed42_04-28_16-29/metrics_20260428_162920_ce.json,results/timm_dinov3_vit_lora_test/stop3b_imbalance_decoupling_spider_target_minority_timm_dinov3_vit_lora_ce_seed42_04-28_16-29,spider_target_minority,timm_dinov3_vit_lora,ce,42,calibrated_threshold,black_widow,0.95,0.75,balanced_accuracy,,"[[0.0,10.0],[1.0,0.0]]","{""0"":0.25,""1"":0.75}",0.07211111111111111,0.058499999999999996,0.585,,0.98,0.02,0.3141025641025641,0.7133333333333334,0.46,0.6333333333333333,0.4595135622059854,0.7018666666666667,0.8782662904715559,0.6296642031791285,0.4369425770436166,0.18375006691077211,0.5,0.4248963112393884,0.10611111111111113,0.94,0.5733333333333333,0.0745,"[[49,1],[107,43]]",0.6333333333333333,True,False,False
results/timm_dinov3_vit_lora_test/stop3b_imbalance_decoupling_spider_target_minority_timm_dinov3_vit_lora_ce_calibrated_cost_min_seed42_04-28_16-29/metrics_20260428_163001_ce_calibrated_cost_min.json,results/timm_dinov3_vit_lora_test/stop3b_imbalance_decoupling_spider_target_minority_timm_dinov3_vit_lora_ce_calibrated_cost_min_seed42_04-28_16-29,spider_target_minority,timm_dinov3_vit_lora,ce_calibrated_cost_min,42,argmax,black_widow,0.95,0.75,balanced_accuracy,,"[[0.0,10.0],[1.0,0.0]]","{""0"":0.25,""1"":0.75}",3.9225,0.25,2.5,,0.0,1.0,0.0,0.0,0.75,0.5,0.42857142857142855,0.7018666666666667,0.8782662904715559,0.6591415866656465,0.46605352511854903,0.21671783864498134,,,,,,,"[[0,50],[0,150]]",0.5,False,False,False
results/timm_dinov3_vit_lora_test/stop3b_imbalance_decoupling_spider_target_minority_timm_dinov3_vit_lora_ce_calibrated_cost_min_seed42_04-28_16-29/metrics_20260428_163001_ce_calibrated_cost_min.json,results/timm_dinov3_vit_lora_test/stop3b_imbalance_decoupling_spider_target_minority_timm_dinov3_vit_lora_ce_calibrated_cost_min_seed42_04-28_16-29,spider_target_minority,timm_dinov3_vit_lora,ce_calibrated_cost_min,42,calibrated_cost_min,black_widow,0.95,0.75,balanced_accuracy,,"[[0.0,10.0],[1.0,0.0]]","{""0"":0.25,""1"":0.75}",0.1375,0.075,0.75,,1.0,0.0,0.25,1.0,0.25,0.5,0.2,0.7018666666666667,0.8782662904715559,0.6296642031791285,0.4369425770436166,0.18375006691077211,0.5,,,,,,"[[50,0],[150,0]]",0.5,True,False,False
results/timm_dinov3_vit_lora_test/stop3b_imbalance_decoupling_spider_target_minority_timm_dinov3_vit_lora_ce_calibrated_cost_min_seed42_04-28_16-29/metrics_20260428_163001_ce_calibrated_cost_min.json,results/timm_dinov3_vit_lora_test/stop3b_imbalance_decoupling_spider_target_minority_timm_dinov3_vit_lora_ce_calibrated_cost_min_seed42_04-28_16-29,spider_target_minority,timm_dinov3_vit_lora,ce_calibrated_cost_min,42,calibrated_threshold,black_widow,0.95,0.75,balanced_accuracy,,"[[0.0,10.0],[1.0,0.0]]","{""0"":0.25,""1"":0.75}",0.07211111111111111,0.058499999999999996,0.585,,0.98,0.02,0.3141025641025641,0.7133333333333334,0.46,0.6333333333333333,0.4595135622059854,0.7018666666666667,0.8782662904715559,0.6296642031791285,0.4369425770436166,0.18375006691077211,0.5,0.4248963112393884,0.10611111111111113,0.94,0.5733333333333333,0.0745,"[[49,1],[107,43]]",0.6333333333333333,True,False,False
results/timm_dinov3_vit_lora_test/stop3b_imbalance_decoupling_spider_target_minority_timm_dinov3_vit_lora_menon_logit_adjusted_seed42_04-28_16-30/metrics_20260428_163055_menon_logit_adjusted.json,results/timm_dinov3_vit_lora_test/stop3b_imbalance_decoupling_spider_target_minority_timm_dinov3_vit_lora_menon_logit_adjusted_seed42_04-28_16-30,spider_target_minority,timm_dinov3_vit_lora,menon_logit_adjusted,42,argmax,black_widow,0.95,0.75,balanced_accuracy,,"[[0.0,10.0],[1.0,0.0]]","{""0"":0.25,""1"":0.75}",0.26699999999999996,0.089,0.89,,0.74,0.26,0.43529411764705883,0.32,0.695,0.71,0.6589797344514325,0.8056000000000001,0.9252560744254092,0.6739053076656859,0.48078186488630203,0.17752720832824703,,,,,,,"[[37,13],[48,102]]",0.71,False,False,False
results/timm_dinov3_vit_lora_test/stop3b_imbalance_decoupling_spider_target_minority_timm_dinov3_vit_lora_menon_logit_adjusted_seed42_04-28_16-30/metrics_20260428_163055_menon_logit_adjusted.json,results/timm_dinov3_vit_lora_test/stop3b_imbalance_decoupling_spider_target_minority_timm_dinov3_vit_lora_menon_logit_adjusted_seed42_04-28_16-30,spider_target_minority,timm_dinov3_vit_lora,menon_logit_adjusted,42,calibrated_cost_min,black_widow,0.95,0.75,balanced_accuracy,,"[[0.0,10.0],[1.0,0.0]]","{""0"":0.25,""1"":0.75}",0.1375,0.075,0.75,,1.0,0.0,0.25,1.0,0.25,0.5,0.2,0.8056000000000001,0.9252560744254092,0.6564154829291979,0.4634437879671563,0.16015734821324717,0.5,,,,,,"[[50,0],[150,0]]",0.5,True,False,False
results/timm_dinov3_vit_lora_test/stop3b_imbalance_decoupling_spider_target_minority_timm_dinov3_vit_lora_menon_logit_adjusted_seed42_04-28_16-30/metrics_20260428_163055_menon_logit_adjusted.json,results/timm_dinov3_vit_lora_test/stop3b_imbalance_decoupling_spider_target_minority_timm_dinov3_vit_lora_menon_logit_adjusted_seed42_04-28_16-30,spider_target_minority,timm_dinov3_vit_lora,menon_logit_adjusted,42,calibrated_threshold,black_widow,0.95,0.75,balanced_accuracy,,"[[0.0,10.0],[1.0,0.0]]","{""0"":0.25,""1"":0.75}",0.06484444444444445,0.05550000000000001,0.555,,0.98,0.02,0.32666666666666666,0.6733333333333333,0.49,0.6533333333333333,0.49,0.8056000000000001,0.9252560744254092,0.6564154829291979,0.4634437879671563,0.16015734821324717,0.5,0.46188942226691576,0.077,0.94,0.64,0.0645,"[[49,1],[101,49]]",0.6533333333333333,True,False,False
results/timm_dinov3_vit_lora_test/stop3b_imbalance_decoupling_spider_target_minority_timm_dinov3_vit_lora_cs_regularized_ce_seed42_04-28_16-31/metrics_20260428_163134_cs_regularized_ce.json,results/timm_dinov3_vit_lora_test/stop3b_imbalance_decoupling_spider_target_minority_timm_dinov3_vit_lora_cs_regularized_ce_seed42_04-28_16-31,spider_target_minority,timm_dinov3_vit_lora,cs_regularized_ce,42,argmax,black_widow,0.95,0.75,balanced_accuracy,,"[[0.0,10.0],[1.0,0.0]]","{""0"":0.25,""1"":0.75}",3.9225,0.25,2.5,,0.0,1.0,0.0,0.0,0.75,0.5,0.42857142857142855,0.7033333333333334,0.8790379618050732,0.6591861914018387,0.4660978569107397,0.2168179932236671,,,,,,,"[[0,50],[0,150]]",0.5,False,False,False
results/timm_dinov3_vit_lora_test/stop3b_imbalance_decoupling_spider_target_minority_timm_dinov3_vit_lora_cs_regularized_ce_seed42_04-28_16-31/metrics_20260428_163134_cs_regularized_ce.json,results/timm_dinov3_vit_lora_test/stop3b_imbalance_decoupling_spider_target_minority_timm_dinov3_vit_lora_cs_regularized_ce_seed42_04-28_16-31,spider_target_minority,timm_dinov3_vit_lora,cs_regularized_ce,42,calibrated_cost_min,black_widow,0.95,0.75,balanced_accuracy,,"[[0.0,10.0],[1.0,0.0]]","{""0"":0.25,""1"":0.75}",0.1375,0.075,0.75,,1.0,0.0,0.25,1.0,0.25,0.5,0.2,0.7033333333333334,0.8790379618050732,0.6297278832708685,0.43700455208097255,0.1839478603094129,0.5,,,,,,"[[50,0],[150,0]]",0.5,True,False,False
results/timm_dinov3_vit_lora_test/stop3b_imbalance_decoupling_spider_target_minority_timm_dinov3_vit_lora_cs_regularized_ce_seed42_04-28_16-31/metrics_20260428_163134_cs_regularized_ce.json,results/timm_dinov3_vit_lora_test/stop3b_imbalance_decoupling_spider_target_minority_timm_dinov3_vit_lora_cs_regularized_ce_seed42_04-28_16-31,spider_target_minority,timm_dinov3_vit_lora,cs_regularized_ce,42,calibrated_threshold,black_widow,0.95,0.75,balanced_accuracy,,"[[0.0,10.0],[1.0,0.0]]","{""0"":0.25,""1"":0.75}",0.09149999999999997,0.071,0.71,,0.92,0.08,0.3108108108108108,0.68,0.47,0.62,0.46994699469946993,0.7033333333333334,0.8790379618050732,0.6297278832708685,0.43700455208097255,0.1839478603094129,0.5,0.42595505412241036,0.10469999999999995,0.92,0.5900000000000001,0.0755,"[[46,4],[102,48]]",0.62,False,False,False
results/timm_dinov3_vit_lora_test/stop3b_imbalance_decoupling_spider_target_minority_timm_dinov3_vit_lora_nicme_logit_adjustment_seed42_04-28_16-33/metrics_20260428_163347_nicme_logit_adjustment.json,results/timm_dinov3_vit_lora_test/stop3b_imbalance_decoupling_spider_target_minority_timm_dinov3_vit_lora_nicme_logit_adjustment_seed42_04-28_16-33,spider_target_minority,timm_dinov3_vit_lora,nicme_logit_adjustment,42,argmax,black_widow,0.95,0.75,balanced_accuracy,,"[[0.0,10.0],[1.0,0.0]]","{""0"":0.25,""1"":0.75}",0.11660000000000001,0.049,0.49,,0.82,0.18,0.8367346938775511,0.05333333333333334,0.915,0.8833333333333333,0.8859022114836068,0.9729333333333333,0.9909904956983697,0.3879499078230434,0.22121747807523584,0.21533662647008892,,,,,,,"[[41,9],[8,142]]",0.8833333333333333,False,True,False
results/timm_dinov3_vit_lora_test/stop3b_imbalance_decoupling_spider_target_minority_timm_dinov3_vit_lora_nicme_logit_adjustment_seed42_04-28_16-33/metrics_20260428_163347_nicme_logit_adjustment.json,results/timm_dinov3_vit_lora_test/stop3b_imbalance_decoupling_spider_target_minority_timm_dinov3_vit_lora_nicme_logit_adjustment_seed42_04-28_16-33,spider_target_minority,timm_dinov3_vit_lora,nicme_logit_adjustment,42,calibrated_cost_min,black_widow,0.95,0.75,balanced_accuracy,,"[[0.0,10.0],[1.0,0.0]]","{""0"":0.25,""1"":0.75}",0.04667777777777777,0.0445,0.445,,1.0,0.0,0.3597122302158273,0.5933333333333334,0.555,0.7033333333333334,0.5536497906166152,0.9729333333333333,0.9909904956983697,0.2591392603592719,0.14300775424683923,0.10023629515257958,0.5,,,,,,"[[50,0],[89,61]]",0.7033333333333334,True,False,False
results/timm_dinov3_vit_lora_test/stop3b_imbalance_decoupling_spider_target_minority_timm_dinov3_vit_lora_nicme_logit_adjustment_seed42_04-28_16-33/metrics_20260428_163347_nicme_logit_adjustment.json,results/timm_dinov3_vit_lora_test/stop3b_imbalance_decoupling_spider_target_minority_timm_dinov3_vit_lora_nicme_logit_adjustment_seed42_04-28_16-33,spider_target_minority,timm_dinov3_vit_lora,nicme_logit_adjustment,42,calibrated_threshold,black_widow,0.95,0.75,balanced_accuracy,,"[[0.0,10.0],[1.0,0.0]]","{""0"":0.25,""1"":0.75}",0.038544444444444444,0.0385,0.385,,1.0,0.0,0.3937007874015748,0.5133333333333333,0.615,0.7433333333333334,0.6098401357959008,0.9729333333333333,0.9909904956983697,0.2591392603592719,0.14300775424683923,0.10023629515257958,0.5,0.11428001659653446,0.034499999999999996,1.0,0.77,0.034499999999999996,"[[50,0],[77,73]]",0.7433333333333334,True,False,False
results/timm_dinov3_vit_lora_test/stop3b_imbalance_decoupling_spider_target_minority_timm_dinov3_vit_lora_nicme_hybrid_seed42_04-28_16-34/metrics_20260428_163439_nicme_hybrid.json,results/timm_dinov3_vit_lora_test/stop3b_imbalance_decoupling_spider_target_minority_timm_dinov3_vit_lora_nicme_hybrid_seed42_04-28_16-34,spider_target_minority,timm_dinov3_vit_lora,nicme_hybrid,42,argmax,black_widow,0.95,0.75,balanced_accuracy,,"[[0.0,10.0],[1.0,0.0]]","{""0"":0.25,""1"":0.75}",0.1840999999999999,0.0685,0.685,,0.78,0.22,0.5909090909090909,0.18,0.81,0.8,0.7693054881010198,0.8856,0.9544930411259915,0.6798533171050721,0.4867102272539766,0.30188854664564135,,,,,,,"[[39,11],[27,123]]",0.8,False,True,False
results/timm_dinov3_vit_lora_test/stop3b_imbalance_decoupling_spider_target_minority_timm_dinov3_vit_lora_nicme_hybrid_seed42_04-28_16-34/metrics_20260428_163439_nicme_hybrid.json,results/timm_dinov3_vit_lora_test/stop3b_imbalance_decoupling_spider_target_minority_timm_dinov3_vit_lora_nicme_hybrid_seed42_04-28_16-34,spider_target_minority,timm_dinov3_vit_lora,nicme_hybrid,42,calibrated_cost_min,black_widow,0.95,0.75,balanced_accuracy,,"[[0.0,10.0],[1.0,0.0]]","{""0"":0.25,""1"":0.75}",0.1375,0.075,0.75,,1.0,0.0,0.25,1.0,0.25,0.5,0.2,0.8856,0.9544930411259915,0.6669749062222704,0.4738594978148874,0.29379023874119814,0.5,,,,,,"[[50,0],[150,0]]",0.5,True,False,False
results/timm_dinov3_vit_lora_test/stop3b_imbalance_decoupling_spider_target_minority_timm_dinov3_vit_lora_nicme_hybrid_seed42_04-28_16-34/metrics_20260428_163439_nicme_hybrid.json,results/timm_dinov3_vit_lora_test/stop3b_imbalance_decoupling_spider_target_minority_timm_dinov3_vit_lora_nicme_hybrid_seed42_04-28_16-34,spider_target_minority,timm_dinov3_vit_lora,nicme_hybrid,42,calibrated_threshold,black_widow,0.95,0.75,balanced_accuracy,,"[[0.0,10.0],[1.0,0.0]]","{""0"":0.25,""1"":0.75}",0.053677777777777776,0.051500000000000004,0.515,,0.96,0.04,0.366412213740458,0.5533333333333333,0.575,0.7033333333333334,0.5711294432251066,0.8856,0.9544930411259915,0.6669749062222704,0.4738594978148874,0.29379023874119814,0.5,0.4859034417631139,0.05117777777777778,0.94,0.7333333333333333,0.0505,"[[48,2],[83,67]]",0.7033333333333334,True,False,False
results/timm_dinov3_vit_lora_test/stop3b_imbalance_decoupling_spider_target_minority_timm_dinov3_vit_lora_ce_seed43_04-28_16-35/metrics_20260428_163522_ce.json,results/timm_dinov3_vit_lora_test/stop3b_imbalance_decoupling_spider_target_minority_timm_dinov3_vit_lora_ce_seed43_04-28_16-35,spider_target_minority,timm_dinov3_vit_lora,ce,43,argmax,black_widow,0.95,0.75,balanced_accuracy,,"[[0.0,10.0],[1.0,0.0]]","{""0"":0.25,""1"":0.75}",3.9225,0.25,2.5,,0.0,1.0,0.0,0.0,0.75,0.5,0.42857142857142855,0.7001333333333334,0.8774536712561428,0.6590351120344451,0.4659476668925878,0.21656711757183078,,,,,,,"[[0,50],[0,150]]",0.5,False,False,False
results/timm_dinov3_vit_lora_test/stop3b_imbalance_decoupling_spider_target_minority_timm_dinov3_vit_lora_ce_seed43_04-28_16-35/metrics_20260428_163522_ce.json,results/timm_dinov3_vit_lora_test/stop3b_imbalance_decoupling_spider_target_minority_timm_dinov3_vit_lora_ce_seed43_04-28_16-35,spider_target_minority,timm_dinov3_vit_lora,ce,43,calibrated_cost_min,black_widow,0.95,0.75,balanced_accuracy,,"[[0.0,10.0],[1.0,0.0]]","{""0"":0.25,""1"":0.75}",0.1375,0.075,0.75,,1.0,0.0,0.25,1.0,0.25,0.5,0.2,0.7001333333333334,0.8774536712561428,0.629491525514399,0.4367740012585998,0.1834527638817346,0.5,,,,,,"[[50,0],[150,0]]",0.5,True,False,False
results/timm_dinov3_vit_lora_test/stop3b_imbalance_decoupling_spider_target_minority_timm_dinov3_vit_lora_ce_seed43_04-28_16-35/metrics_20260428_163522_ce.json,results/timm_dinov3_vit_lora_test/stop3b_imbalance_decoupling_spider_target_minority_timm_dinov3_vit_lora_ce_seed43_04-28_16-35,spider_target_minority,timm_dinov3_vit_lora,ce,43,calibrated_threshold,black_widow,0.95,0.75,balanced_accuracy,,"[[0.0,10.0],[1.0,0.0]]","{""0"":0.25,""1"":0.75}",0.08617777777777777,0.068,0.68,,0.94,0.06,0.30718954248366015,0.7066666666666667,0.455,0.6166666666666667,0.4548773474031657,0.7001333333333334,0.8774536712561428,0.629491525514399,0.4367740012585998,0.1834527638817346,0.5,0.42481089330870847,0.10444444444444444,0.94,0.5766666666666667,0.074,"[[47,3],[106,44]]",0.6166666666666667,False,False,False
results/timm_dinov3_vit_lora_test/stop3b_imbalance_decoupling_spider_target_minority_timm_dinov3_vit_lora_ce_calibrated_cost_min_seed43_04-28_16-35/metrics_20260428_163603_ce_calibrated_cost_min.json,results/timm_dinov3_vit_lora_test/stop3b_imbalance_decoupling_spider_target_minority_timm_dinov3_vit_lora_ce_calibrated_cost_min_seed43_04-28_16-35,spider_target_minority,timm_dinov3_vit_lora,ce_calibrated_cost_min,43,argmax,black_widow,0.95,0.75,balanced_accuracy,,"[[0.0,10.0],[1.0,0.0]]","{""0"":0.25,""1"":0.75}",3.9225,0.25,2.5,,0.0,1.0,0.0,0.0,0.75,0.5,0.42857142857142855,0.7001333333333334,0.8774536712561428,0.6590351120344451,0.4659476668925878,0.21656711757183078,,,,,,,"[[0,50],[0,150]]",0.5,False,False,False
results/timm_dinov3_vit_lora_test/stop3b_imbalance_decoupling_spider_target_minority_timm_dinov3_vit_lora_ce_calibrated_cost_min_seed43_04-28_16-35/metrics_20260428_163603_ce_calibrated_cost_min.json,results/timm_dinov3_vit_lora_test/stop3b_imbalance_decoupling_spider_target_minority_timm_dinov3_vit_lora_ce_calibrated_cost_min_seed43_04-28_16-35,spider_target_minority,timm_dinov3_vit_lora,ce_calibrated_cost_min,43,calibrated_cost_min,black_widow,0.95,0.75,balanced_accuracy,,"[[0.0,10.0],[1.0,0.0]]","{""0"":0.25,""1"":0.75}",0.1375,0.075,0.75,,1.0,0.0,0.25,1.0,0.25,0.5,0.2,0.7001333333333334,0.8774536712561428,0.629491525514399,0.4367740012585998,0.1834527638817346,0.5,,,,,,"[[50,0],[150,0]]",0.5,True,False,False
results/timm_dinov3_vit_lora_test/stop3b_imbalance_decoupling_spider_target_minority_timm_dinov3_vit_lora_ce_calibrated_cost_min_seed43_04-28_16-35/metrics_20260428_163603_ce_calibrated_cost_min.json,results/timm_dinov3_vit_lora_test/stop3b_imbalance_decoupling_spider_target_minority_timm_dinov3_vit_lora_ce_calibrated_cost_min_seed43_04-28_16-35,spider_target_minority,timm_dinov3_vit_lora,ce_calibrated_cost_min,43,calibrated_threshold,black_widow,0.95,0.75,balanced_accuracy,,"[[0.0,10.0],[1.0,0.0]]","{""0"":0.25,""1"":0.75}",0.08617777777777777,0.068,0.68,,0.94,0.06,0.30718954248366015,0.7066666666666667,0.455,0.6166666666666667,0.4548773474031657,0.7001333333333334,0.8774536712561428,0.629491525514399,0.4367740012585998,0.1834527638817346,0.5,0.42481089330870847,0.10444444444444444,0.94,0.5766666666666667,0.074,"[[47,3],[106,44]]",0.6166666666666667,False,False,False
results/timm_dinov3_vit_lora_test/stop3b_imbalance_decoupling_spider_target_minority_timm_dinov3_vit_lora_menon_logit_adjusted_seed43_04-28_16-36/metrics_20260428_163654_menon_logit_adjusted.json,results/timm_dinov3_vit_lora_test/stop3b_imbalance_decoupling_spider_target_minority_timm_dinov3_vit_lora_menon_logit_adjusted_seed43_04-28_16-36,spider_target_minority,timm_dinov3_vit_lora,menon_logit_adjusted,43,argmax,black_widow,0.95,0.75,balanced_accuracy,,"[[0.0,10.0],[1.0,0.0]]","{""0"":0.25,""1"":0.75}",0.26699999999999996,0.089,0.89,,0.74,0.26,0.43529411764705883,0.32,0.695,0.71,0.6589797344514325,0.8045333333333333,0.9246489469121821,0.6736382584578717,0.4805154706370704,0.1774637398123741,,,,,,,"[[37,13],[48,102]]",0.71,False,False,False
results/timm_dinov3_vit_lora_test/stop3b_imbalance_decoupling_spider_target_minority_timm_dinov3_vit_lora_menon_logit_adjusted_seed43_04-28_16-36/metrics_20260428_163654_menon_logit_adjusted.json,results/timm_dinov3_vit_lora_test/stop3b_imbalance_decoupling_spider_target_minority_timm_dinov3_vit_lora_menon_logit_adjusted_seed43_04-28_16-36,spider_target_minority,timm_dinov3_vit_lora,menon_logit_adjusted,43,calibrated_cost_min,black_widow,0.95,0.75,balanced_accuracy,,"[[0.0,10.0],[1.0,0.0]]","{""0"":0.25,""1"":0.75}",0.1375,0.075,0.75,,1.0,0.0,0.25,1.0,0.25,0.5,0.2,0.8045333333333333,0.9246489469121821,0.6558959038725871,0.46292919170062097,0.1600316993748701,0.5,,,,,,"[[50,0],[150,0]]",0.5,True,False,False
results/timm_dinov3_vit_lora_test/stop3b_imbalance_decoupling_spider_target_minority_timm_dinov3_vit_lora_menon_logit_adjusted_seed43_04-28_16-36/metrics_20260428_163654_menon_logit_adjusted.json,results/timm_dinov3_vit_lora_test/stop3b_imbalance_decoupling_spider_target_minority_timm_dinov3_vit_lora_menon_logit_adjusted_seed43_04-28_16-36,spider_target_minority,timm_dinov3_vit_lora,menon_logit_adjusted,43,calibrated_threshold,black_widow,0.95,0.75,balanced_accuracy,,"[[0.0,10.0],[1.0,0.0]]","{""0"":0.25,""1"":0.75}",0.066,0.05600000000000001,0.56,,0.98,0.02,0.32450331125827814,0.68,0.485,0.65,0.4849871246781169,0.8045333333333333,0.9246489469121821,0.6558959038725871,0.46292919170062097,0.1600316993748701,0.5,0.4608619349028517,0.077,0.94,0.64,0.0645,"[[49,1],[102,48]]",0.65,True,False,False
results/timm_dinov3_vit_lora_test/stop3b_imbalance_decoupling_spider_target_minority_timm_dinov3_vit_lora_cs_regularized_ce_seed43_04-28_16-37/metrics_20260428_163733_cs_regularized_ce.json,results/timm_dinov3_vit_lora_test/stop3b_imbalance_decoupling_spider_target_minority_timm_dinov3_vit_lora_cs_regularized_ce_seed43_04-28_16-37,spider_target_minority,timm_dinov3_vit_lora,cs_regularized_ce,43,argmax,black_widow,0.95,0.75,balanced_accuracy,,"[[0.0,10.0],[1.0,0.0]]","{""0"":0.25,""1"":0.75}",3.9225,0.25,2.5,,0.0,1.0,0.0,0.0,0.75,0.5,0.42857142857142855,0.7022666666666667,0.8781950068216708,0.6590797900041051,0.4659920699236531,0.21666742146015167,,,,,,,"[[0,50],[0,150]]",0.5,False,False,False
results/timm_dinov3_vit_lora_test/stop3b_imbalance_decoupling_spider_target_minority_timm_dinov3_vit_lora_cs_regularized_ce_seed43_04-28_16-37/metrics_20260428_163733_cs_regularized_ce.json,results/timm_dinov3_vit_lora_test/stop3b_imbalance_decoupling_spider_target_minority_timm_dinov3_vit_lora_cs_regularized_ce_seed43_04-28_16-37,spider_target_minority,timm_dinov3_vit_lora,cs_regularized_ce,43,calibrated_cost_min,black_widow,0.95,0.75,balanced_accuracy,,"[[0.0,10.0],[1.0,0.0]]","{""0"":0.25,""1"":0.75}",0.1375,0.075,0.75,,1.0,0.0,0.25,1.0,0.25,0.5,0.2,0.7022666666666667,0.8781950068216708,0.6295551860300315,0.4368359484197553,0.18365083580500519,0.5,,,,,,"[[50,0],[150,0]]",0.5,True,False,False
results/timm_dinov3_vit_lora_test/stop3b_imbalance_decoupling_spider_target_minority_timm_dinov3_vit_lora_cs_regularized_ce_seed43_04-28_16-37/metrics_20260428_163733_cs_regularized_ce.json,results/timm_dinov3_vit_lora_test/stop3b_imbalance_decoupling_spider_target_minority_timm_dinov3_vit_lora_cs_regularized_ce_seed43_04-28_16-37,spider_target_minority,timm_dinov3_vit_lora,cs_regularized_ce,43,calibrated_threshold,black_widow,0.95,0.75,balanced_accuracy,,"[[0.0,10.0],[1.0,0.0]]","{""0"":0.25,""1"":0.75}",0.08617777777777777,0.068,0.68,,0.94,0.06,0.30718954248366015,0.7066666666666667,0.455,0.6166666666666667,0.4548773474031657,0.7022666666666667,0.8781950068216708,0.6295551860300315,0.4368359484197553,0.18365083580500519,0.5,0.4249791987018213,0.10444444444444444,0.94,0.5766666666666667,0.074,"[[47,3],[106,44]]",0.6166666666666667,False,False,False
results/timm_dinov3_vit_lora_test/stop3b_imbalance_decoupling_spider_target_minority_timm_dinov3_vit_lora_nicme_logit_adjustment_seed43_04-28_16-39/metrics_20260428_163937_nicme_logit_adjustment.json,results/timm_dinov3_vit_lora_test/stop3b_imbalance_decoupling_spider_target_minority_timm_dinov3_vit_lora_nicme_logit_adjustment_seed43_04-28_16-39,spider_target_minority,timm_dinov3_vit_lora,nicme_logit_adjustment,43,argmax,black_widow,0.95,0.75,balanced_accuracy,,"[[0.0,10.0],[1.0,0.0]]","{""0"":0.25,""1"":0.75}",0.1434999999999999,0.053500000000000006,0.535,,0.8,0.2,0.851063829787234,0.04666666666666667,0.915,0.8766666666666667,0.8843183287400905,0.9726666666666667,0.9909684754782291,0.38478498975231135,0.21816828440446975,0.22047932863235475,,,,,,,"[[40,10],[7,143]]",0.8766666666666667,False,True,False
results/timm_dinov3_vit_lora_test/stop3b_imbalance_decoupling_spider_target_minority_timm_dinov3_vit_lora_nicme_logit_adjustment_seed43_04-28_16-39/metrics_20260428_163937_nicme_logit_adjustment.json,results/timm_dinov3_vit_lora_test/stop3b_imbalance_decoupling_spider_target_minority_timm_dinov3_vit_lora_nicme_logit_adjustment_seed43_04-28_16-39,spider_target_minority,timm_dinov3_vit_lora,nicme_logit_adjustment,43,calibrated_cost_min,black_widow,0.95,0.75,balanced_accuracy,,"[[0.0,10.0],[1.0,0.0]]","{""0"":0.25,""1"":0.75}",0.044344444444444436,0.043,0.43,,1.0,0.0,0.36764705882352944,0.5733333333333334,0.57,0.7133333333333334,0.567882624861823,0.9726666666666667,0.9909684754782291,0.25394964855427743,0.13837720974595072,0.11813385928261294,0.5,,,,,,"[[50,0],[86,64]]",0.7133333333333334,True,False,False
results/timm_dinov3_vit_lora_test/stop3b_imbalance_decoupling_spider_target_minority_timm_dinov3_vit_lora_nicme_logit_adjustment_seed43_04-28_16-39/metrics_20260428_163937_nicme_logit_adjustment.json,results/timm_dinov3_vit_lora_test/stop3b_imbalance_decoupling_spider_target_minority_timm_dinov3_vit_lora_nicme_logit_adjustment_seed43_04-28_16-39,spider_target_minority,timm_dinov3_vit_lora,nicme_logit_adjustment,43,calibrated_threshold,black_widow,0.95,0.75,balanced_accuracy,,"[[0.0,10.0],[1.0,0.0]]","{""0"":0.25,""1"":0.75}",0.024,0.024,0.24,,1.0,0.0,0.5102040816326531,0.32,0.76,0.8400000000000001,0.7425997425997426,0.9726666666666667,0.9909684754782291,0.25394964855427743,0.13837720974595072,0.11813385928261294,0.5,0.19664452597102305,0.0335,0.96,0.8233333333333333,0.0335,"[[50,0],[48,102]]",0.8400000000000001,True,True,True
results/timm_dinov3_vit_lora_test/stop3b_imbalance_decoupling_spider_target_minority_timm_dinov3_vit_lora_nicme_hybrid_seed43_04-28_16-40/metrics_20260428_164030_nicme_hybrid.json,results/timm_dinov3_vit_lora_test/stop3b_imbalance_decoupling_spider_target_minority_timm_dinov3_vit_lora_nicme_hybrid_seed43_04-28_16-40,spider_target_minority,timm_dinov3_vit_lora,nicme_hybrid,43,argmax,black_widow,0.95,0.75,balanced_accuracy,,"[[0.0,10.0],[1.0,0.0]]","{""0"":0.25,""1"":0.75}",0.15449999999999992,0.0645,0.645,,0.8,0.2,0.5797101449275363,0.19333333333333333,0.805,0.8033333333333333,0.7667394359879183,0.8902666666666667,0.9561098114493944,0.679806708902057,0.48666388384033354,0.29680565178394325,,,,,,,"[[40,10],[29,121]]",0.8033333333333333,False,True,False
results/timm_dinov3_vit_lora_test/stop3b_imbalance_decoupling_spider_target_minority_timm_dinov3_vit_lora_nicme_hybrid_seed43_04-28_16-40/metrics_20260428_164030_nicme_hybrid.json,results/timm_dinov3_vit_lora_test/stop3b_imbalance_decoupling_spider_target_minority_timm_dinov3_vit_lora_nicme_hybrid_seed43_04-28_16-40,spider_target_minority,timm_dinov3_vit_lora,nicme_hybrid,43,calibrated_cost_min,black_widow,0.95,0.75,balanced_accuracy,,"[[0.0,10.0],[1.0,0.0]]","{""0"":0.25,""1"":0.75}",0.1375,0.075,0.75,,1.0,0.0,0.25,1.0,0.25,0.5,0.2,0.8902666666666667,0.9561098114493944,0.6668971894898487,0.4737837427294424,0.2886253516877907,0.5,,,,,,"[[50,0],[150,0]]",0.5,True,False,False
results/timm_dinov3_vit_lora_test/stop3b_imbalance_decoupling_spider_target_minority_timm_dinov3_vit_lora_nicme_hybrid_seed43_04-28_16-40/metrics_20260428_164030_nicme_hybrid.json,results/timm_dinov3_vit_lora_test/stop3b_imbalance_decoupling_spider_target_minority_timm_dinov3_vit_lora_nicme_hybrid_seed43_04-28_16-40,spider_target_minority,timm_dinov3_vit_lora,nicme_hybrid,43,calibrated_threshold,black_widow,0.95,0.75,balanced_accuracy,,"[[0.0,10.0],[1.0,0.0]]","{""0"":0.25,""1"":0.75}",0.05840000000000001,0.05550000000000001,0.555,,0.94,0.06,0.3671875,0.54,0.58,0.7,0.5748557546310356,0.8902666666666667,0.9561098114493944,0.6668971894898487,0.4737837427294424,0.2886253516877907,0.5,0.48722282565238473,0.049444444444444444,0.94,0.7433333333333333,0.049,"[[47,3],[81,69]]",0.7,False,False,False
results/timm_dinov3_vit_lora_test/stop3b_imbalance_decoupling_spider_target_minority_timm_dinov3_vit_lora_ce_seed44_04-28_16-41/metrics_20260428_164110_ce.json,results/timm_dinov3_vit_lora_test/stop3b_imbalance_decoupling_spider_target_minority_timm_dinov3_vit_lora_ce_seed44_04-28_16-41,spider_target_minority,timm_dinov3_vit_lora,ce,44,argmax,black_widow,0.95,0.75,balanced_accuracy,,"[[0.0,10.0],[1.0,0.0]]","{""0"":0.25,""1"":0.75}",3.9225,0.25,2.5,,0.0,1.0,0.0,0.0,0.75,0.5,0.42857142857142855,0.7014666666666667,0.8774523269242549,0.659075535611145,0.465987823218951,0.21665637284517283,,,,,,,"[[0,50],[0,150]]",0.5,False,False,False
results/timm_dinov3_vit_lora_test/stop3b_imbalance_decoupling_spider_target_minority_timm_dinov3_vit_lora_ce_seed44_04-28_16-41/metrics_20260428_164110_ce.json,results/timm_dinov3_vit_lora_test/stop3b_imbalance_decoupling_spider_target_minority_timm_dinov3_vit_lora_ce_seed44_04-28_16-41,spider_target_minority,timm_dinov3_vit_lora,ce,44,calibrated_cost_min,black_widow,0.95,0.75,balanced_accuracy,,"[[0.0,10.0],[1.0,0.0]]","{""0"":0.25,""1"":0.75}",0.1375,0.075,0.75,,1.0,0.0,0.25,1.0,0.25,0.5,0.2,0.7014666666666667,0.8774523269242549,0.6295486578777818,0.43682947275189904,0.18362885518101624,0.5,,,,,,"[[50,0],[150,0]]",0.5,True,False,False
results/timm_dinov3_vit_lora_test/stop3b_imbalance_decoupling_spider_target_minority_timm_dinov3_vit_lora_ce_seed44_04-28_16-41/metrics_20260428_164110_ce.json,results/timm_dinov3_vit_lora_test/stop3b_imbalance_decoupling_spider_target_minority_timm_dinov3_vit_lora_ce_seed44_04-28_16-41,spider_target_minority,timm_dinov3_vit_lora,ce,44,calibrated_threshold,black_widow,0.95,0.75,balanced_accuracy,,"[[0.0,10.0],[1.0,0.0]]","{""0"":0.25,""1"":0.75}",0.08617777777777777,0.068,0.68,,0.94,0.06,0.30718954248366015,0.7066666666666667,0.455,0.6166666666666667,0.4548773474031657,0.7014666666666667,0.8774523269242549,0.6295486578777818,0.43682947275189904,0.18362885518101624,0.5,0.4250534099615151,0.10444444444444444,0.94,0.5766666666666667,0.074,"[[47,3],[106,44]]",0.6166666666666667,False,False,False
results/timm_dinov3_vit_lora_test/stop3b_imbalance_decoupling_spider_target_minority_timm_dinov3_vit_lora_ce_calibrated_cost_min_seed44_04-28_16-41/metrics_20260428_164149_ce_calibrated_cost_min.json,results/timm_dinov3_vit_lora_test/stop3b_imbalance_decoupling_spider_target_minority_timm_dinov3_vit_lora_ce_calibrated_cost_min_seed44_04-28_16-41,spider_target_minority,timm_dinov3_vit_lora,ce_calibrated_cost_min,44,argmax,black_widow,0.95,0.75,balanced_accuracy,,"[[0.0,10.0],[1.0,0.0]]","{""0"":0.25,""1"":0.75}",3.9225,0.25,2.5,,0.0,1.0,0.0,0.0,0.75,0.5,0.42857142857142855,0.7014666666666667,0.8774523269242549,0.659075535611145,0.465987823218951,0.21665637284517283,,,,,,,"[[0,50],[0,150]]",0.5,False,False,False
results/timm_dinov3_vit_lora_test/stop3b_imbalance_decoupling_spider_target_minority_timm_dinov3_vit_lora_ce_calibrated_cost_min_seed44_04-28_16-41/metrics_20260428_164149_ce_calibrated_cost_min.json,results/timm_dinov3_vit_lora_test/stop3b_imbalance_decoupling_spider_target_minority_timm_dinov3_vit_lora_ce_calibrated_cost_min_seed44_04-28_16-41,spider_target_minority,timm_dinov3_vit_lora,ce_calibrated_cost_min,44,calibrated_cost_min,black_widow,0.95,0.75,balanced_accuracy,,"[[0.0,10.0],[1.0,0.0]]","{""0"":0.25,""1"":0.75}",0.1375,0.075,0.75,,1.0,0.0,0.25,1.0,0.25,0.5,0.2,0.7014666666666667,0.8774523269242549,0.6295486578777818,0.43682947275189904,0.18362885518101624,0.5,,,,,,"[[50,0],[150,0]]",0.5,True,False,False
results/timm_dinov3_vit_lora_test/stop3b_imbalance_decoupling_spider_target_minority_timm_dinov3_vit_lora_ce_calibrated_cost_min_seed44_04-28_16-41/metrics_20260428_164149_ce_calibrated_cost_min.json,results/timm_dinov3_vit_lora_test/stop3b_imbalance_decoupling_spider_target_minority_timm_dinov3_vit_lora_ce_calibrated_cost_min_seed44_04-28_16-41,spider_target_minority,timm_dinov3_vit_lora,ce_calibrated_cost_min,44,calibrated_threshold,black_widow,0.95,0.75,balanced_accuracy,,"[[0.0,10.0],[1.0,0.0]]","{""0"":0.25,""1"":0.75}",0.08617777777777777,0.068,0.68,,0.94,0.06,0.30718954248366015,0.7066666666666667,0.455,0.6166666666666667,0.4548773474031657,0.7014666666666667,0.8774523269242549,0.6295486578777818,0.43682947275189904,0.18362885518101624,0.5,0.4250534099615151,0.10444444444444444,0.94,0.5766666666666667,0.074,"[[47,3],[106,44]]",0.6166666666666667,False,False,False
results/timm_dinov3_vit_lora_test/stop3b_imbalance_decoupling_spider_target_minority_timm_dinov3_vit_lora_menon_logit_adjusted_seed44_04-28_16-44/metrics_20260428_164415_menon_logit_adjusted.json,results/timm_dinov3_vit_lora_test/stop3b_imbalance_decoupling_spider_target_minority_timm_dinov3_vit_lora_menon_logit_adjusted_seed44_04-28_16-44,spider_target_minority,timm_dinov3_vit_lora,menon_logit_adjusted,44,argmax,black_widow,0.95,0.75,balanced_accuracy,,"[[0.0,10.0],[1.0,0.0]]","{""0"":0.25,""1"":0.75}",0.09889999999999999,0.0505,0.505,,0.84,0.16,0.6666666666666666,0.14,0.855,0.85,0.8211587678455798,0.9298666666666666,0.9720930382714253,0.37010784973493766,0.22663869045931734,0.07939589709043506,,,,,,,"[[42,8],[21,129]]",0.85,False,True,False
results/timm_dinov3_vit_lora_test/stop3b_imbalance_decoupling_spider_target_minority_timm_dinov3_vit_lora_menon_logit_adjusted_seed44_04-28_16-44/metrics_20260428_164415_menon_logit_adjusted.json,results/timm_dinov3_vit_lora_test/stop3b_imbalance_decoupling_spider_target_minority_timm_dinov3_vit_lora_menon_logit_adjusted_seed44_04-28_16-44,spider_target_minority,timm_dinov3_vit_lora,menon_logit_adjusted,44,calibrated_cost_min,black_widow,0.95,0.75,balanced_accuracy,,"[[0.0,10.0],[1.0,0.0]]","{""0"":0.25,""1"":0.75}",0.05387777777777778,0.0485,0.485,,1.0,0.0,0.3401360544217687,0.6466666666666666,0.515,0.6766666666666666,0.5148908504413493,0.9298666666666666,0.9720930382714253,0.35847799555665655,0.22165902756991623,0.08792133565958876,0.8500000000000001,,,,,,"[[50,0],[97,53]]",0.6766666666666666,True,False,False
results/timm_dinov3_vit_lora_test/stop3b_imbalance_decoupling_spider_target_minority_timm_dinov3_vit_lora_menon_logit_adjusted_seed44_04-28_16-44/metrics_20260428_164415_menon_logit_adjusted.json,results/timm_dinov3_vit_lora_test/stop3b_imbalance_decoupling_spider_target_minority_timm_dinov3_vit_lora_menon_logit_adjusted_seed44_04-28_16-44,spider_target_minority,timm_dinov3_vit_lora,menon_logit_adjusted,44,calibrated_threshold,black_widow,0.95,0.75,balanced_accuracy,,"[[0.0,10.0],[1.0,0.0]]","{""0"":0.25,""1"":0.75}",0.05450000000000001,0.052000000000000005,0.52,,0.96,0.04,0.36363636363636365,0.56,0.57,0.7,0.5664885573142453,0.9298666666666666,0.9720930382714253,0.35847799555665655,0.22165902756991623,0.08792133565958876,0.8500000000000001,0.14252551704913746,0.05,0.94,0.74,0.0495,"[[48,2],[84,66]]",0.7,True,False,False
results/timm_dinov3_vit_lora_test/stop3b_imbalance_decoupling_spider_target_minority_timm_dinov3_vit_lora_cs_regularized_ce_seed44_04-28_16-44/metrics_20260428_164456_cs_regularized_ce.json,results/timm_dinov3_vit_lora_test/stop3b_imbalance_decoupling_spider_target_minority_timm_dinov3_vit_lora_cs_regularized_ce_seed44_04-28_16-44,spider_target_minority,timm_dinov3_vit_lora,cs_regularized_ce,44,argmax,black_widow,0.95,0.75,balanced_accuracy,,"[[0.0,10.0],[1.0,0.0]]","{""0"":0.25,""1"":0.75}",3.9225,0.25,2.5,,0.0,1.0,0.0,0.0,0.75,0.5,0.42857142857142855,0.7028,0.8784554379378499,0.6591201310357347,0.46603214263041326,0.21675664424896243,,,,,,,"[[0,50],[0,150]]",0.5,False,False,False
results/timm_dinov3_vit_lora_test/stop3b_imbalance_decoupling_spider_target_minority_timm_dinov3_vit_lora_cs_regularized_ce_seed44_04-28_16-44/metrics_20260428_164456_cs_regularized_ce.json,results/timm_dinov3_vit_lora_test/stop3b_imbalance_decoupling_spider_target_minority_timm_dinov3_vit_lora_cs_regularized_ce_seed44_04-28_16-44,spider_target_minority,timm_dinov3_vit_lora,cs_regularized_ce,44,calibrated_cost_min,black_widow,0.95,0.75,balanced_accuracy,,"[[0.0,10.0],[1.0,0.0]]","{""0"":0.25,""1"":0.75}",0.1375,0.075,0.75,,1.0,0.0,0.25,1.0,0.25,0.5,0.2,0.7028,0.8784554379378499,0.6296122331562967,0.436891339271244,0.18382687804644315,0.5,,,,,,"[[50,0],[150,0]]",0.5,True,False,False
results/timm_dinov3_vit_lora_test/stop3b_imbalance_decoupling_spider_target_minority_timm_dinov3_vit_lora_cs_regularized_ce_seed44_04-28_16-44/metrics_20260428_164456_cs_regularized_ce.json,results/timm_dinov3_vit_lora_test/stop3b_imbalance_decoupling_spider_target_minority_timm_dinov3_vit_lora_cs_regularized_ce_seed44_04-28_16-44,spider_target_minority,timm_dinov3_vit_lora,cs_regularized_ce,44,calibrated_threshold,black_widow,0.95,0.75,balanced_accuracy,,"[[0.0,10.0],[1.0,0.0]]","{""0"":0.25,""1"":0.75}",0.0782111111111111,0.063,0.63,,0.96,0.04,0.3116883116883117,0.7066666666666667,0.46,0.6266666666666667,0.4597839135654262,0.7028,0.8784554379378499,0.6296122331562967,0.436891339271244,0.18382687804644315,0.5,0.42521400730237446,0.10444444444444444,0.94,0.5766666666666667,0.074,"[[48,2],[106,44]]",0.6266666666666667,True,False,False
results/timm_dinov3_vit_lora_test/stop3b_imbalance_decoupling_spider_target_minority_timm_dinov3_vit_lora_nicme_logit_adjustment_seed44_04-28_16-47/metrics_20260428_164714_nicme_logit_adjustment.json,results/timm_dinov3_vit_lora_test/stop3b_imbalance_decoupling_spider_target_minority_timm_dinov3_vit_lora_nicme_logit_adjustment_seed44_04-28_16-47,spider_target_minority,timm_dinov3_vit_lora,nicme_logit_adjustment,44,argmax,black_widow,0.95,0.75,balanced_accuracy,,"[[0.0,10.0],[1.0,0.0]]","{""0"":0.25,""1"":0.75}",0.11460000000000001,0.047,0.47,,0.82,0.18,0.9111111111111111,0.02666666666666667,0.935,0.8966666666666667,0.910267471958585,0.9770666666666666,0.9923528728722839,0.36845089043931895,0.20546906932702413,0.22241041690111157,,,,,,,"[[41,9],[4,146]]",0.8966666666666667,False,True,False
results/timm_dinov3_vit_lora_test/stop3b_imbalance_decoupling_spider_target_minority_timm_dinov3_vit_lora_nicme_logit_adjustment_seed44_04-28_16-47/metrics_20260428_164714_nicme_logit_adjustment.json,results/timm_dinov3_vit_lora_test/stop3b_imbalance_decoupling_spider_target_minority_timm_dinov3_vit_lora_nicme_logit_adjustment_seed44_04-28_16-47,spider_target_minority,timm_dinov3_vit_lora,nicme_logit_adjustment,44,calibrated_cost_min,black_widow,0.95,0.75,balanced_accuracy,,"[[0.0,10.0],[1.0,0.0]]","{""0"":0.25,""1"":0.75}",0.038544444444444444,0.0385,0.385,,1.0,0.0,0.3937007874015748,0.5133333333333333,0.615,0.7433333333333334,0.6098401357959008,0.9770666666666666,0.9923528728722839,0.23751882938300992,0.12785819363831671,0.10981405915591186,0.5,,,,,,"[[50,0],[77,73]]",0.7433333333333334,True,False,False
results/timm_dinov3_vit_lora_test/stop3b_imbalance_decoupling_spider_target_minority_timm_dinov3_vit_lora_nicme_logit_adjustment_seed44_04-28_16-47/metrics_20260428_164714_nicme_logit_adjustment.json,results/timm_dinov3_vit_lora_test/stop3b_imbalance_decoupling_spider_target_minority_timm_dinov3_vit_lora_nicme_logit_adjustment_seed44_04-28_16-47,spider_target_minority,timm_dinov3_vit_lora,nicme_logit_adjustment,44,calibrated_threshold,black_widow,0.95,0.75,balanced_accuracy,,"[[0.0,10.0],[1.0,0.0]]","{""0"":0.25,""1"":0.75}",0.026000000000000002,0.026000000000000002,0.26,,1.0,0.0,0.49019607843137253,0.3466666666666667,0.74,0.8266666666666667,0.7241086587436332,0.9770666666666666,0.9923528728722839,0.23751882938300992,0.12785819363831671,0.10981405915591186,0.5,0.16038922037421213,0.0335,0.96,0.8233333333333333,0.0335,"[[50,0],[52,98]]",0.8266666666666667,True,True,True
results/timm_dinov3_vit_lora_test/stop3b_imbalance_decoupling_spider_target_minority_timm_dinov3_vit_lora_nicme_hybrid_seed44_04-28_16-48/metrics_20260428_164808_nicme_hybrid.json,results/timm_dinov3_vit_lora_test/stop3b_imbalance_decoupling_spider_target_minority_timm_dinov3_vit_lora_nicme_hybrid_seed44_04-28_16-48,spider_target_minority,timm_dinov3_vit_lora,nicme_hybrid,44,argmax,black_widow,0.95,0.75,balanced_accuracy,,"[[0.0,10.0],[1.0,0.0]]","{""0"":0.25,""1"":0.75}",0.1830999999999999,0.0675,0.675,,0.78,0.22,0.609375,0.16666666666666666,0.82,0.8066666666666666,0.7791682002208318,0.889,0.9560681610172919,0.6794483164377536,0.48630558929483425,0.31167142242193213,,,,,,,"[[39,11],[25,125]]",0.8066666666666666,False,True,False
results/timm_dinov3_vit_lora_test/stop3b_imbalance_decoupling_spider_target_minority_timm_dinov3_vit_lora_nicme_hybrid_seed44_04-28_16-48/metrics_20260428_164808_nicme_hybrid.json,results/timm_dinov3_vit_lora_test/stop3b_imbalance_decoupling_spider_target_minority_timm_dinov3_vit_lora_nicme_hybrid_seed44_04-28_16-48,spider_target_minority,timm_dinov3_vit_lora,nicme_hybrid,44,calibrated_cost_min,black_widow,0.95,0.75,balanced_accuracy,,"[[0.0,10.0],[1.0,0.0]]","{""0"":0.25,""1"":0.75}",0.1375,0.075,0.75,,1.0,0.0,0.25,1.0,0.25,0.5,0.2,0.8889333333333334,0.9560681610172916,0.6661888343803605,0.47307615625790717,0.30335716209533,0.5,,,,,,"[[50,0],[150,0]]",0.5,True,False,False
results/timm_dinov3_vit_lora_test/stop3b_imbalance_decoupling_spider_target_minority_timm_dinov3_vit_lora_nicme_hybrid_seed44_04-28_16-48/metrics_20260428_164808_nicme_hybrid.json,results/timm_dinov3_vit_lora_test/stop3b_imbalance_decoupling_spider_target_minority_timm_dinov3_vit_lora_nicme_hybrid_seed44_04-28_16-48,spider_target_minority,timm_dinov3_vit_lora,nicme_hybrid,44,calibrated_threshold,black_widow,0.95,0.75,balanced_accuracy,,"[[0.0,10.0],[1.0,0.0]]","{""0"":0.25,""1"":0.75}",0.04711111111111111,0.046,0.46,,0.98,0.02,0.37404580152671757,0.5466666666666666,0.585,0.7166666666666667,0.5812205151492217,0.8889333333333334,0.9560681610172916,0.6661888343803605,0.47307615625790717,0.30335716209533,0.5,0.4854828157413028,0.05117777777777778,0.94,0.7333333333333333,0.0505,"[[49,1],[82,68]]",0.7166666666666667,True,False,False
results/vit_test/stop3b_imbalance_decoupling_spider_target_majority_vit_ce_seed42_04-28_16-49/metrics_20260428_164941_ce.json,results/vit_test/stop3b_imbalance_decoupling_spider_target_majority_vit_ce_seed42_04-28_16-49,spider_target_majority,vit,ce,42,argmax,black_widow,0.95,0.75,balanced_accuracy,,"[[0.0,10.0],[1.0,0.0]]","{""0"":0.75,""1"":0.25}",0.021377777777777777,0.0195,0.195,,0.9933333333333333,0.006666666666666667,0.8370786516853933,0.58,0.85,0.7066666666666667,0.7459349593495935,0.9176,0.8365934687914078,0.42270404521980853,0.23831310816187348,0.1004687488079071,,,,,,,"[[149,1],[29,21]]",0.7066666666666667,True,False,False
results/vit_test/stop3b_imbalance_decoupling_spider_target_majority_vit_ce_seed42_04-28_16-49/metrics_20260428_164941_ce.json,results/vit_test/stop3b_imbalance_decoupling_spider_target_majority_vit_ce_seed42_04-28_16-49,spider_target_majority,vit,ce,42,calibrated_cost_min,black_widow,0.95,0.75,balanced_accuracy,,"[[0.0,10.0],[1.0,0.0]]","{""0"":0.75,""1"":0.25}",0.04610000000000001,0.020499999999999997,0.205,,1.0,0.0,0.7853403141361257,0.82,0.795,0.59,0.59242507082857,0.9176,0.8365934687914078,0.3837561331820609,0.22900877295810051,0.07732680082591173,1.2000000000000002,,,,,,"[[150,0],[41,9]]",0.59,True,False,False
results/vit_test/stop3b_imbalance_decoupling_spider_target_majority_vit_ce_seed42_04-28_16-49/metrics_20260428_164941_ce.json,results/vit_test/stop3b_imbalance_decoupling_spider_target_majority_vit_ce_seed42_04-28_16-49,spider_target_majority,vit,ce,42,calibrated_threshold,black_widow,0.95,0.75,balanced_accuracy,,"[[0.0,10.0],[1.0,0.0]]","{""0"":0.75,""1"":0.25}",0.02090000000000001,0.016,0.16,,1.0,0.0,0.8241758241758241,0.64,0.84,0.6799999999999999,0.7165131112686038,0.9176,0.8365934687914078,0.3837561331820609,0.22900877295810051,0.07732680082591173,1.2000000000000002,0.20216295009562824,0.011,1.0,0.78,0.011,"[[150,0],[32,18]]",0.6799999999999999,True,False,False
results/vit_test/stop3b_imbalance_decoupling_spider_target_majority_vit_ce_calibrated_cost_min_seed42_04-28_16-51/metrics_20260428_165113_ce_calibrated_cost_min.json,results/vit_test/stop3b_imbalance_decoupling_spider_target_majority_vit_ce_calibrated_cost_min_seed42_04-28_16-51,spider_target_majority,vit,ce_calibrated_cost_min,42,argmax,black_widow,0.95,0.75,balanced_accuracy,,"[[0.0,10.0],[1.0,0.0]]","{""0"":0.75,""1"":0.25}",0.017,0.017,0.17,,0.9866666666666667,0.013333333333333334,0.9135802469135802,0.28,0.92,0.8533333333333333,0.8834498834498834,0.9598666666666666,0.9209594032376747,0.23324490369922768,0.13054215519459456,0.04273967027664191,,,,,,,"[[148,2],[14,36]]",0.8533333333333333,True,True,True
results/vit_test/stop3b_imbalance_decoupling_spider_target_majority_vit_ce_calibrated_cost_min_seed42_04-28_16-51/metrics_20260428_165113_ce_calibrated_cost_min.json,results/vit_test/stop3b_imbalance_decoupling_spider_target_majority_vit_ce_calibrated_cost_min_seed42_04-28_16-51,spider_target_majority,vit,ce_calibrated_cost_min,42,calibrated_cost_min,black_widow,0.95,0.75,balanced_accuracy,,"[[0.0,10.0],[1.0,0.0]]","{""0"":0.75,""1"":0.25}",0.0125,0.0125,0.125,,1.0,0.0,0.8571428571428571,0.5,0.875,0.75,0.7948717948717948,0.9598666666666666,0.9209594032376747,0.2332449068393696,0.13054215492299673,0.0427396675941593,1.0,,,,,,"[[150,0],[25,25]]",0.75,True,True,True
results/vit_test/stop3b_imbalance_decoupling_spider_target_majority_vit_ce_calibrated_cost_min_seed42_04-28_16-51/metrics_20260428_165113_ce_calibrated_cost_min.json,results/vit_test/stop3b_imbalance_decoupling_spider_target_majority_vit_ce_calibrated_cost_min_seed42_04-28_16-51,spider_target_majority,vit,ce_calibrated_cost_min,42,calibrated_threshold,black_widow,0.95,0.75,balanced_accuracy,,"[[0.0,10.0],[1.0,0.0]]","{""0"":0.75,""1"":0.25}",0.016100000000000003,0.014499999999999999,0.145,,1.0,0.0,0.8379888268156425,0.58,0.855,0.71,0.7517016995590564,0.9598666666666666,0.9209594032376747,0.2332449068393696,0.13054215492299673,0.0427396675941593,1.0,0.048736179115530236,0.012,1.0,0.76,0.012,"[[150,0],[29,21]]",0.71,True,False,False
results/vit_test/stop3b_imbalance_decoupling_spider_target_majority_vit_menon_logit_adjusted_seed42_04-28_16-52/metrics_20260428_165241_menon_logit_adjusted.json,results/vit_test/stop3b_imbalance_decoupling_spider_target_majority_vit_menon_logit_adjusted_seed42_04-28_16-52,spider_target_majority,vit,menon_logit_adjusted,42,argmax,black_widow,0.95,0.75,balanced_accuracy,,"[[0.0,10.0],[1.0,0.0]]","{""0"":0.75,""1"":0.25}",0.022,0.022,0.22,,0.98,0.02,0.9130434782608695,0.28,0.915,0.85,0.8771631923118609,0.9476000000000001,0.9020529886227895,0.2347044075529962,0.13381233194666725,0.029435072243213692,,,,,,,"[[147,3],[14,36]]",0.85,True,True,True
results/vit_test/stop3b_imbalance_decoupling_spider_target_majority_vit_menon_logit_adjusted_seed42_04-28_16-52/metrics_20260428_165241_menon_logit_adjusted.json,results/vit_test/stop3b_imbalance_decoupling_spider_target_majority_vit_menon_logit_adjusted_seed42_04-28_16-52,spider_target_majority,vit,menon_logit_adjusted,42,calibrated_cost_min,black_widow,0.95,0.75,balanced_accuracy,,"[[0.0,10.0],[1.0,0.0]]","{""0"":0.75,""1"":0.25}",0.017,0.017,0.17,,0.9933333333333333,0.006666666666666667,0.861271676300578,0.48,0.875,0.7566666666666666,0.7989626472598609,0.9476000000000001,0.9020529886227895,0.24329196768149153,0.13537823134420998,0.04717526567039972,0.8,,,,,,"[[149,1],[24,26]]",0.7566666666666666,True,True,True
results/vit_test/stop3b_imbalance_decoupling_spider_target_majority_vit_menon_logit_adjusted_seed42_04-28_16-52/metrics_20260428_165241_menon_logit_adjusted.json,results/vit_test/stop3b_imbalance_decoupling_spider_target_majority_vit_menon_logit_adjusted_seed42_04-28_16-52,spider_target_majority,vit,menon_logit_adjusted,42,calibrated_threshold,black_widow,0.95,0.75,balanced_accuracy,,"[[0.0,10.0],[1.0,0.0]]","{""0"":0.75,""1"":0.25}",0.019,0.019,0.19,,0.9866666666666667,0.013333333333333334,0.891566265060241,0.36,0.9,0.8133333333333334,0.8493068113321278,0.9476000000000001,0.9020529886227895,0.24329196768149153,0.13537823134420998,0.04717526567039972,0.8,0.18607092696601202,0.011,0.9933333333333333,0.8766666666666667,0.011,"[[148,2],[18,32]]",0.8133333333333334,True,True,True
results/vit_test/stop3b_imbalance_decoupling_spider_target_majority_vit_cs_regularized_ce_seed42_04-28_16-54/metrics_20260428_165429_cs_regularized_ce.json,results/vit_test/stop3b_imbalance_decoupling_spider_target_majority_vit_cs_regularized_ce_seed42_04-28_16-54,spider_target_majority,vit,cs_regularized_ce,42,argmax,black_widow,0.95,0.75,balanced_accuracy,,"[[0.0,10.0],[1.0,0.0]]","{""0"":0.75,""1"":0.25}",0.027500000000000004,0.027500000000000004,0.275,,0.9733333333333334,0.02666666666666667,0.906832298136646,0.3,0.905,0.8366666666666667,0.86271180317208,0.9385333333333333,0.8907788129482559,0.3019662373378571,0.1585100112943396,0.06422965705394745,,,,,,,"[[146,4],[15,35]]",0.8366666666666667,True,True,True
results/vit_test/stop3b_imbalance_decoupling_spider_target_majority_vit_cs_regularized_ce_seed42_04-28_16-54/metrics_20260428_165429_cs_regularized_ce.json,results/vit_test/stop3b_imbalance_decoupling_spider_target_majority_vit_cs_regularized_ce_seed42_04-28_16-54,spider_target_majority,vit,cs_regularized_ce,42,calibrated_cost_min,black_widow,0.95,0.75,balanced_accuracy,,"[[0.0,10.0],[1.0,0.0]]","{""0"":0.75,""1"":0.25}",0.0115,0.0115,0.115,,1.0,0.0,0.8670520231213873,0.46,0.885,0.77,0.815045635479072,0.9385333333333333,0.8907788129482559,0.272025468220412,0.15205941859819025,0.040404391660485914,1.25,,,,,,"[[150,0],[23,27]]",0.77,True,True,True
results/vit_test/stop3b_imbalance_decoupling_spider_target_majority_vit_cs_regularized_ce_seed42_04-28_16-54/metrics_20260428_165429_cs_regularized_ce.json,results/vit_test/stop3b_imbalance_decoupling_spider_target_majority_vit_cs_regularized_ce_seed42_04-28_16-54,spider_target_majority,vit,cs_regularized_ce,42,calibrated_threshold,black_widow,0.95,0.75,balanced_accuracy,,"[[0.0,10.0],[1.0,0.0]]","{""0"":0.75,""1"":0.25}",0.019100000000000006,0.0155,0.155,,1.0,0.0,0.8287292817679558,0.62,0.845,0.69,0.7285345242786462,0.9385333333333333,0.8907788129482559,0.272025468220412,0.15205941859819025,0.040404391660485914,1.25,0.062333541871247344,0.0095,1.0,0.81,0.0095,"[[150,0],[31,19]]",0.69,True,False,False
results/vit_test/stop3b_imbalance_decoupling_spider_target_majority_vit_nicme_logit_adjustment_seed42_04-28_16-55/metrics_20260428_165547_nicme_logit_adjustment.json,results/vit_test/stop3b_imbalance_decoupling_spider_target_majority_vit_nicme_logit_adjustment_seed42_04-28_16-55,spider_target_majority,vit,nicme_logit_adjustment,42,argmax,black_widow,0.95,0.75,balanced_accuracy,,"[[0.0,10.0],[1.0,0.0]]","{""0"":0.75,""1"":0.25}",0.039,0.039,0.39,,0.9533333333333334,0.04666666666666667,0.9470198675496688,0.16,0.925,0.8966666666666667,0.8993254807208295,0.9617333333333333,0.9275183725672416,0.21891389408520218,0.12067949310284412,0.051044597625732456,,,,,,,"[[143,7],[8,42]]",0.8966666666666667,True,True,True
results/vit_test/stop3b_imbalance_decoupling_spider_target_majority_vit_nicme_logit_adjustment_seed42_04-28_16-55/metrics_20260428_165547_nicme_logit_adjustment.json,results/vit_test/stop3b_imbalance_decoupling_spider_target_majority_vit_nicme_logit_adjustment_seed42_04-28_16-55,spider_target_majority,vit,nicme_logit_adjustment,42,calibrated_cost_min,black_widow,0.95,0.75,balanced_accuracy,,"[[0.0,10.0],[1.0,0.0]]","{""0"":0.75,""1"":0.25}",0.01,0.01,0.1,,1.0,0.0,0.8823529411764706,0.4,0.9,0.8,0.84375,0.9617333333333333,0.9275183725672416,0.21831657885248176,0.11573607459438502,0.037573071186243465,0.6,,,,,,"[[150,0],[20,30]]",0.8,True,True,True
results/vit_test/stop3b_imbalance_decoupling_spider_target_majority_vit_nicme_logit_adjustment_seed42_04-28_16-55/metrics_20260428_165547_nicme_logit_adjustment.json,results/vit_test/stop3b_imbalance_decoupling_spider_target_majority_vit_nicme_logit_adjustment_seed42_04-28_16-55,spider_target_majority,vit,nicme_logit_adjustment,42,calibrated_threshold,black_widow,0.95,0.75,balanced_accuracy,,"[[0.0,10.0],[1.0,0.0]]","{""0"":0.75,""1"":0.25}",0.017500000000000005,0.015,0.15,,1.0,0.0,0.8333333333333334,0.6,0.85,0.7,0.7402597402597403,0.9617333333333333,0.9275183725672416,0.21831657885248176,0.11573607459438502,0.037573071186243465,0.6,0.038501580594240276,0.0125,1.0,0.75,0.0125,"[[150,0],[30,20]]",0.7,True,False,False
results/vit_test/stop3b_imbalance_decoupling_spider_target_majority_vit_nicme_hybrid_seed42_04-28_16-57/metrics_20260428_165725_nicme_hybrid.json,results/vit_test/stop3b_imbalance_decoupling_spider_target_majority_vit_nicme_hybrid_seed42_04-28_16-57,spider_target_majority,vit,nicme_hybrid,42,argmax,black_widow,0.95,0.75,balanced_accuracy,,"[[0.0,10.0],[1.0,0.0]]","{""0"":0.75,""1"":0.25}",0.028000000000000004,0.028000000000000004,0.28,,0.9733333333333334,0.02666666666666667,0.9012345679012346,0.32,0.9,0.8266666666666667,0.8543123543123543,0.9569333333333333,0.8908415745146059,0.25140539899409275,0.15200536016017607,0.04302411049604417,,,,,,,"[[146,4],[16,34]]",0.8266666666666667,True,True,True
results/vit_test/stop3b_imbalance_decoupling_spider_target_majority_vit_nicme_hybrid_seed42_04-28_16-57/metrics_20260428_165725_nicme_hybrid.json,results/vit_test/stop3b_imbalance_decoupling_spider_target_majority_vit_nicme_hybrid_seed42_04-28_16-57,spider_target_majority,vit,nicme_hybrid,42,calibrated_cost_min,black_widow,0.95,0.75,balanced_accuracy,,"[[0.0,10.0],[1.0,0.0]]","{""0"":0.75,""1"":0.25}",0.024511111111111112,0.020499999999999997,0.205,,0.9933333333333333,0.006666666666666667,0.8277777777777777,0.62,0.84,0.6866666666666666,0.7229437229437228,0.9569333333333333,0.8908415745146059,0.2603708733868693,0.15496848230258511,0.05297681773773116,0.8500000000000001,,,,,,"[[149,1],[31,19]]",0.6866666666666666,True,False,False
results/vit_test/stop3b_imbalance_decoupling_spider_target_majority_vit_nicme_hybrid_seed42_04-28_16-57/metrics_20260428_165725_nicme_hybrid.json,results/vit_test/stop3b_imbalance_decoupling_spider_target_majority_vit_nicme_hybrid_seed42_04-28_16-57,spider_target_majority,vit,nicme_hybrid,42,calibrated_threshold,black_widow,0.95,0.75,balanced_accuracy,,"[[0.0,10.0],[1.0,0.0]]","{""0"":0.75,""1"":0.25}",0.024511111111111112,0.020499999999999997,0.205,,0.9933333333333333,0.006666666666666667,0.8277777777777777,0.62,0.84,0.6866666666666666,0.7229437229437228,0.9569333333333333,0.8908415745146059,0.2603708733868693,0.15496848230258511,0.05297681773773116,0.8500000000000001,0.08407541939128971,0.009,1.0,0.8200000000000001,0.009,"[[149,1],[31,19]]",0.6866666666666666,True,False,False
results/vit_test/stop3b_imbalance_decoupling_spider_target_majority_vit_ce_seed43_04-28_16-58/metrics_20260428_165853_ce.json,results/vit_test/stop3b_imbalance_decoupling_spider_target_majority_vit_ce_seed43_04-28_16-58,spider_target_majority,vit,ce,43,argmax,black_widow,0.95,0.75,balanced_accuracy,,"[[0.0,10.0],[1.0,0.0]]","{""0"":0.75,""1"":0.25}",0.020999999999999998,0.020999999999999998,0.21,,0.98,0.02,0.9245283018867925,0.24,0.925,0.87,0.8933105729222234,0.9551999999999999,0.9180112683747789,0.22773304170312966,0.12943455762251502,0.03294632762670512,,,,,,,"[[147,3],[12,38]]",0.87,True,True,True
results/vit_test/stop3b_imbalance_decoupling_spider_target_majority_vit_ce_seed43_04-28_16-58/metrics_20260428_165853_ce.json,results/vit_test/stop3b_imbalance_decoupling_spider_target_majority_vit_ce_seed43_04-28_16-58,spider_target_majority,vit,ce,43,calibrated_cost_min,black_widow,0.95,0.75,balanced_accuracy,,"[[0.0,10.0],[1.0,0.0]]","{""0"":0.75,""1"":0.25}",0.0131,0.013000000000000001,0.13,,1.0,0.0,0.8522727272727273,0.52,0.87,0.74,0.7844470237108274,0.9551999999999999,0.9180112683747789,0.2324988455543882,0.1310248423573352,0.0453701143094368,0.9,,,,,,"[[150,0],[26,24]]",0.74,True,False,False
results/vit_test/stop3b_imbalance_decoupling_spider_target_majority_vit_ce_seed43_04-28_16-58/metrics_20260428_165853_ce.json,results/vit_test/stop3b_imbalance_decoupling_spider_target_majority_vit_ce_seed43_04-28_16-58,spider_target_majority,vit,ce,43,calibrated_threshold,black_widow,0.95,0.75,balanced_accuracy,,"[[0.0,10.0],[1.0,0.0]]","{""0"":0.75,""1"":0.25}",0.0391,0.0195,0.195,,1.0,0.0,0.7936507936507936,0.78,0.805,0.61,0.6228057449586537,0.9551999999999999,0.9180112683747789,0.2324988455543882,0.1310248423573352,0.0453701143094368,0.9,0.0409662974031694,0.013900000000000003,1.0,0.73,0.013500000000000002,"[[150,0],[39,11]]",0.61,True,False,False
results/vit_test/stop3b_imbalance_decoupling_spider_target_majority_vit_ce_calibrated_cost_min_seed43_04-28_17-00/metrics_20260428_170026_ce_calibrated_cost_min.json,results/vit_test/stop3b_imbalance_decoupling_spider_target_majority_vit_ce_calibrated_cost_min_seed43_04-28_17-00,spider_target_majority,vit,ce_calibrated_cost_min,43,argmax,black_widow,0.95,0.75,balanced_accuracy,,"[[0.0,10.0],[1.0,0.0]]","{""0"":0.75,""1"":0.25}",0.0325,0.0325,0.325,,0.9666666666666667,0.03333333333333333,0.90625,0.3,0.9,0.8333333333333333,0.8566308243727598,0.9349333333333334,0.8683150171089873,0.2864217230596775,0.16472896816658444,0.04129837870597844,,,,,,,"[[145,5],[15,35]]",0.8333333333333333,True,True,True
results/vit_test/stop3b_imbalance_decoupling_spider_target_majority_vit_ce_calibrated_cost_min_seed43_04-28_17-00/metrics_20260428_170026_ce_calibrated_cost_min.json,results/vit_test/stop3b_imbalance_decoupling_spider_target_majority_vit_ce_calibrated_cost_min_seed43_04-28_17-00,spider_target_majority,vit,ce_calibrated_cost_min,43,calibrated_cost_min,black_widow,0.95,0.75,balanced_accuracy,,"[[0.0,10.0],[1.0,0.0]]","{""0"":0.75,""1"":0.25}",0.023277777777777776,0.023,0.23,,0.9866666666666667,0.013333333333333334,0.8505747126436781,0.52,0.86,0.7333333333333334,0.7725795971410007,0.9349333333333334,0.8683150171089873,0.32522534152705196,0.17050223598461062,0.06689018578294513,0.75,,,,,,"[[148,2],[26,24]]",0.7333333333333334,True,False,False
results/vit_test/stop3b_imbalance_decoupling_spider_target_majority_vit_ce_calibrated_cost_min_seed43_04-28_17-00/metrics_20260428_170026_ce_calibrated_cost_min.json,results/vit_test/stop3b_imbalance_decoupling_spider_target_majority_vit_ce_calibrated_cost_min_seed43_04-28_17-00,spider_target_majority,vit,ce_calibrated_cost_min,43,calibrated_threshold,black_widow,0.95,0.75,balanced_accuracy,,"[[0.0,10.0],[1.0,0.0]]","{""0"":0.75,""1"":0.25}",0.033,0.033,0.33,,0.9666666666666667,0.03333333333333333,0.9006211180124224,0.32,0.895,0.8233333333333334,0.8482604140322989,0.9349333333333334,0.8683150171089873,0.32522534152705196,0.17050223598461062,0.06689018578294513,0.75,0.43259229505707436,0.017499999999999998,0.98,0.94,0.017499999999999998,"[[145,5],[16,34]]",0.8233333333333334,True,True,True
results/vit_test/stop3b_imbalance_decoupling_spider_target_majority_vit_menon_logit_adjusted_seed43_04-28_17-02/metrics_20260428_170222_menon_logit_adjusted.json,results/vit_test/stop3b_imbalance_decoupling_spider_target_majority_vit_menon_logit_adjusted_seed43_04-28_17-02,spider_target_majority,vit,menon_logit_adjusted,43,argmax,black_widow,0.95,0.75,balanced_accuracy,,"[[0.0,10.0],[1.0,0.0]]","{""0"":0.75,""1"":0.25}",0.027000000000000003,0.027000000000000003,0.27,,0.9733333333333334,0.02666666666666667,0.9125,0.28,0.91,0.8466666666666667,0.8709677419354839,0.944,0.9017256846156523,0.25969344796481664,0.14469178396986832,0.04492921382188793,,,,,,,"[[146,4],[14,36]]",0.8466666666666667,True,True,True
results/vit_test/stop3b_imbalance_decoupling_spider_target_majority_vit_menon_logit_adjusted_seed43_04-28_17-02/metrics_20260428_170222_menon_logit_adjusted.json,results/vit_test/stop3b_imbalance_decoupling_spider_target_majority_vit_menon_logit_adjusted_seed43_04-28_17-02,spider_target_majority,vit,menon_logit_adjusted,43,calibrated_cost_min,black_widow,0.95,0.75,balanced_accuracy,,"[[0.0,10.0],[1.0,0.0]]","{""0"":0.75,""1"":0.25}",0.016,0.016,0.16,,0.9933333333333333,0.006666666666666667,0.8713450292397661,0.44,0.885,0.7766666666666666,0.8186048345754959,0.944,0.9017256846156523,0.24457025315278205,0.139672044318879,0.023837078999881255,1.25,,,,,,"[[149,1],[22,28]]",0.7766666666666666,True,True,True
results/vit_test/stop3b_imbalance_decoupling_spider_target_majority_vit_menon_logit_adjusted_seed43_04-28_17-02/metrics_20260428_170222_menon_logit_adjusted.json,results/vit_test/stop3b_imbalance_decoupling_spider_target_majority_vit_menon_logit_adjusted_seed43_04-28_17-02,spider_target_majority,vit,menon_logit_adjusted,43,calibrated_threshold,black_widow,0.95,0.75,balanced_accuracy,,"[[0.0,10.0],[1.0,0.0]]","{""0"":0.75,""1"":0.25}",0.019100000000000006,0.0155,0.155,,1.0,0.0,0.8287292817679558,0.62,0.845,0.69,0.7285345242786462,0.944,0.9017256846156523,0.24457025315278205,0.139672044318879,0.023837078999881255,1.25,0.026856885697550965,0.0131,1.0,0.74,0.013000000000000001,"[[150,0],[31,19]]",0.69,True,False,False
results/vit_test/stop3b_imbalance_decoupling_spider_target_majority_vit_cs_regularized_ce_seed43_04-28_17-03/metrics_20260428_170350_cs_regularized_ce.json,results/vit_test/stop3b_imbalance_decoupling_spider_target_majority_vit_cs_regularized_ce_seed43_04-28_17-03,spider_target_majority,vit,cs_regularized_ce,43,argmax,black_widow,0.95,0.75,balanced_accuracy,,"[[0.0,10.0],[1.0,0.0]]","{""0"":0.75,""1"":0.25}",0.034999999999999996,0.034999999999999996,0.35,,0.96,0.04,0.935064935064935,0.2,0.92,0.88,0.8903508771929824,0.9626666666666667,0.9277258380722536,0.19779662187056282,0.11476849367998648,0.054312269985675767,,,,,,,"[[144,6],[10,40]]",0.88,True,True,True
results/vit_test/stop3b_imbalance_decoupling_spider_target_majority_vit_cs_regularized_ce_seed43_04-28_17-03/metrics_20260428_170350_cs_regularized_ce.json,results/vit_test/stop3b_imbalance_decoupling_spider_target_majority_vit_cs_regularized_ce_seed43_04-28_17-03,spider_target_majority,vit,cs_regularized_ce,43,calibrated_cost_min,black_widow,0.95,0.75,balanced_accuracy,,"[[0.0,10.0],[1.0,0.0]]","{""0"":0.75,""1"":0.25}",0.015,0.015,0.15,,0.9933333333333333,0.006666666666666667,0.8816568047337278,0.4,0.895,0.7966666666666666,0.837455009868803,0.9626666666666667,0.9277258380722536,0.19846170524250947,0.11628775250270378,0.041324425090625394,0.9,,,,,,"[[149,1],[20,30]]",0.7966666666666666,True,True,True
results/vit_test/stop3b_imbalance_decoupling_spider_target_majority_vit_cs_regularized_ce_seed43_04-28_17-03/metrics_20260428_170350_cs_regularized_ce.json,results/vit_test/stop3b_imbalance_decoupling_spider_target_majority_vit_cs_regularized_ce_seed43_04-28_17-03,spider_target_majority,vit,cs_regularized_ce,43,calibrated_threshold,black_widow,0.95,0.75,balanced_accuracy,,"[[0.0,10.0],[1.0,0.0]]","{""0"":0.75,""1"":0.25}",0.027499999999999993,0.017499999999999998,0.175,,1.0,0.0,0.8108108108108109,0.7,0.825,0.65,0.6785304247990814,0.9626666666666667,0.9277258380722536,0.19846170524250947,0.11628775250270378,0.041324425090625394,0.9,0.031832026282058355,0.010499999999999999,1.0,0.79,0.010499999999999999,"[[150,0],[35,15]]",0.65,True,False,False
results/vit_test/stop3b_imbalance_decoupling_spider_target_majority_vit_nicme_logit_adjustment_seed43_04-28_17-04/metrics_20260428_170451_nicme_logit_adjustment.json,results/vit_test/stop3b_imbalance_decoupling_spider_target_majority_vit_nicme_logit_adjustment_seed43_04-28_17-04,spider_target_majority,vit,nicme_logit_adjustment,43,argmax,black_widow,0.95,0.75,balanced_accuracy,,"[[0.0,10.0],[1.0,0.0]]","{""0"":0.75,""1"":0.25}",0.0125,0.0125,0.125,,1.0,0.0,0.8571428571428571,0.5,0.875,0.75,0.7948717948717948,0.9470666666666666,0.9056630446421088,0.31284993594497207,0.19013166251190694,0.0570531749725342,,,,,,,"[[150,0],[25,25]]",0.75,True,True,True
results/vit_test/stop3b_imbalance_decoupling_spider_target_majority_vit_nicme_logit_adjustment_seed43_04-28_17-04/metrics_20260428_170451_nicme_logit_adjustment.json,results/vit_test/stop3b_imbalance_decoupling_spider_target_majority_vit_nicme_logit_adjustment_seed43_04-28_17-04,spider_target_majority,vit,nicme_logit_adjustment,43,calibrated_cost_min,black_widow,0.95,0.75,balanced_accuracy,,"[[0.0,10.0],[1.0,0.0]]","{""0"":0.75,""1"":0.25}",0.0875,0.025,0.25,,1.0,0.0,0.75,1.0,0.75,0.5,0.42857142857142855,0.9470666666666666,0.9056630446421088,0.3478430708880314,0.19343096002658428,0.055911856153819314,0.5,,,,,,"[[150,0],[50,0]]",0.5,True,False,False
results/vit_test/stop3b_imbalance_decoupling_spider_target_majority_vit_nicme_logit_adjustment_seed43_04-28_17-04/metrics_20260428_170451_nicme_logit_adjustment.json,results/vit_test/stop3b_imbalance_decoupling_spider_target_majority_vit_nicme_logit_adjustment_seed43_04-28_17-04,spider_target_majority,vit,nicme_logit_adjustment,43,calibrated_threshold,black_widow,0.95,0.75,balanced_accuracy,,"[[0.0,10.0],[1.0,0.0]]","{""0"":0.75,""1"":0.25}",0.022,0.022,0.22,,0.98,0.02,0.9130434782608695,0.28,0.915,0.85,0.8771631923118609,0.9470666666666666,0.9056630446421088,0.3478430708880314,0.19343096002658428,0.055911856153819314,0.5,0.6354526547951797,0.013500000000000002,0.9866666666666667,0.9233333333333333,0.013500000000000002,"[[147,3],[14,36]]",0.85,True,True,True
results/vit_test/stop3b_imbalance_decoupling_spider_target_majority_vit_nicme_hybrid_seed43_04-28_17-05/metrics_20260428_170551_nicme_hybrid.json,results/vit_test/stop3b_imbalance_decoupling_spider_target_majority_vit_nicme_hybrid_seed43_04-28_17-05,spider_target_majority,vit,nicme_hybrid,43,argmax,black_widow,0.95,0.75,balanced_accuracy,,"[[0.0,10.0],[1.0,0.0]]","{""0"":0.75,""1"":0.25}",0.016100000000000003,0.014499999999999999,0.145,,1.0,0.0,0.8379888268156425,0.58,0.855,0.71,0.7517016995590564,0.9321333333333333,0.8602656560678744,0.348086965229756,0.21454230833174104,0.07363803297281268,,,,,,,"[[150,0],[29,21]]",0.71,True,False,False
results/vit_test/stop3b_imbalance_decoupling_spider_target_majority_vit_nicme_hybrid_seed43_04-28_17-05/metrics_20260428_170551_nicme_hybrid.json,results/vit_test/stop3b_imbalance_decoupling_spider_target_majority_vit_nicme_hybrid_seed43_04-28_17-05,spider_target_majority,vit,nicme_hybrid,43,calibrated_cost_min,black_widow,0.95,0.75,balanced_accuracy,,"[[0.0,10.0],[1.0,0.0]]","{""0"":0.75,""1"":0.25}",0.0875,0.025,0.25,,1.0,0.0,0.75,1.0,0.75,0.5,0.42857142857142855,0.9321333333333333,0.8602656560678744,0.35130446987212116,0.21782726950224995,0.07622563868620483,0.5,,,,,,"[[150,0],[50,0]]",0.5,True,False,False
results/vit_test/stop3b_imbalance_decoupling_spider_target_majority_vit_nicme_hybrid_seed43_04-28_17-05/metrics_20260428_170551_nicme_hybrid.json,results/vit_test/stop3b_imbalance_decoupling_spider_target_majority_vit_nicme_hybrid_seed43_04-28_17-05,spider_target_majority,vit,nicme_hybrid,43,calibrated_threshold,black_widow,0.95,0.75,balanced_accuracy,,"[[0.0,10.0],[1.0,0.0]]","{""0"":0.75,""1"":0.25}",0.016100000000000003,0.014499999999999999,0.145,,1.0,0.0,0.8379888268156425,0.58,0.855,0.71,0.7517016995590564,0.9321333333333333,0.8602656560678744,0.35130446987212116,0.21782726950224995,0.07622563868620483,0.5,0.4996017512801285,0.0125,0.9933333333333333,0.8466666666666667,0.0125,"[[150,0],[29,21]]",0.71,True,False,False
results/vit_test/stop3b_imbalance_decoupling_spider_target_majority_vit_ce_seed44_04-28_17-06/metrics_20260428_170651_ce.json,results/vit_test/stop3b_imbalance_decoupling_spider_target_majority_vit_ce_seed44_04-28_17-06,spider_target_majority,vit,ce,44,argmax,black_widow,0.95,0.75,balanced_accuracy,,"[[0.0,10.0],[1.0,0.0]]","{""0"":0.75,""1"":0.25}",0.06959999999999998,0.066,0.66,,0.92,0.08,0.92,0.24,0.88,0.8400000000000001,0.8400000000000001,0.9339999999999999,0.8706708354699667,0.29135252912760984,0.1707081633845664,0.05872354924678804,,,,,,,"[[138,12],[12,38]]",0.8400000000000001,False,True,False
results/vit_test/stop3b_imbalance_decoupling_spider_target_majority_vit_ce_seed44_04-28_17-06/metrics_20260428_170651_ce.json,results/vit_test/stop3b_imbalance_decoupling_spider_target_majority_vit_ce_seed44_04-28_17-06,spider_target_majority,vit,ce,44,calibrated_cost_min,black_widow,0.95,0.75,balanced_accuracy,,"[[0.0,10.0],[1.0,0.0]]","{""0"":0.75,""1"":0.25}",0.022899999999999993,0.0165,0.165,,1.0,0.0,0.819672131147541,0.66,0.835,0.67,0.7041817937340326,0.9339999999999999,0.8706708354699667,0.3249299531221218,0.17877567152780055,0.06398429725140006,0.6,,,,,,"[[150,0],[33,17]]",0.67,True,False,False
results/vit_test/stop3b_imbalance_decoupling_spider_target_majority_vit_ce_seed44_04-28_17-06/metrics_20260428_170651_ce.json,results/vit_test/stop3b_imbalance_decoupling_spider_target_majority_vit_ce_seed44_04-28_17-06,spider_target_majority,vit,ce,44,calibrated_threshold,black_widow,0.95,0.75,balanced_accuracy,,"[[0.0,10.0],[1.0,0.0]]","{""0"":0.75,""1"":0.25}",0.016100000000000003,0.014499999999999999,0.145,,1.0,0.0,0.8379888268156425,0.58,0.855,0.71,0.7517016995590564,0.9339999999999999,0.8706708354699667,0.3249299531221218,0.17877567152780055,0.06398429725140006,0.6,0.10728293412971487,0.0085,1.0,0.8300000000000001,0.0085,"[[150,0],[29,21]]",0.71,True,False,False
results/vit_test/stop3b_imbalance_decoupling_spider_target_majority_vit_ce_calibrated_cost_min_seed44_04-28_17-07/metrics_20260428_170750_ce_calibrated_cost_min.json,results/vit_test/stop3b_imbalance_decoupling_spider_target_majority_vit_ce_calibrated_cost_min_seed44_04-28_17-07,spider_target_majority,vit,ce_calibrated_cost_min,44,argmax,black_widow,0.95,0.75,balanced_accuracy,,"[[0.0,10.0],[1.0,0.0]]","{""0"":0.75,""1"":0.25}",0.05711111111111111,0.05600000000000001,0.56,,0.9333333333333333,0.06666666666666667,0.9210526315789473,0.24,0.89,0.8466666666666667,0.8513312609812136,0.9403999999999999,0.8779049209338239,0.28512089698646453,0.16730935373471836,0.07072117120027542,,,,,,,"[[140,10],[12,38]]",0.8466666666666667,False,True,False
results/vit_test/stop3b_imbalance_decoupling_spider_target_majority_vit_ce_calibrated_cost_min_seed44_04-28_17-07/metrics_20260428_170750_ce_calibrated_cost_min.json,results/vit_test/stop3b_imbalance_decoupling_spider_target_majority_vit_ce_calibrated_cost_min_seed44_04-28_17-07,spider_target_majority,vit,ce_calibrated_cost_min,44,calibrated_cost_min,black_widow,0.95,0.75,balanced_accuracy,,"[[0.0,10.0],[1.0,0.0]]","{""0"":0.75,""1"":0.25}",0.030099999999999995,0.018,0.18,,1.0,0.0,0.8064516129032258,0.72,0.82,0.64,0.6651785714285714,0.9403999999999999,0.8779049209338239,0.31758367096729506,0.17417056785268037,0.07402845401674418,0.6,,,,,,"[[150,0],[36,14]]",0.64,True,False,False
results/vit_test/stop3b_imbalance_decoupling_spider_target_majority_vit_ce_calibrated_cost_min_seed44_04-28_17-07/metrics_20260428_170750_ce_calibrated_cost_min.json,results/vit_test/stop3b_imbalance_decoupling_spider_target_majority_vit_ce_calibrated_cost_min_seed44_04-28_17-07,spider_target_majority,vit,ce_calibrated_cost_min,44,calibrated_threshold,black_widow,0.95,0.75,balanced_accuracy,,"[[0.0,10.0],[1.0,0.0]]","{""0"":0.75,""1"":0.25}",0.0165,0.0165,0.165,,0.9933333333333333,0.006666666666666667,0.8662790697674418,0.46,0.88,0.7666666666666666,0.8088867654085046,0.9403999999999999,0.8779049209338239,0.31758367096729506,0.17417056785268037,0.07402845401674418,0.6,0.125878012113537,0.0085,1.0,0.8300000000000001,0.0085,"[[149,1],[23,27]]",0.7666666666666666,True,True,True
results/vit_test/stop3b_imbalance_decoupling_spider_target_majority_vit_menon_logit_adjusted_seed44_04-28_17-08/metrics_20260428_170853_menon_logit_adjusted.json,results/vit_test/stop3b_imbalance_decoupling_spider_target_majority_vit_menon_logit_adjusted_seed44_04-28_17-08,spider_target_majority,vit,menon_logit_adjusted,44,argmax,black_widow,0.95,0.75,balanced_accuracy,,"[[0.0,10.0],[1.0,0.0]]","{""0"":0.75,""1"":0.25}",0.027500000000000004,0.027500000000000004,0.275,,0.9733333333333334,0.02666666666666667,0.906832298136646,0.3,0.905,0.8366666666666667,0.86271180317208,0.9382666666666666,0.879611741092463,0.27340619711750747,0.15306567265436832,0.04466540098190306,,,,,,,"[[146,4],[15,35]]",0.8366666666666667,True,True,True
results/vit_test/stop3b_imbalance_decoupling_spider_target_majority_vit_menon_logit_adjusted_seed44_04-28_17-08/metrics_20260428_170853_menon_logit_adjusted.json,results/vit_test/stop3b_imbalance_decoupling_spider_target_majority_vit_menon_logit_adjusted_seed44_04-28_17-08,spider_target_majority,vit,menon_logit_adjusted,44,calibrated_cost_min,black_widow,0.95,0.75,balanced_accuracy,,"[[0.0,10.0],[1.0,0.0]]","{""0"":0.75,""1"":0.25}",0.013900000000000003,0.013500000000000002,0.135,,1.0,0.0,0.847457627118644,0.54,0.865,0.73,0.7737840894809602,0.9382666666666666,0.879611741092463,0.26487656384698705,0.15296497573658502,0.031940169726270146,0.7,,,,,,"[[150,0],[27,23]]",0.73,True,False,False
results/vit_test/stop3b_imbalance_decoupling_spider_target_majority_vit_menon_logit_adjusted_seed44_04-28_17-08/metrics_20260428_170853_menon_logit_adjusted.json,results/vit_test/stop3b_imbalance_decoupling_spider_target_majority_vit_menon_logit_adjusted_seed44_04-28_17-08,spider_target_majority,vit,menon_logit_adjusted,44,calibrated_threshold,black_widow,0.95,0.75,balanced_accuracy,,"[[0.0,10.0],[1.0,0.0]]","{""0"":0.75,""1"":0.25}",0.027499999999999993,0.017499999999999998,0.175,,1.0,0.0,0.8108108108108109,0.7,0.825,0.65,0.6785304247990814,0.9382666666666666,0.879611741092463,0.26487656384698705,0.15296497573658502,0.031940169726270146,0.7,0.027342438922321872,0.012,1.0,0.76,0.012,"[[150,0],[35,15]]",0.65,True,False,False
results/vit_test/stop3b_imbalance_decoupling_spider_target_majority_vit_cs_regularized_ce_seed44_04-28_17-09/metrics_20260428_170954_cs_regularized_ce.json,results/vit_test/stop3b_imbalance_decoupling_spider_target_majority_vit_cs_regularized_ce_seed44_04-28_17-09,spider_target_majority,vit,cs_regularized_ce,44,argmax,black_widow,0.95,0.75,balanced_accuracy,,"[[0.0,10.0],[1.0,0.0]]","{""0"":0.75,""1"":0.25}",0.08999999999999997,0.08,0.8,,0.9,0.1,0.9310344827586207,0.2,0.875,0.8500000000000001,0.8385794995964488,0.9462666666666666,0.8655458674045103,0.28244855658878515,0.17301581839705055,0.05141203999519351,,,,,,,"[[135,15],[10,40]]",0.8500000000000001,False,True,False
results/vit_test/stop3b_imbalance_decoupling_spider_target_majority_vit_cs_regularized_ce_seed44_04-28_17-09/metrics_20260428_170954_cs_regularized_ce.json,results/vit_test/stop3b_imbalance_decoupling_spider_target_majority_vit_cs_regularized_ce_seed44_04-28_17-09,spider_target_majority,vit,cs_regularized_ce,44,calibrated_cost_min,black_widow,0.95,0.75,balanced_accuracy,,"[[0.0,10.0],[1.0,0.0]]","{""0"":0.75,""1"":0.25}",0.027499999999999993,0.017499999999999998,0.175,,1.0,0.0,0.8108108108108109,0.7,0.825,0.65,0.6785304247990814,0.9462666666666666,0.8655458674045103,0.3029209742152512,0.18469943594593835,0.06523490232578555,0.6,,,,,,"[[150,0],[35,15]]",0.65,True,False,False
results/vit_test/stop3b_imbalance_decoupling_spider_target_majority_vit_cs_regularized_ce_seed44_04-28_17-09/metrics_20260428_170954_cs_regularized_ce.json,results/vit_test/stop3b_imbalance_decoupling_spider_target_majority_vit_cs_regularized_ce_seed44_04-28_17-09,spider_target_majority,vit,cs_regularized_ce,44,calibrated_threshold,black_widow,0.95,0.75,balanced_accuracy,,"[[0.0,10.0],[1.0,0.0]]","{""0"":0.75,""1"":0.25}",0.022544444444444443,0.0225,0.225,,0.9866666666666667,0.013333333333333334,0.8554913294797688,0.5,0.865,0.7433333333333334,0.7828796590406498,0.9462666666666666,0.8655458674045103,0.3029209742152512,0.18469943594593835,0.06523490232578555,0.6,0.10930313705416167,0.0085,1.0,0.8300000000000001,0.0085,"[[148,2],[25,25]]",0.7433333333333334,True,False,False
results/vit_test/stop3b_imbalance_decoupling_spider_target_majority_vit_nicme_logit_adjustment_seed44_04-28_17-10/metrics_20260428_171055_nicme_logit_adjustment.json,results/vit_test/stop3b_imbalance_decoupling_spider_target_majority_vit_nicme_logit_adjustment_seed44_04-28_17-10,spider_target_majority,vit,nicme_logit_adjustment,44,argmax,black_widow,0.95,0.75,balanced_accuracy,,"[[0.0,10.0],[1.0,0.0]]","{""0"":0.75,""1"":0.25}",0.0245,0.0245,0.245,,0.98,0.02,0.8855421686746988,0.38,0.89,0.8,0.8342374924653406,0.9625333333333334,0.9153280204870624,0.280091147431597,0.16564949274288884,0.08974073678255083,,,,,,,"[[147,3],[19,31]]",0.8,True,True,True
results/vit_test/stop3b_imbalance_decoupling_spider_target_majority_vit_nicme_logit_adjustment_seed44_04-28_17-10/metrics_20260428_171055_nicme_logit_adjustment.json,results/vit_test/stop3b_imbalance_decoupling_spider_target_majority_vit_nicme_logit_adjustment_seed44_04-28_17-10,spider_target_majority,vit,nicme_logit_adjustment,44,calibrated_cost_min,black_widow,0.95,0.75,balanced_accuracy,,"[[0.0,10.0],[1.0,0.0]]","{""0"":0.75,""1"":0.25}",0.0875,0.025,0.25,,1.0,0.0,0.75,1.0,0.75,0.5,0.42857142857142855,0.9625333333333334,0.9153280204870624,0.2616591563896878,0.15439903051032042,0.05437524665358684,0.5,,,,,,"[[150,0],[50,0]]",0.5,True,False,False
results/vit_test/stop3b_imbalance_decoupling_spider_target_majority_vit_nicme_logit_adjustment_seed44_04-28_17-10/metrics_20260428_171055_nicme_logit_adjustment.json,results/vit_test/stop3b_imbalance_decoupling_spider_target_majority_vit_nicme_logit_adjustment_seed44_04-28_17-10,spider_target_majority,vit,nicme_logit_adjustment,44,calibrated_threshold,black_widow,0.95,0.75,balanced_accuracy,,"[[0.0,10.0],[1.0,0.0]]","{""0"":0.75,""1"":0.25}",0.0115,0.0115,0.115,,1.0,0.0,0.8670520231213873,0.46,0.885,0.77,0.815045635479072,0.9625333333333334,0.9153280204870624,0.2616591563896878,0.15439903051032042,0.05437524665358684,0.5,0.3145674349351564,0.0115,1.0,0.77,0.0115,"[[150,0],[23,27]]",0.77,True,True,True
results/vit_test/stop3b_imbalance_decoupling_spider_target_majority_vit_nicme_hybrid_seed44_04-28_17-12/metrics_20260428_171215_nicme_hybrid.json,results/vit_test/stop3b_imbalance_decoupling_spider_target_majority_vit_nicme_hybrid_seed44_04-28_17-12,spider_target_majority,vit,nicme_hybrid,44,argmax,black_widow,0.95,0.75,balanced_accuracy,,"[[0.0,10.0],[1.0,0.0]]","{""0"":0.75,""1"":0.25}",0.0185,0.0185,0.185,,0.9866666666666667,0.013333333333333334,0.896969696969697,0.34,0.905,0.8233333333333334,0.858076563958917,0.958,0.905034716698234,0.26716566608272174,0.16033253495480315,0.07103808790445323,,,,,,,"[[148,2],[17,33]]",0.8233333333333334,True,True,True
results/vit_test/stop3b_imbalance_decoupling_spider_target_majority_vit_nicme_hybrid_seed44_04-28_17-12/metrics_20260428_171215_nicme_hybrid.json,results/vit_test/stop3b_imbalance_decoupling_spider_target_majority_vit_nicme_hybrid_seed44_04-28_17-12,spider_target_majority,vit,nicme_hybrid,44,calibrated_cost_min,black_widow,0.95,0.75,balanced_accuracy,,"[[0.0,10.0],[1.0,0.0]]","{""0"":0.75,""1"":0.25}",0.05809999999999998,0.022,0.22,,1.0,0.0,0.7731958762886598,0.88,0.78,0.56,0.5431893687707642,0.958,0.905034716698234,0.27463633105743246,0.1527343504263223,0.04525086775201107,0.5,,,,,,"[[150,0],[44,6]]",0.56,True,False,False
results/vit_test/stop3b_imbalance_decoupling_spider_target_majority_vit_nicme_hybrid_seed44_04-28_17-12/metrics_20260428_171215_nicme_hybrid.json,results/vit_test/stop3b_imbalance_decoupling_spider_target_majority_vit_nicme_hybrid_seed44_04-28_17-12,spider_target_majority,vit,nicme_hybrid,44,calibrated_threshold,black_widow,0.95,0.75,balanced_accuracy,,"[[0.0,10.0],[1.0,0.0]]","{""0"":0.75,""1"":0.25}",0.02090000000000001,0.016,0.16,,1.0,0.0,0.8241758241758241,0.64,0.84,0.6799999999999999,0.7165131112686038,0.958,0.905034716698234,0.27463633105743246,0.1527343504263223,0.04525086775201107,0.5,0.20654032624157212,0.0125,1.0,0.75,0.0125,"[[150,0],[32,18]]",0.6799999999999999,True,False,False
results/timm_dinov3_vit_lora_test/stop3b_imbalance_decoupling_spider_target_majority_timm_dinov3_vit_lora_ce_seed42_04-28_17-12/metrics_20260428_171300_ce.json,results/timm_dinov3_vit_lora_test/stop3b_imbalance_decoupling_spider_target_majority_timm_dinov3_vit_lora_ce_seed42_04-28_17-12,spider_target_majority,timm_dinov3_vit_lora,ce,42,argmax,black_widow,0.95,0.75,balanced_accuracy,,"[[0.0,10.0],[1.0,0.0]]","{""0"":0.75,""1"":0.25}",0.0875,0.025,0.25,,1.0,0.0,0.75,1.0,0.75,0.5,0.42857142857142855,0.5622666666666666,0.2776321291674986,0.6623537851186445,0.469252263835913,0.21752587825059894,,,,,,,"[[150,0],[50,0]]",0.5,True,False,False
results/timm_dinov3_vit_lora_test/stop3b_imbalance_decoupling_spider_target_majority_timm_dinov3_vit_lora_ce_seed42_04-28_17-12/metrics_20260428_171300_ce.json,results/timm_dinov3_vit_lora_test/stop3b_imbalance_decoupling_spider_target_majority_timm_dinov3_vit_lora_ce_seed42_04-28_17-12,spider_target_majority,timm_dinov3_vit_lora,ce,42,calibrated_cost_min,black_widow,0.95,0.75,balanced_accuracy,,"[[0.0,10.0],[1.0,0.0]]","{""0"":0.75,""1"":0.25}",0.0875,0.025,0.25,,1.0,0.0,0.75,1.0,0.75,0.5,0.42857142857142855,0.5622666666666666,0.2776321291674986,0.6358473325772445,0.44302435215193553,0.18533917923803944,0.5,,,,,,"[[150,0],[50,0]]",0.5,True,False,False
results/timm_dinov3_vit_lora_test/stop3b_imbalance_decoupling_spider_target_majority_timm_dinov3_vit_lora_ce_seed42_04-28_17-12/metrics_20260428_171300_ce.json,results/timm_dinov3_vit_lora_test/stop3b_imbalance_decoupling_spider_target_majority_timm_dinov3_vit_lora_ce_seed42_04-28_17-12,spider_target_majority,timm_dinov3_vit_lora,ce,42,calibrated_threshold,black_widow,0.95,0.75,balanced_accuracy,,"[[0.0,10.0],[1.0,0.0]]","{""0"":0.75,""1"":0.25}",0.0875,0.025,0.25,,1.0,0.0,0.75,1.0,0.75,0.5,0.42857142857142855,0.5622666666666666,0.2776321291674986,0.6358473325772445,0.44302435215193553,0.18533917923803944,0.5,0.0,0.0875,1.0,0.5,0.025,"[[150,0],[50,0]]",0.5,True,False,False
results/timm_dinov3_vit_lora_test/stop3b_imbalance_decoupling_spider_target_majority_timm_dinov3_vit_lora_ce_calibrated_cost_min_seed42_04-28_17-13/metrics_20260428_171342_ce_calibrated_cost_min.json,results/timm_dinov3_vit_lora_test/stop3b_imbalance_decoupling_spider_target_majority_timm_dinov3_vit_lora_ce_calibrated_cost_min_seed42_04-28_17-13,spider_target_majority,timm_dinov3_vit_lora,ce_calibrated_cost_min,42,argmax,black_widow,0.95,0.75,balanced_accuracy,,"[[0.0,10.0],[1.0,0.0]]","{""0"":0.75,""1"":0.25}",0.0875,0.025,0.25,,1.0,0.0,0.75,1.0,0.75,0.5,0.42857142857142855,0.5622666666666666,0.2776321291674986,0.6623537851186445,0.469252263835913,0.21752587825059894,,,,,,,"[[150,0],[50,0]]",0.5,True,False,False
results/timm_dinov3_vit_lora_test/stop3b_imbalance_decoupling_spider_target_majority_timm_dinov3_vit_lora_ce_calibrated_cost_min_seed42_04-28_17-13/metrics_20260428_171342_ce_calibrated_cost_min.json,results/timm_dinov3_vit_lora_test/stop3b_imbalance_decoupling_spider_target_majority_timm_dinov3_vit_lora_ce_calibrated_cost_min_seed42_04-28_17-13,spider_target_majority,timm_dinov3_vit_lora,ce_calibrated_cost_min,42,calibrated_cost_min,black_widow,0.95,0.75,balanced_accuracy,,"[[0.0,10.0],[1.0,0.0]]","{""0"":0.75,""1"":0.25}",0.0875,0.025,0.25,,1.0,0.0,0.75,1.0,0.75,0.5,0.42857142857142855,0.5622666666666666,0.2776321291674986,0.6358473325772445,0.44302435215193553,0.18533917923803944,0.5,,,,,,"[[150,0],[50,0]]",0.5,True,False,False
results/timm_dinov3_vit_lora_test/stop3b_imbalance_decoupling_spider_target_majority_timm_dinov3_vit_lora_ce_calibrated_cost_min_seed42_04-28_17-13/metrics_20260428_171342_ce_calibrated_cost_min.json,results/timm_dinov3_vit_lora_test/stop3b_imbalance_decoupling_spider_target_majority_timm_dinov3_vit_lora_ce_calibrated_cost_min_seed42_04-28_17-13,spider_target_majority,timm_dinov3_vit_lora,ce_calibrated_cost_min,42,calibrated_threshold,black_widow,0.95,0.75,balanced_accuracy,,"[[0.0,10.0],[1.0,0.0]]","{""0"":0.75,""1"":0.25}",0.0875,0.025,0.25,,1.0,0.0,0.75,1.0,0.75,0.5,0.42857142857142855,0.5622666666666666,0.2776321291674986,0.6358473325772445,0.44302435215193553,0.18533917923803944,0.5,0.0,0.0875,1.0,0.5,0.025,"[[150,0],[50,0]]",0.5,True,False,False
results/timm_dinov3_vit_lora_test/stop3b_imbalance_decoupling_spider_target_majority_timm_dinov3_vit_lora_menon_logit_adjusted_seed42_04-28_17-14/metrics_20260428_171423_menon_logit_adjusted.json,results/timm_dinov3_vit_lora_test/stop3b_imbalance_decoupling_spider_target_majority_timm_dinov3_vit_lora_menon_logit_adjusted_seed42_04-28_17-14,spider_target_majority,timm_dinov3_vit_lora,menon_logit_adjusted,42,argmax,black_widow,0.95,0.75,balanced_accuracy,,"[[0.0,10.0],[1.0,0.0]]","{""0"":0.75,""1"":0.25}",0.37739999999999996,0.20099999999999998,2.01,,0.74,0.26,0.9024390243902439,0.24,0.745,0.75,0.7058060050186035,0.8006666666666666,0.6161994825820125,0.6864886643214657,0.4933422853811277,0.2398377624154091,,,,,,,"[[111,39],[12,38]]",0.75,False,True,False
results/timm_dinov3_vit_lora_test/stop3b_imbalance_decoupling_spider_target_majority_timm_dinov3_vit_lora_menon_logit_adjusted_seed42_04-28_17-14/metrics_20260428_171423_menon_logit_adjusted.json,results/timm_dinov3_vit_lora_test/stop3b_imbalance_decoupling_spider_target_majority_timm_dinov3_vit_lora_menon_logit_adjusted_seed42_04-28_17-14,spider_target_majority,timm_dinov3_vit_lora,menon_logit_adjusted,42,calibrated_cost_min,black_widow,0.95,0.75,balanced_accuracy,,"[[0.0,10.0],[1.0,0.0]]","{""0"":0.75,""1"":0.25}",0.0875,0.025,0.25,,1.0,0.0,0.75,1.0,0.75,0.5,0.42857142857142855,0.8006666666666666,0.6161994825820125,0.6799879534919324,0.4868470750095092,0.23467843023654067,0.5,,,,,,"[[150,0],[50,0]]",0.5,True,False,False
results/timm_dinov3_vit_lora_test/stop3b_imbalance_decoupling_spider_target_majority_timm_dinov3_vit_lora_menon_logit_adjusted_seed42_04-28_17-14/metrics_20260428_171423_menon_logit_adjusted.json,results/timm_dinov3_vit_lora_test/stop3b_imbalance_decoupling_spider_target_majority_timm_dinov3_vit_lora_menon_logit_adjusted_seed42_04-28_17-14,spider_target_majority,timm_dinov3_vit_lora,menon_logit_adjusted,42,calibrated_threshold,black_widow,0.95,0.75,balanced_accuracy,,"[[0.0,10.0],[1.0,0.0]]","{""0"":0.75,""1"":0.25}",0.06904444444444444,0.0445,0.445,,0.9666666666666667,0.03333333333333333,0.7880434782608695,0.78,0.78,0.5933333333333334,0.6007984031936128,0.8006666666666666,0.6161994825820125,0.6799879534919324,0.4868470750095092,0.23467843023654067,0.5,0.4880676818667083,0.0532111111111111,0.9733333333333334,0.6266666666666667,0.038,"[[145,5],[39,11]]",0.5933333333333334,True,False,False
results/timm_dinov3_vit_lora_test/stop3b_imbalance_decoupling_spider_target_majority_timm_dinov3_vit_lora_cs_regularized_ce_seed42_04-28_17-15/metrics_20260428_171507_cs_regularized_ce.json,results/timm_dinov3_vit_lora_test/stop3b_imbalance_decoupling_spider_target_majority_timm_dinov3_vit_lora_cs_regularized_ce_seed42_04-28_17-15,spider_target_majority,timm_dinov3_vit_lora,cs_regularized_ce,42,argmax,black_widow,0.95,0.75,balanced_accuracy,,"[[0.0,10.0],[1.0,0.0]]","{""0"":0.75,""1"":0.25}",0.0875,0.025,0.25,,1.0,0.0,0.75,1.0,0.75,0.5,0.42857142857142855,0.5593333333333333,0.27596346882200684,0.662317022169374,0.4692156663450946,0.21743091851472857,,,,,,,"[[150,0],[50,0]]",0.5,True,False,False
results/timm_dinov3_vit_lora_test/stop3b_imbalance_decoupling_spider_target_majority_timm_dinov3_vit_lora_cs_regularized_ce_seed42_04-28_17-15/metrics_20260428_171507_cs_regularized_ce.json,results/timm_dinov3_vit_lora_test/stop3b_imbalance_decoupling_spider_target_majority_timm_dinov3_vit_lora_cs_regularized_ce_seed42_04-28_17-15,spider_target_majority,timm_dinov3_vit_lora,cs_regularized_ce,42,calibrated_cost_min,black_widow,0.95,0.75,balanced_accuracy,,"[[0.0,10.0],[1.0,0.0]]","{""0"":0.75,""1"":0.25}",0.0875,0.025,0.25,,1.0,0.0,0.75,1.0,0.75,0.5,0.42857142857142855,0.5593333333333333,0.27596346882200684,0.6357981391139229,0.44297609360559465,0.18515163436475834,0.5,,,,,,"[[150,0],[50,0]]",0.5,True,False,False
results/timm_dinov3_vit_lora_test/stop3b_imbalance_decoupling_spider_target_majority_timm_dinov3_vit_lora_cs_regularized_ce_seed42_04-28_17-15/metrics_20260428_171507_cs_regularized_ce.json,results/timm_dinov3_vit_lora_test/stop3b_imbalance_decoupling_spider_target_majority_timm_dinov3_vit_lora_cs_regularized_ce_seed42_04-28_17-15,spider_target_majority,timm_dinov3_vit_lora,cs_regularized_ce,42,calibrated_threshold,black_widow,0.95,0.75,balanced_accuracy,,"[[0.0,10.0],[1.0,0.0]]","{""0"":0.75,""1"":0.25}",0.0875,0.025,0.25,,1.0,0.0,0.75,1.0,0.75,0.5,0.42857142857142855,0.5593333333333333,0.27596346882200684,0.6357981391139229,0.44297609360559465,0.18515163436475834,0.5,0.0,0.0875,1.0,0.5,0.025,"[[150,0],[50,0]]",0.5,True,False,False
results/timm_dinov3_vit_lora_test/stop3b_imbalance_decoupling_spider_target_majority_timm_dinov3_vit_lora_nicme_logit_adjustment_seed42_04-28_17-15/metrics_20260428_171546_nicme_logit_adjustment.json,results/timm_dinov3_vit_lora_test/stop3b_imbalance_decoupling_spider_target_majority_timm_dinov3_vit_lora_nicme_logit_adjustment_seed42_04-28_17-15,spider_target_majority,timm_dinov3_vit_lora,nicme_logit_adjustment,42,argmax,black_widow,0.95,0.75,balanced_accuracy,,"[[0.0,10.0],[1.0,0.0]]","{""0"":0.75,""1"":0.25}",0.0875,0.025,0.25,,1.0,0.0,0.75,1.0,0.75,0.5,0.42857142857142855,0.6544,0.3405521095654419,0.6644671316053489,0.4713564916937033,0.22132062107324607,,,,,,,"[[150,0],[50,0]]",0.5,True,False,False
results/timm_dinov3_vit_lora_test/stop3b_imbalance_decoupling_spider_target_majority_timm_dinov3_vit_lora_nicme_logit_adjustment_seed42_04-28_17-15/metrics_20260428_171546_nicme_logit_adjustment.json,results/timm_dinov3_vit_lora_test/stop3b_imbalance_decoupling_spider_target_majority_timm_dinov3_vit_lora_nicme_logit_adjustment_seed42_04-28_17-15,spider_target_majority,timm_dinov3_vit_lora,nicme_logit_adjustment,42,calibrated_cost_min,black_widow,0.95,0.75,balanced_accuracy,,"[[0.0,10.0],[1.0,0.0]]","{""0"":0.75,""1"":0.25}",0.0875,0.025,0.25,,1.0,0.0,0.75,1.0,0.75,0.5,0.42857142857142855,0.6544,0.3405521095654419,0.6391590050501424,0.44627789999483114,0.1928439956276997,0.5,,,,,,"[[150,0],[50,0]]",0.5,True,False,False
results/timm_dinov3_vit_lora_test/stop3b_imbalance_decoupling_spider_target_majority_timm_dinov3_vit_lora_nicme_logit_adjustment_seed42_04-28_17-15/metrics_20260428_171546_nicme_logit_adjustment.json,results/timm_dinov3_vit_lora_test/stop3b_imbalance_decoupling_spider_target_majority_timm_dinov3_vit_lora_nicme_logit_adjustment_seed42_04-28_17-15,spider_target_majority,timm_dinov3_vit_lora,nicme_logit_adjustment,42,calibrated_threshold,black_widow,0.95,0.75,balanced_accuracy,,"[[0.0,10.0],[1.0,0.0]]","{""0"":0.75,""1"":0.25}",0.0875,0.025,0.25,,1.0,0.0,0.75,1.0,0.75,0.5,0.42857142857142855,0.6544,0.3405521095654419,0.6391590050501424,0.44627789999483114,0.1928439956276997,0.5,0.0,0.0875,1.0,0.5,0.025,"[[150,0],[50,0]]",0.5,True,False,False
results/timm_dinov3_vit_lora_test/stop3b_imbalance_decoupling_spider_target_majority_timm_dinov3_vit_lora_nicme_hybrid_seed42_04-28_17-16/metrics_20260428_171626_nicme_hybrid.json,results/timm_dinov3_vit_lora_test/stop3b_imbalance_decoupling_spider_target_majority_timm_dinov3_vit_lora_nicme_hybrid_seed42_04-28_17-16,spider_target_majority,timm_dinov3_vit_lora,nicme_hybrid,42,argmax,black_widow,0.95,0.75,balanced_accuracy,,"[[0.0,10.0],[1.0,0.0]]","{""0"":0.75,""1"":0.25}",0.0875,0.025,0.25,,1.0,0.0,0.75,1.0,0.75,0.5,0.42857142857142855,0.7158666666666667,0.4262019547936967,0.6687604293592939,0.47563536541695095,0.22740515261888505,,,,,,,"[[150,0],[50,0]]",0.5,True,False,False
results/timm_dinov3_vit_lora_test/stop3b_imbalance_decoupling_spider_target_majority_timm_dinov3_vit_lora_nicme_hybrid_seed42_04-28_17-16/metrics_20260428_171626_nicme_hybrid.json,results/timm_dinov3_vit_lora_test/stop3b_imbalance_decoupling_spider_target_majority_timm_dinov3_vit_lora_nicme_hybrid_seed42_04-28_17-16,spider_target_majority,timm_dinov3_vit_lora,nicme_hybrid,42,calibrated_cost_min,black_widow,0.95,0.75,balanced_accuracy,,"[[0.0,10.0],[1.0,0.0]]","{""0"":0.75,""1"":0.25}",0.0875,0.025,0.25,,1.0,0.0,0.75,1.0,0.75,0.5,0.42857142857142855,0.7158666666666667,0.4262019547936967,0.6465172231044649,0.45353553739666863,0.20491623554147956,0.5,,,,,,"[[150,0],[50,0]]",0.5,True,False,False
results/timm_dinov3_vit_lora_test/stop3b_imbalance_decoupling_spider_target_majority_timm_dinov3_vit_lora_nicme_hybrid_seed42_04-28_17-16/metrics_20260428_171626_nicme_hybrid.json,results/timm_dinov3_vit_lora_test/stop3b_imbalance_decoupling_spider_target_majority_timm_dinov3_vit_lora_nicme_hybrid_seed42_04-28_17-16,spider_target_majority,timm_dinov3_vit_lora,nicme_hybrid,42,calibrated_threshold,black_widow,0.95,0.75,balanced_accuracy,,"[[0.0,10.0],[1.0,0.0]]","{""0"":0.75,""1"":0.25}",0.11202222222222222,0.075,0.75,,0.9266666666666666,0.07333333333333333,0.776536312849162,0.8,0.745,0.5633333333333334,0.5633374716383407,0.7158666666666667,0.4262019547936967,0.6465172231044649,0.45353553739666863,0.20491623554147956,0.5,0.5308505825809601,0.06810000000000001,0.96,0.61,0.0485,"[[139,11],[40,10]]",0.5633333333333334,False,False,False
results/timm_dinov3_vit_lora_test/stop3b_imbalance_decoupling_spider_target_majority_timm_dinov3_vit_lora_ce_seed43_04-28_17-16/metrics_20260428_171705_ce.json,results/timm_dinov3_vit_lora_test/stop3b_imbalance_decoupling_spider_target_majority_timm_dinov3_vit_lora_ce_seed43_04-28_17-16,spider_target_majority,timm_dinov3_vit_lora,ce,43,argmax,black_widow,0.95,0.75,balanced_accuracy,,"[[0.0,10.0],[1.0,0.0]]","{""0"":0.75,""1"":0.25}",0.0875,0.025,0.25,,1.0,0.0,0.75,1.0,0.75,0.5,0.42857142857142855,0.5608,0.2771270295674207,0.6623209149359606,0.46921953480833495,0.21746788233518605,,,,,,,"[[150,0],[50,0]]",0.5,True,False,False
results/timm_dinov3_vit_lora_test/stop3b_imbalance_decoupling_spider_target_majority_timm_dinov3_vit_lora_ce_seed43_04-28_17-16/metrics_20260428_171705_ce.json,results/timm_dinov3_vit_lora_test/stop3b_imbalance_decoupling_spider_target_majority_timm_dinov3_vit_lora_ce_seed43_04-28_17-16,spider_target_majority,timm_dinov3_vit_lora,ce,43,calibrated_cost_min,black_widow,0.95,0.75,balanced_accuracy,,"[[0.0,10.0],[1.0,0.0]]","{""0"":0.75,""1"":0.25}",0.0875,0.025,0.25,,1.0,0.0,0.75,1.0,0.75,0.5,0.42857142857142855,0.5608,0.2771270295674207,0.6357963649952915,0.44297427510247944,0.18522462259677064,0.5,,,,,,"[[150,0],[50,0]]",0.5,True,False,False
results/timm_dinov3_vit_lora_test/stop3b_imbalance_decoupling_spider_target_majority_timm_dinov3_vit_lora_ce_seed43_04-28_17-16/metrics_20260428_171705_ce.json,results/timm_dinov3_vit_lora_test/stop3b_imbalance_decoupling_spider_target_majority_timm_dinov3_vit_lora_ce_seed43_04-28_17-16,spider_target_majority,timm_dinov3_vit_lora,ce,43,calibrated_threshold,black_widow,0.95,0.75,balanced_accuracy,,"[[0.0,10.0],[1.0,0.0]]","{""0"":0.75,""1"":0.25}",0.0875,0.025,0.25,,1.0,0.0,0.75,1.0,0.75,0.5,0.42857142857142855,0.5608,0.2771270295674207,0.6357963649952915,0.44297427510247944,0.18522462259677064,0.5,0.0,0.0875,1.0,0.5,0.025,"[[150,0],[50,0]]",0.5,True,False,False
results/timm_dinov3_vit_lora_test/stop3b_imbalance_decoupling_spider_target_majority_timm_dinov3_vit_lora_ce_calibrated_cost_min_seed43_04-28_17-17/metrics_20260428_171747_ce_calibrated_cost_min.json,results/timm_dinov3_vit_lora_test/stop3b_imbalance_decoupling_spider_target_majority_timm_dinov3_vit_lora_ce_calibrated_cost_min_seed43_04-28_17-17,spider_target_majority,timm_dinov3_vit_lora,ce_calibrated_cost_min,43,argmax,black_widow,0.95,0.75,balanced_accuracy,,"[[0.0,10.0],[1.0,0.0]]","{""0"":0.75,""1"":0.25}",0.0875,0.025,0.25,,1.0,0.0,0.75,1.0,0.75,0.5,0.42857142857142855,0.5608,0.2771270295674207,0.6623209149359606,0.46921953480833495,0.21746788233518605,,,,,,,"[[150,0],[50,0]]",0.5,True,False,False
results/timm_dinov3_vit_lora_test/stop3b_imbalance_decoupling_spider_target_majority_timm_dinov3_vit_lora_ce_calibrated_cost_min_seed43_04-28_17-17/metrics_20260428_171747_ce_calibrated_cost_min.json,results/timm_dinov3_vit_lora_test/stop3b_imbalance_decoupling_spider_target_majority_timm_dinov3_vit_lora_ce_calibrated_cost_min_seed43_04-28_17-17,spider_target_majority,timm_dinov3_vit_lora,ce_calibrated_cost_min,43,calibrated_cost_min,black_widow,0.95,0.75,balanced_accuracy,,"[[0.0,10.0],[1.0,0.0]]","{""0"":0.75,""1"":0.25}",0.0875,0.025,0.25,,1.0,0.0,0.75,1.0,0.75,0.5,0.42857142857142855,0.5608,0.2771270295674207,0.6357963649952915,0.44297427510247944,0.18522462259677064,0.5,,,,,,"[[150,0],[50,0]]",0.5,True,False,False
results/timm_dinov3_vit_lora_test/stop3b_imbalance_decoupling_spider_target_majority_timm_dinov3_vit_lora_ce_calibrated_cost_min_seed43_04-28_17-17/metrics_20260428_171747_ce_calibrated_cost_min.json,results/timm_dinov3_vit_lora_test/stop3b_imbalance_decoupling_spider_target_majority_timm_dinov3_vit_lora_ce_calibrated_cost_min_seed43_04-28_17-17,spider_target_majority,timm_dinov3_vit_lora,ce_calibrated_cost_min,43,calibrated_threshold,black_widow,0.95,0.75,balanced_accuracy,,"[[0.0,10.0],[1.0,0.0]]","{""0"":0.75,""1"":0.25}",0.0875,0.025,0.25,,1.0,0.0,0.75,1.0,0.75,0.5,0.42857142857142855,0.5608,0.2771270295674207,0.6357963649952915,0.44297427510247944,0.18522462259677064,0.5,0.0,0.0875,1.0,0.5,0.025,"[[150,0],[50,0]]",0.5,True,False,False
results/timm_dinov3_vit_lora_test/stop3b_imbalance_decoupling_spider_target_majority_timm_dinov3_vit_lora_menon_logit_adjusted_seed43_04-28_17-18/metrics_20260428_171829_menon_logit_adjusted.json,results/timm_dinov3_vit_lora_test/stop3b_imbalance_decoupling_spider_target_majority_timm_dinov3_vit_lora_menon_logit_adjusted_seed43_04-28_17-18,spider_target_majority,timm_dinov3_vit_lora,menon_logit_adjusted,43,argmax,black_widow,0.95,0.75,balanced_accuracy,,"[[0.0,10.0],[1.0,0.0]]","{""0"":0.75,""1"":0.25}",0.3937888888888889,0.20600000000000002,2.06,,0.7333333333333333,0.26666666666666666,0.9016393442622951,0.24,0.74,0.7466666666666666,0.7012867647058824,0.8013333333333333,0.6188288008462791,0.6865389771813686,0.49339258993552093,0.23486072361469268,,,,,,,"[[110,40],[12,38]]",0.7466666666666666,False,False,False
results/timm_dinov3_vit_lora_test/stop3b_imbalance_decoupling_spider_target_majority_timm_dinov3_vit_lora_menon_logit_adjusted_seed43_04-28_17-18/metrics_20260428_171829_menon_logit_adjusted.json,results/timm_dinov3_vit_lora_test/stop3b_imbalance_decoupling_spider_target_majority_timm_dinov3_vit_lora_menon_logit_adjusted_seed43_04-28_17-18,spider_target_majority,timm_dinov3_vit_lora,menon_logit_adjusted,43,calibrated_cost_min,black_widow,0.95,0.75,balanced_accuracy,,"[[0.0,10.0],[1.0,0.0]]","{""0"":0.75,""1"":0.25}",0.0875,0.025,0.25,,1.0,0.0,0.75,1.0,0.75,0.5,0.42857142857142855,0.8013333333333333,0.6188288008462791,0.6800872450837868,0.4869462702963227,0.22972432078194782,0.5,,,,,,"[[150,0],[50,0]]",0.5,True,False,False
results/timm_dinov3_vit_lora_test/stop3b_imbalance_decoupling_spider_target_majority_timm_dinov3_vit_lora_menon_logit_adjusted_seed43_04-28_17-18/metrics_20260428_171829_menon_logit_adjusted.json,results/timm_dinov3_vit_lora_test/stop3b_imbalance_decoupling_spider_target_majority_timm_dinov3_vit_lora_menon_logit_adjusted_seed43_04-28_17-18,spider_target_majority,timm_dinov3_vit_lora,menon_logit_adjusted,43,calibrated_threshold,black_widow,0.95,0.75,balanced_accuracy,,"[[0.0,10.0],[1.0,0.0]]","{""0"":0.75,""1"":0.25}",0.0630111111111111,0.0395,0.395,,0.9733333333333334,0.02666666666666667,0.7891891891891892,0.78,0.785,0.5966666666666667,0.6050516647531573,0.8013333333333333,0.6188288008462791,0.6800872450837868,0.4869462702963227,0.22972432078194782,0.5,0.4878319413182207,0.057,0.98,0.6,0.034499999999999996,"[[146,4],[39,11]]",0.5966666666666667,True,False,False
results/timm_dinov3_vit_lora_test/stop3b_imbalance_decoupling_spider_target_majority_timm_dinov3_vit_lora_cs_regularized_ce_seed43_04-28_17-19/metrics_20260428_171910_cs_regularized_ce.json,results/timm_dinov3_vit_lora_test/stop3b_imbalance_decoupling_spider_target_majority_timm_dinov3_vit_lora_cs_regularized_ce_seed43_04-28_17-19,spider_target_majority,timm_dinov3_vit_lora,cs_regularized_ce,43,argmax,black_widow,0.95,0.75,balanced_accuracy,,"[[0.0,10.0],[1.0,0.0]]","{""0"":0.75,""1"":0.25}",0.0875,0.025,0.25,,1.0,0.0,0.75,1.0,0.75,0.5,0.42857142857142855,0.5571999999999999,0.2748259039142064,0.6622839247985263,0.469182721253709,0.21737266629934315,,,,,,,"[[150,0],[50,0]]",0.5,True,False,False
results/timm_dinov3_vit_lora_test/stop3b_imbalance_decoupling_spider_target_majority_timm_dinov3_vit_lora_cs_regularized_ce_seed43_04-28_17-19/metrics_20260428_171910_cs_regularized_ce.json,results/timm_dinov3_vit_lora_test/stop3b_imbalance_decoupling_spider_target_majority_timm_dinov3_vit_lora_cs_regularized_ce_seed43_04-28_17-19,spider_target_majority,timm_dinov3_vit_lora,cs_regularized_ce,43,calibrated_cost_min,black_widow,0.95,0.75,balanced_accuracy,,"[[0.0,10.0],[1.0,0.0]]","{""0"":0.75,""1"":0.25}",0.0875,0.025,0.25,,1.0,0.0,0.75,1.0,0.75,0.5,0.42857142857142855,0.5571999999999999,0.2748259039142064,0.6357468882805624,0.44292574341941376,0.18503660527344312,0.5,,,,,,"[[150,0],[50,0]]",0.5,True,False,False
results/timm_dinov3_vit_lora_test/stop3b_imbalance_decoupling_spider_target_majority_timm_dinov3_vit_lora_cs_regularized_ce_seed43_04-28_17-19/metrics_20260428_171910_cs_regularized_ce.json,results/timm_dinov3_vit_lora_test/stop3b_imbalance_decoupling_spider_target_majority_timm_dinov3_vit_lora_cs_regularized_ce_seed43_04-28_17-19,spider_target_majority,timm_dinov3_vit_lora,cs_regularized_ce,43,calibrated_threshold,black_widow,0.95,0.75,balanced_accuracy,,"[[0.0,10.0],[1.0,0.0]]","{""0"":0.75,""1"":0.25}",0.0875,0.025,0.25,,1.0,0.0,0.75,1.0,0.75,0.5,0.42857142857142855,0.5571999999999999,0.2748259039142064,0.6357468882805624,0.44292574341941376,0.18503660527344312,0.5,0.0,0.0875,1.0,0.5,0.025,"[[150,0],[50,0]]",0.5,True,False,False
results/timm_dinov3_vit_lora_test/stop3b_imbalance_decoupling_spider_target_majority_timm_dinov3_vit_lora_nicme_logit_adjustment_seed43_04-28_17-19/metrics_20260428_171949_nicme_logit_adjustment.json,results/timm_dinov3_vit_lora_test/stop3b_imbalance_decoupling_spider_target_majority_timm_dinov3_vit_lora_nicme_logit_adjustment_seed43_04-28_17-19,spider_target_majority,timm_dinov3_vit_lora,nicme_logit_adjustment,43,argmax,black_widow,0.95,0.75,balanced_accuracy,,"[[0.0,10.0],[1.0,0.0]]","{""0"":0.75,""1"":0.25}",0.0875,0.025,0.25,,1.0,0.0,0.75,1.0,0.75,0.5,0.42857142857142855,0.6525333333333333,0.33878262482947574,0.6643545843073068,0.4712443886536785,0.2211741915345192,,,,,,,"[[150,0],[50,0]]",0.5,True,False,False
results/timm_dinov3_vit_lora_test/stop3b_imbalance_decoupling_spider_target_majority_timm_dinov3_vit_lora_nicme_logit_adjustment_seed43_04-28_17-19/metrics_20260428_171949_nicme_logit_adjustment.json,results/timm_dinov3_vit_lora_test/stop3b_imbalance_decoupling_spider_target_majority_timm_dinov3_vit_lora_nicme_logit_adjustment_seed43_04-28_17-19,spider_target_majority,timm_dinov3_vit_lora,nicme_logit_adjustment,43,calibrated_cost_min,black_widow,0.95,0.75,balanced_accuracy,,"[[0.0,10.0],[1.0,0.0]]","{""0"":0.75,""1"":0.25}",0.0875,0.025,0.25,,1.0,0.0,0.75,1.0,0.75,0.5,0.42857142857142855,0.6525333333333333,0.33878262482947574,0.6389672275837421,0.446089171013127,0.19255405225138178,0.5,,,,,,"[[150,0],[50,0]]",0.5,True,False,False
results/timm_dinov3_vit_lora_test/stop3b_imbalance_decoupling_spider_target_majority_timm_dinov3_vit_lora_nicme_logit_adjustment_seed43_04-28_17-19/metrics_20260428_171949_nicme_logit_adjustment.json,results/timm_dinov3_vit_lora_test/stop3b_imbalance_decoupling_spider_target_majority_timm_dinov3_vit_lora_nicme_logit_adjustment_seed43_04-28_17-19,spider_target_majority,timm_dinov3_vit_lora,nicme_logit_adjustment,43,calibrated_threshold,black_widow,0.95,0.75,balanced_accuracy,,"[[0.0,10.0],[1.0,0.0]]","{""0"":0.75,""1"":0.25}",0.0875,0.025,0.25,,1.0,0.0,0.75,1.0,0.75,0.5,0.42857142857142855,0.6525333333333333,0.33878262482947574,0.6389672275837421,0.446089171013127,0.19255405225138178,0.5,0.0,0.0875,1.0,0.5,0.025,"[[150,0],[50,0]]",0.5,True,False,False
results/timm_dinov3_vit_lora_test/stop3b_imbalance_decoupling_spider_target_majority_timm_dinov3_vit_lora_nicme_hybrid_seed43_04-28_17-20/metrics_20260428_172029_nicme_hybrid.json,results/timm_dinov3_vit_lora_test/stop3b_imbalance_decoupling_spider_target_majority_timm_dinov3_vit_lora_nicme_hybrid_seed43_04-28_17-20,spider_target_majority,timm_dinov3_vit_lora,nicme_hybrid,43,argmax,black_widow,0.95,0.75,balanced_accuracy,,"[[0.0,10.0],[1.0,0.0]]","{""0"":0.75,""1"":0.25}",0.0875,0.025,0.25,,1.0,0.0,0.75,1.0,0.75,0.5,0.42857142857142855,0.7158666666666667,0.4201449218500688,0.6686711712796856,0.4755463560364261,0.22728556096553798,,,,,,,"[[150,0],[50,0]]",0.5,True,False,False
results/timm_dinov3_vit_lora_test/stop3b_imbalance_decoupling_spider_target_majority_timm_dinov3_vit_lora_nicme_hybrid_seed43_04-28_17-20/metrics_20260428_172029_nicme_hybrid.json,results/timm_dinov3_vit_lora_test/stop3b_imbalance_decoupling_spider_target_majority_timm_dinov3_vit_lora_nicme_hybrid_seed43_04-28_17-20,spider_target_majority,timm_dinov3_vit_lora,nicme_hybrid,43,calibrated_cost_min,black_widow,0.95,0.75,balanced_accuracy,,"[[0.0,10.0],[1.0,0.0]]","{""0"":0.75,""1"":0.25}",0.0875,0.025,0.25,,1.0,0.0,0.75,1.0,0.75,0.5,0.42857142857142855,0.7158666666666667,0.4201449218500688,0.6463593413622434,0.4533794403689504,0.2046784560185396,0.5,,,,,,"[[150,0],[50,0]]",0.5,True,False,False
results/timm_dinov3_vit_lora_test/stop3b_imbalance_decoupling_spider_target_majority_timm_dinov3_vit_lora_nicme_hybrid_seed43_04-28_17-20/metrics_20260428_172029_nicme_hybrid.json,results/timm_dinov3_vit_lora_test/stop3b_imbalance_decoupling_spider_target_majority_timm_dinov3_vit_lora_nicme_hybrid_seed43_04-28_17-20,spider_target_majority,timm_dinov3_vit_lora,nicme_hybrid,43,calibrated_threshold,black_widow,0.95,0.75,balanced_accuracy,,"[[0.0,10.0],[1.0,0.0]]","{""0"":0.75,""1"":0.25}",0.11969999999999996,0.08,0.8,,0.92,0.08,0.7752808988764045,0.8,0.74,0.56,0.559620596205962,0.7158666666666667,0.4201449218500688,0.6463593413622434,0.4533794403689504,0.2046784560185396,0.5,0.5314158247738923,0.0649,0.96,0.62,0.048,"[[138,12],[40,10]]",0.56,False,False,False
results/timm_dinov3_vit_lora_test/stop3b_imbalance_decoupling_spider_target_majority_timm_dinov3_vit_lora_ce_seed44_04-28_17-21/metrics_20260428_172109_ce.json,results/timm_dinov3_vit_lora_test/stop3b_imbalance_decoupling_spider_target_majority_timm_dinov3_vit_lora_ce_seed44_04-28_17-21,spider_target_majority,timm_dinov3_vit_lora,ce,44,argmax,black_widow,0.95,0.75,balanced_accuracy,,"[[0.0,10.0],[1.0,0.0]]","{""0"":0.75,""1"":0.25}",0.0875,0.025,0.25,,1.0,0.0,0.75,1.0,0.75,0.5,0.42857142857142855,0.562,0.27746971318606184,0.6624333151097158,0.4693314341720159,0.217599649131298,,,,,,,"[[150,0],[50,0]]",0.5,True,False,False
results/timm_dinov3_vit_lora_test/stop3b_imbalance_decoupling_spider_target_majority_timm_dinov3_vit_lora_ce_seed44_04-28_17-21/metrics_20260428_172109_ce.json,results/timm_dinov3_vit_lora_test/stop3b_imbalance_decoupling_spider_target_majority_timm_dinov3_vit_lora_ce_seed44_04-28_17-21,spider_target_majority,timm_dinov3_vit_lora,ce,44,calibrated_cost_min,black_widow,0.95,0.75,balanced_accuracy,,"[[0.0,10.0],[1.0,0.0]]","{""0"":0.75,""1"":0.25}",0.0875,0.025,0.25,,1.0,0.0,0.75,1.0,0.75,0.5,0.42857142857142855,0.562,0.27746971318606184,0.6359867885832127,0.44316133094149307,0.1854847320012426,0.5,,,,,,"[[150,0],[50,0]]",0.5,True,False,False
results/timm_dinov3_vit_lora_test/stop3b_imbalance_decoupling_spider_target_majority_timm_dinov3_vit_lora_ce_seed44_04-28_17-21/metrics_20260428_172109_ce.json,results/timm_dinov3_vit_lora_test/stop3b_imbalance_decoupling_spider_target_majority_timm_dinov3_vit_lora_ce_seed44_04-28_17-21,spider_target_majority,timm_dinov3_vit_lora,ce,44,calibrated_threshold,black_widow,0.95,0.75,balanced_accuracy,,"[[0.0,10.0],[1.0,0.0]]","{""0"":0.75,""1"":0.25}",0.0875,0.025,0.25,,1.0,0.0,0.75,1.0,0.75,0.5,0.42857142857142855,0.562,0.27746971318606184,0.6359867885832127,0.44316133094149307,0.1854847320012426,0.5,0.0,0.0875,1.0,0.5,0.025,"[[150,0],[50,0]]",0.5,True,False,False
results/timm_dinov3_vit_lora_test/stop3b_imbalance_decoupling_spider_target_majority_timm_dinov3_vit_lora_ce_calibrated_cost_min_seed44_04-28_17-21/metrics_20260428_172151_ce_calibrated_cost_min.json,results/timm_dinov3_vit_lora_test/stop3b_imbalance_decoupling_spider_target_majority_timm_dinov3_vit_lora_ce_calibrated_cost_min_seed44_04-28_17-21,spider_target_majority,timm_dinov3_vit_lora,ce_calibrated_cost_min,44,argmax,black_widow,0.95,0.75,balanced_accuracy,,"[[0.0,10.0],[1.0,0.0]]","{""0"":0.75,""1"":0.25}",0.0875,0.025,0.25,,1.0,0.0,0.75,1.0,0.75,0.5,0.42857142857142855,0.562,0.27746971318606184,0.6624333151097158,0.4693314341720159,0.217599649131298,,,,,,,"[[150,0],[50,0]]",0.5,True,False,False
results/timm_dinov3_vit_lora_test/stop3b_imbalance_decoupling_spider_target_majority_timm_dinov3_vit_lora_ce_calibrated_cost_min_seed44_04-28_17-21/metrics_20260428_172151_ce_calibrated_cost_min.json,results/timm_dinov3_vit_lora_test/stop3b_imbalance_decoupling_spider_target_majority_timm_dinov3_vit_lora_ce_calibrated_cost_min_seed44_04-28_17-21,spider_target_majority,timm_dinov3_vit_lora,ce_calibrated_cost_min,44,calibrated_cost_min,black_widow,0.95,0.75,balanced_accuracy,,"[[0.0,10.0],[1.0,0.0]]","{""0"":0.75,""1"":0.25}",0.0875,0.025,0.25,,1.0,0.0,0.75,1.0,0.75,0.5,0.42857142857142855,0.562,0.27746971318606184,0.6359867885832127,0.44316133094149307,0.1854847320012426,0.5,,,,,,"[[150,0],[50,0]]",0.5,True,False,False
results/timm_dinov3_vit_lora_test/stop3b_imbalance_decoupling_spider_target_majority_timm_dinov3_vit_lora_ce_calibrated_cost_min_seed44_04-28_17-21/metrics_20260428_172151_ce_calibrated_cost_min.json,results/timm_dinov3_vit_lora_test/stop3b_imbalance_decoupling_spider_target_majority_timm_dinov3_vit_lora_ce_calibrated_cost_min_seed44_04-28_17-21,spider_target_majority,timm_dinov3_vit_lora,ce_calibrated_cost_min,44,calibrated_threshold,black_widow,0.95,0.75,balanced_accuracy,,"[[0.0,10.0],[1.0,0.0]]","{""0"":0.75,""1"":0.25}",0.0875,0.025,0.25,,1.0,0.0,0.75,1.0,0.75,0.5,0.42857142857142855,0.562,0.27746971318606184,0.6359867885832127,0.44316133094149307,0.1854847320012426,0.5,0.0,0.0875,1.0,0.5,0.025,"[[150,0],[50,0]]",0.5,True,False,False
results/timm_dinov3_vit_lora_test/stop3b_imbalance_decoupling_spider_target_majority_timm_dinov3_vit_lora_menon_logit_adjusted_seed44_04-28_17-22/metrics_20260428_172232_menon_logit_adjusted.json,results/timm_dinov3_vit_lora_test/stop3b_imbalance_decoupling_spider_target_majority_timm_dinov3_vit_lora_menon_logit_adjusted_seed44_04-28_17-22,spider_target_majority,timm_dinov3_vit_lora,menon_logit_adjusted,44,argmax,black_widow,0.95,0.75,balanced_accuracy,,"[[0.0,10.0],[1.0,0.0]]","{""0"":0.75,""1"":0.25}",0.37739999999999996,0.20099999999999998,2.01,,0.74,0.26,0.9024390243902439,0.24,0.745,0.75,0.7058060050186035,0.8014666666666667,0.6209641368130182,0.6865606313631014,0.49341423859185524,0.23985881149768828,,,,,,,"[[111,39],[12,38]]",0.75,False,True,False
results/timm_dinov3_vit_lora_test/stop3b_imbalance_decoupling_spider_target_majority_timm_dinov3_vit_lora_menon_logit_adjusted_seed44_04-28_17-22/metrics_20260428_172232_menon_logit_adjusted.json,results/timm_dinov3_vit_lora_test/stop3b_imbalance_decoupling_spider_target_majority_timm_dinov3_vit_lora_menon_logit_adjusted_seed44_04-28_17-22,spider_target_majority,timm_dinov3_vit_lora,menon_logit_adjusted,44,calibrated_cost_min,black_widow,0.95,0.75,balanced_accuracy,,"[[0.0,10.0],[1.0,0.0]]","{""0"":0.75,""1"":0.25}",0.0875,0.025,0.25,,1.0,0.0,0.75,1.0,0.75,0.5,0.42857142857142855,0.8014666666666667,0.6209641368130182,0.6801305515930788,0.4869895566437281,0.23472048940814927,0.5,,,,,,"[[150,0],[50,0]]",0.5,True,False,False
results/timm_dinov3_vit_lora_test/stop3b_imbalance_decoupling_spider_target_majority_timm_dinov3_vit_lora_menon_logit_adjusted_seed44_04-28_17-22/metrics_20260428_172232_menon_logit_adjusted.json,results/timm_dinov3_vit_lora_test/stop3b_imbalance_decoupling_spider_target_majority_timm_dinov3_vit_lora_menon_logit_adjusted_seed44_04-28_17-22,spider_target_majority,timm_dinov3_vit_lora,menon_logit_adjusted,44,calibrated_threshold,black_widow,0.95,0.75,balanced_accuracy,,"[[0.0,10.0],[1.0,0.0]]","{""0"":0.75,""1"":0.25}",0.0630111111111111,0.0395,0.395,,0.9733333333333334,0.02666666666666667,0.7891891891891892,0.78,0.785,0.5966666666666667,0.6050516647531573,0.8014666666666667,0.6209641368130182,0.6801305515930788,0.4869895566437281,0.23472048940814927,0.5,0.4878552601816466,0.0532111111111111,0.9733333333333334,0.6266666666666667,0.038,"[[146,4],[39,11]]",0.5966666666666667,True,False,False
results/timm_dinov3_vit_lora_test/stop3b_imbalance_decoupling_spider_target_majority_timm_dinov3_vit_lora_cs_regularized_ce_seed44_04-28_17-23/metrics_20260428_172312_cs_regularized_ce.json,results/timm_dinov3_vit_lora_test/stop3b_imbalance_decoupling_spider_target_majority_timm_dinov3_vit_lora_cs_regularized_ce_seed44_04-28_17-23,spider_target_majority,timm_dinov3_vit_lora,cs_regularized_ce,44,argmax,black_widow,0.95,0.75,balanced_accuracy,,"[[0.0,10.0],[1.0,0.0]]","{""0"":0.75,""1"":0.25}",0.0875,0.025,0.25,,1.0,0.0,0.75,1.0,0.75,0.5,0.42857142857142855,0.5576,0.2747851823766996,0.6623966506923974,0.46929494170743324,0.21750460147857664,,,,,,,"[[150,0],[50,0]]",0.5,True,False,False
results/timm_dinov3_vit_lora_test/stop3b_imbalance_decoupling_spider_target_majority_timm_dinov3_vit_lora_cs_regularized_ce_seed44_04-28_17-23/metrics_20260428_172312_cs_regularized_ce.json,results/timm_dinov3_vit_lora_test/stop3b_imbalance_decoupling_spider_target_majority_timm_dinov3_vit_lora_cs_regularized_ce_seed44_04-28_17-23,spider_target_majority,timm_dinov3_vit_lora,cs_regularized_ce,44,calibrated_cost_min,black_widow,0.95,0.75,balanced_accuracy,,"[[0.0,10.0],[1.0,0.0]]","{""0"":0.75,""1"":0.25}",0.0875,0.025,0.25,,1.0,0.0,0.75,1.0,0.75,0.5,0.42857142857142855,0.5576,0.2747851823766996,0.6359377799924332,0.44311324921756634,0.18529701549246358,0.5,,,,,,"[[150,0],[50,0]]",0.5,True,False,False
results/timm_dinov3_vit_lora_test/stop3b_imbalance_decoupling_spider_target_majority_timm_dinov3_vit_lora_cs_regularized_ce_seed44_04-28_17-23/metrics_20260428_172312_cs_regularized_ce.json,results/timm_dinov3_vit_lora_test/stop3b_imbalance_decoupling_spider_target_majority_timm_dinov3_vit_lora_cs_regularized_ce_seed44_04-28_17-23,spider_target_majority,timm_dinov3_vit_lora,cs_regularized_ce,44,calibrated_threshold,black_widow,0.95,0.75,balanced_accuracy,,"[[0.0,10.0],[1.0,0.0]]","{""0"":0.75,""1"":0.25}",0.0875,0.025,0.25,,1.0,0.0,0.75,1.0,0.75,0.5,0.42857142857142855,0.5576,0.2747851823766996,0.6359377799924332,0.44311324921756634,0.18529701549246358,0.5,0.0,0.0875,1.0,0.5,0.025,"[[150,0],[50,0]]",0.5,True,False,False
results/timm_dinov3_vit_lora_test/stop3b_imbalance_decoupling_spider_target_majority_timm_dinov3_vit_lora_nicme_logit_adjustment_seed44_04-28_17-23/metrics_20260428_172353_nicme_logit_adjustment.json,results/timm_dinov3_vit_lora_test/stop3b_imbalance_decoupling_spider_target_majority_timm_dinov3_vit_lora_nicme_logit_adjustment_seed44_04-28_17-23,spider_target_majority,timm_dinov3_vit_lora,nicme_logit_adjustment,44,argmax,black_widow,0.95,0.75,balanced_accuracy,,"[[0.0,10.0],[1.0,0.0]]","{""0"":0.75,""1"":0.25}",0.0875,0.025,0.25,,1.0,0.0,0.75,1.0,0.75,0.5,0.42857142857142855,0.6512,0.3375134754031305,0.6644507590334954,0.47134018971845504,0.22125013113021857,,,,,,,"[[150,0],[50,0]]",0.5,True,False,False
results/timm_dinov3_vit_lora_test/stop3b_imbalance_decoupling_spider_target_majority_timm_dinov3_vit_lora_nicme_logit_adjustment_seed44_04-28_17-23/metrics_20260428_172353_nicme_logit_adjustment.json,results/timm_dinov3_vit_lora_test/stop3b_imbalance_decoupling_spider_target_majority_timm_dinov3_vit_lora_nicme_logit_adjustment_seed44_04-28_17-23,spider_target_majority,timm_dinov3_vit_lora,nicme_logit_adjustment,44,calibrated_cost_min,black_widow,0.95,0.75,balanced_accuracy,,"[[0.0,10.0],[1.0,0.0]]","{""0"":0.75,""1"":0.25}",0.0875,0.025,0.25,,1.0,0.0,0.75,1.0,0.75,0.5,0.42857142857142855,0.6512,0.3375134754031305,0.6391410910389491,0.446260384190426,0.19270420584745349,0.5,,,,,,"[[150,0],[50,0]]",0.5,True,False,False
results/timm_dinov3_vit_lora_test/stop3b_imbalance_decoupling_spider_target_majority_timm_dinov3_vit_lora_nicme_logit_adjustment_seed44_04-28_17-23/metrics_20260428_172353_nicme_logit_adjustment.json,results/timm_dinov3_vit_lora_test/stop3b_imbalance_decoupling_spider_target_majority_timm_dinov3_vit_lora_nicme_logit_adjustment_seed44_04-28_17-23,spider_target_majority,timm_dinov3_vit_lora,nicme_logit_adjustment,44,calibrated_threshold,black_widow,0.95,0.75,balanced_accuracy,,"[[0.0,10.0],[1.0,0.0]]","{""0"":0.75,""1"":0.25}",0.0875,0.025,0.25,,1.0,0.0,0.75,1.0,0.75,0.5,0.42857142857142855,0.6512,0.3375134754031305,0.6391410910389491,0.446260384190426,0.19270420584745349,0.5,0.0,0.0875,1.0,0.5,0.025,"[[150,0],[50,0]]",0.5,True,False,False
results/timm_dinov3_vit_lora_test/stop3b_imbalance_decoupling_spider_target_majority_timm_dinov3_vit_lora_nicme_hybrid_seed44_04-28_17-24/metrics_20260428_172434_nicme_hybrid.json,results/timm_dinov3_vit_lora_test/stop3b_imbalance_decoupling_spider_target_majority_timm_dinov3_vit_lora_nicme_hybrid_seed44_04-28_17-24,spider_target_majority,timm_dinov3_vit_lora,nicme_hybrid,44,argmax,black_widow,0.95,0.75,balanced_accuracy,,"[[0.0,10.0],[1.0,0.0]]","{""0"":0.75,""1"":0.25}",0.0875,0.025,0.25,,1.0,0.0,0.75,1.0,0.75,0.5,0.42857142857142855,0.7152,0.4166123744106364,0.6687374929185981,0.47561248285078905,0.227323189675808,,,,,,,"[[150,0],[50,0]]",0.5,True,False,False
results/timm_dinov3_vit_lora_test/stop3b_imbalance_decoupling_spider_target_majority_timm_dinov3_vit_lora_nicme_hybrid_seed44_04-28_17-24/metrics_20260428_172434_nicme_hybrid.json,results/timm_dinov3_vit_lora_test/stop3b_imbalance_decoupling_spider_target_majority_timm_dinov3_vit_lora_nicme_hybrid_seed44_04-28_17-24,spider_target_majority,timm_dinov3_vit_lora,nicme_hybrid,44,calibrated_cost_min,black_widow,0.95,0.75,balanced_accuracy,,"[[0.0,10.0],[1.0,0.0]]","{""0"":0.75,""1"":0.25}",0.0875,0.025,0.25,,1.0,0.0,0.75,1.0,0.75,0.5,0.42857142857142855,0.7152,0.4166123744106364,0.6464834600437719,0.4535021289693165,0.20475298667492542,0.5,,,,,,"[[150,0],[50,0]]",0.5,True,False,False
results/timm_dinov3_vit_lora_test/stop3b_imbalance_decoupling_spider_target_majority_timm_dinov3_vit_lora_nicme_hybrid_seed44_04-28_17-24/metrics_20260428_172434_nicme_hybrid.json,results/timm_dinov3_vit_lora_test/stop3b_imbalance_decoupling_spider_target_majority_timm_dinov3_vit_lora_nicme_hybrid_seed44_04-28_17-24,spider_target_majority,timm_dinov3_vit_lora,nicme_hybrid,44,calibrated_threshold,black_widow,0.95,0.75,balanced_accuracy,,"[[0.0,10.0],[1.0,0.0]]","{""0"":0.75,""1"":0.25}",0.11969999999999996,0.08,0.8,,0.92,0.08,0.7752808988764045,0.8,0.74,0.56,0.559620596205962,0.7152,0.4166123744106364,0.6464834600437719,0.4535021289693165,0.20475298667492542,0.5,0.5315139194341552,0.0649,0.96,0.62,0.048,"[[138,12],[40,10]]",0.56,False,False,False
results/vit_test/stop3b_imbalance_decoupling_breakhis_natural_vit_ce_seed42_04-28_17-39/metrics_20260428_173940_ce.json,results/vit_test/stop3b_imbalance_decoupling_breakhis_natural_vit_ce_seed42_04-28_17-39,breakhis_natural,vit,ce,42,argmax,malignant,0.97,0.8,balanced_accuracy,,"[[0.0,1.0],[10.0,0.0]]","{""0"":0.3971830985915493,""1"":0.6028169014084507}",0.04229903146716793,0.04084507042253521,0.4084507042253521,,0.9509345794392523,0.04906542056074766,0.8357289527720739,0.28368794326241137,0.8577464788732394,0.8336233180884205,0.8448087431693989,0.918058593491085,0.9383519914324545,0.8492038839001141,0.27462693645408287,0.13858832154475462,,,,,,,"[[202,80],[21,407]]",0.8336233180884205,False,True,False
results/vit_test/stop3b_imbalance_decoupling_breakhis_natural_vit_ce_seed42_04-28_17-39/metrics_20260428_173940_ce.json,results/vit_test/stop3b_imbalance_decoupling_breakhis_natural_vit_ce_seed42_04-28_17-39,breakhis_natural,vit,ce,42,calibrated_cost_min,malignant,0.97,0.8,balanced_accuracy,,"[[0.0,1.0],[10.0,0.0]]","{""0"":0.3971830985915493,""1"":0.6028169014084507}",0.01774647887323944,0.01774647887323944,0.17746478873239438,,0.9929906542056075,0.007009345794392523,0.8157389635316699,0.3404255319148936,0.8605633802816901,0.8262825611453569,0.8427442900002013,0.9180585934910849,0.9383554549307482,0.39734724910103175,0.23547172921531614,0.06465014880660609,2.75,,,,,,"[[186,96],[3,425]]",0.8262825611453569,True,True,True
results/vit_test/stop3b_imbalance_decoupling_breakhis_natural_vit_ce_seed42_04-28_17-39/metrics_20260428_173940_ce.json,results/vit_test/stop3b_imbalance_decoupling_breakhis_natural_vit_ce_seed42_04-28_17-39,breakhis_natural,vit,ce,42,calibrated_threshold,malignant,0.97,0.8,balanced_accuracy,,"[[0.0,1.0],[10.0,0.0]]","{""0"":0.3971830985915493,""1"":0.6028169014084507}",0.015774647887323946,0.015774647887323946,0.15774647887323945,,1.0,0.0,0.7925925925925926,0.3971631205673759,0.8422535211267606,0.801418439716312,0.818254955020844,0.9180585934910849,0.9383554549307482,0.39734724910103175,0.23547172921531614,0.06465014880660609,2.75,0.07714892074595,0.02,0.989010989010989,0.8030556803791005,0.02,"[[170,112],[0,428]]",0.801418439716312,True,True,True
results/vit_test/stop3b_imbalance_decoupling_breakhis_natural_vit_ce_calibrated_cost_min_seed42_04-28_17-57/metrics_20260428_175744_ce_calibrated_cost_min.json,results/vit_test/stop3b_imbalance_decoupling_breakhis_natural_vit_ce_calibrated_cost_min_seed42_04-28_17-57,breakhis_natural,vit,ce_calibrated_cost_min,42,argmax,malignant,0.97,0.8,balanced_accuracy,,"[[0.0,1.0],[10.0,0.0]]","{""0"":0.3971830985915493,""1"":0.6028169014084507}",0.03446239157365364,0.03408450704225352,0.3408450704225352,,0.9602803738317757,0.0397196261682243,0.8509316770186336,0.2553191489361702,0.8746478873239436,0.8524806124478027,0.86372625345321,0.9754175780473255,0.984696894433929,0.4574967865621285,0.22083174858160984,0.10876105511692202,,,,,,,"[[210,72],[17,411]]",0.8524806124478027,False,True,False
results/vit_test/stop3b_imbalance_decoupling_breakhis_natural_vit_ce_calibrated_cost_min_seed42_04-28_17-57/metrics_20260428_175744_ce_calibrated_cost_min.json,results/vit_test/stop3b_imbalance_decoupling_breakhis_natural_vit_ce_calibrated_cost_min_seed42_04-28_17-57,breakhis_natural,vit,ce_calibrated_cost_min,42,calibrated_cost_min,malignant,0.97,0.8,balanced_accuracy,,"[[0.0,1.0],[10.0,0.0]]","{""0"":0.3971830985915493,""1"":0.6028169014084507}",0.019014084507042252,0.019014084507042252,0.19014084507042253,,0.9906542056074766,0.009345794392523364,0.8169556840077071,0.33687943262411346,0.8605633802816901,0.8268873864916816,0.8430785098597775,0.9754175780473255,0.9846968944339289,0.30571424937301295,0.18581604815943586,0.10654219437162979,2.0,,,,,,"[[187,95],[4,424]]",0.8268873864916816,True,True,True
results/vit_test/stop3b_imbalance_decoupling_breakhis_natural_vit_ce_calibrated_cost_min_seed42_04-28_17-57/metrics_20260428_175744_ce_calibrated_cost_min.json,results/vit_test/stop3b_imbalance_decoupling_breakhis_natural_vit_ce_calibrated_cost_min_seed42_04-28_17-57,breakhis_natural,vit,ce_calibrated_cost_min,42,calibrated_threshold,malignant,0.97,0.8,balanced_accuracy,,"[[0.0,1.0],[10.0,0.0]]","{""0"":0.3971830985915493,""1"":0.6028169014084507}",0.018739636162194047,0.018732394366197183,0.18732394366197183,,0.9953271028037384,0.004672897196261682,0.7903525046382189,0.40070921985815605,0.8380281690140845,0.7973089414727912,0.8136061782760455,0.9754175780473255,0.9846968944339289,0.30571424937301295,0.18581604815943586,0.10654219437162979,2.0,0.06556720018822595,0.019275799602888385,0.9908424908424909,0.7965364870569331,0.019263803680981594,"[[169,113],[2,426]]",0.7973089414727912,True,False,False
results/vit_test/stop3b_imbalance_decoupling_breakhis_natural_vit_menon_logit_adjusted_seed42_04-28_18-06/metrics_20260428_180708_menon_logit_adjusted.json,results/vit_test/stop3b_imbalance_decoupling_breakhis_natural_vit_menon_logit_adjusted_seed42_04-28_18-06,breakhis_natural,vit,menon_logit_adjusted,42,argmax,malignant,0.97,0.8,balanced_accuracy,,"[[0.0,1.0],[10.0,0.0]]","{""0"":0.3971830985915493,""1"":0.6028169014084507}",0.02169014084507042,0.02169014084507042,0.21690140845070421,,0.9836448598130841,0.016355140186915886,0.8336633663366336,0.2978723404255319,0.8718309859154929,0.8428862596937761,0.8578034249544976,0.9163518260754293,0.9328732523060086,0.5816601552895557,0.24355017020535746,0.11782346023640168,,,,,,,"[[198,84],[7,421]]",0.8428862596937761,True,True,True
results/vit_test/stop3b_imbalance_decoupling_breakhis_natural_vit_menon_logit_adjusted_seed42_04-28_18-06/metrics_20260428_180708_menon_logit_adjusted.json,results/vit_test/stop3b_imbalance_decoupling_breakhis_natural_vit_menon_logit_adjusted_seed42_04-28_18-06,breakhis_natural,vit,menon_logit_adjusted,42,calibrated_cost_min,malignant,0.97,0.8,balanced_accuracy,,"[[0.0,1.0],[10.0,0.0]]","{""0"":0.3971830985915493,""1"":0.6028169014084507}",0.016704724094276438,0.016619718309859154,0.16619718309859155,,1.0,0.0,0.7838827838827839,0.41843971631205673,0.8338028169014085,0.7907801418439716,0.8071380558190072,0.9163518260754291,0.9328719575952904,0.35371558772745665,0.20995937644192852,0.023766079463548924,2.4000000000000004,,,,,,"[[164,118],[0,428]]",0.7907801418439716,True,False,False
results/vit_test/stop3b_imbalance_decoupling_breakhis_natural_vit_menon_logit_adjusted_seed42_04-28_18-06/metrics_20260428_180708_menon_logit_adjusted.json,results/vit_test/stop3b_imbalance_decoupling_breakhis_natural_vit_menon_logit_adjusted_seed42_04-28_18-06,breakhis_natural,vit,menon_logit_adjusted,42,calibrated_threshold,malignant,0.97,0.8,balanced_accuracy,,"[[0.0,1.0],[10.0,0.0]]","{""0"":0.3971830985915493,""1"":0.6028169014084507}",0.018169014084507044,0.018169014084507044,0.18169014084507043,,0.9906542056074766,0.009345794392523364,0.8265107212475633,0.31560283687943264,0.8690140845070422,0.837525684364022,0.8535072403319881,0.9163518260754291,0.9328719575952904,0.35371558772745665,0.20995937644192852,0.023766079463548924,2.4000000000000004,0.36135593290893775,0.023798670053975002,0.9853479853479854,0.7844955540122827,0.02355828220858896,"[[193,89],[4,424]]",0.837525684364022,True,True,True
results/vit_test/stop3b_imbalance_decoupling_breakhis_natural_vit_cs_regularized_ce_seed42_04-28_18-19/metrics_20260428_181928_cs_regularized_ce.json,results/vit_test/stop3b_imbalance_decoupling_breakhis_natural_vit_cs_regularized_ce_seed42_04-28_18-19,breakhis_natural,vit,cs_regularized_ce,42,argmax,malignant,0.97,0.8,balanced_accuracy,,"[[0.0,1.0],[10.0,0.0]]","{""0"":0.3971830985915493,""1"":0.6028169014084507}",0.040705399450594724,0.038873239436619716,0.38873239436619716,,0.9485981308411215,0.0514018691588785,0.8787878787878788,0.19858156028368795,0.8901408450704226,0.8750082852787169,0.8825948696205215,0.9724431629880029,0.9818455885132731,0.4768832676762306,0.19885137824958385,0.09962925810209462,,,,,,,"[[226,56],[22,406]]",0.8750082852787169,False,True,False
results/vit_test/stop3b_imbalance_decoupling_breakhis_natural_vit_cs_regularized_ce_seed42_04-28_18-19/metrics_20260428_181928_cs_regularized_ce.json,results/vit_test/stop3b_imbalance_decoupling_breakhis_natural_vit_cs_regularized_ce_seed42_04-28_18-19,breakhis_natural,vit,cs_regularized_ce,42,calibrated_cost_min,malignant,0.97,0.8,balanced_accuracy,,"[[0.0,1.0],[10.0,0.0]]","{""0"":0.3971830985915493,""1"":0.6028169014084507}",0.019577464788732395,0.019577464788732395,0.19577464788732393,,0.9836448598130841,0.016355140186915886,0.8591836734693877,0.24468085106382978,0.8929577464788733,0.8694820043746272,0.882908453332639,0.9724431629880028,0.9818453499281175,0.28859227106881286,0.17048838884789877,0.05224322116718777,2.05,,,,,,"[[213,69],[7,421]]",0.8694820043746272,True,True,True
results/vit_test/stop3b_imbalance_decoupling_breakhis_natural_vit_cs_regularized_ce_seed42_04-28_18-19/metrics_20260428_181928_cs_regularized_ce.json,results/vit_test/stop3b_imbalance_decoupling_breakhis_natural_vit_cs_regularized_ce_seed42_04-28_18-19,breakhis_natural,vit,cs_regularized_ce,42,calibrated_threshold,malignant,0.97,0.8,balanced_accuracy,,"[[0.0,1.0],[10.0,0.0]]","{""0"":0.3971830985915493,""1"":0.6028169014084507}",0.014929577464788731,0.014929577464788731,0.14929577464788732,,0.9953271028037384,0.004672897196261682,0.83203125,0.3049645390070922,0.8760563380281691,0.8451812818983231,0.8615248226950354,0.9724431629880028,0.9818453499281175,0.28859227106881286,0.17048838884789877,0.05224322116718777,2.05,0.04739292105506508,0.01460122699386503,0.9926739926739927,0.8494968476381116,0.01460122699386503,"[[196,86],[2,426]]",0.8451812818983231,True,True,True
results/vit_test/stop3b_imbalance_decoupling_breakhis_natural_vit_nicme_logit_adjustment_seed42_04-28_18-25/metrics_20260428_182610_nicme_logit_adjustment.json,results/vit_test/stop3b_imbalance_decoupling_breakhis_natural_vit_nicme_logit_adjustment_seed42_04-28_18-25,breakhis_natural,vit,nicme_logit_adjustment,42,argmax,malignant,0.97,0.8,balanced_accuracy,,"[[0.0,1.0],[10.0,0.0]]","{""0"":0.3971830985915493,""1"":0.6028169014084507}",0.019718309859154928,0.019718309859154928,0.19718309859154928,,0.9883177570093458,0.011682242990654205,0.8245614035087719,0.3191489361702128,0.8661971830985915,0.8345844104195665,0.8503568584036438,0.9762212500828529,0.9852372670706782,0.45702730040505296,0.23713516639252336,0.10871371903889626,,,,,,,"[[192,90],[5,423]]",0.8345844104195665,True,True,True
results/vit_test/stop3b_imbalance_decoupling_breakhis_natural_vit_nicme_logit_adjustment_seed42_04-28_18-25/metrics_20260428_182610_nicme_logit_adjustment.json,results/vit_test/stop3b_imbalance_decoupling_breakhis_natural_vit_nicme_logit_adjustment_seed42_04-28_18-25,breakhis_natural,vit,nicme_logit_adjustment,42,calibrated_cost_min,malignant,0.97,0.8,balanced_accuracy,,"[[0.0,1.0],[10.0,0.0]]","{""0"":0.3971830985915493,""1"":0.6028169014084507}",0.044873453031452654,0.026619718309859153,0.2661971830985915,,1.0,0.0,0.6936790923824959,0.6702127659574468,0.7338028169014085,0.6648936170212766,0.6575693779904306,0.9762212500828529,0.9852372670706782,0.34294698716258354,0.20750448334043528,0.032468974845755186,1.85,,,,,,"[[93,189],[0,428]]",0.6648936170212766,True,False,False
results/vit_test/stop3b_imbalance_decoupling_breakhis_natural_vit_nicme_logit_adjustment_seed42_04-28_18-25/metrics_20260428_182610_nicme_logit_adjustment.json,results/vit_test/stop3b_imbalance_decoupling_breakhis_natural_vit_nicme_logit_adjustment_seed42_04-28_18-25,breakhis_natural,vit,nicme_logit_adjustment,42,calibrated_threshold,malignant,0.97,0.8,balanced_accuracy,,"[[0.0,1.0],[10.0,0.0]]","{""0"":0.3971830985915493,""1"":0.6028169014084507}",0.019718309859154928,0.019718309859154928,0.19718309859154928,,0.9883177570093458,0.011682242990654205,0.8245614035087719,0.3191489361702128,0.8661971830985915,0.8345844104195665,0.8503568584036438,0.9762212500828529,0.9852372670706782,0.34294698716258354,0.20750448334043528,0.032468974845755186,1.85,0.49458248097772484,0.015337423312883436,0.9963369963369964,0.803001211923145,0.015337423312883436,"[[192,90],[5,423]]",0.8345844104195665,True,True,True
results/vit_test/stop3b_imbalance_decoupling_breakhis_natural_vit_nicme_hybrid_seed42_04-28_18-32/metrics_20260428_183304_nicme_hybrid.json,results/vit_test/stop3b_imbalance_decoupling_breakhis_natural_vit_nicme_hybrid_seed42_04-28_18-32,breakhis_natural,vit,nicme_hybrid,42,argmax,malignant,0.97,0.8,balanced_accuracy,,"[[0.0,1.0],[10.0,0.0]]","{""0"":0.3971830985915493,""1"":0.6028169014084507}",0.026197183098591547,0.026197183098591547,0.2619718309859155,,0.9719626168224299,0.028037383177570093,0.8630705394190872,0.23404255319148937,0.8901408450704226,0.8689600318154702,0.880672268907563,0.9870915357592629,0.9924492045394353,0.1868320540630498,0.11468837532818939,0.054289755770857914,,,,,,,"[[216,66],[12,416]]",0.8689600318154702,True,True,True
results/vit_test/stop3b_imbalance_decoupling_breakhis_natural_vit_nicme_hybrid_seed42_04-28_18-32/metrics_20260428_183304_nicme_hybrid.json,results/vit_test/stop3b_imbalance_decoupling_breakhis_natural_vit_nicme_hybrid_seed42_04-28_18-32,breakhis_natural,vit,nicme_hybrid,42,calibrated_cost_min,malignant,0.97,0.8,balanced_accuracy,,"[[0.0,1.0],[10.0,0.0]]","{""0"":0.3971830985915493,""1"":0.6028169014084507}",0.019577464788732395,0.019577464788732395,0.19577464788732393,,0.9929906542056075,0.007009345794392523,0.795880149812734,0.38652482269503546,0.8422535211267606,0.803232915755286,0.8195171994298631,0.9870915357592629,0.9924492045394353,0.1766757679465874,0.11763734451603505,0.038465669954086346,0.6,,,,,,"[[173,109],[3,425]]",0.803232915755286,True,True,True
results/vit_test/stop3b_imbalance_decoupling_breakhis_natural_vit_nicme_hybrid_seed42_04-28_18-32/metrics_20260428_183304_nicme_hybrid.json,results/vit_test/stop3b_imbalance_decoupling_breakhis_natural_vit_nicme_hybrid_seed42_04-28_18-32,breakhis_natural,vit,nicme_hybrid,42,calibrated_threshold,malignant,0.97,0.8,balanced_accuracy,,"[[0.0,1.0],[10.0,0.0]]","{""0"":0.3971830985915493,""1"":0.6028169014084507}",0.019295774647887322,0.019295774647887322,0.19295774647887323,,0.9906542056074766,0.009345794392523364,0.8138195777351248,0.34397163120567376,0.8577464788732394,0.8233412872009014,0.8395674069699024,0.9870915357592629,0.9924492045394353,0.1766757679465874,0.11763734451603505,0.038465669954086346,0.6,0.23624990538452637,0.016812479411188515,0.9945054945054945,0.798367988888435,0.016809815950920244,"[[185,97],[4,424]]",0.8233412872009014,True,True,True
results/vit_test/stop3b_imbalance_decoupling_breakhis_natural_vit_ce_seed43_04-28_18-40/metrics_20260428_184047_ce.json,results/vit_test/stop3b_imbalance_decoupling_breakhis_natural_vit_ce_seed43_04-28_18-40,breakhis_natural,vit,ce,43,argmax,malignant,0.97,0.8,balanced_accuracy,,"[[0.0,1.0],[10.0,0.0]]","{""0"":0.3971830985915493,""1"":0.6028169014084507}",0.03407718049057732,0.03295774647887324,0.3295774647887324,,0.9532710280373832,0.04672897196261682,0.9230769230769231,0.12056737588652482,0.923943661971831,0.9163518260754292,0.9198746081504703,0.9841419765360908,0.9907826311192347,0.1829128849136328,0.10938428809475224,0.028819203544670366,,,,,,,"[[248,34],[20,408]]",0.9163518260754292,False,True,False
results/vit_test/stop3b_imbalance_decoupling_breakhis_natural_vit_ce_seed43_04-28_18-40/metrics_20260428_184047_ce.json,results/vit_test/stop3b_imbalance_decoupling_breakhis_natural_vit_ce_seed43_04-28_18-40,breakhis_natural,vit,ce,43,calibrated_cost_min,malignant,0.97,0.8,balanced_accuracy,,"[[0.0,1.0],[10.0,0.0]]","{""0"":0.3971830985915493,""1"":0.6028169014084507}",0.026197183098591547,0.026197183098591547,0.2619718309859155,,0.9789719626168224,0.02102803738317757,0.8135922330097087,0.3404255319148936,0.852112676056338,0.8192732153509643,0.8342637240974542,0.9841419765360906,0.9907826311192347,0.17709032101607558,0.10596905045406153,0.04092507906426394,1.3,,,,,,"[[186,96],[9,419]]",0.8192732153509643,True,True,True
results/vit_test/stop3b_imbalance_decoupling_breakhis_natural_vit_ce_seed43_04-28_18-40/metrics_20260428_184047_ce.json,results/vit_test/stop3b_imbalance_decoupling_breakhis_natural_vit_ce_seed43_04-28_18-40,breakhis_natural,vit,ce,43,calibrated_threshold,malignant,0.97,0.8,balanced_accuracy,,"[[0.0,1.0],[10.0,0.0]]","{""0"":0.3971830985915493,""1"":0.6028169014084507}",0.016619718309859154,0.016619718309859154,0.16619718309859155,,0.9953271028037384,0.004672897196261682,0.8129770992366412,0.3475177304964539,0.8591549295774648,0.8239046861536423,0.8406413847590319,0.9841419765360906,0.9907826311192347,0.17709032101607558,0.10596905045406153,0.04092507906426394,1.3,0.06637519699179527,0.0147239263803681,0.9926739926739927,0.847638111578632,0.0147239263803681,"[[184,98],[2,426]]",0.8239046861536423,True,True,True
results/vit_test/stop3b_imbalance_decoupling_breakhis_natural_vit_ce_calibrated_cost_min_seed43_04-28_18-47/metrics_20260428_184737_ce_calibrated_cost_min.json,results/vit_test/stop3b_imbalance_decoupling_breakhis_natural_vit_ce_calibrated_cost_min_seed43_04-28_18-47,breakhis_natural,vit,ce_calibrated_cost_min,43,argmax,malignant,0.97,0.8,balanced_accuracy,,"[[0.0,1.0],[10.0,0.0]]","{""0"":0.3971830985915493,""1"":0.6028169014084507}",0.024929577464788733,0.024929577464788733,0.24929577464788732,,0.9719626168224299,0.028037383177570093,0.879492600422833,0.20212765957446807,0.9028169014084507,0.8849174786239808,0.8952352235473751,0.9856167561476769,0.991385804867501,0.24943934192633943,0.1537060639337587,0.0627069799832895,,,,,,,"[[225,57],[12,416]]",0.8849174786239808,True,True,True
results/vit_test/stop3b_imbalance_decoupling_breakhis_natural_vit_ce_calibrated_cost_min_seed43_04-28_18-47/metrics_20260428_184737_ce_calibrated_cost_min.json,results/vit_test/stop3b_imbalance_decoupling_breakhis_natural_vit_ce_calibrated_cost_min_seed43_04-28_18-47,breakhis_natural,vit,ce_calibrated_cost_min,43,calibrated_cost_min,malignant,0.97,0.8,balanced_accuracy,,"[[0.0,1.0],[10.0,0.0]]","{""0"":0.3971830985915493,""1"":0.6028169014084507}",0.018309859154929577,0.018309859154929577,0.18309859154929578,,0.9906542056074766,0.009345794392523364,0.8249027237354085,0.3191489361702128,0.8676056338028169,0.8357526347186319,0.8517797972798905,0.9856167561476769,0.991385804867501,0.22511006119383903,0.13779973916314764,0.07661051561764744,1.5,,,,,,"[[192,90],[4,424]]",0.8357526347186319,True,True,True
results/vit_test/stop3b_imbalance_decoupling_breakhis_natural_vit_ce_calibrated_cost_min_seed43_04-28_18-47/metrics_20260428_184737_ce_calibrated_cost_min.json,results/vit_test/stop3b_imbalance_decoupling_breakhis_natural_vit_ce_calibrated_cost_min_seed43_04-28_18-47,breakhis_natural,vit,ce_calibrated_cost_min,43,calibrated_threshold,malignant,0.97,0.8,balanced_accuracy,,"[[0.0,1.0],[10.0,0.0]]","{""0"":0.3971830985915493,""1"":0.6028169014084507}",0.01704225352112676,0.01704225352112676,0.1704225352112676,,0.9906542056074766,0.009345794392523364,0.8396039603960396,0.2872340425531915,0.8802816901408451,0.8517100815271426,0.8671790233091461,0.9856167561476769,0.991385804867501,0.22511006119383903,0.13779973916314764,0.07661051561764744,1.5,0.14753455742532445,0.01901840490797546,0.989010989010989,0.817925568854937,0.01901840490797546,"[[201,81],[4,424]]",0.8517100815271426,True,True,True
results/vit_test/stop3b_imbalance_decoupling_breakhis_natural_vit_menon_logit_adjusted_seed43_04-28_18-54/metrics_20260428_185509_menon_logit_adjusted.json,results/vit_test/stop3b_imbalance_decoupling_breakhis_natural_vit_menon_logit_adjusted_seed43_04-28_18-54,breakhis_natural,vit,menon_logit_adjusted,43,argmax,malignant,0.97,0.8,balanced_accuracy,,"[[0.0,1.0],[10.0,0.0]]","{""0"":0.3971830985915493,""1"":0.6028169014084507}",0.06495193552791989,0.053239436619718306,0.532394366197183,,0.9158878504672897,0.08411214953271028,0.9560975609756097,0.06382978723404255,0.923943661971831,0.9260290316166235,0.9213886770169525,0.9759809770000663,0.9850321600678458,0.25576236618339615,0.13173611506986688,0.042067121284108715,,,,,,,"[[264,18],[36,392]]",0.9260290316166235,False,True,False
results/vit_test/stop3b_imbalance_decoupling_breakhis_natural_vit_menon_logit_adjusted_seed43_04-28_18-54/metrics_20260428_185509_menon_logit_adjusted.json,results/vit_test/stop3b_imbalance_decoupling_breakhis_natural_vit_menon_logit_adjusted_seed43_04-28_18-54,breakhis_natural,vit,menon_logit_adjusted,43,calibrated_cost_min,malignant,0.97,0.8,balanced_accuracy,,"[[0.0,1.0],[10.0,0.0]]","{""0"":0.3971830985915493,""1"":0.6028169014084507}",0.02946600219712897,0.02943661971830986,0.2943661971830986,,0.9672897196261683,0.03271028037383177,0.8571428571428571,0.24468085106382978,0.8830985915492958,0.8613044342811693,0.8729132476024317,0.9759809770000663,0.9850321600678458,0.24034795392332092,0.13055197385137668,0.03819195480939827,1.8,,,,,,"[[213,69],[14,414]]",0.8613044342811693,False,True,False
results/vit_test/stop3b_imbalance_decoupling_breakhis_natural_vit_menon_logit_adjusted_seed43_04-28_18-54/metrics_20260428_185509_menon_logit_adjusted.json,results/vit_test/stop3b_imbalance_decoupling_breakhis_natural_vit_menon_logit_adjusted_seed43_04-28_18-54,breakhis_natural,vit,menon_logit_adjusted,43,calibrated_threshold,malignant,0.97,0.8,balanced_accuracy,,"[[0.0,1.0],[10.0,0.0]]","{""0"":0.3971830985915493,""1"":0.6028169014084507}",0.019755136530758603,0.019577464788732395,0.19577464788732393,,0.9953271028037384,0.004672897196261682,0.781651376146789,0.4219858156028369,0.8295774647887324,0.7866706436004507,0.802474415481996,0.9759809770000663,0.9850321600678458,0.24034795392332092,0.13055197385137668,0.03819195480939827,1.8,0.05494749854176154,0.0147239263803681,0.9963369963369964,0.8122948922205429,0.0147239263803681,"[[163,119],[2,426]]",0.7866706436004507,True,False,False
results/vit_test/stop3b_imbalance_decoupling_breakhis_natural_vit_cs_regularized_ce_seed43_04-28_19-02/metrics_20260428_190239_cs_regularized_ce.json,results/vit_test/stop3b_imbalance_decoupling_breakhis_natural_vit_cs_regularized_ce_seed43_04-28_19-02,breakhis_natural,vit,cs_regularized_ce,43,argmax,malignant,0.97,0.8,balanced_accuracy,,"[[0.0,1.0],[10.0,0.0]]","{""0"":0.3971830985915493,""1"":0.6028169014084507}",0.02830985915492958,0.02830985915492958,0.2830985915492958,,0.9766355140186916,0.02336448598130841,0.8053949903660886,0.35815602836879434,0.8436619718309859,0.8092397428249487,0.8240577231761141,0.9621901305759926,0.97716574426184,0.6642131749927732,0.2914092864282091,0.14071207776875552,,,,,,,"[[181,101],[10,418]]",0.8092397428249487,True,True,True
results/vit_test/stop3b_imbalance_decoupling_breakhis_natural_vit_cs_regularized_ce_seed43_04-28_19-02/metrics_20260428_190239_cs_regularized_ce.json,results/vit_test/stop3b_imbalance_decoupling_breakhis_natural_vit_cs_regularized_ce_seed43_04-28_19-02,breakhis_natural,vit,cs_regularized_ce,43,calibrated_cost_min,malignant,0.97,0.8,balanced_accuracy,,"[[0.0,1.0],[10.0,0.0]]","{""0"":0.3971830985915493,""1"":0.6028169014084507}",0.07042259188651351,0.03154929577464789,0.3154929577464789,,1.0,0.0,0.656441717791411,0.7943262411347518,0.6845070422535211,0.6028368794326241,0.566884531590414,0.962194273215351,0.9771702401532798,0.4089396924371683,0.25013670714671593,0.057394979153363765,2.1500000000000004,,,,,,"[[58,224],[0,428]]",0.6028368794326241,True,False,False
results/vit_test/stop3b_imbalance_decoupling_breakhis_natural_vit_cs_regularized_ce_seed43_04-28_19-02/metrics_20260428_190239_cs_regularized_ce.json,results/vit_test/stop3b_imbalance_decoupling_breakhis_natural_vit_cs_regularized_ce_seed43_04-28_19-02,breakhis_natural,vit,cs_regularized_ce,43,calibrated_threshold,malignant,0.97,0.8,balanced_accuracy,,"[[0.0,1.0],[10.0,0.0]]","{""0"":0.3971830985915493,""1"":0.6028169014084507}",0.02211267605633803,0.02211267605633803,0.2211267605633803,,0.9883177570093458,0.011682242990654205,0.7981132075471699,0.37943262411347517,0.8422535211267606,0.8044425664479353,0.8203327639653317,0.962194273215351,0.9771702401532798,0.4089396924371683,0.25013670714671593,0.057394979153363765,2.1500000000000004,0.24803001683097903,0.014481280702458757,0.9981684981684982,0.7983407546604573,0.014478527607361963,"[[175,107],[5,423]]",0.8044425664479353,True,True,True
results/vit_test/stop3b_imbalance_decoupling_breakhis_natural_vit_nicme_logit_adjustment_seed43_04-28_19-09/metrics_20260428_190926_nicme_logit_adjustment.json,results/vit_test/stop3b_imbalance_decoupling_breakhis_natural_vit_nicme_logit_adjustment_seed43_04-28_19-09,breakhis_natural,vit,nicme_logit_adjustment,43,argmax,malignant,0.97,0.8,balanced_accuracy,,"[[0.0,1.0],[10.0,0.0]]","{""0"":0.3971830985915493,""1"":0.6028169014084507}",0.02577464788732394,0.02577464788732394,0.2577464788732394,,0.9813084112149533,0.018691588785046728,0.8030592734225621,0.36524822695035464,0.8436619718309859,0.8080300921322994,0.8233034915552926,0.9452260224033937,0.9612964988484248,0.4006015736720505,0.24200198999670314,0.10234462182286758,,,,,,,"[[179,103],[8,420]]",0.8080300921322994,True,True,True
results/vit_test/stop3b_imbalance_decoupling_breakhis_natural_vit_nicme_logit_adjustment_seed43_04-28_19-09/metrics_20260428_190926_nicme_logit_adjustment.json,results/vit_test/stop3b_imbalance_decoupling_breakhis_natural_vit_nicme_logit_adjustment_seed43_04-28_19-09,breakhis_natural,vit,nicme_logit_adjustment,43,calibrated_cost_min,malignant,0.97,0.8,balanced_accuracy,,"[[0.0,1.0],[10.0,0.0]]","{""0"":0.3971830985915493,""1"":0.6028169014084507}",0.019750444723570033,0.018591549295774647,0.18591549295774648,,1.0,0.0,0.7642857142857142,0.46808510638297873,0.8140845070422535,0.7659574468085106,0.7804206027890238,0.9452260224033937,0.9612964988484248,0.3531773563700973,0.22397062153697814,0.08460460152931848,1.35,,,,,,"[[150,132],[0,428]]",0.7659574468085106,True,False,False
results/vit_test/stop3b_imbalance_decoupling_breakhis_natural_vit_nicme_logit_adjustment_seed43_04-28_19-09/metrics_20260428_190926_nicme_logit_adjustment.json,results/vit_test/stop3b_imbalance_decoupling_breakhis_natural_vit_nicme_logit_adjustment_seed43_04-28_19-09,breakhis_natural,vit,nicme_logit_adjustment,43,calibrated_threshold,malignant,0.97,0.8,balanced_accuracy,,"[[0.0,1.0],[10.0,0.0]]","{""0"":0.3971830985915493,""1"":0.6028169014084507}",0.03320046944256156,0.03309859154929577,0.33098591549295775,,0.9649532710280374,0.035046728971962614,0.8293172690763052,0.30141843971631205,0.8591549295774648,0.8317674156558627,0.8447897447556423,0.9452260224033937,0.9612964988484248,0.3531773563700973,0.22397062153697814,0.08460460152931848,1.35,0.6541524082026108,0.010306748466257669,0.9963369963369964,0.8792093903618068,0.010306748466257669,"[[197,85],[15,413]]",0.8317674156558627,False,True,False
results/vit_test/stop3b_imbalance_decoupling_breakhis_natural_vit_nicme_hybrid_seed43_04-28_19-16/metrics_20260428_191713_nicme_hybrid.json,results/vit_test/stop3b_imbalance_decoupling_breakhis_natural_vit_nicme_hybrid_seed43_04-28_19-16,breakhis_natural,vit,nicme_hybrid,43,argmax,malignant,0.97,0.8,balanced_accuracy,,"[[0.0,1.0],[10.0,0.0]]","{""0"":0.3971830985915493,""1"":0.6028169014084507}",0.018028169014084508,0.018028169014084508,0.18028169014084508,,0.9813084112149533,0.018691588785046728,0.8974358974358975,0.1702127659574468,0.9211267605633803,0.9055478226287532,0.9153148854961832,0.9800739046861536,0.9859834315460632,0.20013378713009328,0.11689588654048216,0.02525822780501681,,,,,,,"[[234,48],[8,420]]",0.9055478226287532,True,True,True
results/vit_test/stop3b_imbalance_decoupling_breakhis_natural_vit_nicme_hybrid_seed43_04-28_19-16/metrics_20260428_191713_nicme_hybrid.json,results/vit_test/stop3b_imbalance_decoupling_breakhis_natural_vit_nicme_hybrid_seed43_04-28_19-16,breakhis_natural,vit,nicme_hybrid,43,calibrated_cost_min,malignant,0.97,0.8,balanced_accuracy,,"[[0.0,1.0],[10.0,0.0]]","{""0"":0.3971830985915493,""1"":0.6028169014084507}",0.015492957746478872,0.015492957746478872,0.15492957746478872,,0.9929906542056075,0.007009345794392523,0.8415841584158416,0.28368794326241137,0.8830985915492958,0.8546513554715981,0.8703042227606956,0.9800739046861536,0.9859834315460632,0.1952287312294397,0.11432827505640324,0.017602809309272036,1.2000000000000002,,,,,,"[[202,80],[3,425]]",0.8546513554715981,True,True,True
results/vit_test/stop3b_imbalance_decoupling_breakhis_natural_vit_nicme_hybrid_seed43_04-28_19-16/metrics_20260428_191713_nicme_hybrid.json,results/vit_test/stop3b_imbalance_decoupling_breakhis_natural_vit_nicme_hybrid_seed43_04-28_19-16,breakhis_natural,vit,nicme_hybrid,43,calibrated_threshold,malignant,0.97,0.8,balanced_accuracy,,"[[0.0,1.0],[10.0,0.0]]","{""0"":0.3971830985915493,""1"":0.6028169014084507}",0.016338028169014085,0.016338028169014085,0.16338028169014085,,0.9953271028037384,0.004672897196261682,0.8160919540229885,0.3404255319148936,0.8619718309859155,0.8274507854444224,0.8441657334826428,0.9800739046861536,0.9859834315460632,0.1952287312294397,0.11432827505640324,0.017602809309272036,1.2000000000000002,0.048561041536881636,0.019754601226993865,0.9871794871794872,0.8244447621771043,0.019754601226993865,"[[186,96],[2,426]]",0.8274507854444224,True,True,True
results/vit_test/stop3b_imbalance_decoupling_breakhis_natural_vit_ce_seed44_04-28_19-22/metrics_20260428_192257_ce.json,results/vit_test/stop3b_imbalance_decoupling_breakhis_natural_vit_ce_seed44_04-28_19-22,breakhis_natural,vit,ce,44,argmax,malignant,0.97,0.8,balanced_accuracy,,"[[0.0,1.0],[10.0,0.0]]","{""0"":0.3971830985915493,""1"":0.6028169014084507}",0.01619718309859155,0.01619718309859155,0.1619718309859155,,0.985981308411215,0.014018691588785047,0.8846960167714885,0.1950354609929078,0.9140845070422535,0.8954729237091537,0.9070750415705626,0.9899416716378339,0.9937403042499986,0.29930455838613257,0.15407364152199635,0.06508278233904229,,,,,,,"[[227,55],[6,422]]",0.8954729237091537,True,True,True
results/vit_test/stop3b_imbalance_decoupling_breakhis_natural_vit_ce_seed44_04-28_19-22/metrics_20260428_192257_ce.json,results/vit_test/stop3b_imbalance_decoupling_breakhis_natural_vit_ce_seed44_04-28_19-22,breakhis_natural,vit,ce,44,calibrated_cost_min,malignant,0.97,0.8,balanced_accuracy,,"[[0.0,1.0],[10.0,0.0]]","{""0"":0.3971830985915493,""1"":0.6028169014084507}",0.01352112676056338,0.01352112676056338,0.1352112676056338,,1.0,0.0,0.816793893129771,0.3404255319148936,0.8647887323943662,0.8297872340425532,0.8470157293686704,0.9899416716378339,0.9937403042499988,0.2556810049656568,0.14438662628063964,0.04311037801712017,1.4500000000000002,,,,,,"[[186,96],[0,428]]",0.8297872340425532,True,True,True
results/vit_test/stop3b_imbalance_decoupling_breakhis_natural_vit_ce_seed44_04-28_19-22/metrics_20260428_192257_ce.json,results/vit_test/stop3b_imbalance_decoupling_breakhis_natural_vit_ce_seed44_04-28_19-22,breakhis_natural,vit,ce,44,calibrated_threshold,malignant,0.97,0.8,balanced_accuracy,,"[[0.0,1.0],[10.0,0.0]]","{""0"":0.3971830985915493,""1"":0.6028169014084507}",0.013943661971830987,0.013943661971830987,0.13943661971830987,,0.9976635514018691,0.002336448598130841,0.8275193798449613,0.31560283687943264,0.8732394366197183,0.8410303572612183,0.8577926933485258,0.9899416716378339,0.9937403042499988,0.2556810049656568,0.14438662628063964,0.04311037801712017,1.4500000000000002,0.10836723714672168,0.018773006134969326,0.989010989010989,0.821643040973896,0.018773006134969326,"[[193,89],[1,427]]",0.8410303572612183,True,True,True
results/vit_test/stop3b_imbalance_decoupling_breakhis_natural_vit_ce_calibrated_cost_min_seed44_04-28_19-28/metrics_20260428_192844_ce_calibrated_cost_min.json,results/vit_test/stop3b_imbalance_decoupling_breakhis_natural_vit_ce_calibrated_cost_min_seed44_04-28_19-28,breakhis_natural,vit,ce_calibrated_cost_min,44,argmax,malignant,0.97,0.8,balanced_accuracy,,"[[0.0,1.0],[10.0,0.0]]","{""0"":0.3971830985915493,""1"":0.6028169014084507}",0.05463582452000851,0.04661971830985916,0.46619718309859154,,0.9252336448598131,0.07476635514018691,0.972972972972973,0.03900709219858156,0.9394366197183098,0.9431132763306158,0.9374993602538513,0.9880774839265594,0.99203210509108,0.16479959126297491,0.09399356718158178,0.02114809566820173,,,,,,,"[[271,11],[32,396]]",0.9431132763306158,False,True,False
results/vit_test/stop3b_imbalance_decoupling_breakhis_natural_vit_ce_calibrated_cost_min_seed44_04-28_19-28/metrics_20260428_192844_ce_calibrated_cost_min.json,results/vit_test/stop3b_imbalance_decoupling_breakhis_natural_vit_ce_calibrated_cost_min_seed44_04-28_19-28,breakhis_natural,vit,ce_calibrated_cost_min,44,calibrated_cost_min,malignant,0.97,0.8,balanced_accuracy,,"[[0.0,1.0],[10.0,0.0]]","{""0"":0.3971830985915493,""1"":0.6028169014084507}",0.01591549295774648,0.01591549295774648,0.1591549295774648,,0.9836448598130841,0.016355140186915886,0.9073275862068966,0.1524822695035461,0.9295774647887324,0.915581295154769,0.9246246093219187,0.9880774839265593,0.9920321050910799,0.16654304246446186,0.09232997437189319,0.03896831301643668,1.2000000000000002,,,,,,"[[239,43],[7,421]]",0.915581295154769,True,True,True
results/vit_test/stop3b_imbalance_decoupling_breakhis_natural_vit_ce_calibrated_cost_min_seed44_04-28_19-28/metrics_20260428_192844_ce_calibrated_cost_min.json,results/vit_test/stop3b_imbalance_decoupling_breakhis_natural_vit_ce_calibrated_cost_min_seed44_04-28_19-28,breakhis_natural,vit,ce_calibrated_cost_min,44,calibrated_threshold,malignant,0.97,0.8,balanced_accuracy,,"[[0.0,1.0],[10.0,0.0]]","{""0"":0.3971830985915493,""1"":0.6028169014084507}",0.012957746478873239,0.012957746478873239,0.1295774647887324,,0.9929906542056075,0.007009345794392523,0.8726899383983573,0.2198581560283688,0.9084507042253521,0.8865662490886194,0.9001244386733755,0.9880774839265593,0.9920321050910799,0.16654304246446186,0.09232997437189319,0.03896831301643668,1.2000000000000002,0.05497545715810924,0.016687116564417178,0.9835164835164835,0.9062563830221823,0.016687116564417178,"[[220,62],[3,425]]",0.8865662490886194,True,True,True
results/vit_test/stop3b_imbalance_decoupling_breakhis_natural_vit_menon_logit_adjusted_seed44_04-28_19-35/metrics_20260428_193618_menon_logit_adjusted.json,results/vit_test/stop3b_imbalance_decoupling_breakhis_natural_vit_menon_logit_adjusted_seed44_04-28_19-35,breakhis_natural,vit,menon_logit_adjusted,44,argmax,malignant,0.97,0.8,balanced_accuracy,,"[[0.0,1.0],[10.0,0.0]]","{""0"":0.3971830985915493,""1"":0.6028169014084507}",0.01647887323943662,0.01647887323943662,0.1647887323943662,,0.9906542056074766,0.009345794392523364,0.846307385229541,0.2730496453900709,0.8859154929577465,0.8588022801087029,0.8739200112246486,0.9783754225492145,0.9863249532133866,0.4203813392922508,0.20717512681592734,0.09777697752898845,,,,,,,"[[205,77],[4,424]]",0.8588022801087029,True,True,True
results/vit_test/stop3b_imbalance_decoupling_breakhis_natural_vit_menon_logit_adjusted_seed44_04-28_19-35/metrics_20260428_193618_menon_logit_adjusted.json,results/vit_test/stop3b_imbalance_decoupling_breakhis_natural_vit_menon_logit_adjusted_seed44_04-28_19-35,breakhis_natural,vit,menon_logit_adjusted,44,calibrated_cost_min,malignant,0.97,0.8,balanced_accuracy,,"[[0.0,1.0],[10.0,0.0]]","{""0"":0.3971830985915493,""1"":0.6028169014084507}",0.014929577464788731,0.014929577464788731,0.14929577464788732,,0.9976635514018691,0.002336448598130841,0.8164435946462715,0.3404255319148936,0.8633802816901408,0.8286190097434878,0.8455895376654357,0.9783754225492145,0.9863249532133866,0.3091120012232124,0.18484342309993984,0.05501570512895804,1.6500000000000001,,,,,,"[[186,96],[1,427]]",0.8286190097434878,True,True,True
results/vit_test/stop3b_imbalance_decoupling_breakhis_natural_vit_menon_logit_adjusted_seed44_04-28_19-35/metrics_20260428_193618_menon_logit_adjusted.json,results/vit_test/stop3b_imbalance_decoupling_breakhis_natural_vit_menon_logit_adjusted_seed44_04-28_19-35,breakhis_natural,vit,menon_logit_adjusted,44,calibrated_threshold,malignant,0.97,0.8,balanced_accuracy,,"[[0.0,1.0],[10.0,0.0]]","{""0"":0.3971830985915493,""1"":0.6028169014084507}",0.016901408450704224,0.016901408450704224,0.16901408450704225,,0.9906542056074766,0.009345794392523364,0.8412698412698413,0.28368794326241137,0.8816901408450705,0.8534831311725326,0.8688700485471048,0.9783754225492145,0.9863249532133866,0.3091120012232124,0.18484342309993984,0.05501570512895804,1.6500000000000001,0.40436257204384846,0.011288343558282208,0.9945054945054945,0.8820111115650149,0.011288343558282208,"[[202,80],[4,424]]",0.8534831311725326,True,True,True
results/vit_test/stop3b_imbalance_decoupling_breakhis_natural_vit_cs_regularized_ce_seed44_04-28_19-41/metrics_20260428_194207_cs_regularized_ce.json,results/vit_test/stop3b_imbalance_decoupling_breakhis_natural_vit_cs_regularized_ce_seed44_04-28_19-41,breakhis_natural,vit,cs_regularized_ce,44,argmax,malignant,0.97,0.8,balanced_accuracy,,"[[0.0,1.0],[10.0,0.0]]","{""0"":0.3971830985915493,""1"":0.6028169014084507}",0.020563380281690143,0.020563380281690143,0.2056338028169014,,0.9742990654205608,0.02570093457943925,0.9205298013245033,0.1276595744680851,0.9338028169014084,0.9233197454762379,0.9297265082898292,0.9913087426261019,0.9946398999133992,0.19104026797422158,0.1054565016390491,0.03291330219994124,,,,,,,"[[246,36],[11,417]]",0.9233197454762379,True,True,True
results/vit_test/stop3b_imbalance_decoupling_breakhis_natural_vit_cs_regularized_ce_seed44_04-28_19-41/metrics_20260428_194207_cs_regularized_ce.json,results/vit_test/stop3b_imbalance_decoupling_breakhis_natural_vit_cs_regularized_ce_seed44_04-28_19-41,breakhis_natural,vit,cs_regularized_ce,44,calibrated_cost_min,malignant,0.97,0.8,balanced_accuracy,,"[[0.0,1.0],[10.0,0.0]]","{""0"":0.3971830985915493,""1"":0.6028169014084507}",0.012957746478873239,0.012957746478873239,0.1295774647887324,,0.9976635514018691,0.002336448598130841,0.8388998035363457,0.2907801418439716,0.8830985915492958,0.8534417047789488,0.8697883867945583,0.9913087426261019,0.9946398999133992,0.1814504762948642,0.10158935361902703,0.03150434355114471,1.3,,,,,,"[[200,82],[1,427]]",0.8534417047789488,True,True,True
results/vit_test/stop3b_imbalance_decoupling_breakhis_natural_vit_cs_regularized_ce_seed44_04-28_19-41/metrics_20260428_194207_cs_regularized_ce.json,results/vit_test/stop3b_imbalance_decoupling_breakhis_natural_vit_cs_regularized_ce_seed44_04-28_19-41,breakhis_natural,vit,cs_regularized_ce,44,calibrated_threshold,malignant,0.97,0.8,balanced_accuracy,,"[[0.0,1.0],[10.0,0.0]]","{""0"":0.3971830985915493,""1"":0.6028169014084507}",0.012957746478873239,0.012957746478873239,0.1295774647887324,,0.9976635514018691,0.002336448598130841,0.8388998035363457,0.2907801418439716,0.8830985915492958,0.8534417047789488,0.8697883867945583,0.9913087426261019,0.9946398999133992,0.1814504762948642,0.10158935361902703,0.03150434355114471,1.3,0.08976433829255928,0.015828220858895705,0.9908424908424909,0.8485810967223607,0.015828220858895705,"[[200,82],[1,427]]",0.8534417047789488,True,True,True
results/vit_test/stop3b_imbalance_decoupling_breakhis_natural_vit_nicme_logit_adjustment_seed44_04-28_19-47/metrics_20260428_194754_nicme_logit_adjustment.json,results/vit_test/stop3b_imbalance_decoupling_breakhis_natural_vit_nicme_logit_adjustment_seed44_04-28_19-47,breakhis_natural,vit,nicme_logit_adjustment,44,argmax,malignant,0.97,0.8,balanced_accuracy,,"[[0.0,1.0],[10.0,0.0]]","{""0"":0.3971830985915493,""1"":0.6028169014084507}",0.014084507042253521,0.014084507042253521,0.14084507042253522,,1.0,0.0,0.8106060606060606,0.3546099290780142,0.8591549295774648,0.822695035460993,0.8399401240802193,0.9880029164181083,0.9925743300222233,0.36332538471666365,0.21826837049621095,0.08602771565947731,,,,,,,"[[182,100],[0,428]]",0.822695035460993,True,True,True
results/vit_test/stop3b_imbalance_decoupling_breakhis_natural_vit_nicme_logit_adjustment_seed44_04-28_19-47/metrics_20260428_194754_nicme_logit_adjustment.json,results/vit_test/stop3b_imbalance_decoupling_breakhis_natural_vit_nicme_logit_adjustment_seed44_04-28_19-47,breakhis_natural,vit,nicme_logit_adjustment,44,calibrated_cost_min,malignant,0.97,0.8,balanced_accuracy,,"[[0.0,1.0],[10.0,0.0]]","{""0"":0.3971830985915493,""1"":0.6028169014084507}",0.12971830985915495,0.039718309859154935,0.3971830985915493,,1.0,0.0,0.6028169014084507,1.0,0.6028169014084507,0.5,0.3760984182776801,0.9880029164181083,0.9925743300222233,0.3221594055572627,0.19579642076639,0.08696598050059164,1.75,,,,,,"[[0,282],[0,428]]",0.5,True,False,False
results/vit_test/stop3b_imbalance_decoupling_breakhis_natural_vit_nicme_logit_adjustment_seed44_04-28_19-47/metrics_20260428_194754_nicme_logit_adjustment.json,results/vit_test/stop3b_imbalance_decoupling_breakhis_natural_vit_nicme_logit_adjustment_seed44_04-28_19-47,breakhis_natural,vit,nicme_logit_adjustment,44,calibrated_threshold,malignant,0.97,0.8,balanced_accuracy,,"[[0.0,1.0],[10.0,0.0]]","{""0"":0.3971830985915493,""1"":0.6028169014084507}",0.015492957746478872,0.015492957746478872,0.15492957746478872,,0.9929906542056075,0.007009345794392523,0.8415841584158416,0.28368794326241137,0.8830985915492958,0.8546513554715981,0.8703042227606956,0.9880029164181083,0.9925743300222233,0.3221594055572627,0.19579642076639,0.08696598050059164,1.75,0.6306764153153164,0.017883133894547182,0.9945054945054945,0.7853568364720781,0.017668711656441717,"[[202,80],[3,425]]",0.8546513554715981,True,True,True
results/vit_test/stop3b_imbalance_decoupling_breakhis_natural_vit_nicme_hybrid_seed44_04-28_19-54/metrics_20260428_195438_nicme_hybrid.json,results/vit_test/stop3b_imbalance_decoupling_breakhis_natural_vit_nicme_hybrid_seed44_04-28_19-54,breakhis_natural,vit,nicme_hybrid,44,argmax,malignant,0.97,0.8,balanced_accuracy,,"[[0.0,1.0],[10.0,0.0]]","{""0"":0.3971830985915493,""1"":0.6028169014084507}",0.029325157126706435,0.029295774647887324,0.29295774647887324,,0.9672897196261683,0.03271028037383177,0.8589211618257261,0.24113475177304963,0.8845070422535212,0.8630774839265594,0.8745528980823098,0.9820126599058793,0.9890660305618482,0.21065856683917847,0.13672787369404069,0.04784082837507756,,,,,,,"[[214,68],[14,414]]",0.8630774839265594,False,True,False
results/vit_test/stop3b_imbalance_decoupling_breakhis_natural_vit_nicme_hybrid_seed44_04-28_19-54/metrics_20260428_195438_nicme_hybrid.json,results/vit_test/stop3b_imbalance_decoupling_breakhis_natural_vit_nicme_hybrid_seed44_04-28_19-54,breakhis_natural,vit,nicme_hybrid,44,calibrated_cost_min,malignant,0.97,0.8,balanced_accuracy,,"[[0.0,1.0],[10.0,0.0]]","{""0"":0.3971830985915493,""1"":0.6028169014084507}",0.013098591549295774,0.013098591549295774,0.13098591549295774,,1.0,0.0,0.8214971209213052,0.32978723404255317,0.8690140845070422,0.8351063829787234,0.8522749390910982,0.9820126599058793,0.9890660305618482,0.2065888763675561,0.13185198585591967,0.054712161845644564,1.2000000000000002,,,,,,"[[189,93],[0,428]]",0.8351063829787234,True,True,True
results/vit_test/stop3b_imbalance_decoupling_breakhis_natural_vit_nicme_hybrid_seed44_04-28_19-54/metrics_20260428_195438_nicme_hybrid.json,results/vit_test/stop3b_imbalance_decoupling_breakhis_natural_vit_nicme_hybrid_seed44_04-28_19-54,breakhis_natural,vit,nicme_hybrid,44,calibrated_threshold,malignant,0.97,0.8,balanced_accuracy,,"[[0.0,1.0],[10.0,0.0]]","{""0"":0.3971830985915493,""1"":0.6028169014084507}",0.012957746478873239,0.012957746478873239,0.1295774647887324,,1.0,0.0,0.823076923076923,0.3262411347517731,0.8704225352112676,0.8368794326241135,0.854019166130301,0.9820126599058793,0.9890660305618482,0.2065888763675561,0.13185198585591967,0.054712161845644564,1.2000000000000002,0.11461697198279726,0.010797546012269938,0.9981684981684982,0.8541028364448439,0.010797546012269938,"[[190,92],[0,428]]",0.8368794326241135,True,True,True
results/timm_dinov3_vit_lora_test/stop3b_imbalance_decoupling_breakhis_natural_timm_dinov3_vit_lora_ce_seed42_04-28_19-59/metrics_20260428_195927_ce.json,results/timm_dinov3_vit_lora_test/stop3b_imbalance_decoupling_breakhis_natural_timm_dinov3_vit_lora_ce_seed42_04-28_19-59,breakhis_natural,timm_dinov3_vit_lora,ce,42,argmax,malignant,0.97,0.8,balanced_accuracy,,"[[0.0,1.0],[10.0,0.0]]","{""0"":0.3971830985915493,""1"":0.6028169014084507}",0.1321606959953449,0.0856338028169014,0.856338028169014,,0.8621495327102804,0.1378504672897196,0.9534883720930233,0.06382978723404255,0.8915492957746479,0.8991598727381189,0.8891243725599554,0.9642407370583946,0.9799011157234886,0.3636751633529264,0.2188028974970961,0.16558450645124406,,,,,,,"[[264,18],[59,369]]",0.8991598727381189,False,True,False
results/timm_dinov3_vit_lora_test/stop3b_imbalance_decoupling_breakhis_natural_timm_dinov3_vit_lora_ce_seed42_04-28_19-59/metrics_20260428_195927_ce.json,results/timm_dinov3_vit_lora_test/stop3b_imbalance_decoupling_breakhis_natural_timm_dinov3_vit_lora_ce_seed42_04-28_19-59,breakhis_natural,timm_dinov3_vit_lora,ce,42,calibrated_cost_min,malignant,0.97,0.8,balanced_accuracy,,"[[0.0,1.0],[10.0,0.0]]","{""0"":0.3971830985915493,""1"":0.6028169014084507}",0.12971830985915495,0.039718309859154935,0.3971830985915493,,1.0,0.0,0.6028169014084507,1.0,0.6028169014084507,0.5,0.3760984182776801,0.9642407370583946,0.9799011157234886,0.2738422162746566,0.16651692718423217,0.0836679510352529,0.5,,,,,,"[[0,282],[0,428]]",0.5,True,False,False
results/timm_dinov3_vit_lora_test/stop3b_imbalance_decoupling_breakhis_natural_timm_dinov3_vit_lora_ce_seed42_04-28_19-59/metrics_20260428_195927_ce.json,results/timm_dinov3_vit_lora_test/stop3b_imbalance_decoupling_breakhis_natural_timm_dinov3_vit_lora_ce_seed42_04-28_19-59,breakhis_natural,timm_dinov3_vit_lora,ce,42,calibrated_threshold,malignant,0.97,0.8,balanced_accuracy,,"[[0.0,1.0],[10.0,0.0]]","{""0"":0.3971830985915493,""1"":0.6028169014084507}",0.08948559920972249,0.06690140845070422,0.6690140845070423,,0.8948598130841121,0.10514018691588785,0.9387254901960784,0.08865248226950355,0.9014084507042254,0.9031036654073044,0.8982024644425509,0.9642407370583946,0.9799011157234886,0.2738422162746566,0.16651692718423217,0.0836679510352529,0.5,0.4445672411299517,0.01067484662576687,0.989010989010989,0.9443196208995466,0.01067484662576687,"[[257,25],[45,383]]",0.9031036654073044,False,True,False
results/timm_dinov3_vit_lora_test/stop3b_imbalance_decoupling_breakhis_natural_timm_dinov3_vit_lora_ce_calibrated_cost_min_seed42_04-28_20-03/metrics_20260428_200410_ce_calibrated_cost_min.json,results/timm_dinov3_vit_lora_test/stop3b_imbalance_decoupling_breakhis_natural_timm_dinov3_vit_lora_ce_calibrated_cost_min_seed42_04-28_20-03,breakhis_natural,timm_dinov3_vit_lora,ce_calibrated_cost_min,42,argmax,malignant,0.97,0.8,balanced_accuracy,,"[[0.0,1.0],[10.0,0.0]]","{""0"":0.3971830985915493,""1"":0.6028169014084507}",0.1321606959953449,0.0856338028169014,0.856338028169014,,0.8621495327102804,0.1378504672897196,0.9534883720930233,0.06382978723404255,0.8915492957746479,0.8991598727381189,0.8891243725599554,0.9642407370583946,0.9799011157234886,0.3636751633529264,0.2188028974970961,0.16558450645124406,,,,,,,"[[264,18],[59,369]]",0.8991598727381189,False,True,False
results/timm_dinov3_vit_lora_test/stop3b_imbalance_decoupling_breakhis_natural_timm_dinov3_vit_lora_ce_calibrated_cost_min_seed42_04-28_20-03/metrics_20260428_200410_ce_calibrated_cost_min.json,results/timm_dinov3_vit_lora_test/stop3b_imbalance_decoupling_breakhis_natural_timm_dinov3_vit_lora_ce_calibrated_cost_min_seed42_04-28_20-03,breakhis_natural,timm_dinov3_vit_lora,ce_calibrated_cost_min,42,calibrated_cost_min,malignant,0.97,0.8,balanced_accuracy,,"[[0.0,1.0],[10.0,0.0]]","{""0"":0.3971830985915493,""1"":0.6028169014084507}",0.12971830985915495,0.039718309859154935,0.3971830985915493,,1.0,0.0,0.6028169014084507,1.0,0.6028169014084507,0.5,0.3760984182776801,0.9642407370583946,0.9799011157234886,0.2738422162746566,0.16651692718423217,0.0836679510352529,0.5,,,,,,"[[0,282],[0,428]]",0.5,True,False,False
results/timm_dinov3_vit_lora_test/stop3b_imbalance_decoupling_breakhis_natural_timm_dinov3_vit_lora_ce_calibrated_cost_min_seed42_04-28_20-03/metrics_20260428_200410_ce_calibrated_cost_min.json,results/timm_dinov3_vit_lora_test/stop3b_imbalance_decoupling_breakhis_natural_timm_dinov3_vit_lora_ce_calibrated_cost_min_seed42_04-28_20-03,breakhis_natural,timm_dinov3_vit_lora,ce_calibrated_cost_min,42,calibrated_threshold,malignant,0.97,0.8,balanced_accuracy,,"[[0.0,1.0],[10.0,0.0]]","{""0"":0.3971830985915493,""1"":0.6028169014084507}",0.08948559920972249,0.06690140845070422,0.6690140845070423,,0.8948598130841121,0.10514018691588785,0.9387254901960784,0.08865248226950355,0.9014084507042254,0.9031036654073044,0.8982024644425509,0.9642407370583946,0.9799011157234886,0.2738422162746566,0.16651692718423217,0.0836679510352529,0.5,0.4445672411299517,0.01067484662576687,0.989010989010989,0.9443196208995466,0.01067484662576687,"[[257,25],[45,383]]",0.9031036654073044,False,True,False
results/timm_dinov3_vit_lora_test/stop3b_imbalance_decoupling_breakhis_natural_timm_dinov3_vit_lora_menon_logit_adjusted_seed42_04-28_20-08/metrics_20260428_200856_menon_logit_adjusted.json,results/timm_dinov3_vit_lora_test/stop3b_imbalance_decoupling_breakhis_natural_timm_dinov3_vit_lora_menon_logit_adjusted_seed42_04-28_20-08,breakhis_natural,timm_dinov3_vit_lora,menon_logit_adjusted,42,argmax,malignant,0.97,0.8,balanced_accuracy,,"[[0.0,1.0],[10.0,0.0]]","{""0"":0.3971830985915493,""1"":0.6028169014084507}",0.2621280097037812,0.12873239436619718,1.287323943661972,,0.7873831775700935,0.21261682242990654,0.9882697947214076,0.014184397163120567,0.8661971830985915,0.8865993902034864,0.865266799701969,0.9730811294491947,0.9841157483630847,0.36418308273017114,0.21166786366571444,0.09062113585606428,,,,,,,"[[278,4],[91,337]]",0.8865993902034864,False,True,False
results/timm_dinov3_vit_lora_test/stop3b_imbalance_decoupling_breakhis_natural_timm_dinov3_vit_lora_menon_logit_adjusted_seed42_04-28_20-08/metrics_20260428_200856_menon_logit_adjusted.json,results/timm_dinov3_vit_lora_test/stop3b_imbalance_decoupling_breakhis_natural_timm_dinov3_vit_lora_menon_logit_adjusted_seed42_04-28_20-08,breakhis_natural,timm_dinov3_vit_lora,menon_logit_adjusted,42,calibrated_cost_min,malignant,0.97,0.8,balanced_accuracy,,"[[0.0,1.0],[10.0,0.0]]","{""0"":0.3971830985915493,""1"":0.6028169014084507}",0.07001990997430119,0.05619718309859155,0.5619718309859155,,0.9112149532710281,0.08878504672897196,0.9535452322738386,0.0673758865248227,0.9197183098591549,0.9219195333731027,0.9170647436015665,0.9730811294491947,0.9841157483630847,0.3456215973128917,0.2064849031827,0.05550084601037046,0.5,,,,,,"[[263,19],[38,390]]",0.9219195333731027,False,True,False
results/timm_dinov3_vit_lora_test/stop3b_imbalance_decoupling_breakhis_natural_timm_dinov3_vit_lora_menon_logit_adjusted_seed42_04-28_20-08/metrics_20260428_200856_menon_logit_adjusted.json,results/timm_dinov3_vit_lora_test/stop3b_imbalance_decoupling_breakhis_natural_timm_dinov3_vit_lora_menon_logit_adjusted_seed42_04-28_20-08,breakhis_natural,timm_dinov3_vit_lora,menon_logit_adjusted,42,calibrated_threshold,malignant,0.97,0.8,balanced_accuracy,,"[[0.0,1.0],[10.0,0.0]]","{""0"":0.3971830985915493,""1"":0.6028169014084507}",0.12123910741943142,0.08056338028169015,0.8056338028169014,,0.8691588785046729,0.1308411214953271,0.96875,0.0425531914893617,0.9042253521126761,0.9133028435076556,0.902207026186155,0.9730811294491947,0.9841157483630847,0.3456215973128917,0.2064849031827,0.05550084601037046,0.5,0.15331212737696012,0.00736196319018405,0.9908424908424909,0.97683388482645,0.00736196319018405,"[[270,12],[56,372]]",0.9133028435076556,False,True,False
results/timm_dinov3_vit_lora_test/stop3b_imbalance_decoupling_breakhis_natural_timm_dinov3_vit_lora_cs_regularized_ce_seed42_04-28_20-13/metrics_20260428_201352_cs_regularized_ce.json,results/timm_dinov3_vit_lora_test/stop3b_imbalance_decoupling_breakhis_natural_timm_dinov3_vit_lora_cs_regularized_ce_seed42_04-28_20-13,breakhis_natural,timm_dinov3_vit_lora,cs_regularized_ce,42,argmax,malignant,0.97,0.8,balanced_accuracy,,"[[0.0,1.0],[10.0,0.0]]","{""0"":0.3971830985915493,""1"":0.6028169014084507}",0.0921795302867954,0.06816901408450704,0.6816901408450704,,0.8925233644859814,0.10747663551401869,0.9408866995073891,0.0851063829787234,0.9014084507042254,0.903708490753629,0.898306610684149,0.9647627096175515,0.980411653871723,0.36050453278603056,0.22047304323802355,0.16868792864638316,,,,,,,"[[258,24],[46,382]]",0.903708490753629,False,True,False
results/timm_dinov3_vit_lora_test/stop3b_imbalance_decoupling_breakhis_natural_timm_dinov3_vit_lora_cs_regularized_ce_seed42_04-28_20-13/metrics_20260428_201352_cs_regularized_ce.json,results/timm_dinov3_vit_lora_test/stop3b_imbalance_decoupling_breakhis_natural_timm_dinov3_vit_lora_cs_regularized_ce_seed42_04-28_20-13,breakhis_natural,timm_dinov3_vit_lora,cs_regularized_ce,42,calibrated_cost_min,malignant,0.97,0.8,balanced_accuracy,,"[[0.0,1.0],[10.0,0.0]]","{""0"":0.3971830985915493,""1"":0.6028169014084507}",0.12971830985915495,0.039718309859154935,0.3971830985915493,,1.0,0.0,0.6028169014084507,1.0,0.6028169014084507,0.5,0.3760984182776801,0.9647627096175515,0.980411653871723,0.2790676715965481,0.1733786056818735,0.08890520612512456,0.5,,,,,,"[[0,282],[0,428]]",0.5,True,False,False
results/timm_dinov3_vit_lora_test/stop3b_imbalance_decoupling_breakhis_natural_timm_dinov3_vit_lora_cs_regularized_ce_seed42_04-28_20-13/metrics_20260428_201352_cs_regularized_ce.json,results/timm_dinov3_vit_lora_test/stop3b_imbalance_decoupling_breakhis_natural_timm_dinov3_vit_lora_cs_regularized_ce_seed42_04-28_20-13,breakhis_natural,timm_dinov3_vit_lora,cs_regularized_ce,42,calibrated_threshold,malignant,0.97,0.8,balanced_accuracy,,"[[0.0,1.0],[10.0,0.0]]","{""0"":0.3971830985915493,""1"":0.6028169014084507}",0.14912410629380263,0.09197183098591549,0.9197183098591549,,0.8504672897196262,0.14953271028037382,0.9655172413793104,0.04609929078014184,0.8915492957746479,0.9021839994697421,0.889572287027218,0.9647627096175515,0.980411653871723,0.2790676715965481,0.1733786056818735,0.08890520612512456,0.5,0.6119238618822866,0.010797546012269938,0.9871794871794872,0.9601324945191116,0.010797546012269938,"[[269,13],[64,364]]",0.9021839994697421,False,True,False
results/timm_dinov3_vit_lora_test/stop3b_imbalance_decoupling_breakhis_natural_timm_dinov3_vit_lora_nicme_logit_adjustment_seed42_04-28_20-19/metrics_20260428_202012_nicme_logit_adjustment.json,results/timm_dinov3_vit_lora_test/stop3b_imbalance_decoupling_breakhis_natural_timm_dinov3_vit_lora_nicme_logit_adjustment_seed42_04-28_20-19,breakhis_natural,timm_dinov3_vit_lora,nicme_logit_adjustment,42,argmax,malignant,0.97,0.8,balanced_accuracy,,"[[0.0,1.0],[10.0,0.0]]","{""0"":0.3971830985915493,""1"":0.6028169014084507}",0.026649100788678264,0.026619718309859153,0.2661971830985915,,0.9672897196261683,0.03271028037383177,0.8941684665226782,0.17375886524822695,0.9112676056338028,0.8967654271889707,0.9051001508468428,0.9659060780804667,0.9728251248640751,0.3060899662865056,0.17605979525485393,0.10836350053129061,,,,,,,"[[233,49],[14,414]]",0.8967654271889707,False,True,False
results/timm_dinov3_vit_lora_test/stop3b_imbalance_decoupling_breakhis_natural_timm_dinov3_vit_lora_nicme_logit_adjustment_seed42_04-28_20-19/metrics_20260428_202012_nicme_logit_adjustment.json,results/timm_dinov3_vit_lora_test/stop3b_imbalance_decoupling_breakhis_natural_timm_dinov3_vit_lora_nicme_logit_adjustment_seed42_04-28_20-19,breakhis_natural,timm_dinov3_vit_lora,nicme_logit_adjustment,42,calibrated_cost_min,malignant,0.97,0.8,balanced_accuracy,,"[[0.0,1.0],[10.0,0.0]]","{""0"":0.3971830985915493,""1"":0.6028169014084507}",0.07383291145697182,0.03211267605633803,0.3211267605633803,,1.0,0.0,0.6524390243902439,0.8085106382978723,0.6788732394366197,0.5957446808510638,0.5555482340537692,0.9659060780804667,0.9728251248640751,0.2771312643870949,0.14623713262594987,0.04800934313481565,0.5,,,,,,"[[54,228],[0,428]]",0.5957446808510638,True,False,False
results/timm_dinov3_vit_lora_test/stop3b_imbalance_decoupling_breakhis_natural_timm_dinov3_vit_lora_nicme_logit_adjustment_seed42_04-28_20-19/metrics_20260428_202012_nicme_logit_adjustment.json,results/timm_dinov3_vit_lora_test/stop3b_imbalance_decoupling_breakhis_natural_timm_dinov3_vit_lora_nicme_logit_adjustment_seed42_04-28_20-19,breakhis_natural,timm_dinov3_vit_lora,nicme_logit_adjustment,42,calibrated_threshold,malignant,0.97,0.8,balanced_accuracy,,"[[0.0,1.0],[10.0,0.0]]","{""0"":0.3971830985915493,""1"":0.6028169014084507}",0.019577464788732395,0.019577464788732395,0.19577464788732393,,0.9813084112149533,0.018691588785046728,0.8768267223382046,0.20921985815602837,0.9056338028169014,0.8860442765294625,0.8977629053645998,0.9659060780804667,0.9728251248640751,0.2771312643870949,0.14623713262594987,0.04800934313481565,0.5,0.3983622117429729,0.008957055214723926,0.9963369963369964,0.8996554870160818,0.008957055214723926,"[[223,59],[8,420]]",0.8860442765294625,True,True,True
results/timm_dinov3_vit_lora_test/stop3b_imbalance_decoupling_breakhis_natural_timm_dinov3_vit_lora_nicme_hybrid_seed42_04-28_20-29/metrics_20260428_202927_nicme_hybrid.json,results/timm_dinov3_vit_lora_test/stop3b_imbalance_decoupling_breakhis_natural_timm_dinov3_vit_lora_nicme_hybrid_seed42_04-28_20-29,breakhis_natural,timm_dinov3_vit_lora,nicme_hybrid,42,argmax,malignant,0.97,0.8,balanced_accuracy,,"[[0.0,1.0],[10.0,0.0]]","{""0"":0.3971830985915493,""1"":0.6028169014084507}",0.011408450704225352,0.011408450704225352,0.11408450704225352,,0.9953271028037384,0.004672897196261682,0.8747433264887063,0.21631205673758866,0.9112676056338028,0.8895075230330749,0.9031975328680408,0.9740007953867568,0.9800809805725025,0.2929579239351248,0.16846000130842856,0.07076089785132608,,,,,,,"[[221,61],[2,426]]",0.8895075230330749,True,True,True
results/timm_dinov3_vit_lora_test/stop3b_imbalance_decoupling_breakhis_natural_timm_dinov3_vit_lora_nicme_hybrid_seed42_04-28_20-29/metrics_20260428_202927_nicme_hybrid.json,results/timm_dinov3_vit_lora_test/stop3b_imbalance_decoupling_breakhis_natural_timm_dinov3_vit_lora_nicme_hybrid_seed42_04-28_20-29,breakhis_natural,timm_dinov3_vit_lora,nicme_hybrid,42,calibrated_cost_min,malignant,0.97,0.8,balanced_accuracy,,"[[0.0,1.0],[10.0,0.0]]","{""0"":0.3971830985915493,""1"":0.6028169014084507}",0.12971830985915495,0.039718309859154935,0.3971830985915493,,1.0,0.0,0.6028169014084507,1.0,0.6028169014084507,0.5,0.3760984182776801,0.9740007953867568,0.9800809805725025,0.29474014780552443,0.16452580428519986,0.05572097911643411,0.8500000000000001,,,,,,"[[0,282],[0,428]]",0.5,True,False,False
results/timm_dinov3_vit_lora_test/stop3b_imbalance_decoupling_breakhis_natural_timm_dinov3_vit_lora_nicme_hybrid_seed42_04-28_20-29/metrics_20260428_202927_nicme_hybrid.json,results/timm_dinov3_vit_lora_test/stop3b_imbalance_decoupling_breakhis_natural_timm_dinov3_vit_lora_nicme_hybrid_seed42_04-28_20-29,breakhis_natural,timm_dinov3_vit_lora,nicme_hybrid,42,calibrated_threshold,malignant,0.97,0.8,balanced_accuracy,,"[[0.0,1.0],[10.0,0.0]]","{""0"":0.3971830985915493,""1"":0.6028169014084507}",0.014507042253521127,0.014507042253521127,0.14507042253521127,,0.9976635514018691,0.002336448598130841,0.8211538461538461,0.32978723404255317,0.8676056338028169,0.8339381586796579,0.8508456697418294,0.9740007953867568,0.9800809805725025,0.29474014780552443,0.16452580428519986,0.05572097911643411,0.8500000000000001,0.3756082936220698,0.011533742331288344,0.9981684981684982,0.8429504200879665,0.011533742331288344,"[[189,93],[1,427]]",0.8339381586796579,True,True,True
results/timm_dinov3_vit_lora_test/stop3b_imbalance_decoupling_breakhis_natural_timm_dinov3_vit_lora_ce_seed43_04-28_20-33/metrics_20260428_203418_ce.json,results/timm_dinov3_vit_lora_test/stop3b_imbalance_decoupling_breakhis_natural_timm_dinov3_vit_lora_ce_seed43_04-28_20-33,breakhis_natural,timm_dinov3_vit_lora,ce,43,argmax,malignant,0.97,0.8,balanced_accuracy,,"[[0.0,1.0],[10.0,0.0]]","{""0"":0.3971830985915493,""1"":0.6028169014084507}",0.11895352740075704,0.08014084507042255,0.8014084507042254,,0.8714953271028038,0.12850467289719625,0.951530612244898,0.0673758865248227,0.895774647887324,0.9020597202889905,0.8932113821138211,0.9642738781732617,0.9803217329602602,0.3634363780987745,0.21930625252246802,0.17797172380165313,,,,,,,"[[263,19],[55,373]]",0.9020597202889905,False,True,False
results/timm_dinov3_vit_lora_test/stop3b_imbalance_decoupling_breakhis_natural_timm_dinov3_vit_lora_ce_seed43_04-28_20-33/metrics_20260428_203418_ce.json,results/timm_dinov3_vit_lora_test/stop3b_imbalance_decoupling_breakhis_natural_timm_dinov3_vit_lora_ce_seed43_04-28_20-33,breakhis_natural,timm_dinov3_vit_lora,ce,43,calibrated_cost_min,malignant,0.97,0.8,balanced_accuracy,,"[[0.0,1.0],[10.0,0.0]]","{""0"":0.3971830985915493,""1"":0.6028169014084507}",0.12971830985915495,0.039718309859154935,0.3971830985915493,,1.0,0.0,0.6028169014084507,1.0,0.6028169014084507,0.5,0.3760984182776801,0.9642738781732617,0.9803217329602602,0.27527786639938295,0.1687460866492031,0.09339268155024667,0.5,,,,,,"[[0,282],[0,428]]",0.5,True,False,False
results/timm_dinov3_vit_lora_test/stop3b_imbalance_decoupling_breakhis_natural_timm_dinov3_vit_lora_ce_seed43_04-28_20-33/metrics_20260428_203418_ce.json,results/timm_dinov3_vit_lora_test/stop3b_imbalance_decoupling_breakhis_natural_timm_dinov3_vit_lora_ce_seed43_04-28_20-33,breakhis_natural,timm_dinov3_vit_lora,ce,43,calibrated_threshold,malignant,0.97,0.8,balanced_accuracy,,"[[0.0,1.0],[10.0,0.0]]","{""0"":0.3971830985915493,""1"":0.6028169014084507}",0.12511765514916734,0.08253521126760563,0.8253521126760563,,0.866822429906542,0.13317757009345793,0.958656330749354,0.05673758865248227,0.8971830985915493,0.9050424206270299,0.8948841454139836,0.9642738781732617,0.9803217329602602,0.27527786639938295,0.1687460866492031,0.09339268155024667,0.5,0.5217867087801685,0.0098159509202454,0.989010989010989,0.9573307733159034,0.0098159509202454,"[[266,16],[57,371]]",0.9050424206270299,False,True,False
results/timm_dinov3_vit_lora_test/stop3b_imbalance_decoupling_breakhis_natural_timm_dinov3_vit_lora_ce_calibrated_cost_min_seed43_04-28_20-38/metrics_20260428_203907_ce_calibrated_cost_min.json,results/timm_dinov3_vit_lora_test/stop3b_imbalance_decoupling_breakhis_natural_timm_dinov3_vit_lora_ce_calibrated_cost_min_seed43_04-28_20-38,breakhis_natural,timm_dinov3_vit_lora,ce_calibrated_cost_min,43,argmax,malignant,0.97,0.8,balanced_accuracy,,"[[0.0,1.0],[10.0,0.0]]","{""0"":0.3971830985915493,""1"":0.6028169014084507}",0.11895352740075704,0.08014084507042255,0.8014084507042254,,0.8714953271028038,0.12850467289719625,0.951530612244898,0.0673758865248227,0.895774647887324,0.9020597202889905,0.8932113821138211,0.9642738781732617,0.9803217329602602,0.3634363780987745,0.21930625252246802,0.17797172380165313,,,,,,,"[[263,19],[55,373]]",0.9020597202889905,False,True,False
results/timm_dinov3_vit_lora_test/stop3b_imbalance_decoupling_breakhis_natural_timm_dinov3_vit_lora_ce_calibrated_cost_min_seed43_04-28_20-38/metrics_20260428_203907_ce_calibrated_cost_min.json,results/timm_dinov3_vit_lora_test/stop3b_imbalance_decoupling_breakhis_natural_timm_dinov3_vit_lora_ce_calibrated_cost_min_seed43_04-28_20-38,breakhis_natural,timm_dinov3_vit_lora,ce_calibrated_cost_min,43,calibrated_cost_min,malignant,0.97,0.8,balanced_accuracy,,"[[0.0,1.0],[10.0,0.0]]","{""0"":0.3971830985915493,""1"":0.6028169014084507}",0.12971830985915495,0.039718309859154935,0.3971830985915493,,1.0,0.0,0.6028169014084507,1.0,0.6028169014084507,0.5,0.3760984182776801,0.9642738781732617,0.9803217329602602,0.27527786639938295,0.1687460866492031,0.09339268155024667,0.5,,,,,,"[[0,282],[0,428]]",0.5,True,False,False
results/timm_dinov3_vit_lora_test/stop3b_imbalance_decoupling_breakhis_natural_timm_dinov3_vit_lora_ce_calibrated_cost_min_seed43_04-28_20-38/metrics_20260428_203907_ce_calibrated_cost_min.json,results/timm_dinov3_vit_lora_test/stop3b_imbalance_decoupling_breakhis_natural_timm_dinov3_vit_lora_ce_calibrated_cost_min_seed43_04-28_20-38,breakhis_natural,timm_dinov3_vit_lora,ce_calibrated_cost_min,43,calibrated_threshold,malignant,0.97,0.8,balanced_accuracy,,"[[0.0,1.0],[10.0,0.0]]","{""0"":0.3971830985915493,""1"":0.6028169014084507}",0.12511765514916734,0.08253521126760563,0.8253521126760563,,0.866822429906542,0.13317757009345793,0.958656330749354,0.05673758865248227,0.8971830985915493,0.9050424206270299,0.8948841454139836,0.9642738781732617,0.9803217329602602,0.27527786639938295,0.1687460866492031,0.09339268155024667,0.5,0.5217867087801685,0.0098159509202454,0.989010989010989,0.9573307733159034,0.0098159509202454,"[[266,16],[57,371]]",0.9050424206270299,False,True,False
results/timm_dinov3_vit_lora_test/stop3b_imbalance_decoupling_breakhis_natural_timm_dinov3_vit_lora_menon_logit_adjusted_seed43_04-28_20-43/metrics_20260428_204351_menon_logit_adjusted.json,results/timm_dinov3_vit_lora_test/stop3b_imbalance_decoupling_breakhis_natural_timm_dinov3_vit_lora_menon_logit_adjusted_seed43_04-28_20-43,breakhis_natural,timm_dinov3_vit_lora,menon_logit_adjusted,43,argmax,malignant,0.97,0.8,balanced_accuracy,,"[[0.0,1.0],[10.0,0.0]]","{""0"":0.3971830985915493,""1"":0.6028169014084507}",0.1942908285242945,0.10718309859154929,1.0718309859154929,,0.822429906542056,0.17757009345794392,0.9971671388101983,0.0035460992907801418,0.8915492957746479,0.909441903625638,0.8904538341158059,0.9791873798634586,0.9875420459234209,0.3398119492746541,0.19063431214412446,0.09527002598198364,,,,,,,"[[281,1],[76,352]]",0.909441903625638,False,True,False
results/timm_dinov3_vit_lora_test/stop3b_imbalance_decoupling_breakhis_natural_timm_dinov3_vit_lora_menon_logit_adjusted_seed43_04-28_20-43/metrics_20260428_204351_menon_logit_adjusted.json,results/timm_dinov3_vit_lora_test/stop3b_imbalance_decoupling_breakhis_natural_timm_dinov3_vit_lora_menon_logit_adjusted_seed43_04-28_20-43,breakhis_natural,timm_dinov3_vit_lora,menon_logit_adjusted,43,calibrated_cost_min,malignant,0.97,0.8,balanced_accuracy,,"[[0.0,1.0],[10.0,0.0]]","{""0"":0.3971830985915493,""1"":0.6028169014084507}",0.060199493897615725,0.050422535211267605,0.504225352112676,,0.9205607476635514,0.0794392523364486,0.9563106796116505,0.06382978723404255,0.9267605633802817,0.9283654802147545,0.9242200328407226,0.9791873798634586,0.9875420459234209,0.3024387721572834,0.1764191597113356,0.033402355454335064,0.5,,,,,,"[[264,18],[34,394]]",0.9283654802147545,False,True,False
results/timm_dinov3_vit_lora_test/stop3b_imbalance_decoupling_breakhis_natural_timm_dinov3_vit_lora_menon_logit_adjusted_seed43_04-28_20-43/metrics_20260428_204351_menon_logit_adjusted.json,results/timm_dinov3_vit_lora_test/stop3b_imbalance_decoupling_breakhis_natural_timm_dinov3_vit_lora_menon_logit_adjusted_seed43_04-28_20-43,breakhis_natural,timm_dinov3_vit_lora,menon_logit_adjusted,43,calibrated_threshold,malignant,0.97,0.8,balanced_accuracy,,"[[0.0,1.0],[10.0,0.0]]","{""0"":0.3971830985915493,""1"":0.6028169014084507}",0.05817047112792926,0.04929577464788733,0.49295774647887325,,0.9228971962616822,0.07710280373831775,0.9518072289156626,0.07092198581560284,0.9253521126760563,0.9259876052230397,0.9226374403539395,0.9791873798634586,0.9875420459234209,0.3024387721572834,0.1764191597113356,0.033402355454335064,0.5,0.08882532631708345,0.00785276073619632,0.9926739926739927,0.9517273309094871,0.00785276073619632,"[[262,20],[33,395]]",0.9259876052230397,False,True,False
results/timm_dinov3_vit_lora_test/stop3b_imbalance_decoupling_breakhis_natural_timm_dinov3_vit_lora_cs_regularized_ce_seed43_04-28_20-48/metrics_20260428_204839_cs_regularized_ce.json,results/timm_dinov3_vit_lora_test/stop3b_imbalance_decoupling_breakhis_natural_timm_dinov3_vit_lora_cs_regularized_ce_seed43_04-28_20-48,breakhis_natural,timm_dinov3_vit_lora,cs_regularized_ce,43,argmax,malignant,0.97,0.8,balanced_accuracy,,"[[0.0,1.0],[10.0,0.0]]","{""0"":0.3971830985915493,""1"":0.6028169014084507}",0.07142836067852654,0.0576056338028169,0.576056338028169,,0.9112149532710281,0.08878504672897196,0.9307875894988067,0.10283687943262411,0.9056338028169014,0.904189036919202,0.9019844188811348,0.9620037118048652,0.9795260902107705,0.3662223768345201,0.22627972704104374,0.17690693131634885,,,,,,,"[[253,29],[38,390]]",0.904189036919202,False,True,False
results/timm_dinov3_vit_lora_test/stop3b_imbalance_decoupling_breakhis_natural_timm_dinov3_vit_lora_cs_regularized_ce_seed43_04-28_20-48/metrics_20260428_204839_cs_regularized_ce.json,results/timm_dinov3_vit_lora_test/stop3b_imbalance_decoupling_breakhis_natural_timm_dinov3_vit_lora_cs_regularized_ce_seed43_04-28_20-48,breakhis_natural,timm_dinov3_vit_lora,cs_regularized_ce,43,calibrated_cost_min,malignant,0.97,0.8,balanced_accuracy,,"[[0.0,1.0],[10.0,0.0]]","{""0"":0.3971830985915493,""1"":0.6028169014084507}",0.12971830985915495,0.039718309859154935,0.3971830985915493,,1.0,0.0,0.6028169014084507,1.0,0.6028169014084507,0.5,0.3760984182776801,0.9620037118048652,0.9795260902107705,0.2894707971843717,0.18329253852289104,0.10165355071631824,0.5,,,,,,"[[0,282],[0,428]]",0.5,True,False,False
results/timm_dinov3_vit_lora_test/stop3b_imbalance_decoupling_breakhis_natural_timm_dinov3_vit_lora_cs_regularized_ce_seed43_04-28_20-48/metrics_20260428_204839_cs_regularized_ce.json,results/timm_dinov3_vit_lora_test/stop3b_imbalance_decoupling_breakhis_natural_timm_dinov3_vit_lora_cs_regularized_ce_seed43_04-28_20-48,breakhis_natural,timm_dinov3_vit_lora,cs_regularized_ce,43,calibrated_threshold,malignant,0.97,0.8,balanced_accuracy,,"[[0.0,1.0],[10.0,0.0]]","{""0"":0.3971830985915493,""1"":0.6028169014084507}",0.10954191755476521,0.07605633802816901,0.7605633802816901,,0.8785046728971962,0.12149532710280374,0.9494949494949495,0.07092198581560284,0.8985915492957747,0.9037913435407967,0.8959079950478921,0.9620037118048652,0.9795260902107705,0.2894707971843717,0.18329253852289104,0.10165355071631824,0.5,0.5488802713184179,0.010429447852760735,0.989010989010989,0.9480370930185057,0.010429447852760735,"[[262,20],[52,376]]",0.9037913435407967,False,True,False
results/timm_dinov3_vit_lora_test/stop3b_imbalance_decoupling_breakhis_natural_timm_dinov3_vit_lora_nicme_logit_adjustment_seed43_04-28_20-57/metrics_20260428_205757_nicme_logit_adjustment.json,results/timm_dinov3_vit_lora_test/stop3b_imbalance_decoupling_breakhis_natural_timm_dinov3_vit_lora_nicme_logit_adjustment_seed43_04-28_20-57,breakhis_natural,timm_dinov3_vit_lora,nicme_logit_adjustment,43,argmax,malignant,0.97,0.8,balanced_accuracy,,"[[0.0,1.0],[10.0,0.0]]","{""0"":0.3971830985915493,""1"":0.6028169014084507}",0.018591549295774647,0.018591549295774647,0.18591549295774648,,0.9836448598130841,0.016355140186915886,0.8716356107660456,0.2198581560283688,0.9028169014084507,0.8818933518923577,0.8943495672839492,0.9686982170080202,0.9746560736065384,0.2680169472465471,0.1522011630330994,0.04119346905762034,,,,,,,"[[220,62],[7,421]]",0.8818933518923577,True,True,True
results/timm_dinov3_vit_lora_test/stop3b_imbalance_decoupling_breakhis_natural_timm_dinov3_vit_lora_nicme_logit_adjustment_seed43_04-28_20-57/metrics_20260428_205757_nicme_logit_adjustment.json,results/timm_dinov3_vit_lora_test/stop3b_imbalance_decoupling_breakhis_natural_timm_dinov3_vit_lora_nicme_logit_adjustment_seed43_04-28_20-57,breakhis_natural,timm_dinov3_vit_lora,nicme_logit_adjustment,43,calibrated_cost_min,malignant,0.97,0.8,balanced_accuracy,,"[[0.0,1.0],[10.0,0.0]]","{""0"":0.3971830985915493,""1"":0.6028169014084507}",0.033240966851357134,0.023661971830985916,0.23661971830985915,,1.0,0.0,0.7181208053691275,0.5957446808510638,0.7633802816901408,0.7021276595744681,0.7058475378787878,0.9686982170080202,0.9746560736065384,0.2740864712686914,0.15223057364959233,0.03326691554362279,0.8500000000000001,,,,,,"[[114,168],[0,428]]",0.7021276595744681,True,False,False
results/timm_dinov3_vit_lora_test/stop3b_imbalance_decoupling_breakhis_natural_timm_dinov3_vit_lora_nicme_logit_adjustment_seed43_04-28_20-57/metrics_20260428_205757_nicme_logit_adjustment.json,results/timm_dinov3_vit_lora_test/stop3b_imbalance_decoupling_breakhis_natural_timm_dinov3_vit_lora_nicme_logit_adjustment_seed43_04-28_20-57,breakhis_natural,timm_dinov3_vit_lora,nicme_logit_adjustment,43,calibrated_threshold,malignant,0.97,0.8,balanced_accuracy,,"[[0.0,1.0],[10.0,0.0]]","{""0"":0.3971830985915493,""1"":0.6028169014084507}",0.015352112676056337,0.015352112676056337,0.15352112676056337,,0.9906542056074766,0.009345794392523364,0.8600405679513184,0.24468085106382978,0.8971830985915493,0.8729866772718234,0.8872228713670556,0.9686982170080202,0.9746560736065384,0.2740864712686914,0.15223057364959233,0.03326691554362279,0.8500000000000001,0.39524857233854216,0.011288343558282208,0.9926739926739927,0.8996827212440596,0.011288343558282208,"[[213,69],[4,424]]",0.8729866772718234,True,True,True
results/timm_dinov3_vit_lora_test/stop3b_imbalance_decoupling_breakhis_natural_timm_dinov3_vit_lora_nicme_hybrid_seed43_04-28_21-09/metrics_20260428_211017_nicme_hybrid.json,results/timm_dinov3_vit_lora_test/stop3b_imbalance_decoupling_breakhis_natural_timm_dinov3_vit_lora_nicme_hybrid_seed43_04-28_21-09,breakhis_natural,timm_dinov3_vit_lora,nicme_hybrid,43,argmax,malignant,0.97,0.8,balanced_accuracy,,"[[0.0,1.0],[10.0,0.0]]","{""0"":0.3971830985915493,""1"":0.6028169014084507}",0.017183098591549296,0.017183098591549296,0.17183098591549295,,0.9883177570093458,0.011682242990654205,0.8545454545454545,0.2553191489361702,0.8915492957746479,0.8664993040365878,0.8808234019501624,0.9629399482998607,0.9722241094015561,0.3299502556216852,0.18440191401952136,0.0507558710138563,,,,,,,"[[210,72],[5,423]]",0.8664993040365878,True,True,True
results/timm_dinov3_vit_lora_test/stop3b_imbalance_decoupling_breakhis_natural_timm_dinov3_vit_lora_nicme_hybrid_seed43_04-28_21-09/metrics_20260428_211017_nicme_hybrid.json,results/timm_dinov3_vit_lora_test/stop3b_imbalance_decoupling_breakhis_natural_timm_dinov3_vit_lora_nicme_hybrid_seed43_04-28_21-09,breakhis_natural,timm_dinov3_vit_lora,nicme_hybrid,43,calibrated_cost_min,malignant,0.97,0.8,balanced_accuracy,,"[[0.0,1.0],[10.0,0.0]]","{""0"":0.3971830985915493,""1"":0.6028169014084507}",0.07913701311536035,0.03295774647887324,0.3295774647887324,,1.0,0.0,0.6465256797583081,0.8297872340425532,0.6704225352112676,0.5851063829787234,0.538115095913261,0.9629399482998608,0.9722237107763532,0.34013180252990993,0.18427529572013843,0.05817106383631404,0.9,,,,,,"[[48,234],[0,428]]",0.5851063829787234,True,False,False
results/timm_dinov3_vit_lora_test/stop3b_imbalance_decoupling_breakhis_natural_timm_dinov3_vit_lora_nicme_hybrid_seed43_04-28_21-09/metrics_20260428_211017_nicme_hybrid.json,results/timm_dinov3_vit_lora_test/stop3b_imbalance_decoupling_breakhis_natural_timm_dinov3_vit_lora_nicme_hybrid_seed43_04-28_21-09,breakhis_natural,timm_dinov3_vit_lora,nicme_hybrid,43,calibrated_threshold,malignant,0.97,0.8,balanced_accuracy,,"[[0.0,1.0],[10.0,0.0]]","{""0"":0.3971830985915493,""1"":0.6028169014084507}",0.01704225352112676,0.01704225352112676,0.1704225352112676,,0.9929906542056075,0.007009345794392523,0.8236434108527132,0.32269503546099293,0.8676056338028169,0.8351478093723073,0.8514723686084603,0.9629399482998608,0.9722237107763532,0.34013180252990993,0.18427529572013843,0.05817106383631404,0.9,0.3851678896828533,0.012147239263803681,0.9945054945054945,0.868999959148658,0.012147239263803681,"[[191,91],[3,425]]",0.8351478093723073,True,True,True
results/timm_dinov3_vit_lora_test/stop3b_imbalance_decoupling_breakhis_natural_timm_dinov3_vit_lora_ce_seed44_04-28_21-14/metrics_20260428_211504_ce.json,results/timm_dinov3_vit_lora_test/stop3b_imbalance_decoupling_breakhis_natural_timm_dinov3_vit_lora_ce_seed44_04-28_21-14,breakhis_natural,timm_dinov3_vit_lora,ce,44,argmax,malignant,0.97,0.8,balanced_accuracy,,"[[0.0,1.0],[10.0,0.0]]","{""0"":0.3971830985915493,""1"":0.6028169014084507}",0.12222502291238918,0.0815492957746479,0.8154929577464789,,0.8691588785046729,0.1308411214953271,0.9514066496163683,0.0673758865248227,0.8943661971830986,0.900891495989925,0.8918164475568802,0.9596009809770001,0.9782646195567781,0.3662786564173386,0.22197905871750942,0.17602860969556888,,,,,,,"[[263,19],[56,372]]",0.900891495989925,False,True,False
results/timm_dinov3_vit_lora_test/stop3b_imbalance_decoupling_breakhis_natural_timm_dinov3_vit_lora_ce_seed44_04-28_21-14/metrics_20260428_211504_ce.json,results/timm_dinov3_vit_lora_test/stop3b_imbalance_decoupling_breakhis_natural_timm_dinov3_vit_lora_ce_seed44_04-28_21-14,breakhis_natural,timm_dinov3_vit_lora,ce,44,calibrated_cost_min,malignant,0.97,0.8,balanced_accuracy,,"[[0.0,1.0],[10.0,0.0]]","{""0"":0.3971830985915493,""1"":0.6028169014084507}",0.12971830985915495,0.039718309859154935,0.3971830985915493,,1.0,0.0,0.6028169014084507,1.0,0.6028169014084507,0.5,0.3760984182776801,0.9596009809770001,0.9782646195567781,0.279394425594289,0.17279692857585455,0.08158275019932068,0.5,,,,,,"[[0,282],[0,428]]",0.5,True,False,False
results/timm_dinov3_vit_lora_test/stop3b_imbalance_decoupling_breakhis_natural_timm_dinov3_vit_lora_ce_seed44_04-28_21-14/metrics_20260428_211504_ce.json,results/timm_dinov3_vit_lora_test/stop3b_imbalance_decoupling_breakhis_natural_timm_dinov3_vit_lora_ce_seed44_04-28_21-14,breakhis_natural,timm_dinov3_vit_lora,ce,44,calibrated_threshold,malignant,0.97,0.8,balanced_accuracy,,"[[0.0,1.0],[10.0,0.0]]","{""0"":0.3971830985915493,""1"":0.6028169014084507}",0.05860963858089579,0.05140845070422535,0.5140845070422535,,0.927570093457944,0.07242990654205607,0.8783185840707964,0.1950354609929078,0.8788732394366198,0.8662673162325181,0.8715067340067341,0.9596009809770001,0.9782646195567781,0.279394425594289,0.17279692857585455,0.08158275019932068,0.5,0.39123039717771735,0.011411042944785276,0.9926739926739927,0.89782398518458,0.011411042944785276,"[[227,55],[31,397]]",0.8662673162325181,False,True,False
results/timm_dinov3_vit_lora_test/stop3b_imbalance_decoupling_breakhis_natural_timm_dinov3_vit_lora_ce_calibrated_cost_min_seed44_04-28_21-19/metrics_20260428_211949_ce_calibrated_cost_min.json,results/timm_dinov3_vit_lora_test/stop3b_imbalance_decoupling_breakhis_natural_timm_dinov3_vit_lora_ce_calibrated_cost_min_seed44_04-28_21-19,breakhis_natural,timm_dinov3_vit_lora,ce_calibrated_cost_min,44,argmax,malignant,0.97,0.8,balanced_accuracy,,"[[0.0,1.0],[10.0,0.0]]","{""0"":0.3971830985915493,""1"":0.6028169014084507}",0.12222502291238918,0.0815492957746479,0.8154929577464789,,0.8691588785046729,0.1308411214953271,0.9514066496163683,0.0673758865248227,0.8943661971830986,0.900891495989925,0.8918164475568802,0.9596009809770001,0.9782646195567781,0.3662786564173386,0.22197905871750942,0.17602860969556888,,,,,,,"[[263,19],[56,372]]",0.900891495989925,False,True,False
results/timm_dinov3_vit_lora_test/stop3b_imbalance_decoupling_breakhis_natural_timm_dinov3_vit_lora_ce_calibrated_cost_min_seed44_04-28_21-19/metrics_20260428_211949_ce_calibrated_cost_min.json,results/timm_dinov3_vit_lora_test/stop3b_imbalance_decoupling_breakhis_natural_timm_dinov3_vit_lora_ce_calibrated_cost_min_seed44_04-28_21-19,breakhis_natural,timm_dinov3_vit_lora,ce_calibrated_cost_min,44,calibrated_cost_min,malignant,0.97,0.8,balanced_accuracy,,"[[0.0,1.0],[10.0,0.0]]","{""0"":0.3971830985915493,""1"":0.6028169014084507}",0.12971830985915495,0.039718309859154935,0.3971830985915493,,1.0,0.0,0.6028169014084507,1.0,0.6028169014084507,0.5,0.3760984182776801,0.9596009809770001,0.9782646195567781,0.279394425594289,0.17279692857585455,0.08158275019932068,0.5,,,,,,"[[0,282],[0,428]]",0.5,True,False,False
results/timm_dinov3_vit_lora_test/stop3b_imbalance_decoupling_breakhis_natural_timm_dinov3_vit_lora_ce_calibrated_cost_min_seed44_04-28_21-19/metrics_20260428_211949_ce_calibrated_cost_min.json,results/timm_dinov3_vit_lora_test/stop3b_imbalance_decoupling_breakhis_natural_timm_dinov3_vit_lora_ce_calibrated_cost_min_seed44_04-28_21-19,breakhis_natural,timm_dinov3_vit_lora,ce_calibrated_cost_min,44,calibrated_threshold,malignant,0.97,0.8,balanced_accuracy,,"[[0.0,1.0],[10.0,0.0]]","{""0"":0.3971830985915493,""1"":0.6028169014084507}",0.05860963858089579,0.05140845070422535,0.5140845070422535,,0.927570093457944,0.07242990654205607,0.8783185840707964,0.1950354609929078,0.8788732394366198,0.8662673162325181,0.8715067340067341,0.9596009809770001,0.9782646195567781,0.279394425594289,0.17279692857585455,0.08158275019932068,0.5,0.39123039717771735,0.011411042944785276,0.9926739926739927,0.89782398518458,0.011411042944785276,"[[227,55],[31,397]]",0.8662673162325181,False,True,False
results/timm_dinov3_vit_lora_test/stop3b_imbalance_decoupling_breakhis_natural_timm_dinov3_vit_lora_menon_logit_adjusted_seed44_04-28_21-24/metrics_20260428_212437_menon_logit_adjusted.json,results/timm_dinov3_vit_lora_test/stop3b_imbalance_decoupling_breakhis_natural_timm_dinov3_vit_lora_menon_logit_adjusted_seed44_04-28_21-24,breakhis_natural,timm_dinov3_vit_lora,menon_logit_adjusted,44,argmax,malignant,0.97,0.8,balanced_accuracy,,"[[0.0,1.0],[10.0,0.0]]","{""0"":0.3971830985915493,""1"":0.6028169014084507}",0.23800128235567647,0.12112676056338027,1.2112676056338028,,0.7990654205607477,0.20093457943925233,1.0,0.0,0.8788732394366198,0.8995327102803738,0.878001998001998,0.9771989129714324,0.9865210228127014,0.35820477598449374,0.20511590033826155,0.09066112444434365,,,,,,,"[[282,0],[86,342]]",0.8995327102803738,False,True,False
results/timm_dinov3_vit_lora_test/stop3b_imbalance_decoupling_breakhis_natural_timm_dinov3_vit_lora_menon_logit_adjusted_seed44_04-28_21-24/metrics_20260428_212437_menon_logit_adjusted.json,results/timm_dinov3_vit_lora_test/stop3b_imbalance_decoupling_breakhis_natural_timm_dinov3_vit_lora_menon_logit_adjusted_seed44_04-28_21-24,breakhis_natural,timm_dinov3_vit_lora,menon_logit_adjusted,44,calibrated_cost_min,malignant,0.97,0.8,balanced_accuracy,,"[[0.0,1.0],[10.0,0.0]]","{""0"":0.3971830985915493,""1"":0.6028169014084507}",0.06509278059834242,0.05338028169014084,0.5338028169014084,,0.9158878504672897,0.08411214953271028,0.9537712895377128,0.0673758865248227,0.9225352112676056,0.9242559819712335,0.9198906984997712,0.9771989129714324,0.9865210228127014,0.3263956910569187,0.1924206811994161,0.04174386691442687,0.5,,,,,,"[[263,19],[36,392]]",0.9242559819712335,False,True,False
results/timm_dinov3_vit_lora_test/stop3b_imbalance_decoupling_breakhis_natural_timm_dinov3_vit_lora_menon_logit_adjusted_seed44_04-28_21-24/metrics_20260428_212437_menon_logit_adjusted.json,results/timm_dinov3_vit_lora_test/stop3b_imbalance_decoupling_breakhis_natural_timm_dinov3_vit_lora_menon_logit_adjusted_seed44_04-28_21-24,breakhis_natural,timm_dinov3_vit_lora,menon_logit_adjusted,44,calibrated_threshold,malignant,0.97,0.8,balanced_accuracy,,"[[0.0,1.0],[10.0,0.0]]","{""0"":0.3971830985915493,""1"":0.6028169014084507}",0.10226521339584362,0.07211267605633803,0.7211267605633803,,0.883177570093458,0.11682242990654206,0.9692307692307692,0.0425531914893617,0.9126760563380282,0.9203121893020482,0.9106076728752569,0.9771989129714324,0.9865210228127014,0.3263956910569187,0.1924206811994161,0.04174386691442687,0.5,0.15097878360793515,0.008834355828220859,0.989010989010989,0.9722006617917398,0.008834355828220859,"[[270,12],[50,378]]",0.9203121893020482,False,True,False
results/timm_dinov3_vit_lora_test/stop3b_imbalance_decoupling_breakhis_natural_timm_dinov3_vit_lora_cs_regularized_ce_seed44_04-28_21-29/metrics_20260428_212925_cs_regularized_ce.json,results/timm_dinov3_vit_lora_test/stop3b_imbalance_decoupling_breakhis_natural_timm_dinov3_vit_lora_cs_regularized_ce_seed44_04-28_21-29,breakhis_natural,timm_dinov3_vit_lora,cs_regularized_ce,44,argmax,malignant,0.97,0.8,balanced_accuracy,,"[[0.0,1.0],[10.0,0.0]]","{""0"":0.3971830985915493,""1"":0.6028169014084507}",0.09004897949141263,0.06746478873239437,0.6746478873239437,,0.8948598130841121,0.10514018691588785,0.9296116504854369,0.10283687943262411,0.895774647887324,0.896011466825744,0.8921592775041052,0.9584907536289522,0.9777737388762532,0.36687446084921715,0.2277882975699844,0.16644845227120633,,,,,,,"[[253,29],[45,383]]",0.896011466825744,False,True,False
results/timm_dinov3_vit_lora_test/stop3b_imbalance_decoupling_breakhis_natural_timm_dinov3_vit_lora_cs_regularized_ce_seed44_04-28_21-29/metrics_20260428_212925_cs_regularized_ce.json,results/timm_dinov3_vit_lora_test/stop3b_imbalance_decoupling_breakhis_natural_timm_dinov3_vit_lora_cs_regularized_ce_seed44_04-28_21-29,breakhis_natural,timm_dinov3_vit_lora,cs_regularized_ce,44,calibrated_cost_min,malignant,0.97,0.8,balanced_accuracy,,"[[0.0,1.0],[10.0,0.0]]","{""0"":0.3971830985915493,""1"":0.6028169014084507}",0.12971830985915495,0.039718309859154935,0.3971830985915493,,1.0,0.0,0.6028169014084507,1.0,0.6028169014084507,0.5,0.3760984182776801,0.9584907536289522,0.9777737388762532,0.29293087283721825,0.18778969105562826,0.09605406499064689,0.5,,,,,,"[[0,282],[0,428]]",0.5,True,False,False
results/timm_dinov3_vit_lora_test/stop3b_imbalance_decoupling_breakhis_natural_timm_dinov3_vit_lora_cs_regularized_ce_seed44_04-28_21-29/metrics_20260428_212925_cs_regularized_ce.json,results/timm_dinov3_vit_lora_test/stop3b_imbalance_decoupling_breakhis_natural_timm_dinov3_vit_lora_cs_regularized_ce_seed44_04-28_21-29,breakhis_natural,timm_dinov3_vit_lora,cs_regularized_ce,44,calibrated_threshold,malignant,0.97,0.8,balanced_accuracy,,"[[0.0,1.0],[10.0,0.0]]","{""0"":0.3971830985915493,""1"":0.6028169014084507}",0.06428400093986926,0.05450704225352113,0.5450704225352113,,0.9205607476635514,0.0794392523364486,0.8934240362811792,0.16666666666666666,0.8859154929577465,0.8769470404984424,0.8798919842362146,0.9584907536289522,0.9777737388762532,0.29293087283721825,0.18778969105562826,0.09605406499064689,0.5,0.4592717538578347,0.011042944785276074,0.9926739926739927,0.9034001933630187,0.011042944785276074,"[[235,47],[34,394]]",0.8769470404984424,False,True,False
results/timm_dinov3_vit_lora_test/stop3b_imbalance_decoupling_breakhis_natural_timm_dinov3_vit_lora_nicme_logit_adjustment_seed44_04-28_21-33/metrics_20260428_213413_nicme_logit_adjustment.json,results/timm_dinov3_vit_lora_test/stop3b_imbalance_decoupling_breakhis_natural_timm_dinov3_vit_lora_nicme_logit_adjustment_seed44_04-28_21-33,breakhis_natural,timm_dinov3_vit_lora,nicme_logit_adjustment,44,argmax,malignant,0.97,0.8,balanced_accuracy,,"[[0.0,1.0],[10.0,0.0]]","{""0"":0.3971830985915493,""1"":0.6028169014084507}",0.07480250369366163,0.05985915492957746,0.5985915492957746,,0.9088785046728972,0.0911214953271028,0.9174528301886793,0.12411347517730496,0.895774647887324,0.8923825147477962,0.8914319248826291,0.9627493868893751,0.9779560424065648,0.4062586468579384,0.25150635447654307,0.19806584892138632,,,,,,,"[[247,35],[39,389]]",0.8923825147477962,False,True,False
results/timm_dinov3_vit_lora_test/stop3b_imbalance_decoupling_breakhis_natural_timm_dinov3_vit_lora_nicme_logit_adjustment_seed44_04-28_21-33/metrics_20260428_213413_nicme_logit_adjustment.json,results/timm_dinov3_vit_lora_test/stop3b_imbalance_decoupling_breakhis_natural_timm_dinov3_vit_lora_nicme_logit_adjustment_seed44_04-28_21-33,breakhis_natural,timm_dinov3_vit_lora,nicme_logit_adjustment,44,calibrated_cost_min,malignant,0.97,0.8,balanced_accuracy,,"[[0.0,1.0],[10.0,0.0]]","{""0"":0.3971830985915493,""1"":0.6028169014084507}",0.12971830985915495,0.039718309859154935,0.3971830985915493,,1.0,0.0,0.6028169014084507,1.0,0.6028169014084507,0.5,0.3760984182776801,0.9627493868893751,0.9779560424065648,0.31961345786011947,0.20021042101939254,0.11540247729550107,0.5,,,,,,"[[0,282],[0,428]]",0.5,True,False,False
results/timm_dinov3_vit_lora_test/stop3b_imbalance_decoupling_breakhis_natural_timm_dinov3_vit_lora_nicme_logit_adjustment_seed44_04-28_21-33/metrics_20260428_213413_nicme_logit_adjustment.json,results/timm_dinov3_vit_lora_test/stop3b_imbalance_decoupling_breakhis_natural_timm_dinov3_vit_lora_nicme_logit_adjustment_seed44_04-28_21-33,breakhis_natural,timm_dinov3_vit_lora,nicme_logit_adjustment,44,calibrated_threshold,malignant,0.97,0.8,balanced_accuracy,,"[[0.0,1.0],[10.0,0.0]]","{""0"":0.3971830985915493,""1"":0.6028169014084507}",0.038434212718006,0.0376056338028169,0.376056338028169,,0.955607476635514,0.04439252336448598,0.8415637860082305,0.2730496453900709,0.8647887323943662,0.8412789156227216,0.8526219285423928,0.9627493868893751,0.9779560424065648,0.31961345786011947,0.20021042101939254,0.11540247729550107,0.5,0.431892809885274,0.011288343558282208,0.9981684981684982,0.8466678922069257,0.011288343558282208,"[[205,77],[19,409]]",0.8412789156227216,False,True,False
results/timm_dinov3_vit_lora_test/stop3b_imbalance_decoupling_breakhis_natural_timm_dinov3_vit_lora_nicme_hybrid_seed44_04-28_21-44/metrics_20260428_214505_nicme_hybrid.json,results/timm_dinov3_vit_lora_test/stop3b_imbalance_decoupling_breakhis_natural_timm_dinov3_vit_lora_nicme_hybrid_seed44_04-28_21-44,breakhis_natural,timm_dinov3_vit_lora,nicme_hybrid,44,argmax,malignant,0.97,0.8,balanced_accuracy,,"[[0.0,1.0],[10.0,0.0]]","{""0"":0.3971830985915493,""1"":0.6028169014084507}",0.017183098591549296,0.017183098591549296,0.17183098591549295,,0.9883177570093458,0.011682242990654205,0.8545454545454545,0.2553191489361702,0.8915492957746479,0.8664993040365878,0.8808234019501624,0.9690047723205408,0.9767445666612548,0.30360412639555884,0.17547544471256293,0.059889324618057516,,,,,,,"[[210,72],[5,423]]",0.8664993040365878,True,True,True
results/timm_dinov3_vit_lora_test/stop3b_imbalance_decoupling_breakhis_natural_timm_dinov3_vit_lora_nicme_hybrid_seed44_04-28_21-44/metrics_20260428_214505_nicme_hybrid.json,results/timm_dinov3_vit_lora_test/stop3b_imbalance_decoupling_breakhis_natural_timm_dinov3_vit_lora_nicme_hybrid_seed44_04-28_21-44,breakhis_natural,timm_dinov3_vit_lora,nicme_hybrid,44,calibrated_cost_min,malignant,0.97,0.8,balanced_accuracy,,"[[0.0,1.0],[10.0,0.0]]","{""0"":0.3971830985915493,""1"":0.6028169014084507}",0.11571490509375856,0.038028169014084505,0.38028169014084506,,1.0,0.0,0.6131805157593123,0.9574468085106383,0.6197183098591549,0.5212765957446809,0.420922898466669,0.9690047723205408,0.9767445666612548,0.30793265951653637,0.17269411748274752,0.05267662566792557,0.8500000000000001,,,,,,"[[12,270],[0,428]]",0.5212765957446809,True,False,False
results/timm_dinov3_vit_lora_test/stop3b_imbalance_decoupling_breakhis_natural_timm_dinov3_vit_lora_nicme_hybrid_seed44_04-28_21-44/metrics_20260428_214505_nicme_hybrid.json,results/timm_dinov3_vit_lora_test/stop3b_imbalance_decoupling_breakhis_natural_timm_dinov3_vit_lora_nicme_hybrid_seed44_04-28_21-44,breakhis_natural,timm_dinov3_vit_lora,nicme_hybrid,44,calibrated_threshold,malignant,0.97,0.8,balanced_accuracy,,"[[0.0,1.0],[10.0,0.0]]","{""0"":0.3971830985915493,""1"":0.6028169014084507}",0.0176056338028169,0.0176056338028169,0.176056338028169,,0.9883177570093458,0.011682242990654205,0.8493975903614458,0.26595744680851063,0.8873239436619719,0.8611801551004176,0.8758317958045138,0.9690047723205408,0.9767445666612548,0.30793265951653637,0.17269411748274752,0.05267662566792557,0.8500000000000001,0.47455181105892086,0.013865030674846627,0.9908424908424909,0.8783208736740336,0.013865030674846627,"[[207,75],[5,423]]",0.8611801551004176,True,True,True
