metrics_file,run_dir,dataset,model,method,seed,mode,target_class,target_recall_floor,accuracy_floor,selection_accuracy_metric,cost_ratio,cost_matrix,test_class_prevalence,selection_score,normalized_atc,atc,crr,target_recall,target_fnr,target_precision,target_fpr,accuracy,balanced_accuracy,macro_f1,auroc,auprc,nll,brier,ece,temperature,threshold,calibration_selection_score,calibration_target_recall,calibration_accuracy,calibration_normalized_atc,confusion_matrix,selected_accuracy,recall_floor_met,accuracy_floor_met,all_floors_met
results/convnext_test/stop4b_cost_ratio_spider_convnext_spider_balanced_costr1_convnext_ce_calibrated_cost_min_seed42_04-28_23-35/metrics_20260428_233523_ce_calibrated_cost_min.json,results/convnext_test/stop4b_cost_ratio_spider_convnext_spider_balanced_costr1_convnext_ce_calibrated_cost_min_seed42_04-28_23-35,spider_balanced,convnext,ce_calibrated_cost_min,42,argmax,black_widow,0.95,0.8,accuracy,1.0,"[[0.0,1.0],[1.0,0.0]]","{""0"":0.5,""1"":0.5}",0.06359999999999998,0.06,0.06,,0.92,0.08,0.9583333333333334,0.04,0.94,0.94,0.9399759903961584,0.9892000000000001,0.9899557322310116,0.18386260027596804,0.09990510387207435,0.04520568430423737,,,,,,,"[[138,12],[6,144]]",0.94,False,True,False
results/convnext_test/stop4b_cost_ratio_spider_convnext_spider_balanced_costr1_convnext_ce_calibrated_cost_min_seed42_04-28_23-35/metrics_20260428_233523_ce_calibrated_cost_min.json,results/convnext_test/stop4b_cost_ratio_spider_convnext_spider_balanced_costr1_convnext_ce_calibrated_cost_min_seed42_04-28_23-35,spider_balanced,convnext,ce_calibrated_cost_min,42,calibrated_cost_min,black_widow,0.95,0.8,accuracy,1.0,"[[0.0,1.0],[1.0,0.0]]","{""0"":0.5,""1"":0.5}",0.06359999999999998,0.06,0.06,,0.92,0.08,0.9583333333333334,0.04,0.94,0.94,0.9399759903961584,0.9892000000000001,0.9899557322310117,0.1562056757037814,0.08914135090634816,0.04009014333645467,1.9500000000000002,,,,,,"[[138,12],[6,144]]",0.94,False,True,False
results/convnext_test/stop4b_cost_ratio_spider_convnext_spider_balanced_costr1_convnext_ce_calibrated_cost_min_seed42_04-28_23-35/metrics_20260428_233523_ce_calibrated_cost_min.json,results/convnext_test/stop4b_cost_ratio_spider_convnext_spider_balanced_costr1_convnext_ce_calibrated_cost_min_seed42_04-28_23-35,spider_balanced,convnext,ce_calibrated_cost_min,42,calibrated_threshold,black_widow,0.95,0.8,accuracy,1.0,"[[0.0,1.0],[1.0,0.0]]","{""0"":0.5,""1"":0.5}",0.06666666666666667,0.06666666666666667,0.06666666666666667,,0.9866666666666667,0.013333333333333334,0.891566265060241,0.12,0.9333333333333333,0.9333333333333333,0.9331431627741129,0.9892000000000001,0.9899557322310117,0.1562056757037814,0.08914135090634816,0.04009014333645467,1.9500000000000002,0.10483928800061587,0.06666666666666667,0.9533333333333334,0.9333333333333333,0.06666666666666667,"[[148,2],[18,132]]",0.9333333333333333,True,True,True
results/convnext_test/stop4b_cost_ratio_spider_convnext_spider_balanced_costr1_convnext_nicme_logit_adjustment_seed42_04-28_23-37/metrics_20260428_233749_nicme_logit_adjustment.json,results/convnext_test/stop4b_cost_ratio_spider_convnext_spider_balanced_costr1_convnext_nicme_logit_adjustment_seed42_04-28_23-37,spider_balanced,convnext,nicme_logit_adjustment,42,argmax,black_widow,0.95,0.8,accuracy,1.0,"[[0.0,1.0],[1.0,0.0]]","{""0"":0.5,""1"":0.5}",0.06217777777777777,0.06,0.06,,0.9266666666666666,0.07333333333333333,0.952054794520548,0.04666666666666667,0.94,0.94,0.9399893314366998,0.9882666666666666,0.9889293933012326,0.1685712693800226,0.09409918631022714,0.0364011452595393,,,,,,,"[[139,11],[7,143]]",0.94,False,True,False
results/convnext_test/stop4b_cost_ratio_spider_convnext_spider_balanced_costr1_convnext_nicme_logit_adjustment_seed42_04-28_23-37/metrics_20260428_233749_nicme_logit_adjustment.json,results/convnext_test/stop4b_cost_ratio_spider_convnext_spider_balanced_costr1_convnext_nicme_logit_adjustment_seed42_04-28_23-37,spider_balanced,convnext,nicme_logit_adjustment,42,calibrated_cost_min,black_widow,0.95,0.8,accuracy,1.0,"[[0.0,1.0],[1.0,0.0]]","{""0"":0.5,""1"":0.5}",0.06217777777777777,0.06,0.06,,0.9266666666666666,0.07333333333333333,0.952054794520548,0.04666666666666667,0.94,0.94,0.9399893314366998,0.9882666666666666,0.9889293933012328,0.15679172197910712,0.0897913293905628,0.038844087947807845,1.7000000000000002,,,,,,"[[139,11],[7,143]]",0.94,False,True,False
results/convnext_test/stop4b_cost_ratio_spider_convnext_spider_balanced_costr1_convnext_nicme_logit_adjustment_seed42_04-28_23-37/metrics_20260428_233749_nicme_logit_adjustment.json,results/convnext_test/stop4b_cost_ratio_spider_convnext_spider_balanced_costr1_convnext_nicme_logit_adjustment_seed42_04-28_23-37,spider_balanced,convnext,nicme_logit_adjustment,42,calibrated_threshold,black_widow,0.95,0.8,accuracy,1.0,"[[0.0,1.0],[1.0,0.0]]","{""0"":0.5,""1"":0.5}",0.05,0.05,0.05,,0.96,0.04,0.9411764705882353,0.06,0.95,0.95,0.9499949994999499,0.9882666666666666,0.9889293933012328,0.15679172197910712,0.0897913293905628,0.038844087947807845,1.7000000000000002,0.2591222683892137,0.0611111111111111,0.9333333333333333,0.94,0.06,"[[144,6],[9,141]]",0.95,True,True,True
results/convnext_test/stop4b_cost_ratio_spider_convnext_spider_balanced_costr1_convnext_nicme_hybrid_seed42_04-28_23-39/metrics_20260428_233929_nicme_hybrid.json,results/convnext_test/stop4b_cost_ratio_spider_convnext_spider_balanced_costr1_convnext_nicme_hybrid_seed42_04-28_23-39,spider_balanced,convnext,nicme_hybrid,42,argmax,black_widow,0.95,0.8,accuracy,1.0,"[[0.0,1.0],[1.0,0.0]]","{""0"":0.5,""1"":0.5}",0.08004444444444445,0.08,0.08,,0.9466666666666667,0.05333333333333334,0.8987341772151899,0.10666666666666667,0.92,0.9199999999999999,0.9199430706280023,0.9802666666666666,0.9820810555800152,0.19146155837963186,0.115796972544221,0.024683229525884,,,,,,,"[[142,8],[16,134]]",0.92,False,True,False
results/convnext_test/stop4b_cost_ratio_spider_convnext_spider_balanced_costr1_convnext_nicme_hybrid_seed42_04-28_23-39/metrics_20260428_233929_nicme_hybrid.json,results/convnext_test/stop4b_cost_ratio_spider_convnext_spider_balanced_costr1_convnext_nicme_hybrid_seed42_04-28_23-39,spider_balanced,convnext,nicme_hybrid,42,calibrated_cost_min,black_widow,0.95,0.8,accuracy,1.0,"[[0.0,1.0],[1.0,0.0]]","{""0"":0.5,""1"":0.5}",0.08004444444444445,0.08,0.08,,0.9466666666666667,0.05333333333333334,0.8987341772151899,0.10666666666666667,0.92,0.9199999999999999,0.9199430706280023,0.9802666666666666,0.9820810555800152,0.1906537457718023,0.1147712564134423,0.021782794989981646,1.1,,,,,,"[[142,8],[16,134]]",0.92,False,True,False
results/convnext_test/stop4b_cost_ratio_spider_convnext_spider_balanced_costr1_convnext_nicme_hybrid_seed42_04-28_23-39/metrics_20260428_233929_nicme_hybrid.json,results/convnext_test/stop4b_cost_ratio_spider_convnext_spider_balanced_costr1_convnext_nicme_hybrid_seed42_04-28_23-39,spider_balanced,convnext,nicme_hybrid,42,calibrated_threshold,black_widow,0.95,0.8,accuracy,1.0,"[[0.0,1.0],[1.0,0.0]]","{""0"":0.5,""1"":0.5}",0.0811111111111111,0.08,0.08,,0.9333333333333333,0.06666666666666667,0.9090909090909091,0.09333333333333334,0.92,0.9199999999999999,0.9199857752489332,0.9802666666666666,0.9820810555800152,0.1906537457718023,0.1147712564134423,0.021782794989981646,1.1,0.5501398982621112,0.06777777777777777,0.9333333333333333,0.9333333333333333,0.06666666666666667,"[[140,10],[14,136]]",0.92,False,True,False
results/convnext_test/stop4b_cost_ratio_spider_convnext_spider_balanced_costr1_convnext_ce_calibrated_cost_min_seed43_04-28_23-42/metrics_20260428_234223_ce_calibrated_cost_min.json,results/convnext_test/stop4b_cost_ratio_spider_convnext_spider_balanced_costr1_convnext_ce_calibrated_cost_min_seed43_04-28_23-42,spider_balanced,convnext,ce_calibrated_cost_min,43,argmax,black_widow,0.95,0.8,accuracy,1.0,"[[0.0,1.0],[1.0,0.0]]","{""0"":0.5,""1"":0.5}",0.0504,0.05,0.05,,0.94,0.06,0.9591836734693877,0.04,0.95,0.95,0.9499949994999499,0.9897777777777778,0.990562797847692,0.17690484499770476,0.09432656736040178,0.04767360111077634,,,,,,,"[[141,9],[6,144]]",0.95,False,True,False
results/convnext_test/stop4b_cost_ratio_spider_convnext_spider_balanced_costr1_convnext_ce_calibrated_cost_min_seed43_04-28_23-42/metrics_20260428_234223_ce_calibrated_cost_min.json,results/convnext_test/stop4b_cost_ratio_spider_convnext_spider_balanced_costr1_convnext_ce_calibrated_cost_min_seed43_04-28_23-42,spider_balanced,convnext,ce_calibrated_cost_min,43,calibrated_cost_min,black_widow,0.95,0.8,accuracy,1.0,"[[0.0,1.0],[1.0,0.0]]","{""0"":0.5,""1"":0.5}",0.0504,0.05,0.05,,0.94,0.06,0.9591836734693877,0.04,0.95,0.95,0.9499949994999499,0.9897777777777778,0.9905627978476922,0.1519232483633595,0.08692448325876168,0.04118112017635638,1.9500000000000002,,,,,,"[[141,9],[6,144]]",0.95,False,True,False
results/convnext_test/stop4b_cost_ratio_spider_convnext_spider_balanced_costr1_convnext_ce_calibrated_cost_min_seed43_04-28_23-42/metrics_20260428_234223_ce_calibrated_cost_min.json,results/convnext_test/stop4b_cost_ratio_spider_convnext_spider_balanced_costr1_convnext_ce_calibrated_cost_min_seed43_04-28_23-42,spider_balanced,convnext,ce_calibrated_cost_min,43,calibrated_threshold,black_widow,0.95,0.8,accuracy,1.0,"[[0.0,1.0],[1.0,0.0]]","{""0"":0.5,""1"":0.5}",0.05337777777777778,0.05333333333333334,0.05333333333333334,,0.9466666666666667,0.05333333333333334,0.9466666666666667,0.05333333333333334,0.9466666666666667,0.9466666666666667,0.9466666666666667,0.9897777777777778,0.9905627978476922,0.1519232483633595,0.08692448325876168,0.04118112017635638,1.9500000000000002,0.42916913113341115,0.06359999999999998,0.92,0.94,0.06,"[[142,8],[8,142]]",0.9466666666666667,False,True,False
results/convnext_test/stop4b_cost_ratio_spider_convnext_spider_balanced_costr1_convnext_nicme_logit_adjustment_seed43_04-28_23-44/metrics_20260428_234427_nicme_logit_adjustment.json,results/convnext_test/stop4b_cost_ratio_spider_convnext_spider_balanced_costr1_convnext_nicme_logit_adjustment_seed43_04-28_23-44,spider_balanced,convnext,nicme_logit_adjustment,43,argmax,black_widow,0.95,0.8,accuracy,1.0,"[[0.0,1.0],[1.0,0.0]]","{""0"":0.5,""1"":0.5}",0.06551111111111112,0.06333333333333334,0.06333333333333334,,0.9266666666666666,0.07333333333333333,0.9455782312925171,0.05333333333333334,0.9366666666666666,0.9366666666666666,0.9366603326999368,0.9856444444444445,0.9867149446574671,0.16479916909181852,0.09310158366483923,0.031845355033874506,,,,,,,"[[139,11],[8,142]]",0.9366666666666666,False,True,False
results/convnext_test/stop4b_cost_ratio_spider_convnext_spider_balanced_costr1_convnext_nicme_logit_adjustment_seed43_04-28_23-44/metrics_20260428_234427_nicme_logit_adjustment.json,results/convnext_test/stop4b_cost_ratio_spider_convnext_spider_balanced_costr1_convnext_nicme_logit_adjustment_seed43_04-28_23-44,spider_balanced,convnext,nicme_logit_adjustment,43,calibrated_cost_min,black_widow,0.95,0.8,accuracy,1.0,"[[0.0,1.0],[1.0,0.0]]","{""0"":0.5,""1"":0.5}",0.06551111111111112,0.06333333333333334,0.06333333333333334,,0.9266666666666666,0.07333333333333333,0.9455782312925171,0.05333333333333334,0.9366666666666666,0.9366666666666666,0.9366603326999368,0.9856444444444445,0.9867149446574671,0.16395486757874825,0.0931567722191394,0.031161057260344467,1.4,,,,,,"[[139,11],[8,142]]",0.9366666666666666,False,True,False
results/convnext_test/stop4b_cost_ratio_spider_convnext_spider_balanced_costr1_convnext_nicme_logit_adjustment_seed43_04-28_23-44/metrics_20260428_234427_nicme_logit_adjustment.json,results/convnext_test/stop4b_cost_ratio_spider_convnext_spider_balanced_costr1_convnext_nicme_logit_adjustment_seed43_04-28_23-44,spider_balanced,convnext,nicme_logit_adjustment,43,calibrated_threshold,black_widow,0.95,0.8,accuracy,1.0,"[[0.0,1.0],[1.0,0.0]]","{""0"":0.5,""1"":0.5}",0.056666666666666664,0.056666666666666664,0.056666666666666664,,0.96,0.04,0.9290322580645162,0.07333333333333333,0.9433333333333334,0.9433333333333334,0.9433175882189497,0.9856444444444445,0.9867149446574671,0.16395486757874825,0.0931567722191394,0.031161057260344467,1.4,0.3176983646623915,0.06444444444444444,0.9333333333333333,0.9366666666666666,0.06333333333333334,"[[144,6],[11,139]]",0.9433333333333334,True,True,True
results/convnext_test/stop4b_cost_ratio_spider_convnext_spider_balanced_costr1_convnext_nicme_hybrid_seed43_04-28_23-46/metrics_20260428_234627_nicme_hybrid.json,results/convnext_test/stop4b_cost_ratio_spider_convnext_spider_balanced_costr1_convnext_nicme_hybrid_seed43_04-28_23-46,spider_balanced,convnext,nicme_hybrid,43,argmax,black_widow,0.95,0.8,accuracy,1.0,"[[0.0,1.0],[1.0,0.0]]","{""0"":0.5,""1"":0.5}",0.05706666666666666,0.056666666666666664,0.056666666666666664,,0.94,0.06,0.9463087248322147,0.05333333333333334,0.9433333333333334,0.9433333333333334,0.9433327036967076,0.9845333333333334,0.9851378516646089,0.16243750594207151,0.09194390030768435,0.032948082288106265,,,,,,,"[[141,9],[8,142]]",0.9433333333333334,False,True,False
results/convnext_test/stop4b_cost_ratio_spider_convnext_spider_balanced_costr1_convnext_nicme_hybrid_seed43_04-28_23-46/metrics_20260428_234627_nicme_hybrid.json,results/convnext_test/stop4b_cost_ratio_spider_convnext_spider_balanced_costr1_convnext_nicme_hybrid_seed43_04-28_23-46,spider_balanced,convnext,nicme_hybrid,43,calibrated_cost_min,black_widow,0.95,0.8,accuracy,1.0,"[[0.0,1.0],[1.0,0.0]]","{""0"":0.5,""1"":0.5}",0.05706666666666666,0.056666666666666664,0.056666666666666664,,0.94,0.06,0.9463087248322147,0.05333333333333334,0.9433333333333334,0.9433333333333334,0.9433327036967076,0.9845333333333334,0.9851378516646089,0.16572269697285472,0.09347936836058586,0.031760444043423375,1.3,,,,,,"[[141,9],[8,142]]",0.9433333333333334,False,True,False
results/convnext_test/stop4b_cost_ratio_spider_convnext_spider_balanced_costr1_convnext_nicme_hybrid_seed43_04-28_23-46/metrics_20260428_234627_nicme_hybrid.json,results/convnext_test/stop4b_cost_ratio_spider_convnext_spider_balanced_costr1_convnext_nicme_hybrid_seed43_04-28_23-46,spider_balanced,convnext,nicme_hybrid,43,calibrated_threshold,black_widow,0.95,0.8,accuracy,1.0,"[[0.0,1.0],[1.0,0.0]]","{""0"":0.5,""1"":0.5}",0.06666666666666667,0.06666666666666667,0.06666666666666667,,0.9533333333333334,0.04666666666666667,0.9166666666666666,0.08666666666666667,0.9333333333333333,0.9333333333333333,0.9333066559957316,0.9845333333333334,0.9851378516646089,0.16572269697285472,0.09347936836058586,0.031760444043423375,1.3,0.3882453873359005,0.05777777777777777,0.9333333333333333,0.9433333333333334,0.056666666666666664,"[[143,7],[13,137]]",0.9333333333333333,True,True,True
results/convnext_test/stop4b_cost_ratio_spider_convnext_spider_balanced_costr1_convnext_ce_calibrated_cost_min_seed44_04-28_23-49/metrics_20260428_234925_ce_calibrated_cost_min.json,results/convnext_test/stop4b_cost_ratio_spider_convnext_spider_balanced_costr1_convnext_ce_calibrated_cost_min_seed44_04-28_23-49,spider_balanced,convnext,ce_calibrated_cost_min,44,argmax,black_widow,0.95,0.8,accuracy,1.0,"[[0.0,1.0],[1.0,0.0]]","{""0"":0.5,""1"":0.5}",0.06217777777777777,0.06,0.06,,0.9266666666666666,0.07333333333333333,0.952054794520548,0.04666666666666667,0.94,0.94,0.9399893314366998,0.9879111111111112,0.9887861376016429,0.18625764538905104,0.09926008226926449,0.041762351195017436,,,,,,,"[[139,11],[7,143]]",0.94,False,True,False
results/convnext_test/stop4b_cost_ratio_spider_convnext_spider_balanced_costr1_convnext_ce_calibrated_cost_min_seed44_04-28_23-49/metrics_20260428_234925_ce_calibrated_cost_min.json,results/convnext_test/stop4b_cost_ratio_spider_convnext_spider_balanced_costr1_convnext_ce_calibrated_cost_min_seed44_04-28_23-49,spider_balanced,convnext,ce_calibrated_cost_min,44,calibrated_cost_min,black_widow,0.95,0.8,accuracy,1.0,"[[0.0,1.0],[1.0,0.0]]","{""0"":0.5,""1"":0.5}",0.06217777777777777,0.06,0.06,,0.9266666666666666,0.07333333333333333,0.952054794520548,0.04666666666666667,0.94,0.94,0.9399893314366998,0.9879111111111112,0.9887861376016429,0.16213863213317103,0.09198134971482645,0.040791449463011054,2.05,,,,,,"[[139,11],[7,143]]",0.94,False,True,False
results/convnext_test/stop4b_cost_ratio_spider_convnext_spider_balanced_costr1_convnext_ce_calibrated_cost_min_seed44_04-28_23-49/metrics_20260428_234925_ce_calibrated_cost_min.json,results/convnext_test/stop4b_cost_ratio_spider_convnext_spider_balanced_costr1_convnext_ce_calibrated_cost_min_seed44_04-28_23-49,spider_balanced,convnext,ce_calibrated_cost_min,44,calibrated_threshold,black_widow,0.95,0.8,accuracy,1.0,"[[0.0,1.0],[1.0,0.0]]","{""0"":0.5,""1"":0.5}",0.07,0.07,0.07,,0.9933333333333333,0.006666666666666667,0.8816568047337278,0.13333333333333333,0.93,0.9299999999999999,0.9297180914557279,0.9879111111111112,0.9887861376016429,0.16213863213317103,0.09198134971482645,0.040791449463011054,2.05,0.09207341770872368,0.07333333333333333,0.96,0.9266666666666666,0.07333333333333333,"[[149,1],[20,130]]",0.93,True,True,True
results/convnext_test/stop4b_cost_ratio_spider_convnext_spider_balanced_costr1_convnext_nicme_logit_adjustment_seed44_04-28_23-51/metrics_20260428_235125_nicme_logit_adjustment.json,results/convnext_test/stop4b_cost_ratio_spider_convnext_spider_balanced_costr1_convnext_nicme_logit_adjustment_seed44_04-28_23-51,spider_balanced,convnext,nicme_logit_adjustment,44,argmax,black_widow,0.95,0.8,accuracy,1.0,"[[0.0,1.0],[1.0,0.0]]","{""0"":0.5,""1"":0.5}",0.06693333333333332,0.06333333333333334,0.06333333333333334,,0.92,0.08,0.9517241379310345,0.04666666666666667,0.9366666666666666,0.9366666666666668,0.936649069185885,0.9830222222222222,0.9817796080258329,0.17486415413931566,0.09867754411438343,0.03591793378194174,,,,,,,"[[138,12],[7,143]]",0.9366666666666666,False,True,False
results/convnext_test/stop4b_cost_ratio_spider_convnext_spider_balanced_costr1_convnext_nicme_logit_adjustment_seed44_04-28_23-51/metrics_20260428_235125_nicme_logit_adjustment.json,results/convnext_test/stop4b_cost_ratio_spider_convnext_spider_balanced_costr1_convnext_nicme_logit_adjustment_seed44_04-28_23-51,spider_balanced,convnext,nicme_logit_adjustment,44,calibrated_cost_min,black_widow,0.95,0.8,accuracy,1.0,"[[0.0,1.0],[1.0,0.0]]","{""0"":0.5,""1"":0.5}",0.06693333333333332,0.06333333333333334,0.06333333333333334,,0.92,0.08,0.9517241379310345,0.04666666666666667,0.9366666666666666,0.9366666666666668,0.936649069185885,0.9830222222222222,0.9817796080258329,0.16850459450747407,0.09678085729541572,0.02292080226443367,1.4,,,,,,"[[138,12],[7,143]]",0.9366666666666666,False,True,False
results/convnext_test/stop4b_cost_ratio_spider_convnext_spider_balanced_costr1_convnext_nicme_logit_adjustment_seed44_04-28_23-51/metrics_20260428_235125_nicme_logit_adjustment.json,results/convnext_test/stop4b_cost_ratio_spider_convnext_spider_balanced_costr1_convnext_nicme_logit_adjustment_seed44_04-28_23-51,spider_balanced,convnext,nicme_logit_adjustment,44,calibrated_threshold,black_widow,0.95,0.8,accuracy,1.0,"[[0.0,1.0],[1.0,0.0]]","{""0"":0.5,""1"":0.5}",0.07,0.07,0.07,,0.9533333333333334,0.04666666666666667,0.910828025477707,0.09333333333333334,0.93,0.9299999999999999,0.9299618681282031,0.9830222222222222,0.9817796080258329,0.16850459450747407,0.09678085729541572,0.02292080226443367,1.4,0.3168707694524099,0.06337777777777778,0.9466666666666667,0.9366666666666666,0.06333333333333334,"[[143,7],[14,136]]",0.93,True,True,True
results/convnext_test/stop4b_cost_ratio_spider_convnext_spider_balanced_costr1_convnext_nicme_hybrid_seed44_04-28_23-53/metrics_20260428_235339_nicme_hybrid.json,results/convnext_test/stop4b_cost_ratio_spider_convnext_spider_balanced_costr1_convnext_nicme_hybrid_seed44_04-28_23-53,spider_balanced,convnext,nicme_hybrid,44,argmax,black_widow,0.95,0.8,accuracy,1.0,"[[0.0,1.0],[1.0,0.0]]","{""0"":0.5,""1"":0.5}",0.060399999999999995,0.06,0.06,,0.94,0.06,0.94,0.06,0.94,0.94,0.94,0.9841777777777777,0.9838972328956204,0.17213269673060821,0.09843606778176775,0.029930724104245528,,,,,,,"[[141,9],[9,141]]",0.94,False,True,False
results/convnext_test/stop4b_cost_ratio_spider_convnext_spider_balanced_costr1_convnext_nicme_hybrid_seed44_04-28_23-53/metrics_20260428_235339_nicme_hybrid.json,results/convnext_test/stop4b_cost_ratio_spider_convnext_spider_balanced_costr1_convnext_nicme_hybrid_seed44_04-28_23-53,spider_balanced,convnext,nicme_hybrid,44,calibrated_cost_min,black_widow,0.95,0.8,accuracy,1.0,"[[0.0,1.0],[1.0,0.0]]","{""0"":0.5,""1"":0.5}",0.060399999999999995,0.06,0.06,,0.94,0.06,0.94,0.06,0.94,0.94,0.94,0.9841777777777777,0.9838972328956204,0.16371681303396587,0.09533274657914363,0.020764907863019724,1.4500000000000002,,,,,,"[[141,9],[9,141]]",0.94,False,True,False
results/convnext_test/stop4b_cost_ratio_spider_convnext_spider_balanced_costr1_convnext_nicme_hybrid_seed44_04-28_23-53/metrics_20260428_235339_nicme_hybrid.json,results/convnext_test/stop4b_cost_ratio_spider_convnext_spider_balanced_costr1_convnext_nicme_hybrid_seed44_04-28_23-53,spider_balanced,convnext,nicme_hybrid,44,calibrated_threshold,black_widow,0.95,0.8,accuracy,1.0,"[[0.0,1.0],[1.0,0.0]]","{""0"":0.5,""1"":0.5}",0.08,0.08,0.08,,0.98,0.02,0.875,0.14,0.92,0.9199999999999999,0.9197109594540345,0.9841777777777777,0.9838972328956204,0.16371681303396587,0.09533274657914363,0.020764907863019724,1.4500000000000002,0.11927721181328957,0.05333333333333334,0.9733333333333334,0.9466666666666667,0.05333333333333334,"[[147,3],[21,129]]",0.92,True,True,True
results/convnext_test/stop4b_cost_ratio_spider_convnext_spider_balanced_costr2_convnext_ce_calibrated_cost_min_seed42_04-28_23-56/metrics_20260428_235616_ce_calibrated_cost_min.json,results/convnext_test/stop4b_cost_ratio_spider_convnext_spider_balanced_costr2_convnext_ce_calibrated_cost_min_seed42_04-28_23-56,spider_balanced,convnext,ce_calibrated_cost_min,42,argmax,black_widow,0.95,0.8,accuracy,2.0,"[[0.0,2.0],[1.0,0.0]]","{""0"":0.5,""1"":0.5}",0.05359999999999998,0.05,0.1,,0.92,0.08,0.9583333333333334,0.04,0.94,0.94,0.9399759903961584,0.9892,0.9899557322310116,0.18385634510179222,0.09989609377575381,0.0452210054794947,,,,,,,"[[138,12],[6,144]]",0.94,False,True,False
results/convnext_test/stop4b_cost_ratio_spider_convnext_spider_balanced_costr2_convnext_ce_calibrated_cost_min_seed42_04-28_23-56/metrics_20260428_235616_ce_calibrated_cost_min.json,results/convnext_test/stop4b_cost_ratio_spider_convnext_spider_balanced_costr2_convnext_ce_calibrated_cost_min_seed42_04-28_23-56,spider_balanced,convnext,ce_calibrated_cost_min,42,calibrated_cost_min,black_widow,0.95,0.8,accuracy,2.0,"[[0.0,2.0],[1.0,0.0]]","{""0"":0.5,""1"":0.5}",0.04373333333333333,0.043333333333333335,0.08666666666666667,,0.94,0.06,0.9463087248322147,0.05333333333333334,0.9433333333333334,0.9433333333333334,0.9433327036967076,0.9892000000000001,0.9899557322310117,0.15619272206540746,0.08913596204848223,0.040075431176738445,1.9500000000000002,,,,,,"[[141,9],[8,142]]",0.9433333333333334,False,True,False
results/convnext_test/stop4b_cost_ratio_spider_convnext_spider_balanced_costr2_convnext_ce_calibrated_cost_min_seed42_04-28_23-56/metrics_20260428_235616_ce_calibrated_cost_min.json,results/convnext_test/stop4b_cost_ratio_spider_convnext_spider_balanced_costr2_convnext_ce_calibrated_cost_min_seed42_04-28_23-56,spider_balanced,convnext,ce_calibrated_cost_min,42,calibrated_threshold,black_widow,0.95,0.8,accuracy,2.0,"[[0.0,2.0],[1.0,0.0]]","{""0"":0.5,""1"":0.5}",0.03833333333333333,0.03833333333333333,0.07666666666666666,,0.9866666666666667,0.013333333333333334,0.8862275449101796,0.12666666666666668,0.93,0.9299999999999999,0.9297744981105995,0.9892000000000001,0.9899557322310117,0.15619272206540746,0.08913596204848223,0.040075431176738445,1.9500000000000002,0.08525452851451691,0.045,0.9733333333333334,0.9233333333333333,0.045,"[[148,2],[19,131]]",0.93,True,True,True
results/convnext_test/stop4b_cost_ratio_spider_convnext_spider_balanced_costr2_convnext_nicme_logit_adjustment_seed42_04-28_23-57/metrics_20260428_235800_nicme_logit_adjustment.json,results/convnext_test/stop4b_cost_ratio_spider_convnext_spider_balanced_costr2_convnext_nicme_logit_adjustment_seed42_04-28_23-57,spider_balanced,convnext,nicme_logit_adjustment,42,argmax,black_widow,0.95,0.8,accuracy,2.0,"[[0.0,2.0],[1.0,0.0]]","{""0"":0.5,""1"":0.5}",0.048377777777777776,0.04833333333333333,0.09666666666666666,,0.9466666666666667,0.05333333333333334,0.9161290322580645,0.08666666666666667,0.93,0.9299999999999999,0.9299805501528202,0.9826222222222222,0.9841598955271676,0.1752775110281806,0.1041562932304485,0.021415990591049188,,,,,,,"[[142,8],[13,137]]",0.93,False,True,False
results/convnext_test/stop4b_cost_ratio_spider_convnext_spider_balanced_costr2_convnext_nicme_logit_adjustment_seed42_04-28_23-57/metrics_20260428_235800_nicme_logit_adjustment.json,results/convnext_test/stop4b_cost_ratio_spider_convnext_spider_balanced_costr2_convnext_nicme_logit_adjustment_seed42_04-28_23-57,spider_balanced,convnext,nicme_logit_adjustment,42,calibrated_cost_min,black_widow,0.95,0.8,accuracy,2.0,"[[0.0,2.0],[1.0,0.0]]","{""0"":0.5,""1"":0.5}",0.045,0.045,0.09,,0.9666666666666667,0.03333333333333333,0.8950617283950617,0.11333333333333333,0.9266666666666666,0.9266666666666667,0.9265491452991453,0.9826222222222222,0.9841598955271676,0.17591046999592932,0.10349106421939547,0.021038765848387982,1.15,,,,,,"[[145,5],[17,133]]",0.9266666666666666,True,True,True
results/convnext_test/stop4b_cost_ratio_spider_convnext_spider_balanced_costr2_convnext_nicme_logit_adjustment_seed42_04-28_23-57/metrics_20260428_235800_nicme_logit_adjustment.json,results/convnext_test/stop4b_cost_ratio_spider_convnext_spider_balanced_costr2_convnext_nicme_logit_adjustment_seed42_04-28_23-57,spider_balanced,convnext,nicme_logit_adjustment,42,calibrated_threshold,black_widow,0.95,0.8,accuracy,2.0,"[[0.0,2.0],[1.0,0.0]]","{""0"":0.5,""1"":0.5}",0.052066666666666664,0.051666666666666666,0.10333333333333333,,0.94,0.06,0.9155844155844156,0.08666666666666667,0.9266666666666666,0.9266666666666666,0.926653627311522,0.9826222222222222,0.9841598955271676,0.17591046999592932,0.10349106421939547,0.021038765848387982,1.15,0.507940308387848,0.047066666666666666,0.94,0.9366666666666666,0.04666666666666667,"[[141,9],[13,137]]",0.9266666666666666,False,True,False
results/convnext_test/stop4b_cost_ratio_spider_convnext_spider_balanced_costr2_convnext_nicme_hybrid_seed42_04-29_00-00/metrics_20260429_000058_nicme_hybrid.json,results/convnext_test/stop4b_cost_ratio_spider_convnext_spider_balanced_costr2_convnext_nicme_hybrid_seed42_04-29_00-00,spider_balanced,convnext,nicme_hybrid,42,argmax,black_widow,0.95,0.8,accuracy,2.0,"[[0.0,2.0],[1.0,0.0]]","{""0"":0.5,""1"":0.5}",0.04444444444444444,0.043333333333333335,0.08666666666666667,,0.9333333333333333,0.06666666666666667,0.958904109589041,0.04,0.9466666666666667,0.9466666666666667,0.9466571834992887,0.9899555555555555,0.9907188506777153,0.1624599547012944,0.08787554788878398,0.037068871061007175,,,,,,,"[[140,10],[6,144]]",0.9466666666666667,False,True,False
results/convnext_test/stop4b_cost_ratio_spider_convnext_spider_balanced_costr2_convnext_nicme_hybrid_seed42_04-29_00-00/metrics_20260429_000058_nicme_hybrid.json,results/convnext_test/stop4b_cost_ratio_spider_convnext_spider_balanced_costr2_convnext_nicme_hybrid_seed42_04-29_00-00,spider_balanced,convnext,nicme_hybrid,42,calibrated_cost_min,black_widow,0.95,0.8,accuracy,2.0,"[[0.0,2.0],[1.0,0.0]]","{""0"":0.5,""1"":0.5}",0.035,0.035,0.07,,0.96,0.04,0.9411764705882353,0.06,0.95,0.95,0.9499949994999499,0.9899555555555555,0.9907188506777153,0.14675096910722285,0.08233653247276623,0.04102718674778227,1.85,,,,,,"[[144,6],[9,141]]",0.95,True,True,True
results/convnext_test/stop4b_cost_ratio_spider_convnext_spider_balanced_costr2_convnext_nicme_hybrid_seed42_04-29_00-00/metrics_20260429_000058_nicme_hybrid.json,results/convnext_test/stop4b_cost_ratio_spider_convnext_spider_balanced_costr2_convnext_nicme_hybrid_seed42_04-29_00-00,spider_balanced,convnext,nicme_hybrid,42,calibrated_threshold,black_widow,0.95,0.8,accuracy,2.0,"[[0.0,2.0],[1.0,0.0]]","{""0"":0.5,""1"":0.5}",0.03666666666666667,0.03666666666666667,0.07333333333333333,,0.9666666666666667,0.03333333333333333,0.9235668789808917,0.08,0.9433333333333334,0.9433333333333334,0.9433024646752121,0.9899555555555555,0.9907188506777153,0.14675096910722285,0.08233653247276623,0.04102718674778227,1.85,0.2634519761883845,0.038377777777777775,0.9466666666666667,0.95,0.03833333333333333,"[[145,5],[12,138]]",0.9433333333333334,True,True,True
results/convnext_test/stop4b_cost_ratio_spider_convnext_spider_balanced_costr2_convnext_ce_calibrated_cost_min_seed43_04-29_00-17/metrics_20260429_001742_ce_calibrated_cost_min.json,results/convnext_test/stop4b_cost_ratio_spider_convnext_spider_balanced_costr2_convnext_ce_calibrated_cost_min_seed43_04-29_00-17,spider_balanced,convnext,ce_calibrated_cost_min,43,argmax,black_widow,0.95,0.8,accuracy,2.0,"[[0.0,2.0],[1.0,0.0]]","{""0"":0.5,""1"":0.5}",0.04,0.04,0.08,,0.9666666666666667,0.03333333333333333,0.9119496855345912,0.09333333333333334,0.9366666666666666,0.9366666666666666,0.9366096153204551,0.9868888888888889,0.988198594345487,0.2181035147992972,0.10461528947050618,0.04545543213685348,,,,,,,"[[145,5],[14,136]]",0.9366666666666666,True,True,True
results/convnext_test/stop4b_cost_ratio_spider_convnext_spider_balanced_costr2_convnext_ce_calibrated_cost_min_seed43_04-29_00-17/metrics_20260429_001742_ce_calibrated_cost_min.json,results/convnext_test/stop4b_cost_ratio_spider_convnext_spider_balanced_costr2_convnext_ce_calibrated_cost_min_seed43_04-29_00-17,spider_balanced,convnext,ce_calibrated_cost_min,43,calibrated_cost_min,black_widow,0.95,0.8,accuracy,2.0,"[[0.0,2.0],[1.0,0.0]]","{""0"":0.5,""1"":0.5}",0.04,0.04,0.08,,0.98,0.02,0.8909090909090909,0.12,0.93,0.9299999999999999,0.9298245614035088,0.9868888888888889,0.9881985943454871,0.17163417270065884,0.09579317479820135,0.025841240687545758,1.9000000000000001,,,,,,"[[147,3],[18,132]]",0.93,True,True,True
results/convnext_test/stop4b_cost_ratio_spider_convnext_spider_balanced_costr2_convnext_ce_calibrated_cost_min_seed43_04-29_00-17/metrics_20260429_001742_ce_calibrated_cost_min.json,results/convnext_test/stop4b_cost_ratio_spider_convnext_spider_balanced_costr2_convnext_ce_calibrated_cost_min_seed43_04-29_00-17,spider_balanced,convnext,ce_calibrated_cost_min,43,calibrated_threshold,black_widow,0.95,0.8,accuracy,2.0,"[[0.0,2.0],[1.0,0.0]]","{""0"":0.5,""1"":0.5}",0.043333333333333335,0.043333333333333335,0.08666666666666667,,0.9866666666666667,0.013333333333333334,0.8705882352941177,0.14666666666666667,0.92,0.92,0.9196428571428572,0.9868888888888889,0.9881985943454871,0.17163417270065884,0.09579317479820135,0.025841240687545758,1.9000000000000001,0.20788561921712473,0.041666666666666664,0.9733333333333334,0.93,0.041666666666666664,"[[148,2],[22,128]]",0.92,True,True,True
results/convnext_test/stop4b_cost_ratio_spider_convnext_spider_balanced_costr2_convnext_nicme_logit_adjustment_seed43_04-29_00-20/metrics_20260429_002054_nicme_logit_adjustment.json,results/convnext_test/stop4b_cost_ratio_spider_convnext_spider_balanced_costr2_convnext_nicme_logit_adjustment_seed43_04-29_00-20,spider_balanced,convnext,nicme_logit_adjustment,43,argmax,black_widow,0.95,0.8,accuracy,2.0,"[[0.0,2.0],[1.0,0.0]]","{""0"":0.5,""1"":0.5}",0.03666666666666667,0.03666666666666667,0.07333333333333333,,0.9666666666666667,0.03333333333333333,0.9235668789808917,0.08,0.9433333333333334,0.9433333333333334,0.9433024646752121,0.9872444444444445,0.9886866028169383,0.17828290047681505,0.0925473951039343,0.04213469088077551,,,,,,,"[[145,5],[12,138]]",0.9433333333333334,True,True,True
results/convnext_test/stop4b_cost_ratio_spider_convnext_spider_balanced_costr2_convnext_nicme_logit_adjustment_seed43_04-29_00-20/metrics_20260429_002054_nicme_logit_adjustment.json,results/convnext_test/stop4b_cost_ratio_spider_convnext_spider_balanced_costr2_convnext_nicme_logit_adjustment_seed43_04-29_00-20,spider_balanced,convnext,nicme_logit_adjustment,43,calibrated_cost_min,black_widow,0.95,0.8,accuracy,2.0,"[[0.0,2.0],[1.0,0.0]]","{""0"":0.5,""1"":0.5}",0.035,0.035,0.07,,0.9733333333333334,0.02666666666666667,0.9182389937106918,0.08666666666666667,0.9433333333333334,0.9433333333333334,0.9432822873919862,0.9872444444444445,0.9886866028169384,0.15411967583288963,0.08617872805496257,0.025788746737679037,1.75,,,,,,"[[146,4],[13,137]]",0.9433333333333334,True,True,True
results/convnext_test/stop4b_cost_ratio_spider_convnext_spider_balanced_costr2_convnext_nicme_logit_adjustment_seed43_04-29_00-20/metrics_20260429_002054_nicme_logit_adjustment.json,results/convnext_test/stop4b_cost_ratio_spider_convnext_spider_balanced_costr2_convnext_nicme_logit_adjustment_seed43_04-29_00-20,spider_balanced,convnext,nicme_logit_adjustment,43,calibrated_threshold,black_widow,0.95,0.8,accuracy,2.0,"[[0.0,2.0],[1.0,0.0]]","{""0"":0.5,""1"":0.5}",0.035,0.035,0.07,,0.9733333333333334,0.02666666666666667,0.9182389937106918,0.08666666666666667,0.9433333333333334,0.9433333333333334,0.9432822873919862,0.9872444444444445,0.9886866028169384,0.15411967583288963,0.08617872805496257,0.025788746737679037,1.75,0.31953017549184337,0.03666666666666667,0.9666666666666667,0.9433333333333334,0.03666666666666667,"[[146,4],[13,137]]",0.9433333333333334,True,True,True
results/convnext_test/stop4b_cost_ratio_spider_convnext_spider_balanced_costr2_convnext_nicme_hybrid_seed43_04-29_00-23/metrics_20260429_002318_nicme_hybrid.json,results/convnext_test/stop4b_cost_ratio_spider_convnext_spider_balanced_costr2_convnext_nicme_hybrid_seed43_04-29_00-23,spider_balanced,convnext,nicme_hybrid,43,argmax,black_widow,0.95,0.8,accuracy,2.0,"[[0.0,2.0],[1.0,0.0]]","{""0"":0.5,""1"":0.5}",0.04444444444444444,0.043333333333333335,0.08666666666666667,,0.9333333333333333,0.06666666666666667,0.958904109589041,0.04,0.9466666666666667,0.9466666666666667,0.9466571834992887,0.99,0.9907260474429898,0.1503425444742246,0.08757896483054904,0.029320929646491998,,,,,,,"[[140,10],[6,144]]",0.9466666666666667,False,True,False
results/convnext_test/stop4b_cost_ratio_spider_convnext_spider_balanced_costr2_convnext_nicme_hybrid_seed43_04-29_00-23/metrics_20260429_002318_nicme_hybrid.json,results/convnext_test/stop4b_cost_ratio_spider_convnext_spider_balanced_costr2_convnext_nicme_hybrid_seed43_04-29_00-23,spider_balanced,convnext,nicme_hybrid,43,calibrated_cost_min,black_widow,0.95,0.8,accuracy,2.0,"[[0.0,2.0],[1.0,0.0]]","{""0"":0.5,""1"":0.5}",0.04171111111111111,0.041666666666666664,0.08333333333333333,,0.9466666666666667,0.05333333333333334,0.9403973509933775,0.06,0.9433333333333334,0.9433333333333334,0.9433327036967076,0.99,0.9907260474429898,0.14892521236114256,0.08439392796208471,0.029053681945964964,1.6500000000000001,,,,,,"[[142,8],[9,141]]",0.9433333333333334,False,True,False
results/convnext_test/stop4b_cost_ratio_spider_convnext_spider_balanced_costr2_convnext_nicme_hybrid_seed43_04-29_00-23/metrics_20260429_002318_nicme_hybrid.json,results/convnext_test/stop4b_cost_ratio_spider_convnext_spider_balanced_costr2_convnext_nicme_hybrid_seed43_04-29_00-23,spider_balanced,convnext,nicme_hybrid,43,calibrated_threshold,black_widow,0.95,0.8,accuracy,2.0,"[[0.0,2.0],[1.0,0.0]]","{""0"":0.5,""1"":0.5}",0.035,0.035,0.07,,0.9866666666666667,0.013333333333333334,0.896969696969697,0.11333333333333333,0.9366666666666666,0.9366666666666668,0.9365079365079365,0.99,0.9907260474429898,0.14892521236114256,0.08439392796208471,0.029053681945964964,1.6500000000000001,0.13720192671924847,0.043333333333333335,0.96,0.9333333333333333,0.043333333333333335,"[[148,2],[17,133]]",0.9366666666666666,True,True,True
results/convnext_test/stop4b_cost_ratio_spider_convnext_spider_balanced_costr2_convnext_ce_calibrated_cost_min_seed44_04-29_00-24/metrics_20260429_002501_ce_calibrated_cost_min.json,results/convnext_test/stop4b_cost_ratio_spider_convnext_spider_balanced_costr2_convnext_ce_calibrated_cost_min_seed44_04-29_00-24,spider_balanced,convnext,ce_calibrated_cost_min,44,argmax,black_widow,0.95,0.8,accuracy,2.0,"[[0.0,2.0],[1.0,0.0]]","{""0"":0.5,""1"":0.5}",0.043333333333333335,0.043333333333333335,0.08666666666666667,,0.9533333333333334,0.04666666666666667,0.9225806451612903,0.08,0.9366666666666666,0.9366666666666668,0.936649069185885,0.9812,0.9816269048534063,0.18514504160128323,0.10919388077219282,0.03186484316984814,,,,,,,"[[143,7],[12,138]]",0.9366666666666666,True,True,True
results/convnext_test/stop4b_cost_ratio_spider_convnext_spider_balanced_costr2_convnext_ce_calibrated_cost_min_seed44_04-29_00-24/metrics_20260429_002501_ce_calibrated_cost_min.json,results/convnext_test/stop4b_cost_ratio_spider_convnext_spider_balanced_costr2_convnext_ce_calibrated_cost_min_seed44_04-29_00-24,spider_balanced,convnext,ce_calibrated_cost_min,44,calibrated_cost_min,black_widow,0.95,0.8,accuracy,2.0,"[[0.0,2.0],[1.0,0.0]]","{""0"":0.5,""1"":0.5}",0.05333333333333334,0.05333333333333334,0.10666666666666667,,0.96,0.04,0.8780487804878049,0.13333333333333333,0.9133333333333333,0.9133333333333333,0.9131441806601042,0.9812,0.9816269048534063,0.1823214168519072,0.10701552758091044,0.036773513125116626,1.25,,,,,,"[[144,6],[20,130]]",0.9133333333333333,True,True,True
results/convnext_test/stop4b_cost_ratio_spider_convnext_spider_balanced_costr2_convnext_ce_calibrated_cost_min_seed44_04-29_00-24/metrics_20260429_002501_ce_calibrated_cost_min.json,results/convnext_test/stop4b_cost_ratio_spider_convnext_spider_balanced_costr2_convnext_ce_calibrated_cost_min_seed44_04-29_00-24,spider_balanced,convnext,ce_calibrated_cost_min,44,calibrated_threshold,black_widow,0.95,0.8,accuracy,2.0,"[[0.0,2.0],[1.0,0.0]]","{""0"":0.5,""1"":0.5}",0.055,0.055,0.11,,0.9733333333333334,0.02666666666666667,0.8538011695906432,0.16666666666666666,0.9033333333333333,0.9033333333333333,0.9028573342712625,0.9812,0.9816269048534063,0.1823214168519072,0.10701552758091044,0.036773513125116626,1.25,0.1796975195426645,0.045,0.9733333333333334,0.9233333333333333,0.045,"[[146,4],[25,125]]",0.9033333333333333,True,True,True
results/convnext_test/stop4b_cost_ratio_spider_convnext_spider_balanced_costr2_convnext_nicme_logit_adjustment_seed44_04-29_00-26/metrics_20260429_002704_nicme_logit_adjustment.json,results/convnext_test/stop4b_cost_ratio_spider_convnext_spider_balanced_costr2_convnext_nicme_logit_adjustment_seed44_04-29_00-26,spider_balanced,convnext,nicme_logit_adjustment,44,argmax,black_widow,0.95,0.8,accuracy,2.0,"[[0.0,2.0],[1.0,0.0]]","{""0"":0.5,""1"":0.5}",0.06584444444444444,0.058333333333333334,0.11666666666666667,,0.9066666666666666,0.09333333333333334,0.951048951048951,0.04666666666666667,0.93,0.9299999999999999,0.9299618681282031,0.9830666666666668,0.983023590249304,0.18194576964940049,0.1056493155083623,0.038077556490898126,,,,,,,"[[136,14],[7,143]]",0.93,False,True,False
results/convnext_test/stop4b_cost_ratio_spider_convnext_spider_balanced_costr2_convnext_nicme_logit_adjustment_seed44_04-29_00-26/metrics_20260429_002704_nicme_logit_adjustment.json,results/convnext_test/stop4b_cost_ratio_spider_convnext_spider_balanced_costr2_convnext_nicme_logit_adjustment_seed44_04-29_00-26,spider_balanced,convnext,nicme_logit_adjustment,44,calibrated_cost_min,black_widow,0.95,0.8,accuracy,2.0,"[[0.0,2.0],[1.0,0.0]]","{""0"":0.5,""1"":0.5}",0.04944444444444444,0.04833333333333333,0.09666666666666666,,0.9333333333333333,0.06666666666666667,0.9395973154362416,0.06,0.9366666666666666,0.9366666666666666,0.9366659629551439,0.9830666666666668,0.983023590249304,0.17632974811518512,0.10311520939261933,0.026966009118979718,1.35,,,,,,"[[140,10],[9,141]]",0.9366666666666666,False,True,False
results/convnext_test/stop4b_cost_ratio_spider_convnext_spider_balanced_costr2_convnext_nicme_logit_adjustment_seed44_04-29_00-26/metrics_20260429_002704_nicme_logit_adjustment.json,results/convnext_test/stop4b_cost_ratio_spider_convnext_spider_balanced_costr2_convnext_nicme_logit_adjustment_seed44_04-29_00-26,spider_balanced,convnext,nicme_logit_adjustment,44,calibrated_threshold,black_widow,0.95,0.8,accuracy,2.0,"[[0.0,2.0],[1.0,0.0]]","{""0"":0.5,""1"":0.5}",0.041666666666666664,0.041666666666666664,0.08333333333333333,,0.9666666666666667,0.03333333333333333,0.90625,0.1,0.9333333333333333,0.9333333333333333,0.9332591768631813,0.9830666666666668,0.983023590249304,0.17632974811518512,0.10311520939261933,0.026966009118979718,1.35,0.19856099451827397,0.045,0.9533333333333334,0.9333333333333333,0.045,"[[145,5],[15,135]]",0.9333333333333333,True,True,True
results/convnext_test/stop4b_cost_ratio_spider_convnext_spider_balanced_costr2_convnext_nicme_hybrid_seed44_04-29_00-28/metrics_20260429_002849_nicme_hybrid.json,results/convnext_test/stop4b_cost_ratio_spider_convnext_spider_balanced_costr2_convnext_nicme_hybrid_seed44_04-29_00-28,spider_balanced,convnext,nicme_hybrid,44,argmax,black_widow,0.95,0.8,accuracy,2.0,"[[0.0,2.0],[1.0,0.0]]","{""0"":0.5,""1"":0.5}",0.053733333333333334,0.05333333333333334,0.10666666666666667,,0.94,0.06,0.9096774193548387,0.09333333333333334,0.9233333333333333,0.9233333333333333,0.9233120311197555,0.9788888888888889,0.9804772027590344,0.18982053729507706,0.11601242800764489,0.0459580844640732,,,,,,,"[[141,9],[14,136]]",0.9233333333333333,False,True,False
results/convnext_test/stop4b_cost_ratio_spider_convnext_spider_balanced_costr2_convnext_nicme_hybrid_seed44_04-29_00-28/metrics_20260429_002849_nicme_hybrid.json,results/convnext_test/stop4b_cost_ratio_spider_convnext_spider_balanced_costr2_convnext_nicme_hybrid_seed44_04-29_00-28,spider_balanced,convnext,nicme_hybrid,44,calibrated_cost_min,black_widow,0.95,0.8,accuracy,2.0,"[[0.0,2.0],[1.0,0.0]]","{""0"":0.5,""1"":0.5}",0.05333333333333334,0.05333333333333334,0.10666666666666667,,0.96,0.04,0.8780487804878049,0.13333333333333333,0.9133333333333333,0.9133333333333333,0.9131441806601042,0.9788888888888889,0.9804772027590344,0.19003799303310562,0.1156190988654032,0.0416478845368411,1.05,,,,,,"[[144,6],[20,130]]",0.9133333333333333,True,True,True
results/convnext_test/stop4b_cost_ratio_spider_convnext_spider_balanced_costr2_convnext_nicme_hybrid_seed44_04-29_00-28/metrics_20260429_002849_nicme_hybrid.json,results/convnext_test/stop4b_cost_ratio_spider_convnext_spider_balanced_costr2_convnext_nicme_hybrid_seed44_04-29_00-28,spider_balanced,convnext,nicme_hybrid,44,calibrated_threshold,black_widow,0.95,0.8,accuracy,2.0,"[[0.0,2.0],[1.0,0.0]]","{""0"":0.5,""1"":0.5}",0.06,0.06,0.12,,0.9933333333333333,0.006666666666666667,0.8142076502732241,0.22666666666666666,0.8833333333333333,0.8833333333333333,0.8819043762863987,0.9788888888888889,0.9804772027590344,0.19003799303310562,0.1156190988654032,0.0416478845368411,1.05,0.12986226307399706,0.04666666666666667,0.98,0.9166666666666666,0.04666666666666667,"[[149,1],[34,116]]",0.8833333333333333,True,True,True
results/convnext_test/stop4b_cost_ratio_spider_convnext_spider_balanced_costr5_convnext_ce_calibrated_cost_min_seed42_04-29_00-30/metrics_20260429_003031_ce_calibrated_cost_min.json,results/convnext_test/stop4b_cost_ratio_spider_convnext_spider_balanced_costr5_convnext_ce_calibrated_cost_min_seed42_04-29_00-30,spider_balanced,convnext,ce_calibrated_cost_min,42,argmax,black_widow,0.95,0.8,accuracy,5.0,"[[0.0,5.0],[1.0,0.0]]","{""0"":0.5,""1"":0.5}",0.030666666666666665,0.030666666666666665,0.15333333333333332,,0.9666666666666667,0.03333333333333333,0.8734939759036144,0.14,0.9133333333333333,0.9133333333333333,0.9130861116063469,0.9772,0.9798516115994265,0.24860442216678963,0.1398739523656082,0.050196277101834566,,,,,,,"[[145,5],[21,129]]",0.9133333333333333,True,True,True
results/convnext_test/stop4b_cost_ratio_spider_convnext_spider_balanced_costr5_convnext_ce_calibrated_cost_min_seed42_04-29_00-30/metrics_20260429_003031_ce_calibrated_cost_min.json,results/convnext_test/stop4b_cost_ratio_spider_convnext_spider_balanced_costr5_convnext_ce_calibrated_cost_min_seed42_04-29_00-30,spider_balanced,convnext,ce_calibrated_cost_min,42,calibrated_cost_min,black_widow,0.95,0.8,accuracy,5.0,"[[0.0,5.0],[1.0,0.0]]","{""0"":0.5,""1"":0.5}",0.024666666666666667,0.024666666666666667,0.12333333333333334,,1.0,0.0,0.8021390374331551,0.24666666666666667,0.8766666666666667,0.8766666666666667,0.8747616522435716,0.9772,0.9798516115994265,0.23160306177472353,0.1355786131646122,0.039812352129655726,1.25,,,,,,"[[150,0],[37,113]]",0.8766666666666667,True,True,True
results/convnext_test/stop4b_cost_ratio_spider_convnext_spider_balanced_costr5_convnext_ce_calibrated_cost_min_seed42_04-29_00-30/metrics_20260429_003031_ce_calibrated_cost_min.json,results/convnext_test/stop4b_cost_ratio_spider_convnext_spider_balanced_costr5_convnext_ce_calibrated_cost_min_seed42_04-29_00-30,spider_balanced,convnext,ce_calibrated_cost_min,42,calibrated_threshold,black_widow,0.95,0.8,accuracy,5.0,"[[0.0,5.0],[1.0,0.0]]","{""0"":0.5,""1"":0.5}",0.022,0.022,0.11,,1.0,0.0,0.819672131147541,0.22,0.89,0.89,0.8886526976414617,0.9772,0.9798516115994265,0.23160306177472353,0.1355786131646122,0.039812352129655726,1.25,0.20447602421667282,0.028000000000000004,0.9733333333333334,0.9133333333333333,0.028000000000000004,"[[150,0],[33,117]]",0.89,True,True,True
results/convnext_test/stop4b_cost_ratio_spider_convnext_spider_balanced_costr5_convnext_nicme_logit_adjustment_seed42_04-29_00-31/metrics_20260429_003153_nicme_logit_adjustment.json,results/convnext_test/stop4b_cost_ratio_spider_convnext_spider_balanced_costr5_convnext_nicme_logit_adjustment_seed42_04-29_00-31,spider_balanced,convnext,nicme_logit_adjustment,42,argmax,black_widow,0.95,0.8,accuracy,5.0,"[[0.0,5.0],[1.0,0.0]]","{""0"":0.5,""1"":0.5}",0.036,0.036,0.18,,0.9533333333333334,0.04666666666666667,0.8827160493827161,0.12666666666666668,0.9133333333333333,0.9133333333333333,0.9131944444444444,0.9768444444444444,0.9800903486103163,0.21400557673579418,0.1236521870297217,0.03752938270568848,,,,,,,"[[143,7],[19,131]]",0.9133333333333333,True,True,True
results/convnext_test/stop4b_cost_ratio_spider_convnext_spider_balanced_costr5_convnext_nicme_logit_adjustment_seed42_04-29_00-31/metrics_20260429_003153_nicme_logit_adjustment.json,results/convnext_test/stop4b_cost_ratio_spider_convnext_spider_balanced_costr5_convnext_nicme_logit_adjustment_seed42_04-29_00-31,spider_balanced,convnext,nicme_logit_adjustment,42,calibrated_cost_min,black_widow,0.95,0.8,accuracy,5.0,"[[0.0,5.0],[1.0,0.0]]","{""0"":0.5,""1"":0.5}",0.026666666666666665,0.026666666666666665,0.13333333333333333,,0.9933333333333333,0.006666666666666667,0.8097826086956522,0.23333333333333334,0.88,0.88,0.8784386114988069,0.9768444444444444,0.9800903486103163,0.20847247772297786,0.12259030670740448,0.022677996850919716,0.8500000000000001,,,,,,"[[149,1],[35,115]]",0.88,True,True,True
results/convnext_test/stop4b_cost_ratio_spider_convnext_spider_balanced_costr5_convnext_nicme_logit_adjustment_seed42_04-29_00-31/metrics_20260429_003153_nicme_logit_adjustment.json,results/convnext_test/stop4b_cost_ratio_spider_convnext_spider_balanced_costr5_convnext_nicme_logit_adjustment_seed42_04-29_00-31,spider_balanced,convnext,nicme_logit_adjustment,42,calibrated_threshold,black_widow,0.95,0.8,accuracy,5.0,"[[0.0,5.0],[1.0,0.0]]","{""0"":0.5,""1"":0.5}",0.028666666666666667,0.028666666666666667,0.14333333333333334,,1.0,0.0,0.7772020725388601,0.2866666666666667,0.8566666666666667,0.8566666666666667,0.8536601967079216,0.9768444444444444,0.9800903486103163,0.20847247772297786,0.12259030670740448,0.022677996850919716,0.8500000000000001,0.1300600517276459,0.032,0.98,0.88,0.032,"[[150,0],[43,107]]",0.8566666666666667,True,True,True
results/convnext_test/stop4b_cost_ratio_spider_convnext_spider_balanced_costr5_convnext_nicme_hybrid_seed42_04-29_00-33/metrics_20260429_003317_nicme_hybrid.json,results/convnext_test/stop4b_cost_ratio_spider_convnext_spider_balanced_costr5_convnext_nicme_hybrid_seed42_04-29_00-33,spider_balanced,convnext,nicme_hybrid,42,argmax,black_widow,0.95,0.8,accuracy,5.0,"[[0.0,5.0],[1.0,0.0]]","{""0"":0.5,""1"":0.5}",0.030666666666666665,0.030666666666666665,0.15333333333333332,,0.9666666666666667,0.03333333333333333,0.8734939759036144,0.14,0.9133333333333333,0.9133333333333333,0.9130861116063469,0.9759555555555555,0.979426539418609,0.23776435560369408,0.13409702079251648,0.07174150208632149,,,,,,,"[[145,5],[21,129]]",0.9133333333333333,True,True,True
results/convnext_test/stop4b_cost_ratio_spider_convnext_spider_balanced_costr5_convnext_nicme_hybrid_seed42_04-29_00-33/metrics_20260429_003317_nicme_hybrid.json,results/convnext_test/stop4b_cost_ratio_spider_convnext_spider_balanced_costr5_convnext_nicme_hybrid_seed42_04-29_00-33,spider_balanced,convnext,nicme_hybrid,42,calibrated_cost_min,black_widow,0.95,0.8,accuracy,5.0,"[[0.0,5.0],[1.0,0.0]]","{""0"":0.5,""1"":0.5}",0.034,0.034,0.17,,0.9933333333333333,0.006666666666666667,0.764102564102564,0.30666666666666664,0.8433333333333334,0.8433333333333333,0.8397271952259164,0.9759555555555555,0.979426539418609,0.21887584038226032,0.12662253135232382,0.03144571384729944,0.7,,,,,,"[[149,1],[46,104]]",0.8433333333333334,True,True,True
results/convnext_test/stop4b_cost_ratio_spider_convnext_spider_balanced_costr5_convnext_nicme_hybrid_seed42_04-29_00-33/metrics_20260429_003317_nicme_hybrid.json,results/convnext_test/stop4b_cost_ratio_spider_convnext_spider_balanced_costr5_convnext_nicme_hybrid_seed42_04-29_00-33,spider_balanced,convnext,nicme_hybrid,42,calibrated_threshold,black_widow,0.95,0.8,accuracy,5.0,"[[0.0,5.0],[1.0,0.0]]","{""0"":0.5,""1"":0.5}",0.032,0.032,0.16,,1.0,0.0,0.7575757575757576,0.32,0.84,0.8400000000000001,0.8357963875205254,0.9759555555555555,0.979426539418609,0.21887584038226032,0.12662253135232382,0.03144571384729944,0.7,0.1351654118592116,0.034,0.9866666666666667,0.8566666666666667,0.034,"[[150,0],[48,102]]",0.84,True,True,True
results/convnext_test/stop4b_cost_ratio_spider_convnext_spider_balanced_costr5_convnext_ce_calibrated_cost_min_seed43_04-29_00-34/metrics_20260429_003500_ce_calibrated_cost_min.json,results/convnext_test/stop4b_cost_ratio_spider_convnext_spider_balanced_costr5_convnext_ce_calibrated_cost_min_seed43_04-29_00-34,spider_balanced,convnext,ce_calibrated_cost_min,43,argmax,black_widow,0.95,0.8,accuracy,5.0,"[[0.0,5.0],[1.0,0.0]]","{""0"":0.5,""1"":0.5}",0.03266666666666666,0.03266666666666666,0.16333333333333333,,0.9666666666666667,0.03333333333333333,0.8579881656804734,0.16,0.9033333333333333,0.9033333333333333,0.90294403105791,0.9712000000000001,0.9748718805429348,0.27555490922646675,0.1535949098218938,0.05054343163967129,,,,,,,"[[145,5],[24,126]]",0.9033333333333333,True,True,True
results/convnext_test/stop4b_cost_ratio_spider_convnext_spider_balanced_costr5_convnext_ce_calibrated_cost_min_seed43_04-29_00-34/metrics_20260429_003500_ce_calibrated_cost_min.json,results/convnext_test/stop4b_cost_ratio_spider_convnext_spider_balanced_costr5_convnext_ce_calibrated_cost_min_seed43_04-29_00-34,spider_balanced,convnext,ce_calibrated_cost_min,43,calibrated_cost_min,black_widow,0.95,0.8,accuracy,5.0,"[[0.0,5.0],[1.0,0.0]]","{""0"":0.5,""1"":0.5}",0.028666666666666667,0.028666666666666667,0.14333333333333334,,1.0,0.0,0.7772020725388601,0.2866666666666667,0.8566666666666667,0.8566666666666667,0.8536601967079216,0.9712,0.9748718805429349,0.24932305922187614,0.1468297228940727,0.01653400815900263,1.4500000000000002,,,,,,"[[150,0],[43,107]]",0.8566666666666667,True,True,True
results/convnext_test/stop4b_cost_ratio_spider_convnext_spider_balanced_costr5_convnext_ce_calibrated_cost_min_seed43_04-29_00-34/metrics_20260429_003500_ce_calibrated_cost_min.json,results/convnext_test/stop4b_cost_ratio_spider_convnext_spider_balanced_costr5_convnext_ce_calibrated_cost_min_seed43_04-29_00-34,spider_balanced,convnext,ce_calibrated_cost_min,43,calibrated_threshold,black_widow,0.95,0.8,accuracy,5.0,"[[0.0,5.0],[1.0,0.0]]","{""0"":0.5,""1"":0.5}",0.032,0.032,0.16,,0.98,0.02,0.8166666666666667,0.22,0.88,0.88,0.8787878787878789,0.9712,0.9748718805429349,0.24932305922187614,0.1468297228940727,0.01653400815900263,1.4500000000000002,0.2606957979937621,0.029333333333333333,0.9733333333333334,0.9066666666666666,0.029333333333333333,"[[147,3],[33,117]]",0.88,True,True,True
results/convnext_test/stop4b_cost_ratio_spider_convnext_spider_balanced_costr5_convnext_nicme_logit_adjustment_seed43_04-29_00-36/metrics_20260429_003641_nicme_logit_adjustment.json,results/convnext_test/stop4b_cost_ratio_spider_convnext_spider_balanced_costr5_convnext_nicme_logit_adjustment_seed43_04-29_00-36,spider_balanced,convnext,nicme_logit_adjustment,43,argmax,black_widow,0.95,0.8,accuracy,5.0,"[[0.0,5.0],[1.0,0.0]]","{""0"":0.5,""1"":0.5}",0.032,0.032,0.16,,0.96,0.04,0.8888888888888888,0.12,0.92,0.9199999999999999,0.9198717948717948,0.9768888888888888,0.98023274240645,0.20513053698326722,0.11981992106475604,0.025203341643015516,,,,,,,"[[144,6],[18,132]]",0.92,True,True,True
results/convnext_test/stop4b_cost_ratio_spider_convnext_spider_balanced_costr5_convnext_nicme_logit_adjustment_seed43_04-29_00-36/metrics_20260429_003641_nicme_logit_adjustment.json,results/convnext_test/stop4b_cost_ratio_spider_convnext_spider_balanced_costr5_convnext_nicme_logit_adjustment_seed43_04-29_00-36,spider_balanced,convnext,nicme_logit_adjustment,43,calibrated_cost_min,black_widow,0.95,0.8,accuracy,5.0,"[[0.0,5.0],[1.0,0.0]]","{""0"":0.5,""1"":0.5}",0.025333333333333336,0.025333333333333336,0.12666666666666668,,0.9933333333333333,0.006666666666666667,0.8186813186813187,0.22,0.8866666666666667,0.8866666666666667,0.8853623449019961,0.9768888888888888,0.98023274240645,0.20547848375463387,0.11962075214318534,0.0216172089779349,1.1,,,,,,"[[149,1],[33,117]]",0.8866666666666667,True,True,True
results/convnext_test/stop4b_cost_ratio_spider_convnext_spider_balanced_costr5_convnext_nicme_logit_adjustment_seed43_04-29_00-36/metrics_20260429_003641_nicme_logit_adjustment.json,results/convnext_test/stop4b_cost_ratio_spider_convnext_spider_balanced_costr5_convnext_nicme_logit_adjustment_seed43_04-29_00-36,spider_balanced,convnext,nicme_logit_adjustment,43,calibrated_threshold,black_widow,0.95,0.8,accuracy,5.0,"[[0.0,5.0],[1.0,0.0]]","{""0"":0.5,""1"":0.5}",0.02733333333333333,0.02733333333333333,0.13666666666666666,,0.98,0.02,0.8497109826589595,0.17333333333333334,0.9033333333333333,0.9033333333333333,0.9027617887360151,0.9768888888888888,0.98023274240645,0.20547848375463387,0.11962075214318534,0.0216172089779349,1.1,0.2964254085036085,0.026666666666666665,0.9666666666666667,0.9333333333333333,0.026666666666666665,"[[147,3],[26,124]]",0.9033333333333333,True,True,True
results/convnext_test/stop4b_cost_ratio_spider_convnext_spider_balanced_costr5_convnext_nicme_hybrid_seed43_04-29_00-38/metrics_20260429_003824_nicme_hybrid.json,results/convnext_test/stop4b_cost_ratio_spider_convnext_spider_balanced_costr5_convnext_nicme_hybrid_seed43_04-29_00-38,spider_balanced,convnext,nicme_hybrid,43,argmax,black_widow,0.95,0.8,accuracy,5.0,"[[0.0,5.0],[1.0,0.0]]","{""0"":0.5,""1"":0.5}",0.035333333333333335,0.035333333333333335,0.17666666666666667,,0.9666666666666667,0.03333333333333333,0.838150289017341,0.18666666666666668,0.89,0.89,0.8893496216651204,0.9643999999999999,0.9692970795438057,0.2870754998123697,0.16933999109872752,0.031118068893750496,,,,,,,"[[145,5],[28,122]]",0.89,True,True,True
results/convnext_test/stop4b_cost_ratio_spider_convnext_spider_balanced_costr5_convnext_nicme_hybrid_seed43_04-29_00-38/metrics_20260429_003824_nicme_hybrid.json,results/convnext_test/stop4b_cost_ratio_spider_convnext_spider_balanced_costr5_convnext_nicme_hybrid_seed43_04-29_00-38,spider_balanced,convnext,nicme_hybrid,43,calibrated_cost_min,black_widow,0.95,0.8,accuracy,5.0,"[[0.0,5.0],[1.0,0.0]]","{""0"":0.5,""1"":0.5}",0.040677777777777785,0.04066666666666667,0.20333333333333334,,1.0,0.0,0.7109004739336493,0.4066666666666667,0.7966666666666666,0.7966666666666666,0.787897402612455,0.9643999999999999,0.9692970795438057,0.287075501916848,0.1693399913966154,0.03111806984568337,1.0,,,,,,"[[150,0],[61,89]]",0.7966666666666666,True,False,False
results/convnext_test/stop4b_cost_ratio_spider_convnext_spider_balanced_costr5_convnext_nicme_hybrid_seed43_04-29_00-38/metrics_20260429_003824_nicme_hybrid.json,results/convnext_test/stop4b_cost_ratio_spider_convnext_spider_balanced_costr5_convnext_nicme_hybrid_seed43_04-29_00-38,spider_balanced,convnext,nicme_hybrid,43,calibrated_threshold,black_widow,0.95,0.8,accuracy,5.0,"[[0.0,5.0],[1.0,0.0]]","{""0"":0.5,""1"":0.5}",0.035333333333333335,0.035333333333333335,0.17666666666666667,,0.9666666666666667,0.03333333333333333,0.838150289017341,0.18666666666666668,0.89,0.89,0.8893496216651204,0.9643999999999999,0.9692970795438057,0.287075501916848,0.1693399913966154,0.03111806984568337,1.0,0.49988796551988224,0.029333333333333333,0.9666666666666667,0.92,0.029333333333333333,"[[145,5],[28,122]]",0.89,True,True,True
results/convnext_test/stop4b_cost_ratio_spider_convnext_spider_balanced_costr5_convnext_ce_calibrated_cost_min_seed44_04-29_00-39/metrics_20260429_004005_ce_calibrated_cost_min.json,results/convnext_test/stop4b_cost_ratio_spider_convnext_spider_balanced_costr5_convnext_ce_calibrated_cost_min_seed44_04-29_00-39,spider_balanced,convnext,ce_calibrated_cost_min,44,argmax,black_widow,0.95,0.8,accuracy,5.0,"[[0.0,5.0],[1.0,0.0]]","{""0"":0.5,""1"":0.5}",0.03133333333333334,0.03133333333333334,0.15666666666666668,,0.9533333333333334,0.04666666666666667,0.9225806451612903,0.08,0.9366666666666666,0.9366666666666668,0.936649069185885,0.9812,0.9816269048534063,0.18515790211392588,0.10920759361366568,0.03186699807643889,,,,,,,"[[143,7],[12,138]]",0.9366666666666666,True,True,True
results/convnext_test/stop4b_cost_ratio_spider_convnext_spider_balanced_costr5_convnext_ce_calibrated_cost_min_seed44_04-29_00-39/metrics_20260429_004005_ce_calibrated_cost_min.json,results/convnext_test/stop4b_cost_ratio_spider_convnext_spider_balanced_costr5_convnext_ce_calibrated_cost_min_seed44_04-29_00-39,spider_balanced,convnext,ce_calibrated_cost_min,44,calibrated_cost_min,black_widow,0.95,0.8,accuracy,5.0,"[[0.0,5.0],[1.0,0.0]]","{""0"":0.5,""1"":0.5}",0.030666666666666665,0.030666666666666665,0.15333333333333332,,0.9733333333333334,0.02666666666666667,0.8488372093023255,0.17333333333333334,0.9,0.9,0.8994593145359489,0.9812,0.9816269048534063,0.18233159955206546,0.10702657781624249,0.036779831567350645,1.25,,,,,,"[[146,4],[26,124]]",0.9,True,True,True
results/convnext_test/stop4b_cost_ratio_spider_convnext_spider_balanced_costr5_convnext_ce_calibrated_cost_min_seed44_04-29_00-39/metrics_20260429_004005_ce_calibrated_cost_min.json,results/convnext_test/stop4b_cost_ratio_spider_convnext_spider_balanced_costr5_convnext_ce_calibrated_cost_min_seed44_04-29_00-39,spider_balanced,convnext,ce_calibrated_cost_min,44,calibrated_threshold,black_widow,0.95,0.8,accuracy,5.0,"[[0.0,5.0],[1.0,0.0]]","{""0"":0.5,""1"":0.5}",0.026000000000000002,0.026000000000000002,0.13,,0.9866666666666667,0.013333333333333334,0.8361581920903954,0.19333333333333333,0.8966666666666666,0.8966666666666667,0.8958228316026481,0.9812,0.9816269048534063,0.18233159955206546,0.10702657781624249,0.036779831567350645,1.25,0.14372258281184064,0.024666666666666667,0.98,0.9166666666666666,0.024666666666666667,"[[148,2],[29,121]]",0.8966666666666666,True,True,True
results/convnext_test/stop4b_cost_ratio_spider_convnext_spider_balanced_costr5_convnext_nicme_logit_adjustment_seed44_04-29_00-41/metrics_20260429_004152_nicme_logit_adjustment.json,results/convnext_test/stop4b_cost_ratio_spider_convnext_spider_balanced_costr5_convnext_nicme_logit_adjustment_seed44_04-29_00-41,spider_balanced,convnext,nicme_logit_adjustment,44,argmax,black_widow,0.95,0.8,accuracy,5.0,"[[0.0,5.0],[1.0,0.0]]","{""0"":0.5,""1"":0.5}",0.03333333333333333,0.03333333333333333,0.16666666666666666,,0.9533333333333334,0.04666666666666667,0.9050632911392406,0.1,0.9266666666666666,0.9266666666666667,0.926614481409002,0.9783111111111111,0.9793522965699355,0.1926000679029961,0.11518843966116796,0.03079006115595505,,,,,,,"[[143,7],[15,135]]",0.9266666666666666,True,True,True
results/convnext_test/stop4b_cost_ratio_spider_convnext_spider_balanced_costr5_convnext_nicme_logit_adjustment_seed44_04-29_00-41/metrics_20260429_004152_nicme_logit_adjustment.json,results/convnext_test/stop4b_cost_ratio_spider_convnext_spider_balanced_costr5_convnext_nicme_logit_adjustment_seed44_04-29_00-41,spider_balanced,convnext,nicme_logit_adjustment,44,calibrated_cost_min,black_widow,0.95,0.8,accuracy,5.0,"[[0.0,5.0],[1.0,0.0]]","{""0"":0.5,""1"":0.5}",0.026000000000000002,0.026000000000000002,0.13,,0.9866666666666667,0.013333333333333334,0.8361581920903954,0.19333333333333333,0.8966666666666666,0.8966666666666667,0.8958228316026481,0.9783111111111111,0.9793522965699355,0.1927477716144079,0.11498272579066987,0.021746238904923873,1.05,,,,,,"[[148,2],[29,121]]",0.8966666666666666,True,True,True
results/convnext_test/stop4b_cost_ratio_spider_convnext_spider_balanced_costr5_convnext_nicme_logit_adjustment_seed44_04-29_00-41/metrics_20260429_004152_nicme_logit_adjustment.json,results/convnext_test/stop4b_cost_ratio_spider_convnext_spider_balanced_costr5_convnext_nicme_logit_adjustment_seed44_04-29_00-41,spider_balanced,convnext,nicme_logit_adjustment,44,calibrated_threshold,black_widow,0.95,0.8,accuracy,5.0,"[[0.0,5.0],[1.0,0.0]]","{""0"":0.5,""1"":0.5}",0.025333333333333336,0.025333333333333336,0.12666666666666668,,0.9866666666666667,0.013333333333333334,0.8409090909090909,0.18666666666666668,0.9,0.9,0.8992432045139045,0.9783111111111111,0.9793522965699355,0.1927477716144079,0.11498272579066987,0.021746238904923873,1.05,0.17309568047416107,0.028000000000000004,0.9733333333333334,0.9133333333333333,0.028000000000000004,"[[148,2],[28,122]]",0.9,True,True,True
results/convnext_test/stop4b_cost_ratio_spider_convnext_spider_balanced_costr5_convnext_nicme_hybrid_seed44_04-29_00-43/metrics_20260429_004333_nicme_hybrid.json,results/convnext_test/stop4b_cost_ratio_spider_convnext_spider_balanced_costr5_convnext_nicme_hybrid_seed44_04-29_00-43,spider_balanced,convnext,nicme_hybrid,44,argmax,black_widow,0.95,0.8,accuracy,5.0,"[[0.0,5.0],[1.0,0.0]]","{""0"":0.5,""1"":0.5}",0.045511111111111106,0.043333333333333335,0.21666666666666667,,0.9266666666666666,0.07333333333333333,0.9328859060402684,0.06666666666666667,0.93,0.9299999999999999,0.9299992222135801,0.9807999999999999,0.9824859163860578,0.18210658783275746,0.10871683611370496,0.019112463196118687,,,,,,,"[[139,11],[10,140]]",0.93,False,True,False
results/convnext_test/stop4b_cost_ratio_spider_convnext_spider_balanced_costr5_convnext_nicme_hybrid_seed44_04-29_00-43/metrics_20260429_004333_nicme_hybrid.json,results/convnext_test/stop4b_cost_ratio_spider_convnext_spider_balanced_costr5_convnext_nicme_hybrid_seed44_04-29_00-43,spider_balanced,convnext,nicme_hybrid,44,calibrated_cost_min,black_widow,0.95,0.8,accuracy,5.0,"[[0.0,5.0],[1.0,0.0]]","{""0"":0.5,""1"":0.5}",0.026000000000000002,0.026000000000000002,0.13,,0.9866666666666667,0.013333333333333334,0.8361581920903954,0.19333333333333333,0.8966666666666666,0.8966666666666667,0.8958228316026481,0.9807999999999999,0.9824859163860578,0.18028911633763886,0.10846295908845585,0.01787160688223971,0.95,,,,,,"[[148,2],[29,121]]",0.8966666666666666,True,True,True
results/convnext_test/stop4b_cost_ratio_spider_convnext_spider_balanced_costr5_convnext_nicme_hybrid_seed44_04-29_00-43/metrics_20260429_004333_nicme_hybrid.json,results/convnext_test/stop4b_cost_ratio_spider_convnext_spider_balanced_costr5_convnext_nicme_hybrid_seed44_04-29_00-43,spider_balanced,convnext,nicme_hybrid,44,calibrated_threshold,black_widow,0.95,0.8,accuracy,5.0,"[[0.0,5.0],[1.0,0.0]]","{""0"":0.5,""1"":0.5}",0.02733333333333333,0.02733333333333333,0.13666666666666666,,0.9933333333333333,0.006666666666666667,0.8054054054054054,0.24,0.8766666666666667,0.8766666666666667,0.874964798648268,0.9807999999999999,0.9824859163860578,0.18028911633763886,0.10846295908845585,0.01787160688223971,0.95,0.09292819607341626,0.02733333333333333,0.9866666666666667,0.89,0.02733333333333333,"[[149,1],[36,114]]",0.8766666666666667,True,True,True
results/convnext_test/stop4b_cost_ratio_spider_convnext_spider_balanced_costr10_convnext_ce_calibrated_cost_min_seed42_04-29_00-45/metrics_20260429_004515_ce_calibrated_cost_min.json,results/convnext_test/stop4b_cost_ratio_spider_convnext_spider_balanced_costr10_convnext_ce_calibrated_cost_min_seed42_04-29_00-45,spider_balanced,convnext,ce_calibrated_cost_min,42,argmax,black_widow,0.95,0.8,accuracy,10.0,"[[0.0,10.0],[1.0,0.0]]","{""0"":0.5,""1"":0.5}",0.023666666666666666,0.023666666666666666,0.23666666666666666,,0.9666666666666667,0.03333333333333333,0.8734939759036144,0.14,0.9133333333333333,0.9133333333333333,0.9130861116063469,0.9772,0.9798516115994265,0.24858537216486284,0.13985247336569837,0.050200125972429906,,,,,,,"[[145,5],[21,129]]",0.9133333333333333,True,True,True
results/convnext_test/stop4b_cost_ratio_spider_convnext_spider_balanced_costr10_convnext_ce_calibrated_cost_min_seed42_04-29_00-45/metrics_20260429_004515_ce_calibrated_cost_min.json,results/convnext_test/stop4b_cost_ratio_spider_convnext_spider_balanced_costr10_convnext_ce_calibrated_cost_min_seed42_04-29_00-45,spider_balanced,convnext,ce_calibrated_cost_min,42,calibrated_cost_min,black_widow,0.95,0.8,accuracy,10.0,"[[0.0,10.0],[1.0,0.0]]","{""0"":0.5,""1"":0.5}",0.01633333333333333,0.01633333333333333,0.16333333333333333,,1.0,0.0,0.7537688442211056,0.32666666666666666,0.8366666666666667,0.8366666666666667,0.8321898651811094,0.9772,0.9798516115994265,0.2315890253599866,0.13556126613873418,0.039811923786974825,1.25,,,,,,"[[150,0],[49,101]]",0.8366666666666667,True,True,True
results/convnext_test/stop4b_cost_ratio_spider_convnext_spider_balanced_costr10_convnext_ce_calibrated_cost_min_seed42_04-29_00-45/metrics_20260429_004515_ce_calibrated_cost_min.json,results/convnext_test/stop4b_cost_ratio_spider_convnext_spider_balanced_costr10_convnext_ce_calibrated_cost_min_seed42_04-29_00-45,spider_balanced,convnext,ce_calibrated_cost_min,42,calibrated_threshold,black_widow,0.95,0.8,accuracy,10.0,"[[0.0,10.0],[1.0,0.0]]","{""0"":0.5,""1"":0.5}",0.016666666666666666,0.016666666666666666,0.16666666666666666,,1.0,0.0,0.75,0.3333333333333333,0.8333333333333334,0.8333333333333333,0.8285714285714285,0.9772,0.9798516115994265,0.2315890253599866,0.13556126613873418,0.039811923786974825,1.25,0.07909471393460263,0.018666666666666668,0.9933333333333333,0.8433333333333334,0.018666666666666668,"[[150,0],[50,100]]",0.8333333333333334,True,True,True
results/convnext_test/stop4b_cost_ratio_spider_convnext_spider_balanced_costr10_convnext_nicme_logit_adjustment_seed42_04-29_00-46/metrics_20260429_004636_nicme_logit_adjustment.json,results/convnext_test/stop4b_cost_ratio_spider_convnext_spider_balanced_costr10_convnext_nicme_logit_adjustment_seed42_04-29_00-46,spider_balanced,convnext,nicme_logit_adjustment,42,argmax,black_widow,0.95,0.8,accuracy,10.0,"[[0.0,10.0],[1.0,0.0]]","{""0"":0.5,""1"":0.5}",0.022333333333333334,0.022333333333333334,0.22333333333333333,,0.9733333333333334,0.02666666666666667,0.8439306358381503,0.18,0.8966666666666666,0.8966666666666667,0.8960557052005678,0.9678666666666667,0.972798780489181,0.2783565055278983,0.16307376208576155,0.030777698755264284,,,,,,,"[[146,4],[27,123]]",0.8966666666666666,True,True,True
results/convnext_test/stop4b_cost_ratio_spider_convnext_spider_balanced_costr10_convnext_nicme_logit_adjustment_seed42_04-29_00-46/metrics_20260429_004636_nicme_logit_adjustment.json,results/convnext_test/stop4b_cost_ratio_spider_convnext_spider_balanced_costr10_convnext_nicme_logit_adjustment_seed42_04-29_00-46,spider_balanced,convnext,nicme_logit_adjustment,42,calibrated_cost_min,black_widow,0.95,0.8,accuracy,10.0,"[[0.0,10.0],[1.0,0.0]]","{""0"":0.5,""1"":0.5}",0.024444444444444446,0.023333333333333334,0.23333333333333334,,1.0,0.0,0.6818181818181818,0.4666666666666667,0.7666666666666667,0.7666666666666666,0.7532314923619272,0.9678666666666667,0.972798780489181,0.2799019624698089,0.16212342905686608,0.03519430303360163,0.75,,,,,,"[[150,0],[70,80]]",0.7666666666666667,True,False,False
results/convnext_test/stop4b_cost_ratio_spider_convnext_spider_balanced_costr10_convnext_nicme_logit_adjustment_seed42_04-29_00-46/metrics_20260429_004636_nicme_logit_adjustment.json,results/convnext_test/stop4b_cost_ratio_spider_convnext_spider_balanced_costr10_convnext_nicme_logit_adjustment_seed42_04-29_00-46,spider_balanced,convnext,nicme_logit_adjustment,42,calibrated_threshold,black_widow,0.95,0.8,accuracy,10.0,"[[0.0,10.0],[1.0,0.0]]","{""0"":0.5,""1"":0.5}",0.020344444444444446,0.020333333333333335,0.20333333333333334,,1.0,0.0,0.7109004739336493,0.4066666666666667,0.7966666666666666,0.7966666666666666,0.787897402612455,0.9678666666666667,0.972798780489181,0.2799019624698089,0.16212342905686608,0.03519430303360163,0.75,0.1209300192093903,0.02371111111111111,0.9933333333333333,0.7933333333333333,0.023666666666666666,"[[150,0],[61,89]]",0.7966666666666666,True,False,False
results/convnext_test/stop4b_cost_ratio_spider_convnext_spider_balanced_costr10_convnext_nicme_hybrid_seed42_04-29_00-47/metrics_20260429_004802_nicme_hybrid.json,results/convnext_test/stop4b_cost_ratio_spider_convnext_spider_balanced_costr10_convnext_nicme_hybrid_seed42_04-29_00-47,spider_balanced,convnext,nicme_hybrid,42,argmax,black_widow,0.95,0.8,accuracy,10.0,"[[0.0,10.0],[1.0,0.0]]","{""0"":0.5,""1"":0.5}",0.020666666666666667,0.020666666666666667,0.20666666666666667,,0.9733333333333334,0.02666666666666667,0.8690476190476191,0.14666666666666667,0.9133333333333333,0.9133333333333333,0.9130202060752041,0.972,0.9763631902663907,0.2923652273346998,0.1647028985522237,0.10058895111083986,,,,,,,"[[146,4],[22,128]]",0.9133333333333333,True,True,True
results/convnext_test/stop4b_cost_ratio_spider_convnext_spider_balanced_costr10_convnext_nicme_hybrid_seed42_04-29_00-47/metrics_20260429_004802_nicme_hybrid.json,results/convnext_test/stop4b_cost_ratio_spider_convnext_spider_balanced_costr10_convnext_nicme_hybrid_seed42_04-29_00-47,spider_balanced,convnext,nicme_hybrid,42,calibrated_cost_min,black_widow,0.95,0.8,accuracy,10.0,"[[0.0,10.0],[1.0,0.0]]","{""0"":0.5,""1"":0.5}",0.029600000000000008,0.026000000000000002,0.26,,1.0,0.0,0.6578947368421053,0.52,0.74,0.74,0.7211497211497212,0.972,0.9763631902663907,0.24821005569211602,0.1424660715888618,0.04280388843973717,0.55,,,,,,"[[150,0],[78,72]]",0.74,True,False,False
results/convnext_test/stop4b_cost_ratio_spider_convnext_spider_balanced_costr10_convnext_nicme_hybrid_seed42_04-29_00-47/metrics_20260429_004802_nicme_hybrid.json,results/convnext_test/stop4b_cost_ratio_spider_convnext_spider_balanced_costr10_convnext_nicme_hybrid_seed42_04-29_00-47,spider_balanced,convnext,nicme_hybrid,42,calibrated_threshold,black_widow,0.95,0.8,accuracy,10.0,"[[0.0,10.0],[1.0,0.0]]","{""0"":0.5,""1"":0.5}",0.017333333333333333,0.017333333333333333,0.17333333333333334,,0.9933333333333333,0.006666666666666667,0.7801047120418848,0.28,0.8566666666666667,0.8566666666666667,0.853938563615983,0.972,0.9763631902663907,0.24821005569211602,0.1424660715888618,0.04280388843973717,0.55,0.2851356796801457,0.027000000000000003,0.9666666666666667,0.88,0.027000000000000003,"[[149,1],[42,108]]",0.8566666666666667,True,True,True
results/convnext_test/stop4b_cost_ratio_spider_convnext_spider_balanced_costr10_convnext_ce_calibrated_cost_min_seed43_04-29_00-49/metrics_20260429_004944_ce_calibrated_cost_min.json,results/convnext_test/stop4b_cost_ratio_spider_convnext_spider_balanced_costr10_convnext_ce_calibrated_cost_min_seed43_04-29_00-49,spider_balanced,convnext,ce_calibrated_cost_min,43,argmax,black_widow,0.95,0.8,accuracy,10.0,"[[0.0,10.0],[1.0,0.0]]","{""0"":0.5,""1"":0.5}",0.024666666666666667,0.024666666666666667,0.24666666666666667,,0.9666666666666667,0.03333333333333333,0.8579881656804734,0.16,0.9033333333333333,0.9033333333333333,0.90294403105791,0.9711555555555555,0.9748107184634243,0.275509846934305,0.15359035838696827,0.050543889999389635,,,,,,,"[[145,5],[24,126]]",0.9033333333333333,True,True,True
results/convnext_test/stop4b_cost_ratio_spider_convnext_spider_balanced_costr10_convnext_ce_calibrated_cost_min_seed43_04-29_00-49/metrics_20260429_004944_ce_calibrated_cost_min.json,results/convnext_test/stop4b_cost_ratio_spider_convnext_spider_balanced_costr10_convnext_ce_calibrated_cost_min_seed43_04-29_00-49,spider_balanced,convnext,ce_calibrated_cost_min,43,calibrated_cost_min,black_widow,0.95,0.8,accuracy,10.0,"[[0.0,10.0],[1.0,0.0]]","{""0"":0.5,""1"":0.5}",0.02,0.02,0.2,,1.0,0.0,0.7142857142857143,0.4,0.8,0.8,0.7916666666666665,0.9711555555555555,0.9748107184634243,0.2492924417370464,0.14681962620957123,0.016530854388561767,1.4500000000000002,,,,,,"[[150,0],[60,90]]",0.8,True,True,True
results/convnext_test/stop4b_cost_ratio_spider_convnext_spider_balanced_costr10_convnext_ce_calibrated_cost_min_seed43_04-29_00-49/metrics_20260429_004944_ce_calibrated_cost_min.json,results/convnext_test/stop4b_cost_ratio_spider_convnext_spider_balanced_costr10_convnext_ce_calibrated_cost_min_seed43_04-29_00-49,spider_balanced,convnext,ce_calibrated_cost_min,43,calibrated_threshold,black_widow,0.95,0.8,accuracy,10.0,"[[0.0,10.0],[1.0,0.0]]","{""0"":0.5,""1"":0.5}",0.020999999999999998,0.020999999999999998,0.21,,0.98,0.02,0.8166666666666667,0.22,0.88,0.88,0.8787878787878789,0.9711555555555555,0.9748107184634243,0.2492924417370464,0.14681962620957123,0.016530854388561767,1.4500000000000002,0.26066527906667647,0.021333333333333336,0.9733333333333334,0.9066666666666666,0.021333333333333336,"[[147,3],[33,117]]",0.88,True,True,True
results/convnext_test/stop4b_cost_ratio_spider_convnext_spider_balanced_costr10_convnext_nicme_logit_adjustment_seed43_04-29_00-51/metrics_20260429_005125_nicme_logit_adjustment.json,results/convnext_test/stop4b_cost_ratio_spider_convnext_spider_balanced_costr10_convnext_nicme_logit_adjustment_seed43_04-29_00-51,spider_balanced,convnext,nicme_logit_adjustment,43,argmax,black_widow,0.95,0.8,accuracy,10.0,"[[0.0,10.0],[1.0,0.0]]","{""0"":0.5,""1"":0.5}",0.02733333333333333,0.02733333333333333,0.2733333333333333,,0.96,0.04,0.8674698795180723,0.14666666666666667,0.9066666666666666,0.9066666666666667,0.9064004278837583,0.9717333333333333,0.9745216903305769,0.2342671503813607,0.1403573935835584,0.03449309786160791,,,,,,,"[[144,6],[22,128]]",0.9066666666666666,True,True,True
results/convnext_test/stop4b_cost_ratio_spider_convnext_spider_balanced_costr10_convnext_nicme_logit_adjustment_seed43_04-29_00-51/metrics_20260429_005125_nicme_logit_adjustment.json,results/convnext_test/stop4b_cost_ratio_spider_convnext_spider_balanced_costr10_convnext_nicme_logit_adjustment_seed43_04-29_00-51,spider_balanced,convnext,nicme_logit_adjustment,43,calibrated_cost_min,black_widow,0.95,0.8,accuracy,10.0,"[[0.0,10.0],[1.0,0.0]]","{""0"":0.5,""1"":0.5}",0.02371111111111111,0.023666666666666666,0.23666666666666666,,0.9933333333333333,0.006666666666666667,0.7095238095238096,0.4066666666666667,0.7933333333333333,0.7933333333333333,0.7847222222222222,0.9717333333333333,0.9745216903305769,0.2342671509278298,0.14035739314892698,0.03449309834213869,1.0,,,,,,"[[149,1],[61,89]]",0.7933333333333333,True,False,False
results/convnext_test/stop4b_cost_ratio_spider_convnext_spider_balanced_costr10_convnext_nicme_logit_adjustment_seed43_04-29_00-51/metrics_20260429_005125_nicme_logit_adjustment.json,results/convnext_test/stop4b_cost_ratio_spider_convnext_spider_balanced_costr10_convnext_nicme_logit_adjustment_seed43_04-29_00-51,spider_balanced,convnext,nicme_logit_adjustment,43,calibrated_threshold,black_widow,0.95,0.8,accuracy,10.0,"[[0.0,10.0],[1.0,0.0]]","{""0"":0.5,""1"":0.5}",0.018333333333333333,0.018333333333333333,0.18333333333333332,,0.9866666666666667,0.013333333333333334,0.8087431693989071,0.23333333333333334,0.8766666666666667,0.8766666666666667,0.8751560549313357,0.9717333333333333,0.9745216903305769,0.2342671509278298,0.14035739314892698,0.03449309834213869,1.0,0.18164759428568356,0.022333333333333334,0.98,0.8666666666666667,0.022333333333333334,"[[148,2],[35,115]]",0.8766666666666667,True,True,True
results/convnext_test/stop4b_cost_ratio_spider_convnext_spider_balanced_costr10_convnext_nicme_hybrid_seed43_04-29_00-53/metrics_20260429_005309_nicme_hybrid.json,results/convnext_test/stop4b_cost_ratio_spider_convnext_spider_balanced_costr10_convnext_nicme_hybrid_seed43_04-29_00-53,spider_balanced,convnext,nicme_hybrid,43,argmax,black_widow,0.95,0.8,accuracy,10.0,"[[0.0,10.0],[1.0,0.0]]","{""0"":0.5,""1"":0.5}",0.030333333333333334,0.030333333333333334,0.30333333333333334,,0.9533333333333334,0.04666666666666667,0.8719512195121951,0.14,0.9066666666666666,0.9066666666666667,0.9064629637878046,0.9705777777777778,0.9746817815194051,0.24426790351977226,0.14181432635407937,0.04401711324850716,,,,,,,"[[143,7],[21,129]]",0.9066666666666666,True,True,True
results/convnext_test/stop4b_cost_ratio_spider_convnext_spider_balanced_costr10_convnext_nicme_hybrid_seed43_04-29_00-53/metrics_20260429_005309_nicme_hybrid.json,results/convnext_test/stop4b_cost_ratio_spider_convnext_spider_balanced_costr10_convnext_nicme_hybrid_seed43_04-29_00-53,spider_balanced,convnext,nicme_hybrid,43,calibrated_cost_min,black_widow,0.95,0.8,accuracy,10.0,"[[0.0,10.0],[1.0,0.0]]","{""0"":0.5,""1"":0.5}",0.020344444444444446,0.020333333333333335,0.20333333333333334,,1.0,0.0,0.7109004739336493,0.4066666666666667,0.7966666666666666,0.7966666666666666,0.787897402612455,0.9705777777777778,0.9746817815194051,0.23646593881702174,0.13805193387303696,0.031920322126821735,0.7,,,,,,"[[150,0],[61,89]]",0.7966666666666666,True,False,False
results/convnext_test/stop4b_cost_ratio_spider_convnext_spider_balanced_costr10_convnext_nicme_hybrid_seed43_04-29_00-53/metrics_20260429_005309_nicme_hybrid.json,results/convnext_test/stop4b_cost_ratio_spider_convnext_spider_balanced_costr10_convnext_nicme_hybrid_seed43_04-29_00-53,spider_balanced,convnext,nicme_hybrid,43,calibrated_threshold,black_widow,0.95,0.8,accuracy,10.0,"[[0.0,10.0],[1.0,0.0]]","{""0"":0.5,""1"":0.5}",0.019333333333333334,0.019333333333333334,0.19333333333333333,,0.9933333333333333,0.006666666666666667,0.7563451776649747,0.32,0.8366666666666667,0.8366666666666667,0.8325568680160838,0.9705777777777778,0.9746817815194051,0.23646593881702174,0.13805193387303696,0.031920322126821735,0.7,0.14469396818948804,0.020333333333333335,0.9866666666666667,0.8566666666666667,0.020333333333333335,"[[149,1],[48,102]]",0.8366666666666667,True,True,True
results/convnext_test/stop4b_cost_ratio_spider_convnext_spider_balanced_costr10_convnext_ce_calibrated_cost_min_seed44_04-29_00-54/metrics_20260429_005449_ce_calibrated_cost_min.json,results/convnext_test/stop4b_cost_ratio_spider_convnext_spider_balanced_costr10_convnext_ce_calibrated_cost_min_seed44_04-29_00-54,spider_balanced,convnext,ce_calibrated_cost_min,44,argmax,black_widow,0.95,0.8,accuracy,10.0,"[[0.0,10.0],[1.0,0.0]]","{""0"":0.5,""1"":0.5}",0.02733333333333333,0.02733333333333333,0.2733333333333333,,0.9533333333333334,0.04666666666666667,0.9225806451612903,0.08,0.9366666666666666,0.9366666666666668,0.936649069185885,0.9812,0.9816269048534063,0.18515582018486976,0.10920239244830618,0.03186687529087073,,,,,,,"[[143,7],[12,138]]",0.9366666666666666,True,True,True
results/convnext_test/stop4b_cost_ratio_spider_convnext_spider_balanced_costr10_convnext_ce_calibrated_cost_min_seed44_04-29_00-54/metrics_20260429_005449_ce_calibrated_cost_min.json,results/convnext_test/stop4b_cost_ratio_spider_convnext_spider_balanced_costr10_convnext_ce_calibrated_cost_min_seed44_04-29_00-54,spider_balanced,convnext,ce_calibrated_cost_min,44,calibrated_cost_min,black_widow,0.95,0.8,accuracy,10.0,"[[0.0,10.0],[1.0,0.0]]","{""0"":0.5,""1"":0.5}",0.019,0.019,0.19,,0.9866666666666667,0.013333333333333334,0.8,0.24666666666666667,0.87,0.87,0.8682061391157421,0.9812,0.9816269048534063,0.18232917081685063,0.10702239802538602,0.036777695738935016,1.25,,,,,,"[[148,2],[37,113]]",0.87,True,True,True
results/convnext_test/stop4b_cost_ratio_spider_convnext_spider_balanced_costr10_convnext_ce_calibrated_cost_min_seed44_04-29_00-54/metrics_20260429_005449_ce_calibrated_cost_min.json,results/convnext_test/stop4b_cost_ratio_spider_convnext_spider_balanced_costr10_convnext_ce_calibrated_cost_min_seed44_04-29_00-54,spider_balanced,convnext,ce_calibrated_cost_min,44,calibrated_threshold,black_widow,0.95,0.8,accuracy,10.0,"[[0.0,10.0],[1.0,0.0]]","{""0"":0.5,""1"":0.5}",0.020333333333333335,0.020333333333333335,0.20333333333333334,,0.9866666666666667,0.013333333333333334,0.783068783068783,0.2733333333333333,0.8566666666666667,0.8566666666666667,0.8542026921642423,0.9812,0.9816269048534063,0.18232917081685063,0.10702239802538602,0.036777695738935016,1.25,0.07766936785473774,0.015,0.9933333333333333,0.88,0.015,"[[148,2],[41,109]]",0.8566666666666667,True,True,True
results/convnext_test/stop4b_cost_ratio_spider_convnext_spider_balanced_costr10_convnext_nicme_logit_adjustment_seed44_04-29_00-56/metrics_20260429_005632_nicme_logit_adjustment.json,results/convnext_test/stop4b_cost_ratio_spider_convnext_spider_balanced_costr10_convnext_nicme_logit_adjustment_seed44_04-29_00-56,spider_balanced,convnext,nicme_logit_adjustment,44,argmax,black_widow,0.95,0.8,accuracy,10.0,"[[0.0,10.0],[1.0,0.0]]","{""0"":0.5,""1"":0.5}",0.03337777777777778,0.03333333333333333,0.3333333333333333,,0.9466666666666667,0.05333333333333334,0.8765432098765432,0.13333333333333333,0.9066666666666666,0.9066666666666667,0.906517094017094,0.9756444444444443,0.9775209233282354,0.21452878680095136,0.12983555473966868,0.03606898427009583,,,,,,,"[[142,8],[20,130]]",0.9066666666666666,False,True,False
results/convnext_test/stop4b_cost_ratio_spider_convnext_spider_balanced_costr10_convnext_nicme_logit_adjustment_seed44_04-29_00-56/metrics_20260429_005632_nicme_logit_adjustment.json,results/convnext_test/stop4b_cost_ratio_spider_convnext_spider_balanced_costr10_convnext_nicme_logit_adjustment_seed44_04-29_00-56,spider_balanced,convnext,nicme_logit_adjustment,44,calibrated_cost_min,black_widow,0.95,0.8,accuracy,10.0,"[[0.0,10.0],[1.0,0.0]]","{""0"":0.5,""1"":0.5}",0.019666666666666666,0.019666666666666666,0.19666666666666666,,0.9933333333333333,0.006666666666666667,0.7525252525252525,0.32666666666666666,0.8333333333333334,0.8333333333333333,0.8289545703338808,0.9756444444444443,0.9775209233282354,0.21434188888941597,0.13013385911480405,0.03320527980416922,0.95,,,,,,"[[149,1],[49,101]]",0.8333333333333334,True,True,True
results/convnext_test/stop4b_cost_ratio_spider_convnext_spider_balanced_costr10_convnext_nicme_logit_adjustment_seed44_04-29_00-56/metrics_20260429_005632_nicme_logit_adjustment.json,results/convnext_test/stop4b_cost_ratio_spider_convnext_spider_balanced_costr10_convnext_nicme_logit_adjustment_seed44_04-29_00-56,spider_balanced,convnext,nicme_logit_adjustment,44,calibrated_threshold,black_widow,0.95,0.8,accuracy,10.0,"[[0.0,10.0],[1.0,0.0]]","{""0"":0.5,""1"":0.5}",0.020666666666666667,0.020666666666666667,0.20666666666666667,,0.9933333333333333,0.006666666666666667,0.7412935323383084,0.3466666666666667,0.8233333333333334,0.8233333333333333,0.8180757216901795,0.9756444444444443,0.9775209233282354,0.21434188888941597,0.13013385911480405,0.03320527980416922,0.95,0.08121132967098635,0.018333333333333333,1.0,0.8166666666666667,0.018333333333333333,"[[149,1],[52,98]]",0.8233333333333334,True,True,True
results/convnext_test/stop4b_cost_ratio_spider_convnext_spider_balanced_costr10_convnext_nicme_hybrid_seed44_04-29_00-58/metrics_20260429_005815_nicme_hybrid.json,results/convnext_test/stop4b_cost_ratio_spider_convnext_spider_balanced_costr10_convnext_nicme_hybrid_seed44_04-29_00-58,spider_balanced,convnext,nicme_hybrid,44,argmax,black_widow,0.95,0.8,accuracy,10.0,"[[0.0,10.0],[1.0,0.0]]","{""0"":0.5,""1"":0.5}",0.027666666666666666,0.027666666666666666,0.27666666666666667,,0.96,0.04,0.8622754491017964,0.15333333333333332,0.9033333333333333,0.9033333333333333,0.9030219259622565,0.9721777777777778,0.9748101234214503,0.24385657179249004,0.14301465213780845,0.058514932195345586,,,,,,,"[[144,6],[23,127]]",0.9033333333333333,True,True,True
results/convnext_test/stop4b_cost_ratio_spider_convnext_spider_balanced_costr10_convnext_nicme_hybrid_seed44_04-29_00-58/metrics_20260429_005815_nicme_hybrid.json,results/convnext_test/stop4b_cost_ratio_spider_convnext_spider_balanced_costr10_convnext_nicme_hybrid_seed44_04-29_00-58,spider_balanced,convnext,nicme_hybrid,44,calibrated_cost_min,black_widow,0.95,0.8,accuracy,10.0,"[[0.0,10.0],[1.0,0.0]]","{""0"":0.5,""1"":0.5}",0.0241,0.024,0.24,,0.9933333333333333,0.006666666666666667,0.7061611374407583,0.41333333333333333,0.79,0.79,0.7809432190915517,0.9721777777777778,0.9748101234214503,0.23601772174107505,0.14055915884054807,0.04566027999195297,0.75,,,,,,"[[149,1],[62,88]]",0.79,True,False,False
results/convnext_test/stop4b_cost_ratio_spider_convnext_spider_balanced_costr10_convnext_nicme_hybrid_seed44_04-29_00-58/metrics_20260429_005815_nicme_hybrid.json,results/convnext_test/stop4b_cost_ratio_spider_convnext_spider_balanced_costr10_convnext_nicme_hybrid_seed44_04-29_00-58,spider_balanced,convnext,nicme_hybrid,44,calibrated_threshold,black_widow,0.95,0.8,accuracy,10.0,"[[0.0,10.0],[1.0,0.0]]","{""0"":0.5,""1"":0.5}",0.021333333333333336,0.021333333333333336,0.21333333333333335,,0.9933333333333333,0.006666666666666667,0.7339901477832512,0.36,0.8166666666666667,0.8166666666666667,0.8107602848917893,0.9721777777777778,0.9748101234214503,0.23601772174107505,0.14055915884054807,0.04566027999195297,0.75,0.1440904378704982,0.018,0.9933333333333333,0.85,0.018,"[[149,1],[54,96]]",0.8166666666666667,True,True,True
results/convnext_test/stop4b_cost_ratio_spider_convnext_spider_balanced_costr20_convnext_ce_calibrated_cost_min_seed42_04-29_00-59/metrics_20260429_005954_ce_calibrated_cost_min.json,results/convnext_test/stop4b_cost_ratio_spider_convnext_spider_balanced_costr20_convnext_ce_calibrated_cost_min_seed42_04-29_00-59,spider_balanced,convnext,ce_calibrated_cost_min,42,argmax,black_widow,0.95,0.8,accuracy,20.0,"[[0.0,20.0],[1.0,0.0]]","{""0"":0.5,""1"":0.5}",0.020166666666666666,0.020166666666666666,0.4033333333333333,,0.9666666666666667,0.03333333333333333,0.8734939759036144,0.14,0.9133333333333333,0.9133333333333333,0.9130861116063469,0.9772,0.9798516115994265,0.24865355520496588,0.13988472539881308,0.050202861428260734,,,,,,,"[[145,5],[21,129]]",0.9133333333333333,True,True,True
results/convnext_test/stop4b_cost_ratio_spider_convnext_spider_balanced_costr20_convnext_ce_calibrated_cost_min_seed42_04-29_00-59/metrics_20260429_005954_ce_calibrated_cost_min.json,results/convnext_test/stop4b_cost_ratio_spider_convnext_spider_balanced_costr20_convnext_ce_calibrated_cost_min_seed42_04-29_00-59,spider_balanced,convnext,ce_calibrated_cost_min,42,calibrated_cost_min,black_widow,0.95,0.8,accuracy,20.0,"[[0.0,20.0],[1.0,0.0]]","{""0"":0.5,""1"":0.5}",0.010377777777777777,0.010333333333333333,0.20666666666666667,,1.0,0.0,0.7075471698113207,0.41333333333333333,0.7933333333333333,0.7933333333333333,0.7841125400436417,0.9772,0.9798516115994265,0.2316434812111763,0.1355919047745898,0.0398187108994717,1.25,,,,,,"[[150,0],[62,88]]",0.7933333333333333,True,False,False
results/convnext_test/stop4b_cost_ratio_spider_convnext_spider_balanced_costr20_convnext_ce_calibrated_cost_min_seed42_04-29_00-59/metrics_20260429_005954_ce_calibrated_cost_min.json,results/convnext_test/stop4b_cost_ratio_spider_convnext_spider_balanced_costr20_convnext_ce_calibrated_cost_min_seed42_04-29_00-59,spider_balanced,convnext,ce_calibrated_cost_min,42,calibrated_threshold,black_widow,0.95,0.8,accuracy,20.0,"[[0.0,20.0],[1.0,0.0]]","{""0"":0.5,""1"":0.5}",0.008333333333333333,0.008333333333333333,0.16666666666666666,,1.0,0.0,0.75,0.3333333333333333,0.8333333333333334,0.8333333333333333,0.8285714285714285,0.9772,0.9798516115994265,0.2316434812111763,0.1355919047745898,0.0398187108994717,1.25,0.07907206923154292,0.011,0.9933333333333333,0.8433333333333334,0.011,"[[150,0],[50,100]]",0.8333333333333334,True,True,True
results/convnext_test/stop4b_cost_ratio_spider_convnext_spider_balanced_costr20_convnext_nicme_logit_adjustment_seed42_04-29_01-01/metrics_20260429_010114_nicme_logit_adjustment.json,results/convnext_test/stop4b_cost_ratio_spider_convnext_spider_balanced_costr20_convnext_nicme_logit_adjustment_seed42_04-29_01-01,spider_balanced,convnext,nicme_logit_adjustment,42,argmax,black_widow,0.95,0.8,accuracy,20.0,"[[0.0,20.0],[1.0,0.0]]","{""0"":0.5,""1"":0.5}",0.020833333333333336,0.020833333333333336,0.4166666666666667,,0.9666666666666667,0.03333333333333333,0.8529411764705882,0.16666666666666666,0.9,0.9,0.8995535714285714,0.9653333333333334,0.9680400685607424,0.30159574873145245,0.1768131439166907,0.06625971853733062,,,,,,,"[[145,5],[25,125]]",0.9,True,True,True
results/convnext_test/stop4b_cost_ratio_spider_convnext_spider_balanced_costr20_convnext_nicme_logit_adjustment_seed42_04-29_01-01/metrics_20260429_010114_nicme_logit_adjustment.json,results/convnext_test/stop4b_cost_ratio_spider_convnext_spider_balanced_costr20_convnext_nicme_logit_adjustment_seed42_04-29_01-01,spider_balanced,convnext,nicme_logit_adjustment,42,calibrated_cost_min,black_widow,0.95,0.8,accuracy,20.0,"[[0.0,20.0],[1.0,0.0]]","{""0"":0.5,""1"":0.5}",0.03660000000000001,0.017,0.34,,1.0,0.0,0.5952380952380952,0.68,0.66,0.66,0.6155585707824514,0.9653333333333334,0.9680400685607424,0.28940533750791125,0.16788690904461487,0.04567777113312611,0.6,,,,,,"[[150,0],[102,48]]",0.66,True,False,False
results/convnext_test/stop4b_cost_ratio_spider_convnext_spider_balanced_costr20_convnext_nicme_logit_adjustment_seed42_04-29_01-01/metrics_20260429_010114_nicme_logit_adjustment.json,results/convnext_test/stop4b_cost_ratio_spider_convnext_spider_balanced_costr20_convnext_nicme_logit_adjustment_seed42_04-29_01-01,spider_balanced,convnext,nicme_logit_adjustment,42,calibrated_threshold,black_widow,0.95,0.8,accuracy,20.0,"[[0.0,20.0],[1.0,0.0]]","{""0"":0.5,""1"":0.5}",0.013000000000000001,0.013000000000000001,0.26,,0.9933333333333333,0.006666666666666667,0.7198067632850241,0.38666666666666666,0.8033333333333333,0.8033333333333332,0.795967769823979,0.9653333333333334,0.9680400685607424,0.28940533750791125,0.16788690904461487,0.04567777113312611,0.6,0.18206801335899528,0.018833333333333334,0.98,0.8133333333333334,0.018833333333333334,"[[149,1],[58,92]]",0.8033333333333333,True,True,True
results/convnext_test/stop4b_cost_ratio_spider_convnext_spider_balanced_costr20_convnext_nicme_hybrid_seed42_04-29_01-02/metrics_20260429_010235_nicme_hybrid.json,results/convnext_test/stop4b_cost_ratio_spider_convnext_spider_balanced_costr20_convnext_nicme_hybrid_seed42_04-29_01-02,spider_balanced,convnext,nicme_hybrid,42,argmax,black_widow,0.95,0.8,accuracy,20.0,"[[0.0,20.0],[1.0,0.0]]","{""0"":0.5,""1"":0.5}",0.027000000000000003,0.027000000000000003,0.54,,0.9533333333333334,0.04666666666666667,0.8666666666666667,0.14666666666666667,0.9033333333333333,0.9033333333333333,0.9030910609857978,0.9667111111111112,0.9698452057163767,0.31986253212032284,0.18126394664878856,0.11735180775324504,,,,,,,"[[143,7],[22,128]]",0.9033333333333333,True,True,True
results/convnext_test/stop4b_cost_ratio_spider_convnext_spider_balanced_costr20_convnext_nicme_hybrid_seed42_04-29_01-02/metrics_20260429_010235_nicme_hybrid.json,results/convnext_test/stop4b_cost_ratio_spider_convnext_spider_balanced_costr20_convnext_nicme_hybrid_seed42_04-29_01-02,spider_balanced,convnext,nicme_hybrid,42,calibrated_cost_min,black_widow,0.95,0.8,accuracy,20.0,"[[0.0,20.0],[1.0,0.0]]","{""0"":0.5,""1"":0.5}",0.04117777777777781,0.017666666666666667,0.35333333333333333,,1.0,0.0,0.5859375,0.7066666666666667,0.6466666666666666,0.6466666666666667,0.5962622517901579,0.9667111111111112,0.9698452057163767,0.25993371833483375,0.150085245432347,0.05729518971191354,0.5,,,,,,"[[150,0],[106,44]]",0.6466666666666666,True,False,False
results/convnext_test/stop4b_cost_ratio_spider_convnext_spider_balanced_costr20_convnext_nicme_hybrid_seed42_04-29_01-02/metrics_20260429_010235_nicme_hybrid.json,results/convnext_test/stop4b_cost_ratio_spider_convnext_spider_balanced_costr20_convnext_nicme_hybrid_seed42_04-29_01-02,spider_balanced,convnext,nicme_hybrid,42,calibrated_threshold,black_widow,0.95,0.8,accuracy,20.0,"[[0.0,20.0],[1.0,0.0]]","{""0"":0.5,""1"":0.5}",0.013000000000000001,0.013000000000000001,0.26,,0.9933333333333333,0.006666666666666667,0.7198067632850241,0.38666666666666666,0.8033333333333333,0.8033333333333332,0.795967769823979,0.9667111111111112,0.9698452057163767,0.25993371833483375,0.150085245432347,0.05729518971191354,0.5,0.14907495638801538,0.013000000000000001,0.9933333333333333,0.8033333333333333,0.013000000000000001,"[[149,1],[58,92]]",0.8033333333333333,True,True,True
results/convnext_test/stop4b_cost_ratio_spider_convnext_spider_balanced_costr20_convnext_ce_calibrated_cost_min_seed43_04-29_01-04/metrics_20260429_010417_ce_calibrated_cost_min.json,results/convnext_test/stop4b_cost_ratio_spider_convnext_spider_balanced_costr20_convnext_ce_calibrated_cost_min_seed43_04-29_01-04,spider_balanced,convnext,ce_calibrated_cost_min,43,argmax,black_widow,0.95,0.8,accuracy,20.0,"[[0.0,20.0],[1.0,0.0]]","{""0"":0.5,""1"":0.5}",0.020666666666666667,0.020666666666666667,0.41333333333333333,,0.9666666666666667,0.03333333333333333,0.8579881656804734,0.16,0.9033333333333333,0.9033333333333333,0.90294403105791,0.9711555555555555,0.9748107184634243,0.2754995720407953,0.15358320666176672,0.05054328322410578,,,,,,,"[[145,5],[24,126]]",0.9033333333333333,True,True,True
results/convnext_test/stop4b_cost_ratio_spider_convnext_spider_balanced_costr20_convnext_ce_calibrated_cost_min_seed43_04-29_01-04/metrics_20260429_010417_ce_calibrated_cost_min.json,results/convnext_test/stop4b_cost_ratio_spider_convnext_spider_balanced_costr20_convnext_ce_calibrated_cost_min_seed43_04-29_01-04,spider_balanced,convnext,ce_calibrated_cost_min,43,calibrated_cost_min,black_widow,0.95,0.8,accuracy,20.0,"[[0.0,20.0],[1.0,0.0]]","{""0"":0.5,""1"":0.5}",0.021111111111111115,0.014166666666666666,0.2833333333333333,,1.0,0.0,0.6382978723404256,0.5666666666666667,0.7166666666666667,0.7166666666666667,0.6919359710057384,0.9711555555555555,0.9748107184634243,0.24928472406098875,0.14681397842945063,0.016530401545610415,1.4500000000000002,,,,,,"[[150,0],[85,65]]",0.7166666666666667,True,False,False
results/convnext_test/stop4b_cost_ratio_spider_convnext_spider_balanced_costr20_convnext_ce_calibrated_cost_min_seed43_04-29_01-04/metrics_20260429_010417_ce_calibrated_cost_min.json,results/convnext_test/stop4b_cost_ratio_spider_convnext_spider_balanced_costr20_convnext_ce_calibrated_cost_min_seed43_04-29_01-04,spider_balanced,convnext,ce_calibrated_cost_min,43,calibrated_threshold,black_widow,0.95,0.8,accuracy,20.0,"[[0.0,20.0],[1.0,0.0]]","{""0"":0.5,""1"":0.5}",0.0155,0.0155,0.31,,0.98,0.02,0.8166666666666667,0.22,0.88,0.88,0.8787878787878789,0.9711555555555555,0.9748107184634243,0.24928472406098875,0.14681397842945063,0.016530401545610415,1.4500000000000002,0.2605982278892802,0.017333333333333333,0.9733333333333334,0.9066666666666666,0.017333333333333333,"[[147,3],[33,117]]",0.88,True,True,True
results/convnext_test/stop4b_cost_ratio_spider_convnext_spider_balanced_costr20_convnext_nicme_logit_adjustment_seed43_04-29_01-05/metrics_20260429_010559_nicme_logit_adjustment.json,results/convnext_test/stop4b_cost_ratio_spider_convnext_spider_balanced_costr20_convnext_nicme_logit_adjustment_seed43_04-29_01-05,spider_balanced,convnext,nicme_logit_adjustment,43,argmax,black_widow,0.95,0.8,accuracy,20.0,"[[0.0,20.0],[1.0,0.0]]","{""0"":0.5,""1"":0.5}",0.02733333333333333,0.02733333333333333,0.5466666666666666,,0.9533333333333334,0.04666666666666667,0.8562874251497006,0.16,0.8966666666666666,0.8966666666666667,0.8963337829251707,0.9680888888888889,0.9716594747666133,0.24814513026301507,0.14964482262759618,0.048669374386469476,,,,,,,"[[143,7],[24,126]]",0.8966666666666666,True,True,True
results/convnext_test/stop4b_cost_ratio_spider_convnext_spider_balanced_costr20_convnext_nicme_logit_adjustment_seed43_04-29_01-05/metrics_20260429_010559_nicme_logit_adjustment.json,results/convnext_test/stop4b_cost_ratio_spider_convnext_spider_balanced_costr20_convnext_nicme_logit_adjustment_seed43_04-29_01-05,spider_balanced,convnext,nicme_logit_adjustment,43,calibrated_cost_min,black_widow,0.95,0.8,accuracy,20.0,"[[0.0,20.0],[1.0,0.0]]","{""0"":0.5,""1"":0.5}",0.012044444444444446,0.011333333333333332,0.22666666666666666,,1.0,0.0,0.6880733944954128,0.4533333333333333,0.7733333333333333,0.7733333333333333,0.7610569715142428,0.9680888888888889,0.9716594747666133,0.25210041909090164,0.15118578617514006,0.05131720199624635,0.8,,,,,,"[[150,0],[68,82]]",0.7733333333333333,True,False,False
results/convnext_test/stop4b_cost_ratio_spider_convnext_spider_balanced_costr20_convnext_nicme_logit_adjustment_seed43_04-29_01-05/metrics_20260429_010559_nicme_logit_adjustment.json,results/convnext_test/stop4b_cost_ratio_spider_convnext_spider_balanced_costr20_convnext_nicme_logit_adjustment_seed43_04-29_01-05,spider_balanced,convnext,nicme_logit_adjustment,43,calibrated_threshold,black_widow,0.95,0.8,accuracy,20.0,"[[0.0,20.0],[1.0,0.0]]","{""0"":0.5,""1"":0.5}",0.013344444444444443,0.013333333333333332,0.26666666666666666,,0.9933333333333333,0.006666666666666667,0.7129186602870813,0.4,0.7966666666666666,0.7966666666666666,0.7884857661322946,0.9680888888888889,0.9716594747666133,0.25210041909090164,0.15118578617514006,0.05131720199624635,0.8,0.07326932523767513,0.010599999999999998,1.0,0.79,0.010499999999999999,"[[149,1],[60,90]]",0.7966666666666666,True,False,False
results/convnext_test/stop4b_cost_ratio_spider_convnext_spider_balanced_costr20_convnext_nicme_hybrid_seed43_04-29_01-07/metrics_20260429_010741_nicme_hybrid.json,results/convnext_test/stop4b_cost_ratio_spider_convnext_spider_balanced_costr20_convnext_nicme_hybrid_seed43_04-29_01-07,spider_balanced,convnext,nicme_hybrid,43,argmax,black_widow,0.95,0.8,accuracy,20.0,"[[0.0,20.0],[1.0,0.0]]","{""0"":0.5,""1"":0.5}",0.03087777777777778,0.030833333333333334,0.6166666666666667,,0.9466666666666667,0.05333333333333334,0.8502994011976048,0.16666666666666666,0.89,0.89,0.8896456398880851,0.9647555555555556,0.9689021954658694,0.26947156112533954,0.15852081119827613,0.059651127258936565,,,,,,,"[[142,8],[25,125]]",0.89,False,True,False
results/convnext_test/stop4b_cost_ratio_spider_convnext_spider_balanced_costr20_convnext_nicme_hybrid_seed43_04-29_01-07/metrics_20260429_010741_nicme_hybrid.json,results/convnext_test/stop4b_cost_ratio_spider_convnext_spider_balanced_costr20_convnext_nicme_hybrid_seed43_04-29_01-07,spider_balanced,convnext,nicme_hybrid,43,calibrated_cost_min,black_widow,0.95,0.8,accuracy,20.0,"[[0.0,20.0],[1.0,0.0]]","{""0"":0.5,""1"":0.5}",0.021111111111111115,0.014166666666666666,0.2833333333333333,,1.0,0.0,0.6382978723404256,0.5666666666666667,0.7166666666666667,0.7166666666666667,0.6919359710057384,0.9647555555555556,0.9689021954658694,0.2577696362282171,0.15542890633538253,0.038955942578732895,0.7,,,,,,"[[150,0],[85,65]]",0.7166666666666667,True,False,False
results/convnext_test/stop4b_cost_ratio_spider_convnext_spider_balanced_costr20_convnext_nicme_hybrid_seed43_04-29_01-07/metrics_20260429_010741_nicme_hybrid.json,results/convnext_test/stop4b_cost_ratio_spider_convnext_spider_balanced_costr20_convnext_nicme_hybrid_seed43_04-29_01-07,spider_balanced,convnext,nicme_hybrid,43,calibrated_threshold,black_widow,0.95,0.8,accuracy,20.0,"[[0.0,20.0],[1.0,0.0]]","{""0"":0.5,""1"":0.5}",0.013177777777777783,0.011833333333333333,0.23666666666666666,,1.0,0.0,0.6787330316742082,0.47333333333333333,0.7633333333333333,0.7633333333333333,0.7492908344024765,0.9647555555555556,0.9689021954658694,0.2577696362282171,0.15542890633538253,0.038955942578732895,0.7,0.09305697292724835,0.013177777777777783,1.0,0.7633333333333333,0.011833333333333333,"[[150,0],[71,79]]",0.7633333333333333,True,False,False
results/convnext_test/stop4b_cost_ratio_spider_convnext_spider_balanced_costr20_convnext_ce_calibrated_cost_min_seed44_04-29_01-09/metrics_20260429_010922_ce_calibrated_cost_min.json,results/convnext_test/stop4b_cost_ratio_spider_convnext_spider_balanced_costr20_convnext_ce_calibrated_cost_min_seed44_04-29_01-09,spider_balanced,convnext,ce_calibrated_cost_min,44,argmax,black_widow,0.95,0.8,accuracy,20.0,"[[0.0,20.0],[1.0,0.0]]","{""0"":0.5,""1"":0.5}",0.025333333333333336,0.025333333333333336,0.5066666666666667,,0.9533333333333334,0.04666666666666667,0.9225806451612903,0.08,0.9366666666666666,0.9366666666666668,0.936649069185885,0.9812,0.9816269048534063,0.1851532533675912,0.10920352808677598,0.031866455078125036,,,,,,,"[[143,7],[12,138]]",0.9366666666666666,True,True,True
results/convnext_test/stop4b_cost_ratio_spider_convnext_spider_balanced_costr20_convnext_ce_calibrated_cost_min_seed44_04-29_01-09/metrics_20260429_010922_ce_calibrated_cost_min.json,results/convnext_test/stop4b_cost_ratio_spider_convnext_spider_balanced_costr20_convnext_ce_calibrated_cost_min_seed44_04-29_01-09,spider_balanced,convnext,ce_calibrated_cost_min,44,calibrated_cost_min,black_widow,0.95,0.8,accuracy,20.0,"[[0.0,20.0],[1.0,0.0]]","{""0"":0.5,""1"":0.5}",0.012666666666666668,0.012666666666666668,0.25333333333333335,,0.9933333333333333,0.006666666666666667,0.7268292682926829,0.37333333333333335,0.81,0.81,0.8033917792469101,0.9812,0.9816269048534063,0.18232871397121844,0.10702342207647736,0.03677907972078017,1.25,,,,,,"[[149,1],[56,94]]",0.81,True,True,True
results/convnext_test/stop4b_cost_ratio_spider_convnext_spider_balanced_costr20_convnext_ce_calibrated_cost_min_seed44_04-29_01-09/metrics_20260429_010922_ce_calibrated_cost_min.json,results/convnext_test/stop4b_cost_ratio_spider_convnext_spider_balanced_costr20_convnext_ce_calibrated_cost_min_seed44_04-29_01-09,spider_balanced,convnext,ce_calibrated_cost_min,44,calibrated_threshold,black_widow,0.95,0.8,accuracy,20.0,"[[0.0,20.0],[1.0,0.0]]","{""0"":0.5,""1"":0.5}",0.013500000000000002,0.013500000000000002,0.27,,0.9866666666666667,0.013333333333333334,0.783068783068783,0.2733333333333333,0.8566666666666667,0.8566666666666667,0.8542026921642423,0.9812,0.9816269048534063,0.18232871397121844,0.10702342207647736,0.03677907972078017,1.25,0.07767083662004948,0.009166666666666667,0.9933333333333333,0.88,0.009166666666666667,"[[148,2],[41,109]]",0.8566666666666667,True,True,True
results/convnext_test/stop4b_cost_ratio_spider_convnext_spider_balanced_costr20_convnext_nicme_logit_adjustment_seed44_04-29_01-10/metrics_20260429_011105_nicme_logit_adjustment.json,results/convnext_test/stop4b_cost_ratio_spider_convnext_spider_balanced_costr20_convnext_nicme_logit_adjustment_seed44_04-29_01-10,spider_balanced,convnext,nicme_logit_adjustment,44,argmax,black_widow,0.95,0.8,accuracy,20.0,"[[0.0,20.0],[1.0,0.0]]","{""0"":0.5,""1"":0.5}",0.026166666666666664,0.026166666666666664,0.5233333333333333,,0.9533333333333334,0.04666666666666667,0.89375,0.11333333333333333,0.92,0.92,0.9199110122358176,0.9763555555555555,0.9791157738044715,0.2066255147019798,0.1209322976290785,0.034195590019226056,,,,,,,"[[143,7],[17,133]]",0.92,True,True,True
results/convnext_test/stop4b_cost_ratio_spider_convnext_spider_balanced_costr20_convnext_nicme_logit_adjustment_seed44_04-29_01-10/metrics_20260429_011105_nicme_logit_adjustment.json,results/convnext_test/stop4b_cost_ratio_spider_convnext_spider_balanced_costr20_convnext_nicme_logit_adjustment_seed44_04-29_01-10,spider_balanced,convnext,nicme_logit_adjustment,44,calibrated_cost_min,black_widow,0.95,0.8,accuracy,20.0,"[[0.0,20.0],[1.0,0.0]]","{""0"":0.5,""1"":0.5}",0.010599999999999998,0.010499999999999999,0.21,,1.0,0.0,0.704225352112676,0.42,0.79,0.79,0.7803117480908044,0.9763555555555555,0.9791157738044715,0.20399540486363912,0.12061328002541899,0.027065290331092447,0.8500000000000001,,,,,,"[[150,0],[63,87]]",0.79,True,False,False
results/convnext_test/stop4b_cost_ratio_spider_convnext_spider_balanced_costr20_convnext_nicme_logit_adjustment_seed44_04-29_01-10/metrics_20260429_011105_nicme_logit_adjustment.json,results/convnext_test/stop4b_cost_ratio_spider_convnext_spider_balanced_costr20_convnext_nicme_logit_adjustment_seed44_04-29_01-10,spider_balanced,convnext,nicme_logit_adjustment,44,calibrated_threshold,black_widow,0.95,0.8,accuracy,20.0,"[[0.0,20.0],[1.0,0.0]]","{""0"":0.5,""1"":0.5}",0.011,0.011,0.22,,0.9933333333333333,0.006666666666666667,0.764102564102564,0.30666666666666664,0.8433333333333334,0.8433333333333333,0.8397271952259164,0.9763555555555555,0.9791157738044715,0.20399540486363912,0.12061328002541899,0.027065290331092447,0.8500000000000001,0.09391829868852208,0.006500000000000001,1.0,0.87,0.006500000000000001,"[[149,1],[46,104]]",0.8433333333333334,True,True,True
results/convnext_test/stop4b_cost_ratio_spider_convnext_spider_balanced_costr20_convnext_nicme_hybrid_seed44_04-29_01-12/metrics_20260429_011239_nicme_hybrid.json,results/convnext_test/stop4b_cost_ratio_spider_convnext_spider_balanced_costr20_convnext_nicme_hybrid_seed44_04-29_01-12,spider_balanced,convnext,nicme_hybrid,44,argmax,black_widow,0.95,0.8,accuracy,20.0,"[[0.0,20.0],[1.0,0.0]]","{""0"":0.5,""1"":0.5}",0.010333333333333333,0.010333333333333333,0.20666666666666667,,0.9866666666666667,0.013333333333333334,0.8705882352941177,0.14666666666666667,0.92,0.92,0.9196428571428572,0.9703111111111112,0.9740459172311908,0.3073696288395254,0.17672192448935953,0.12128366351127624,,,,,,,"[[148,2],[22,128]]",0.92,True,True,True
results/convnext_test/stop4b_cost_ratio_spider_convnext_spider_balanced_costr20_convnext_nicme_hybrid_seed44_04-29_01-12/metrics_20260429_011239_nicme_hybrid.json,results/convnext_test/stop4b_cost_ratio_spider_convnext_spider_balanced_costr20_convnext_nicme_hybrid_seed44_04-29_01-12,spider_balanced,convnext,nicme_hybrid,44,calibrated_cost_min,black_widow,0.95,0.8,accuracy,20.0,"[[0.0,20.0],[1.0,0.0]]","{""0"":0.5,""1"":0.5}",0.03771111111111114,0.017166666666666667,0.3433333333333333,,1.0,0.0,0.5928853754940712,0.6866666666666666,0.6566666666666666,0.6566666666666667,0.6107871169276113,0.9703111111111112,0.9740459172311908,0.25773984510022735,0.14935446990643245,0.053111892280554567,0.5,,,,,,"[[150,0],[103,47]]",0.6566666666666666,True,False,False
results/convnext_test/stop4b_cost_ratio_spider_convnext_spider_balanced_costr20_convnext_nicme_hybrid_seed44_04-29_01-12/metrics_20260429_011239_nicme_hybrid.json,results/convnext_test/stop4b_cost_ratio_spider_convnext_spider_balanced_costr20_convnext_nicme_hybrid_seed44_04-29_01-12,spider_balanced,convnext,nicme_hybrid,44,calibrated_threshold,black_widow,0.95,0.8,accuracy,20.0,"[[0.0,20.0],[1.0,0.0]]","{""0"":0.5,""1"":0.5}",0.009666666666666667,0.009666666666666667,0.19333333333333333,,1.0,0.0,0.7211538461538461,0.38666666666666666,0.8066666666666666,0.8066666666666666,0.7991597026640195,0.9703111111111112,0.9740459172311908,0.25773984510022735,0.14935446990643245,0.053111892280554567,0.5,0.17660230963436319,0.012,0.9933333333333333,0.8233333333333334,0.012,"[[150,0],[58,92]]",0.8066666666666666,True,True,True
